{
"type": "FeatureCollection",
"name": "areasurbanizadas_angra",
"crs": { "type": "name", "properties": { "name": "urn:ogc:def:crs:OGC:1.3:CRS84" } },
"features": [
{ "type": "Feature", "properties": { "Densidade": "Densa", "Tipo": "Área urbanizada", "Comparacao": "Sem alteração" }, "geometry": { "type": "MultiPolygon", "coordinates": [ [ [ [ -44.164832231422281, -23.024015147680871 ], [ -44.16476735702787, -23.024199449345076 ], [ -44.164717191944817, -23.024315514049704 ], [ -44.164688053011218, -23.024382931726848 ], [ -44.164681997875846, -23.024489498691366 ], [ -44.16467594274053, -23.024596066555205 ], [ -44.164676554279538, -23.024614585394772 ], [ -44.164677473386632, -23.024638688124924 ], [ -44.164679064287327, -23.024681368150596 ], [ -44.164680996930429, -23.024734200622788 ], [ -44.164684790270826, -23.024837870871011 ], [ -44.164753807841919, -23.025136029404166 ], [ -44.164758510396894, -23.025156345089215 ], [ -44.164834450307438, -23.02540717560753 ], [ -44.164889951709881, -23.025390376564587 ], [ -44.165130283835481, -23.025263325741832 ], [ -44.165259311368061, -23.024982499842451 ], [ -44.165141358087169, -23.024392733437878 ], [ -44.165135856034908, -23.024374560837259 ], [ -44.165044046045864, -23.024071311241983 ], [ -44.165039344390209, -23.024050995556934 ], [ -44.164970325919739, -23.023752837023778 ], [ -44.164966532579399, -23.023649166775556 ], [ -44.164964599936297, -23.023596334303363 ], [ -44.164962089928451, -23.02352955244686 ], [ -44.16496147928882, -23.023511032707972 ], [ -44.16496615216613, -23.023428786109548 ], [ -44.164952402526467, -23.023420196460361 ], [ -44.164832231422281, -23.024015147680871 ] ] ], [ [ [ -44.164773254781835, -23.026503959390141 ], [ -44.164602221715143, -23.026728070444051 ], [ -44.164501961696146, -23.026952182397281 ], [ -44.164525552712064, -23.02723527009158 ], [ -44.16458452935251, -23.027435791028893 ], [ -44.164701214589343, -23.027706290912533 ], [ -44.164709650230122, -23.027725843972462 ], [ -44.164711480350491, -23.027730084275902 ], [ -44.164714278141389, -23.027736571085825 ], [ -44.164715509313282, -23.027739340098435 ], [ -44.164723659868969, -23.027757679972922 ], [ -44.164759674119637, -23.027838710687888 ], [ -44.164800620252379, -23.027930839936289 ], [ -44.164808641305683, -23.027948886631748 ], [ -44.164838595924437, -23.028009733862064 ], [ -44.164907572126708, -23.028149840142987 ], [ -44.164916705641417, -23.028168394056081 ], [ -44.164952468981198, -23.028241037693704 ], [ -44.16499203825191, -23.028321412802939 ], [ -44.164995803713339, -23.028329061536908 ], [ -44.164996585224173, -23.028330648840324 ], [ -44.164997365835745, -23.0283322343451 ], [ -44.165020633995027, -23.028368107402173 ], [ -44.165046887903486, -23.028408584088822 ], [ -44.165079022478835, -23.028458125042391 ], [ -44.165102734003938, -23.02849468158422 ], [ -44.165246694779114, -23.02871662976861 ], [ -44.16565200573541, -23.029222781705982 ], [ -44.165780974115002, -23.029405833057325 ], [ -44.165801471260863, -23.029368425112693 ], [ -44.165965789989173, -23.028891307787603 ], [ -44.165839628595961, -23.028412658917034 ], [ -44.165551540671004, -23.028022777629019 ], [ -44.165424095045921, -23.02775324001999 ], [ -44.165200558658796, -23.027363698675686 ], [ -44.165010956390461, -23.026705471380353 ], [ -44.164855511182708, -23.026324930861488 ], [ -44.164773254781835, -23.026503959390141 ] ] ], [ [ [ -44.16549866682999, -23.030514369142793 ], [ -44.165373900285203, -23.030694587884852 ], [ -44.165345011363115, -23.030736315528486 ], [ -44.165317642295292, -23.030775848826295 ], [ -44.165286499672163, -23.030820452501814 ], [ -44.16532763466256, -23.031115931055353 ], [ -44.165250964760162, -23.031387222342403 ], [ -44.165256863413447, -23.031587743279658 ], [ -44.16532763466256, -23.032030067633457 ], [ -44.165450928117821, -23.032245707073685 ], [ -44.165491485386717, -23.032468436623095 ], [ -44.16554239096854, -23.032424768388296 ], [ -44.165589242049862, -23.032384577686059 ], [ -44.165683962244998, -23.032126494741874 ], [ -44.165684644830435, -23.032074432988622 ], [ -44.165684680803338, -23.032074082253075 ], [ -44.165684684400617, -23.032074024696442 ], [ -44.165689672040685, -23.032025508970037 ], [ -44.165703027872382, -23.031895530854001 ], [ -44.165713431229847, -23.031794296869236 ], [ -44.165730013829034, -23.031732703201669 ], [ -44.165743270735334, -23.031683462621686 ], [ -44.16574413768177, -23.031680243948074 ], [ -44.165745003728887, -23.031677024375142 ], [ -44.165795997986891, -23.031487619058339 ], [ -44.165736463766734, -23.031160673226452 ], [ -44.165613170311531, -23.030945027490986 ], [ -44.165556257615151, -23.030589327635312 ], [ -44.165542399062417, -23.030502710331746 ], [ -44.165541428693928, -23.030469724997772 ], [ -44.16554007650462, -23.030465712664597 ], [ -44.16549866682999, -23.030514369142793 ] ] ] ] } },
{ "type": "Feature", "properties": { "Densidade": "Pouco densa", "Tipo": "Área urbanizada", "Comparacao": "Sem alteração" }, "geometry": { "type": "MultiPolygon", "coordinates": [ [ [ [ -44.165684680803338, -23.032074082253075 ], [ -44.165684644830435, -23.032074432988622 ], [ -44.165683962244998, -23.032126494741874 ], [ -44.165684680803338, -23.032074082253075 ] ] ] ] } },
{ "type": "Feature", "properties": { "Densidade": "Densa", "Tipo": "Área urbanizada", "Comparacao": "Adição" }, "geometry": { "type": "MultiPolygon", "coordinates": [ [ [ [ -44.391099801114876, -22.948460139323913 ], [ -44.391291827056136, -22.947840049578588 ], [ -44.389988201294386, -22.947909307268674 ], [ -44.389764935603239, -22.946747974039738 ], [ -44.389433567804872, -22.946398694444156 ], [ -44.388699185918654, -22.946461386183955 ], [ -44.388367818120287, -22.947643562100666 ], [ -44.387472588888841, -22.947797240050534 ], [ -44.387304005575345, -22.947595426787473 ], [ -44.386969804912496, -22.94754972773768 ], [ -44.387020214611198, -22.950708728624875 ], [ -44.387726915364794, -22.95090146592986 ], [ -44.387791160233803, -22.950194766075526 ], [ -44.388594227841281, -22.949231084047256 ], [ -44.389484368708622, -22.948484515448001 ], [ -44.389590032753745, -22.948395892656265 ], [ -44.391099801114876, -22.948460139323913 ] ] ] ] } },
{ "type": "Feature", "properties": { "Densidade": "Pouco densa", "Tipo": "Área urbanizada", "Comparacao": "Adição" }, "geometry": { "type": "MultiPolygon", "coordinates": [ [ [ [ -44.381656153408699, -22.926958857365321 ], [ -44.38272233656653, -22.927406019172395 ], [ -44.382737795912533, -22.927647513222098 ], [ -44.382747892601117, -22.927805227329316 ], [ -44.385323637275974, -22.928186408575868 ], [ -44.385349832728537, -22.926520318258042 ], [ -44.385843896878271, -22.925671818699414 ], [ -44.385699234631943, -22.924748457775081 ], [ -44.383999828029573, -22.924435420857947 ], [ -44.382732997130063, -22.924492337151605 ], [ -44.382238625412185, -22.925004578398557 ], [ -44.382077002851361, -22.925494927448881 ], [ -44.382492941096302, -22.925805772718206 ], [ -44.381656153408699, -22.926958857365321 ] ] ] ] } },
{ "type": "Feature", "properties": { "Densidade": "Densa", "Tipo": "Área urbanizada", "Comparacao": "Adição" }, "geometry": { "type": "MultiPolygon", "coordinates": [ [ [ [ -44.269421862828665, -23.000412836283317 ], [ -44.269695566996802, -23.000383244990701 ], [ -44.270371719579146, -22.999302741028657 ], [ -44.27023571240818, -22.999180147245966 ], [ -44.269686378623419, -22.99978147983137 ], [ -44.269359062270837, -22.999758303402928 ], [ -44.269157636615603, -22.999596066605136 ], [ -44.269876139172425, -22.998856039674422 ], [ -44.269189310738057, -22.99823695357253 ], [ -44.269056210175904, -22.998420736327887 ], [ -44.267339277585563, -22.998086881004724 ], [ -44.26759868792908, -22.998536524940619 ], [ -44.268360116026486, -22.999107596238503 ], [ -44.268690606985899, -22.999644645284093 ], [ -44.269471853443235, -23.000352847006241 ], [ -44.269421862828665, -23.000412836283317 ] ] ] ] } },
{ "type": "Feature", "properties": { "Densidade": "Densa", "Tipo": "Área urbanizada", "Comparacao": "Adição" }, "geometry": { "type": "MultiPolygon", "coordinates": [ [ [ [ -44.281504726661751, -22.968631246634686 ], [ -44.280301388798023, -22.968319695397554 ], [ -44.280111031998501, -22.967950878030535 ], [ -44.27865630484456, -22.96747634265904 ], [ -44.27817120963357, -22.967793582108072 ], [ -44.278371306090833, -22.969436738814409 ], [ -44.279285924705619, -22.970666881871068 ], [ -44.280617508591092, -22.970995181182616 ], [ -44.281392476881251, -22.969274194448474 ], [ -44.281504726661751, -22.968631246634686 ] ] ] ] } },
{ "type": "Feature", "properties": { "Densidade": "Densa", "Tipo": "Área urbanizada", "Comparacao": "Densificação" }, "geometry": { "type": "MultiPolygon", "coordinates": [ [ [ [ -44.332858048859805, -22.967443468840997 ], [ -44.332466663905393, -22.966780339341142 ], [ -44.332435676864975, -22.966520296774206 ], [ -44.332755806735065, -22.966441759879274 ], [ -44.333231189920895, -22.966475784411848 ], [ -44.333143585408095, -22.966358434993708 ], [ -44.33289176893993, -22.965931780427297 ], [ -44.332556784068288, -22.965559575314103 ], [ -44.332170120554565, -22.965589317692832 ], [ -44.332051148341804, -22.965946237029186 ], [ -44.332259351287973, -22.96645187275567 ], [ -44.331723973182761, -22.966600589145855 ], [ -44.33124807983495, -22.965916493751138 ], [ -44.330801930664506, -22.965202655977748 ], [ -44.330177322725206, -22.965262141634469 ], [ -44.330132998738861, -22.965454210743189 ], [ -44.330243668410503, -22.965726913965852 ], [ -44.330472934378349, -22.966098119032949 ], [ -44.330658412355831, -22.96658249658492 ], [ -44.331049408803153, -22.966871181659656 ], [ -44.331638762418891, -22.967085780584284 ], [ -44.331886122746312, -22.967301922745492 ], [ -44.332669586032523, -22.967664417878552 ], [ -44.332833869687306, -22.967691208682311 ], [ -44.333033670463635, -22.967678720594268 ], [ -44.332858048859805, -22.967443468840997 ] ] ] ] } },
{ "type": "Feature", "properties": { "Densidade": "Densa", "Tipo": "Área urbanizada", "Comparacao": "Não comparável" }, "geometry": { "type": "MultiPolygon", "coordinates": [ [ [ [ -44.527646544652271, -23.025689871490329 ], [ -44.527666531614699, -23.025663488758372 ], [ -44.527629629303931, -23.025701600448485 ], [ -44.527630385672047, -23.025701860435042 ], [ -44.527646544652271, -23.025689871490329 ] ] ], [ [ [ -44.534214909590389, -23.024375282093558 ], [ -44.534369200877848, -23.024855298832904 ], [ -44.534423624449332, -23.025024616443439 ], [ -44.534551808219305, -23.024513403570666 ], [ -44.534207258681811, -23.024351478982172 ], [ -44.534214909590389, -23.024375282093558 ] ] ], [ [ [ -44.534714642166932, -23.02565444269834 ], [ -44.535086646731315, -23.02600873331636 ], [ -44.535724370383321, -23.026168163330055 ], [ -44.536574666787374, -23.025867016349707 ], [ -44.536713176624403, -23.025803089356742 ], [ -44.536507908313297, -23.025814931214086 ], [ -44.535866174584271, -23.026066485979527 ], [ -44.534568668556183, -23.025362496535507 ], [ -44.534714642166932, -23.02565444269834 ] ] ] ] } },
{ "type": "Feature", "properties": { "Densidade": "Densa", "Tipo": "Área urbanizada", "Comparacao": "Adição" }, "geometry": { "type": "MultiPolygon", "coordinates": [ [ [ [ -44.344023670153824, -22.939114566287657 ], [ -44.34398458262234, -22.939630462375874 ], [ -44.34418195593247, -22.939598060701883 ], [ -44.344187350965456, -22.939532363427759 ], [ -44.344188927476978, -22.939531061209436 ], [ -44.344209103282033, -22.939152637340406 ], [ -44.344023670153824, -22.939114566287657 ] ] ], [ [ [ -44.342413009252937, -22.938701509467023 ], [ -44.342273524403595, -22.938674550490077 ], [ -44.342168846914717, -22.93860935593699 ], [ -44.342157778958267, -22.938428913263692 ], [ -44.342278896054154, -22.938215103943833 ], [ -44.34221901199777, -22.937942277514026 ], [ -44.342209954026089, -22.937911843556662 ], [ -44.341960259058681, -22.937729467341001 ], [ -44.341695250719106, -22.93756748850365 ], [ -44.341449150957487, -22.937696853426985 ], [ -44.341696337715746, -22.938749689746317 ], [ -44.342315079377386, -22.93881642483808 ], [ -44.342509108807008, -22.938744151899037 ], [ -44.342413009252937, -22.938701509467023 ] ] ] ] } },
{ "type": "Feature", "properties": { "Densidade": "Densa", "Tipo": "Área urbanizada", "Comparacao": "Adição" }, "geometry": { "type": "MultiPolygon", "coordinates": [ [ [ [ -44.32340956999559, -22.934040216282938 ], [ -44.323414366979421, -22.933853817399722 ], [ -44.323318743864888, -22.933623968671156 ], [ -44.323076007851455, -22.933400663409827 ], [ -44.323190184879081, -22.933297030033884 ], [ -44.323145014630654, -22.933248633017968 ], [ -44.322937335989195, -22.93297467883832 ], [ -44.322870266492764, -22.932905078469624 ], [ -44.322839171390626, -22.933550915842034 ], [ -44.323253021409755, -22.934320498991781 ], [ -44.323256398285764, -22.93432382043634 ], [ -44.32340956999559, -22.934040216282938 ] ] ], [ [ [ -44.32342278013715, -22.933085912384911 ], [ -44.323429821828768, -22.933079520003787 ], [ -44.323577506259795, -22.933172924054126 ], [ -44.323627894811466, -22.933079627023119 ], [ -44.32362926088166, -22.933075065661683 ], [ -44.323597656906315, -22.932788251176817 ], [ -44.323412267062452, -22.932389864100912 ], [ -44.322732503702014, -22.931621542699986 ], [ -44.32222129667548, -22.931673737552899 ], [ -44.322887107054328, -22.932555304283824 ], [ -44.322876839108559, -22.932768566909129 ], [ -44.32342278013715, -22.933085912384911 ] ] ] ] } },
{ "type": "Feature", "properties": { "Densidade": "Densa", "Tipo": "Área urbanizada", "Comparacao": "Adição" }, "geometry": { "type": "MultiPolygon", "coordinates": [ [ [ [ -44.369987577564586, -22.925323407848964 ], [ -44.374369580891425, -22.927117668645451 ], [ -44.378581184274196, -22.928888674772452 ], [ -44.378456554426407, -22.929986520361581 ], [ -44.379293778285216, -22.930107187796409 ], [ -44.379704963613165, -22.929656256930684 ], [ -44.380028206936174, -22.929739438824015 ], [ -44.379890352557709, -22.930069974749472 ], [ -44.380795911402174, -22.930262605035125 ], [ -44.381104110865977, -22.929663381359944 ], [ -44.379199420516784, -22.929092804689162 ], [ -44.379488675761706, -22.928590215865711 ], [ -44.37921059099591, -22.927395014168496 ], [ -44.377520691126961, -22.926399004210623 ], [ -44.376675158431794, -22.926543502780362 ], [ -44.373772490408044, -22.926285174321265 ], [ -44.372862177747265, -22.925626270735734 ], [ -44.37179262123243, -22.925643783233966 ], [ -44.371230511678732, -22.925262818724036 ], [ -44.371207930601486, -22.92489074671056 ], [ -44.370105098271608, -22.924608357789452 ], [ -44.369987577564586, -22.925323407848964 ] ] ] ] } },
{ "type": "Feature", "properties": { "Densidade": "Densa", "Tipo": "Área urbanizada", "Comparacao": "Adição" }, "geometry": { "type": "MultiPolygon", "coordinates": [ [ [ [ -44.205149077967519, -23.113340523945965 ], [ -44.205134408226343, -23.113424127621329 ], [ -44.205105022878456, -23.113515893543592 ], [ -44.205093292121717, -23.11359137004564 ], [ -44.205069899855971, -23.113672255969789 ], [ -44.205037676247741, -23.113739658358497 ], [ -44.205011348594837, -23.11381783102803 ], [ -44.204964454346054, -23.113896014489455 ], [ -44.204911647954134, -23.113966133730059 ], [ -44.204852944707568, -23.114044363956168 ], [ -44.204811911340585, -23.114141423288004 ], [ -44.204785528829063, -23.114200740771537 ], [ -44.204756828764573, -23.114268251078897 ], [ -44.204733361855119, -23.11434644533216 ], [ -44.204668878665757, -23.114451634535271 ], [ -44.204627839003535, -23.1145298656607 ], [ -44.204595581221042, -23.114621577623666 ], [ -44.204548659093291, -23.11470520378208 ], [ -44.204495866191223, -23.114794215080906 ], [ -44.204434273422919, -23.114875166655565 ], [ -44.204402005747909, -23.114934534501117 ], [ -44.204360377929049, -23.114999796503355 ], [ -44.204304581291353, -23.115075299085731 ], [ -44.204240041444734, -23.115131924898378 ], [ -44.204237515284795, -23.115135147179803 ], [ -44.204677368265891, -23.115318610665327 ], [ -44.204877018659431, -23.114986342645579 ], [ -44.205266812713205, -23.11516996442225 ], [ -44.205979850089989, -23.113963299066938 ], [ -44.205599563668898, -23.113762187275086 ], [ -44.20562808476825, -23.113447402975225 ], [ -44.205151682936076, -23.113298546830045 ], [ -44.205149077967519, -23.113340523945965 ] ] ] ] } },
{ "type": "Feature", "properties": { "Densidade": "Densa", "Tipo": "Área urbanizada", "Comparacao": "Adição" }, "geometry": { "type": "MultiPolygon", "coordinates": [ [ [ [ -44.16504520976855, -23.026753676840656 ], [ -44.164986751137633, -23.026621257065301 ], [ -44.164995185879093, -23.02664081012523 ], [ -44.164997015999461, -23.026645051327989 ], [ -44.164999813790359, -23.026651537238592 ], [ -44.165001044962196, -23.026654306251203 ], [ -44.165009196417259, -23.026672646125689 ], [ -44.16504520976855, -23.026753676840656 ] ] ], [ [ [ -44.16512413157335, -23.026924700014831 ], [ -44.165086155901349, -23.026845806089057 ], [ -44.165094176954653, -23.026863852784516 ], [ -44.16512413157335, -23.026924700014831 ] ] ] ] } },
{ "type": "Feature", "properties": { "Densidade": "Densa", "Tipo": "Área urbanizada", "Comparacao": "Adição" }, "geometry": { "type": "MultiPolygon", "coordinates": [ [ [ [ -44.289254192826718, -23.002146634759356 ], [ -44.290026650209711, -23.002772348864767 ], [ -44.290948845612718, -23.002894865305734 ], [ -44.291092777609549, -23.002527065971265 ], [ -44.290485371003001, -23.002142259557615 ], [ -44.290076701978194, -23.002273518308186 ], [ -44.289377785756187, -23.001919101785063 ], [ -44.289254192826718, -23.002146634759356 ] ] ] ] } },
{ "type": "Feature", "properties": { "Densidade": "Densa", "Tipo": "Área urbanizada", "Comparacao": "Sem alteração" }, "geometry": { "type": "MultiPolygon", "coordinates": [ [ [ [ -44.342089204752938, -23.17793154740292 ], [ -44.341611162025458, -23.179115816042042 ], [ -44.340383379689172, -23.180072343963445 ], [ -44.340270334907984, -23.180471769756309 ], [ -44.340943142911669, -23.181172612326179 ], [ -44.340380599884725, -23.18169999455904 ], [ -44.340363020836719, -23.182280116634047 ], [ -44.341628741073521, -23.181172612326179 ], [ -44.343544902275369, -23.180434275221558 ], [ -44.345232528658244, -23.180100265215003 ], [ -44.344740768571569, -23.178843444669212 ], [ -44.344052260203625, -23.178972562133993 ], [ -44.343725084145262, -23.178972562133993 ], [ -44.343665597589222, -23.178794101566496 ], [ -44.343873801434768, -23.178526412963549 ], [ -44.344349692983883, -23.178199236905186 ], [ -44.344784599729451, -23.178025273847254 ], [ -44.344793042564845, -23.177867674853246 ], [ -44.344720957406196, -23.177783727636893 ], [ -44.344230719871803, -23.177753087734743 ], [ -44.343725084145262, -23.1773069385643 ], [ -44.343368164808908, -23.176682329725679 ], [ -44.343317609420069, -23.176261030622015 ], [ -44.342261602091241, -23.176391000644117 ], [ -44.342089204752938, -23.17793154740292 ] ] ] ] } },
{ "type": "Feature", "properties": { "Densidade": "Densa", "Tipo": "Área urbanizada", "Comparacao": "Sem alteração" }, "geometry": { "type": "MultiPolygon", "coordinates": [ [ [ [ -44.511579839737749, -23.024780542687836 ], [ -44.511118378710194, -23.025758839598723 ], [ -44.513204180828268, -23.025943423650062 ], [ -44.513241097998218, -23.025297378571111 ], [ -44.514403978960445, -23.02507587824914 ], [ -44.516060638987256, -23.025540060625246 ], [ -44.516951241206755, -23.025998799405045 ], [ -44.517671119726344, -23.02623875921131 ], [ -44.51933394190786, -23.026754000596611 ], [ -44.520809052195943, -23.026478718118312 ], [ -44.520845969365951, -23.025777298183698 ], [ -44.52304252119535, -23.025112795419147 ], [ -44.522839477659716, -23.02485437702785 ], [ -44.52076465716317, -23.025496706108072 ], [ -44.520417817428267, -23.02501980102295 ], [ -44.519637427125531, -23.024976445606455 ], [ -44.518596907021617, -23.024282766136707 ], [ -44.516559222230285, -23.02283037362281 ], [ -44.514400696434961, -23.02166032506392 ], [ -44.513746345217612, -23.02166032506392 ], [ -44.512616100652508, -23.02305825913129 ], [ -44.512050979269247, -23.023712610348639 ], [ -44.511579839737749, -23.024780542687836 ] ] ] ] } },
{ "type": "Feature", "properties": { "Densidade": "Densa", "Tipo": "Área urbanizada", "Comparacao": "Sem alteração" }, "geometry": { "type": "MultiPolygon", "coordinates": [ [ [ [ -44.358223412780205, -23.023572504067772 ], [ -44.358152325869128, -23.023514649781191 ], [ -44.358129679141314, -23.023482706761456 ], [ -44.358136060730601, -23.023444720297562 ], [ -44.358020636343269, -23.023292349961935 ], [ -44.357961195652592, -23.023156892276688 ], [ -44.357948138395841, -23.023086885451335 ], [ -44.357967368599134, -23.02301665289616 ], [ -44.357963934088218, -23.022914427858495 ], [ -44.357928260680637, -23.022841615148366 ], [ -44.357892581877081, -23.022768788948383 ], [ -44.357863380890251, -23.022707599975718 ], [ -44.357788952098417, -23.022649613488852 ], [ -44.357691990792716, -23.022638535639885 ], [ -44.357653185945708, -23.022627086370903 ], [ -44.357591622855068, -23.022560223575397 ], [ -44.357591521231654, -23.022516356444669 ], [ -44.357613971907256, -23.022440177572093 ], [ -44.357652570809478, -23.02235804069096 ], [ -44.357646000362593, -23.02231127684388 ], [ -44.357620029740531, -23.022264625412106 ], [ -44.357561733886882, -23.022221090131154 ], [ -44.357487386033995, -23.022230315376703 ], [ -44.357445375103907, -23.022242272762639 ], [ -44.357374248622648, -23.022251480021737 ], [ -44.357332076713931, -23.022201983134948 ], [ -44.357289798685201, -23.022114426939197 ], [ -44.357279964598661, -23.02206472140972 ], [ -44.357269992915803, -23.021962308413777 ], [ -44.357285829977002, -23.021830444419436 ], [ -44.357340337886228, -23.021633896686922 ], [ -44.357401301129073, -23.021425545352599 ], [ -44.357504196161699, -23.021152440132937 ], [ -44.357566918077694, -23.021054155732958 ], [ -44.357375737899929, -23.02083748496193 ], [ -44.35747210565313, -23.020355644397398 ], [ -44.357825455580269, -23.01971318941213 ], [ -44.356765405798797, -23.019134980195133 ], [ -44.356122951712791, -23.019391962369127 ], [ -44.354966534178175, -23.020130785107597 ], [ -44.353103415889905, -23.020419889266407 ], [ -44.35201124322424, -23.020387766382271 ], [ -44.350758457037102, -23.02016290709247 ], [ -44.349762652124639, -23.020708994324593 ], [ -44.349505670849965, -23.021704798337737 ], [ -44.34912019803869, -23.022829092988218 ], [ -44.347055387895807, -23.024648996154212 ], [ -44.348756424069677, -23.026321200063308 ], [ -44.348795535585452, -23.026221758427369 ], [ -44.348863386735843, -23.026142144144615 ], [ -44.348924338287532, -23.026158451551225 ], [ -44.349343717338627, -23.025365790898491 ], [ -44.349309999956517, -23.025348082348103 ], [ -44.349299864597015, -23.025313059150335 ], [ -44.349335451669731, -23.025274682380655 ], [ -44.349408908294436, -23.025246490433119 ], [ -44.350340861341635, -23.023600038610823 ], [ -44.350355184843863, -23.023406668183156 ], [ -44.350308311279491, -23.023353023623088 ], [ -44.350242697642329, -23.023324192257633 ], [ -44.350255287251684, -23.023268348855197 ], [ -44.350306186181513, -23.023106565315686 ], [ -44.350354329588583, -23.023003479626823 ], [ -44.350388684590087, -23.022954430602454 ], [ -44.350405107109964, -23.022732725235016 ], [ -44.350999274796663, -23.022485170654079 ], [ -44.351169174717597, -23.022366424171082 ], [ -44.351708013414054, -23.021954576042788 ], [ -44.351802229089571, -23.021895215391851 ], [ -44.351847810328138, -23.021880230887916 ], [ -44.351939158964967, -23.021876695652963 ], [ -44.352043858936895, -23.021917120178898 ], [ -44.352132121999773, -23.021942963996537 ], [ -44.352186709049363, -23.021956616604541 ], [ -44.352336369727652, -23.021944000015537 ], [ -44.352350855107829, -23.021944438884702 ], [ -44.352866389672101, -23.021825731971887 ], [ -44.352874337880337, -23.021782523144907 ], [ -44.352942396774154, -23.021726318214974 ], [ -44.353039793351741, -23.02167286071392 ], [ -44.353212202381201, -23.021636540693748 ], [ -44.353371637790815, -23.021614983044969 ], [ -44.353462921676453, -23.021634942598496 ], [ -44.353521568265705, -23.021643372843357 ], [ -44.353638704962236, -23.021636757430372 ], [ -44.353690707360215, -23.021624691226464 ], [ -44.353755585351962, -23.02158907357682 ], [ -44.35379793622576, -23.021597607243734 ], [ -44.353905530216025, -23.021637990400905 ], [ -44.353980755807186, -23.021645331566731 ], [ -44.353990151923938, -23.021646249774562 ], [ -44.35406189803814, -23.021680983390638 ], [ -44.354169476739912, -23.021730141232979 ], [ -44.354410519329974, -23.021822385594589 ], [ -44.354465824038527, -23.021833749427969 ], [ -44.354520987553485, -23.021818733447731 ], [ -44.354615759909336, -23.021794974258626 ], [ -44.354673874099944, -23.021855829582819 ], [ -44.354671020551109, -23.021934959130988 ], [ -44.3546729774759, -23.021970275507783 ], [ -44.354805919757325, -23.02202602538074 ], [ -44.35589809332231, -23.0227006032502 ], [ -44.356149944864001, -23.022822713197627 ], [ -44.356354593689503, -23.022859317403515 ], [ -44.356461547362471, -23.022902338272274 ], [ -44.35661377560524, -23.022947929403358 ], [ -44.356730339433568, -23.022982094647887 ], [ -44.35686314501811, -23.023048237985734 ], [ -44.357044418664941, -23.023122745917931 ], [ -44.357112413706886, -23.023163077813763 ], [ -44.35719664510907, -23.023235370715724 ], [ -44.357287654701452, -23.023272705171166 ], [ -44.357342254341518, -23.023329688913975 ], [ -44.357562454243805, -23.023541608758194 ], [ -44.357847157120545, -23.023717124945335 ], [ -44.358024435978905, -23.023765155037836 ], [ -44.358092286229976, -23.023773564598287 ], [ -44.358283670129786, -23.023623191853009 ], [ -44.358223412780205, -23.023572504067772 ] ] ] ] } },
{ "type": "Feature", "properties": { "Densidade": "Densa", "Tipo": "Área urbanizada", "Comparacao": "Sem alteração" }, "geometry": { "type": "MultiPolygon", "coordinates": [ [ [ [ -44.328517954839697, -23.016930691498146 ], [ -44.328527335044207, -23.016995938295654 ], [ -44.328561654696557, -23.016790021342388 ], [ -44.329332600319219, -23.01627605789372 ], [ -44.330232035679842, -23.016179690140518 ], [ -44.331099349954968, -23.015344498749585 ], [ -44.330775115579058, -23.013615435204144 ], [ -44.330039300173496, -23.013031662780975 ], [ -44.328208304769419, -23.013481381360634 ], [ -44.326301729441241, -23.012782624318618 ], [ -44.325849632154757, -23.013567845779392 ], [ -44.326438283400023, -23.013913550569839 ], [ -44.326463477007792, -23.013920742448249 ], [ -44.326592241938386, -23.013987015288478 ], [ -44.326616638746827, -23.014018295507867 ], [ -44.326840266864792, -23.014149628002883 ], [ -44.32684732924082, -23.014152114628359 ], [ -44.327020646585538, -23.014228664920893 ], [ -44.327209637314866, -23.014347472557745 ], [ -44.327415506520367, -23.014487456530844 ], [ -44.327846640609948, -23.014740654357695 ], [ -44.327980571246314, -23.014896907066543 ], [ -44.328154663806629, -23.015076454015116 ], [ -44.32822731194085, -23.015184771060319 ], [ -44.328539768795224, -23.015549304057117 ], [ -44.328631925922593, -23.015609109872457 ], [ -44.328705978797814, -23.015696816255002 ], [ -44.328803491387987, -23.015845657650914 ], [ -44.3288401729356, -23.016100813301875 ], [ -44.328824429403824, -23.016248179809622 ], [ -44.328809159814853, -23.016368473126477 ], [ -44.328754824575469, -23.01646750197358 ], [ -44.328660876897914, -23.016575367559142 ], [ -44.328537874823041, -23.016692974601028 ], [ -44.328427745040081, -23.016792995675313 ], [ -44.328517954839697, -23.016930691498146 ] ] ], [ [ [ -44.32853889285559, -23.017333213656855 ], [ -44.328523624165882, -23.017453506973709 ], [ -44.328469288926499, -23.017552535820812 ], [ -44.328375341248943, -23.017660401406374 ], [ -44.328252339174071, -23.017778008448261 ], [ -44.328210580645234, -23.01781593371949 ], [ -44.328208304769419, -23.01785007112386 ], [ -44.328067713753967, -23.018190449229792 ], [ -44.328071977439777, -23.018226563305234 ], [ -44.32807656937814, -23.018364585856887 ], [ -44.328037529808114, -23.018524130983792 ], [ -44.327845515558067, -23.018954415214068 ], [ -44.327760298826995, -23.019090171783148 ], [ -44.327786440891487, -23.019311597152466 ], [ -44.32779103282985, -23.019449619704119 ], [ -44.327751994159144, -23.019609164831024 ], [ -44.327657992285779, -23.019819813382973 ], [ -44.32782284634726, -23.019761316631389 ], [ -44.328240427653554, -23.019102858210317 ], [ -44.328754391102223, -23.019391962369127 ], [ -44.328915004623695, -23.02000229357094 ], [ -44.328818636870551, -23.020644747656945 ], [ -44.327854954842223, -23.020998097584084 ], [ -44.327698067211998, -23.021244635931168 ], [ -44.327840363342034, -23.021281809407924 ], [ -44.327966272925096, -23.021321143056241 ], [ -44.328091715760024, -23.021408313442862 ], [ -44.328453108324254, -23.021445315149151 ], [ -44.328539241792555, -23.021412253372773 ], [ -44.328598990950638, -23.021382180043531 ], [ -44.328640804929137, -23.021326993146147 ], [ -44.328802253920855, -23.021312740690405 ], [ -44.328881391562902, -23.021336132056831 ], [ -44.329685950246358, -23.020933852715075 ], [ -44.329846563767887, -23.020227152860798 ], [ -44.329986202401301, -23.0201961217536 ], [ -44.330092717205105, -23.020120228865437 ], [ -44.330270611199694, -23.020043306253513 ], [ -44.330525994379116, -23.019960737697829 ], [ -44.330778076147226, -23.019893091592849 ], [ -44.331162055184677, -23.019912640156178 ], [ -44.331294647629818, -23.019859424572758 ], [ -44.331425130265529, -23.019915733824007 ], [ -44.331581287646259, -23.019983122722863 ], [ -44.331776201310618, -23.020087468361908 ], [ -44.332576995431964, -23.020387766382271 ], [ -44.333187326633777, -23.02157630680108 ], [ -44.335211059342896, -23.018621016746465 ], [ -44.334343034603307, -23.018406425016451 ], [ -44.333512832651081, -23.018201184437089 ], [ -44.333154576922141, -23.018112615604707 ], [ -44.332274176611918, -23.018445740678317 ], [ -44.331388454113835, -23.019681067427257 ], [ -44.329910808636839, -23.019970170686804 ], [ -44.329300477435027, -23.019745312296266 ], [ -44.328895341846533, -23.018802660014728 ], [ -44.329364723203355, -23.018235543935134 ], [ -44.328549005841353, -23.017238556988033 ], [ -44.32853889285559, -23.017333213656855 ] ] ] ] } },
{ "type": "Feature", "properties": { "Densidade": "Densa", "Tipo": "Área urbanizada", "Comparacao": "Sem alteração" }, "geometry": { "type": "MultiPolygon", "coordinates": [ [ [ [ -44.475567456073179, -23.003701023883082 ], [ -44.475696665268856, -23.005325364973544 ], [ -44.477025671697334, -23.005288447803593 ], [ -44.480440480243942, -23.00626674471448 ], [ -44.483393827762882, -23.007485001431633 ], [ -44.485668784286929, -23.008956774335616 ], [ -44.485590379592281, -23.007466541947281 ], [ -44.482433990336347, -23.005805283686868 ], [ -44.48069889773592, -23.005233072947931 ], [ -44.47935143272241, -23.002999603948524 ], [ -44.476988755426703, -23.001079928196077 ], [ -44.475918165590826, -23.001615221765007 ], [ -44.476102749642166, -23.00229818401391 ], [ -44.475622830928842, -23.002667352116589 ], [ -44.475567456073179, -23.003701023883082 ] ] ] ] } },
{ "type": "Feature", "properties": { "Densidade": "Densa", "Tipo": "Área urbanizada", "Comparacao": "Sem alteração" }, "geometry": { "type": "MultiPolygon", "coordinates": [ [ [ [ -44.545183927096502, -23.020162939468037 ], [ -44.544935923753826, -23.019649218836321 ], [ -44.544758778894504, -23.018993780338633 ], [ -44.544670206464787, -23.018657204566296 ], [ -44.544432850195847, -23.018160915493809 ], [ -44.544280486155458, -23.017842336954232 ], [ -44.544227343417106, -23.017541189973883 ], [ -44.544315914947447, -23.017222328147909 ], [ -44.544413699354564, -23.017146273700959 ], [ -44.544353439159863, -23.016784710845684 ], [ -44.544289193391535, -23.016302870281208 ], [ -44.544578297550345, -23.015564046643419 ], [ -44.545040911685348, -23.015313392216768 ], [ -44.544811921632856, -23.015185157768769 ], [ -44.544493059806825, -23.014795437459441 ], [ -44.544430900810866, -23.01460895781462 ], [ -44.544180841272748, -23.014418436261792 ], [ -44.544223670585893, -23.014004409975485 ], [ -44.543752538249009, -23.013590382789914 ], [ -44.544066627372899, -23.013090696978054 ], [ -44.544385561144679, -23.012929983631807 ], [ -44.544674666202866, -23.012159038908464 ], [ -44.54506013901414, -23.011741443212998 ], [ -44.545027217458014, -23.011379307938931 ], [ -44.544989068290818, -23.011376533400266 ], [ -44.544208826376178, -23.01104562065882 ], [ -44.543430188852085, -23.010632523372237 ], [ -44.543182186408728, -23.010242804861491 ], [ -44.543160403929448, -23.010139341457375 ], [ -44.543111327925374, -23.009906229089154 ], [ -44.543093613079748, -23.00944565029647 ], [ -44.543181666842472, -23.009118594466919 ], [ -44.543164897841734, -23.009043134433057 ], [ -44.543261265594879, -23.008336433679403 ], [ -44.543454002000544, -23.007822471130112 ], [ -44.544000089232668, -23.007565488956118 ], [ -44.544332057778206, -23.007684049279419 ], [ -44.544424305737095, -23.007687465803883 ], [ -44.544556426038184, -23.007764180672382 ], [ -44.544899524593347, -23.00788671599912 ], [ -44.545702593100145, -23.008368556563596 ], [ -44.546042770650473, -23.008292961944331 ], [ -44.545998794708566, -23.008117061153428 ], [ -44.546069654091241, -23.00790448660274 ], [ -44.546246798950563, -23.00780705675021 ], [ -44.546447451250657, -23.007782347286554 ], [ -44.546137849681998, -23.00678754121202 ], [ -44.54592180989377, -23.006806327251979 ], [ -44.545857078641234, -23.007045332775817 ], [ -44.54561793272137, -23.007390765971024 ], [ -44.545361072855201, -23.007629911890888 ], [ -44.54504221102917, -23.007753914011857 ], [ -44.544723350102458, -23.007762770535408 ], [ -44.544457631914156, -23.007514768092051 ], [ -44.544303981575595, -23.007299657306032 ], [ -44.544242609408855, -23.007365750429017 ], [ -44.543466537650545, -23.007540992322902 ], [ -44.542854588568389, -23.008512911241837 ], [ -44.541843318014685, -23.009405208683404 ], [ -44.540623843615435, -23.008512911241837 ], [ -44.541248451554736, -23.007590869622902 ], [ -44.541635115068459, -23.007590869622902 ], [ -44.542497669232034, -23.008245221739571 ], [ -44.542943818402478, -23.007590869622902 ], [ -44.543241251182735, -23.006906775127504 ], [ -44.543181763727375, -23.006192937354115 ], [ -44.543508939785681, -23.005479097782086 ], [ -44.54375795480918, -23.005182652900356 ], [ -44.543731335832433, -23.005194163779606 ], [ -44.543441356633252, -23.005220054361985 ], [ -44.543423472715062, -23.005221651557918 ], [ -44.54323532914708, -23.005238450893728 ], [ -44.542969610958721, -23.005194163779606 ], [ -44.542739323361047, -23.00503473376591 ], [ -44.542695036246869, -23.004786729523914 ], [ -44.542748179884541, -23.004485582543566 ], [ -44.542925324743919, -23.004131292824866 ], [ -44.543055407097121, -23.003989385239798 ], [ -44.542797086816051, -23.003735881605621 ], [ -44.542700719062907, -23.003254041041089 ], [ -44.542620113433756, -23.003192907783596 ], [ -44.542544461857403, -23.003218994461008 ], [ -44.542279115089059, -23.003104740091658 ], [ -44.542219918114711, -23.003037544546999 ], [ -44.542116471797669, -23.002920123664751 ], [ -44.542013027279324, -23.002802702782446 ], [ -44.541958166385804, -23.002690871142313 ], [ -44.540338098424456, -23.001462172441279 ], [ -44.539149557106327, -23.000530613297144 ], [ -44.538878113833846, -23.000909083087663 ], [ -44.538757661336945, -23.00105117327297 ], [ -44.538274125550402, -23.000809405829386 ], [ -44.537946950391415, -23.001196068443733 ], [ -44.53818110867121, -23.001731289167594 ], [ -44.537827977279278, -23.002147853340716 ], [ -44.537441314664875, -23.002207338997437 ], [ -44.536523143728061, -23.00146952260036 ], [ -44.535680302703781, -23.001687030831761 ], [ -44.535102094386104, -23.001783398584905 ], [ -44.534138413257097, -23.002779202598049 ], [ -44.534042043705313, -23.003357411815045 ], [ -44.531921945041688, -23.004642320886376 ], [ -44.530315808028092, -23.004513830249039 ], [ -44.52969364354675, -23.004039800296482 ], [ -44.528966654087753, -23.003485903351702 ], [ -44.528645427044808, -23.003742884626377 ], [ -44.527810235653817, -23.002714957729097 ], [ -44.527039290930475, -23.001911890121562 ], [ -44.526782308756481, -23.001494294426095 ], [ -44.526364713061014, -23.001751275700769 ], [ -44.526975045162146, -23.002554344207567 ], [ -44.526718062988152, -23.002939817018898 ], [ -44.52768174501648, -23.00428897095918 ], [ -44.526653818119144, -23.005220530103315 ], [ -44.525754381859201, -23.005830862204505 ], [ -44.525401031932063, -23.006119966363315 ], [ -44.525047682004868, -23.005830862204505 ], [ -44.525304664178861, -23.005541757146318 ], [ -44.524854944699882, -23.004995670813514 ], [ -44.524501594772744, -23.005606002914647 ], [ -44.523619821197769, -23.006080841357686 ], [ -44.522702723152122, -23.005477512277309 ], [ -44.521739041123794, -23.00473868863952 ], [ -44.5214820589498, -23.004770812423033 ], [ -44.520775359994843, -23.005092038566659 ], [ -44.520550499805665, -23.005766617335496 ], [ -44.522110052836638, -23.007044523386014 ], [ -44.522509986746456, -23.006216335015779 ], [ -44.523313055253254, -23.006633929811983 ], [ -44.524133783747061, -23.007590608819498 ], [ -44.524451603258854, -23.007926878822332 ], [ -44.525111926873876, -23.00862553873759 ], [ -44.525561644554216, -23.008657661621726 ], [ -44.525722258975009, -23.008978888664728 ], [ -44.525497399685207, -23.009492852113397 ], [ -44.525979241149003, -23.010713516315661 ], [ -44.525579307239184, -23.011316845396038 ], [ -44.52548293858672, -23.011991422366179 ], [ -44.526075608902204, -23.01235177531413 ], [ -44.526750185872345, -23.013090598052599 ], [ -44.527071412915348, -23.013861542775942 ], [ -44.527538793280655, -23.013758172001985 ], [ -44.527795774555329, -23.013147839900853 ], [ -44.528695210815272, -23.013822417770314 ], [ -44.529691014828416, -23.013019349263516 ], [ -44.530155195405882, -23.013508192848803 ], [ -44.529737598811096, -23.014054279181607 ], [ -44.52970547682628, -23.014536119746083 ], [ -44.52983396836288, -23.015082206078887 ], [ -44.528709671913759, -23.015596170426875 ], [ -44.527264150220333, -23.015082206078887 ], [ -44.526878677409002, -23.014728856151748 ], [ -44.526653818119144, -23.014760979035884 ], [ -44.526718062988152, -23.015435556006082 ], [ -44.526557450365999, -23.016174378744552 ], [ -44.526171976655348, -23.016624097324211 ], [ -44.52507980488906, -23.01623862361356 ], [ -44.52453371765688, -23.017138060772822 ], [ -44.525304664178861, -23.017330797178488 ], [ -44.525754381859201, -23.017780514858828 ], [ -44.526300468192005, -23.018294479206816 ], [ -44.527103535799483, -23.018165987670159 ], [ -44.527489008610814, -23.017876882611972 ], [ -44.528099340711947, -23.017395042047497 ], [ -44.528838162551097, -23.017202305641831 ], [ -44.52954486330475, -23.017298674294352 ], [ -44.530283686043219, -23.017619902236675 ], [ -44.530155195405882, -23.01794112927962 ], [ -44.52925575914594, -23.017780514858828 ], [ -44.528613304160615, -23.017876882611972 ], [ -44.52797085007461, -23.018294479206816 ], [ -44.527553254379143, -23.018872688423812 ], [ -44.527521132394327, -23.019483018726305 ], [ -44.527617500147471, -23.020350333001431 ], [ -44.527585377263335, -23.021314015029702 ], [ -44.528452689739822, -23.021924346231572 ], [ -44.528709671913759, -23.021249769261374 ], [ -44.529063021840955, -23.02070368292857 ], [ -44.52954486330475, -23.02025396524823 ], [ -44.530219440274891, -23.019804246668627 ], [ -44.530733403723559, -23.019740000900299 ], [ -44.531311612940556, -23.019740000900299 ], [ -44.531921945041688, -23.019900615321092 ], [ -44.532532276243501, -23.020221842364094 ], [ -44.533688693778174, -23.020960665102564 ], [ -44.533977798836304, -23.021442505667039 ], [ -44.534427517415963, -23.022245574173837 ], [ -44.535905161993583, -23.022470432564376 ], [ -44.537368346372034, -23.022881026138407 ], [ -44.538539225904515, -23.021860101362563 ], [ -44.540016871381454, -23.022952274028171 ], [ -44.541462393974257, -23.023177133318029 ], [ -44.542507981757922, -23.022206448268946 ], [ -44.542747302146211, -23.021378259898711 ], [ -44.543807351927683, -23.020382455885567 ], [ -44.545092260999013, -23.02025396524823 ], [ -44.545198464606429, -23.020178288097206 ], [ -44.545183927096502, -23.020162939468037 ] ] ] ] } },
{ "type": "Feature", "properties": { "Densidade": "Densa", "Tipo": "Área urbanizada", "Comparacao": "Sem alteração" }, "geometry": { "type": "MultiPolygon", "coordinates": [ [ [ [ -44.323656039994205, -22.983231840776796 ], [ -44.32337530251268, -22.983178342938722 ], [ -44.323388050118353, -22.983238130635186 ], [ -44.32338205433831, -22.983293896695955 ], [ -44.323264019219096, -22.983480138197763 ], [ -44.323076238977194, -22.983724358092616 ], [ -44.322941743682044, -22.984029213604771 ], [ -44.323022612403577, -22.984062757690083 ], [ -44.323048643280231, -22.984139113729043 ], [ -44.32308635185359, -22.984247363325096 ], [ -44.32310251446944, -22.984323164482419 ], [ -44.32309651779002, -22.984378930543187 ], [ -44.322978482670806, -22.984565172044995 ], [ -44.322749230192755, -22.984863329678888 ], [ -44.322613195142821, -22.98494247181759 ], [ -44.322575916940423, -22.984972497344028 ], [ -44.322529015001976, -22.985060283005623 ], [ -44.32249588092855, -22.98508988600889 ], [ -44.322475509836863, -22.98519015410227 ], [ -44.322471851394766, -22.9852649039521 ], [ -44.322432908052235, -22.985587560917168 ], [ -44.322330906046432, -22.985981681609246 ], [ -44.322243479353062, -22.986145316852856 ], [ -44.322118913357144, -22.986256607956022 ], [ -44.321863646190252, -22.986535241308275 ], [ -44.321643441791366, -22.98677228371389 ], [ -44.321539684308959, -22.986928849386857 ], [ -44.321368519941188, -22.987043626262277 ], [ -44.321279479864074, -22.987038084639835 ], [ -44.320953536776244, -22.987074228392885 ], [ -44.3206413308327, -22.98711237133881 ], [ -44.320576128185735, -22.987213756409687 ], [ -44.320497136233826, -22.987271549542356 ], [ -44.320348648271477, -22.987250807578675 ], [ -44.320054503412564, -22.987224452046803 ], [ -44.319913724438777, -22.987178689145139 ], [ -44.31994618906532, -22.986616852985321 ], [ -44.319644839737521, -22.986573119853574 ], [ -44.319628662732555, -22.98719850840439 ], [ -44.319504583269861, -22.987171956820305 ], [ -44.319352887425794, -22.987106085977018 ], [ -44.319215059127657, -22.987028568013955 ], [ -44.318982923423107, -22.98692641042544 ], [ -44.318969841884666, -22.986920274351121 ], [ -44.318629040198005, -22.986760389280505 ], [ -44.318394532081925, -22.986708260078103 ], [ -44.317830168827186, -22.986485566355782 ], [ -44.317735804763515, -22.986586003541163 ], [ -44.317553106590537, -22.986555896937034 ], [ -44.317395638897551, -22.986539167748333 ], [ -44.317241076014795, -22.986475764644752 ], [ -44.317170768815913, -22.986388409897131 ], [ -44.317124010364751, -22.986341773753793 ], [ -44.317037759984601, -22.986236483826644 ], [ -44.316993096054489, -22.986152534811595 ], [ -44.316941546914791, -22.986074422396655 ], [ -44.316809865482867, -22.985960174322543 ], [ -44.316691186449077, -22.985790631432451 ], [ -44.316461532873404, -22.985552010716674 ], [ -44.316350875792239, -22.985476648428516 ], [ -44.316297369727806, -22.985435972991695 ], [ -44.316238035157141, -22.985382483115075 ], [ -44.316112675059856, -22.985184727593037 ], [ -44.316092194798898, -22.985048170936295 ], [ -44.316194372172504, -22.98499372867758 ], [ -44.316142798751116, -22.984803902478063 ], [ -44.315957536610995, -22.984717962364016 ], [ -44.315765103276874, -22.984874159314927 ], [ -44.315696869914575, -22.984863772145331 ], [ -44.315497259990536, -22.984801826842784 ], [ -44.315387987865279, -22.984708108492384 ], [ -44.315321939855608, -22.984583817688986 ], [ -44.315119327994523, -22.98445149234243 ], [ -44.314763956391459, -22.984123535672609 ], [ -44.314676679884826, -22.984049986417688 ], [ -44.314593408059295, -22.983964291818552 ], [ -44.31459280484183, -22.983963301936839 ], [ -44.313415758430438, -22.985298659105808 ], [ -44.313594218098672, -22.985625835164115 ], [ -44.315200354212948, -22.985149942715623 ], [ -44.31684119966161, -22.986211552820862 ], [ -44.31707417982949, -22.987440174224616 ], [ -44.32019722222401, -22.988213498554046 ], [ -44.320760171744496, -22.987271602602334 ], [ -44.322077203699962, -22.986821884921994 ], [ -44.322302062989763, -22.987528584776328 ], [ -44.323052575116208, -22.987499660780657 ], [ -44.324391021728218, -22.986428902771593 ], [ -44.323233622133898, -22.984798153112251 ], [ -44.323779707567383, -22.983738103330779 ], [ -44.324068767424592, -22.983196117236535 ], [ -44.323656039994205, -22.983231840776796 ] ] ] ] } },
{ "type": "Feature", "properties": { "Densidade": "Densa", "Tipo": "Área urbanizada", "Comparacao": "Sem alteração" }, "geometry": { "type": "MultiPolygon", "coordinates": [ [ [ [ -44.432240075019422, -22.976011583367836 ], [ -44.432259205397941, -22.97598800764041 ], [ -44.432333538861712, -22.975779168873487 ], [ -44.432334965186442, -22.975754718105691 ], [ -44.432368437685604, -22.975645804844902 ], [ -44.43211890576282, -22.975777137304988 ], [ -44.432088049124104, -22.975949112861201 ], [ -44.432187197406584, -22.976050733556921 ], [ -44.432240075019422, -22.976011583367836 ] ] ], [ [ [ -44.437040992447805, -22.97363388739393 ], [ -44.43700936958669, -22.973764924911336 ], [ -44.437125268816033, -22.973851679811105 ], [ -44.437247807740107, -22.974179548347422 ], [ -44.437350647914002, -22.974277905400982 ], [ -44.437383857179213, -22.974361674551574 ], [ -44.437384668367713, -22.974488041889572 ], [ -44.437331107444606, -22.974633951495605 ], [ -44.437212008427423, -22.974721960050374 ], [ -44.437046635693662, -22.974764393661815 ], [ -44.436539910888143, -22.974649066401241 ], [ -44.435878488301569, -22.974492560083547 ], [ -44.435844225977682, -22.97448402364531 ], [ -44.43584586179702, -22.974503417598612 ], [ -44.435647658412677, -22.97468196540035 ], [ -44.435670562346559, -22.974760916882758 ], [ -44.435565622255638, -22.974857340393896 ], [ -44.435488521975991, -22.974827814318569 ], [ -44.435523424266592, -22.97515094476023 ], [ -44.435544876694678, -22.97540529641725 ], [ -44.435560326148106, -22.975588451445844 ], [ -44.435362121864387, -22.975766998348263 ], [ -44.435385025798269, -22.97584595072999 ], [ -44.435280085707348, -22.975942373341809 ], [ -44.435109996928759, -22.975877236345355 ], [ -44.434880730061593, -22.976077183515144 ], [ -44.434736536362038, -22.976302527539588 ], [ -44.434212502305115, -22.976733014117258 ], [ -44.43367365911206, -22.976782716948776 ], [ -44.4334268410758, -22.976606948052165 ], [ -44.432864890702092, -22.976675860402565 ], [ -44.432548109007996, -22.976506229378913 ], [ -44.432189051788285, -22.976516654641941 ], [ -44.432121070431037, -22.976682081912486 ], [ -44.431840764598277, -22.976820960063339 ], [ -44.431802513475191, -22.977034146708434 ], [ -44.432037688888215, -22.977275187499856 ], [ -44.431835533882747, -22.977767115759718 ], [ -44.431407506051528, -22.977979183092771 ], [ -44.430972468004938, -22.978311032028444 ], [ -44.430952440457034, -22.97842310465553 ], [ -44.431257362437293, -22.978758477121971 ], [ -44.431459538127115, -22.978817940295642 ], [ -44.432126321572468, -22.978835209976921 ], [ -44.432186626511566, -22.978853777379868 ], [ -44.432409623305432, -22.977916675713971 ], [ -44.433491041878028, -22.976917429096034 ], [ -44.434553240139905, -22.976722331070675 ], [ -44.435637114760993, -22.975811876316982 ], [ -44.437517135807127, -22.976728135295161 ], [ -44.438994782183386, -22.978109412119636 ], [ -44.440119076833867, -22.978591252684112 ], [ -44.442010299835431, -22.979193566429899 ], [ -44.444648381017942, -22.977884552829778 ], [ -44.445676307915221, -22.978237902756973 ], [ -44.448145032367336, -22.974684646279343 ], [ -44.452743307357707, -22.97402982741454 ], [ -44.452849049643874, -22.973492383566622 ], [ -44.450944434837766, -22.973258880892615 ], [ -44.451526721580876, -22.971693151317822 ], [ -44.44917768520196, -22.971235149982135 ], [ -44.447153953392217, -22.972423690400944 ], [ -44.44053667163007, -22.96844047344905 ], [ -44.439994292302686, -22.967812878861253 ], [ -44.439797849790921, -22.96702707284112 ], [ -44.442142807744347, -22.967155564377776 ], [ -44.442624649208142, -22.966609477145596 ], [ -44.442357139570277, -22.96577519406992 ], [ -44.444091340043258, -22.964019316338351 ], [ -44.445226590234881, -22.964393009829507 ], [ -44.445708430799414, -22.963943291249848 ], [ -44.445965412973408, -22.963397204917044 ], [ -44.445162343567233, -22.962337155135572 ], [ -44.445322957988083, -22.961983805208376 ], [ -44.446540897244574, -22.962523569307223 ], [ -44.446302444702042, -22.961634790912854 ], [ -44.446822705203658, -22.960637626225434 ], [ -44.445612063046212, -22.959960074297953 ], [ -44.444744748771086, -22.96008856493529 ], [ -44.444327153974939, -22.959349742196821 ], [ -44.443684698989614, -22.958996392269626 ], [ -44.440986390209673, -22.957229641734557 ], [ -44.441050635978002, -22.956522941880223 ], [ -44.442942431847712, -22.955044830554414 ], [ -44.443267104193467, -22.955462892098751 ], [ -44.444487766597092, -22.955591382736088 ], [ -44.445738829683194, -22.955088185970965 ], [ -44.44599896038369, -22.954329473826135 ], [ -44.444166539554089, -22.953407038304135 ], [ -44.443010122019473, -22.95433859744827 ], [ -44.441821580701344, -22.95523803280895 ], [ -44.440279690355396, -22.956458697011215 ], [ -44.439582419892702, -22.957125870762297 ], [ -44.439409000025307, -22.957581098588776 ], [ -44.437806240865257, -22.958867900732969 ], [ -44.436328595388318, -22.959895827630305 ], [ -44.433779235922941, -22.96217839421746 ], [ -44.433566040840049, -22.962369278019708 ], [ -44.433954775492452, -22.962861578598904 ], [ -44.43395992411115, -22.962814219400684 ], [ -44.434161097956292, -22.962848396336369 ], [ -44.434367056194617, -22.962973412892666 ], [ -44.434454919958569, -22.963073937312288 ], [ -44.434685582573536, -22.963337832574894 ], [ -44.434998731006601, -22.963754815832033 ], [ -44.435281938310766, -22.964241241140314 ], [ -44.435378013784259, -22.964406255943913 ], [ -44.435531501977209, -22.964736627293462 ], [ -44.435560279383367, -22.964894814444108 ], [ -44.436460859580961, -22.96603532387104 ], [ -44.435658792019581, -22.967097521233597 ], [ -44.436125082406591, -22.968623332600657 ], [ -44.437163785879989, -22.970785432301795 ], [ -44.437532971069743, -22.973093515353412 ], [ -44.43753334428834, -22.973094515399509 ], [ -44.437636183562972, -22.973192871553749 ], [ -44.437669392828184, -22.973276640704341 ], [ -44.437670204016683, -22.973403008042339 ], [ -44.437616643093577, -22.973548917648372 ], [ -44.437606958294452, -22.973556074453256 ], [ -44.437631445035095, -22.973709158850568 ], [ -44.437379612379175, -22.973667186591342 ], [ -44.437332172241895, -22.973679359814582 ], [ -44.437035036200236, -22.973611733183272 ], [ -44.437040992447805, -22.97363388739393 ] ] ] ] } },
{ "type": "Feature", "properties": { "Densidade": "Densa", "Tipo": "Área urbanizada", "Comparacao": "Sem alteração" }, "geometry": { "type": "MultiPolygon", "coordinates": [ [ [ [ -44.303073673611095, -23.019666963359612 ], [ -44.303092844459172, -23.019561448601905 ], [ -44.303109507098043, -23.019425727415353 ], [ -44.303162853982485, -23.019142440071505 ], [ -44.303195623479212, -23.019018987436255 ], [ -44.303240905243513, -23.018919811999695 ], [ -44.303350380145119, -23.018742321171842 ], [ -44.303359210159385, -23.018581930411699 ], [ -44.303378380108086, -23.018476414754673 ], [ -44.303395042746956, -23.018340693568121 ], [ -44.303448389631455, -23.018057406224273 ], [ -44.303481159128125, -23.017933953589022 ], [ -44.303526440892483, -23.017834778152462 ], [ -44.303622644969039, -23.017678803334036 ], [ -44.303626403870147, -23.017626177049447 ], [ -44.303608685692268, -23.017520929147508 ], [ -44.303602566705024, -23.017376174270964 ], [ -44.303589829606892, -23.017360967634488 ], [ -44.303488565944519, -23.017341800383747 ], [ -44.303422986481621, -23.017211476928082 ], [ -44.303363501724164, -23.017099299093331 ], [ -44.303192077452366, -23.016871335343808 ], [ -44.303066521302867, -23.016773476514686 ], [ -44.30292936929493, -23.016741796096994 ], [ -44.302911149030251, -23.016684308733829 ], [ -44.302760082711586, -23.016681480366003 ], [ -44.302635887236363, -23.016654077123917 ], [ -44.302505687887162, -23.016604356305947 ], [ -44.302459985240091, -23.016591776589166 ], [ -44.302138217704567, -23.016947163480779 ], [ -44.302111192177733, -23.016974022633008 ], [ -44.302016624867292, -23.0170665358919 ], [ -44.302026298874523, -23.017199431408585 ], [ -44.302018133030344, -23.017259707569394 ], [ -44.301997519669783, -23.01729268660813 ], [ -44.30197777685288, -23.017292474368162 ], [ -44.30194776467755, -23.017307246632072 ], [ -44.30159324563175, -23.01739101938 ], [ -44.301549721142692, -23.017417735539993 ], [ -44.301552135822362, -23.017450978080149 ], [ -44.301570460408357, -23.017505527358139 ], [ -44.301595129711416, -23.017569202956281 ], [ -44.30157175992872, -23.01758103803445 ], [ -44.301518670250402, -23.01759558366922 ], [ -44.301485973598744, -23.01758618035791 ], [ -44.301455432622049, -23.017495255301753 ], [ -44.301426189367078, -23.017479848116466 ], [ -44.301254244387849, -23.017502200765932 ], [ -44.301013352883899, -23.017511750666699 ], [ -44.30069980695049, -23.017520541539739 ], [ -44.300656930872606, -23.01752009097936 ], [ -44.300630866721065, -23.017507727999202 ], [ -44.300575679823737, -23.017473901799065 ], [ -44.300395378343978, -23.017305751958816 ], [ -44.300247472243029, -23.017159074331744 ], [ -44.300157329597027, -23.017073460671611 ], [ -44.300028946878342, -23.016936028075179 ], [ -44.299998481444732, -23.016919523716979 ], [ -44.299983379129628, -23.016911342584365 ], [ -44.29984592315077, -23.01686447801319 ], [ -44.299721730373506, -23.016814726618293 ], [ -44.29960493901666, -23.016734812861273 ], [ -44.299566112585978, -23.016704141482876 ], [ -44.299540991823278, -23.016655480965653 ], [ -44.299504455965803, -23.016540170792211 ], [ -44.299461199474706, -23.016306872264295 ], [ -44.299428457857005, -23.016173471328614 ], [ -44.299364891976154, -23.01595809089315 ], [ -44.299383623955066, -23.015876697751366 ], [ -44.29940120839899, -23.01583761231592 ], [ -44.299438857617133, -23.015789703631867 ], [ -44.299453546244138, -23.015735476311136 ], [ -44.299454691980429, -23.015693179396692 ], [ -44.299433532731314, -23.015620390968252 ], [ -44.299425259867803, -23.015559848608063 ], [ -44.299431921146208, -23.015436030848093 ], [ -44.299424713079986, -23.015336224087434 ], [ -44.299402463852573, -23.015181847364317 ], [ -44.299372708883368, -23.01506061785318 ], [ -44.299316939225321, -23.014923952378467 ], [ -44.299270750045025, -23.014799493401881 ], [ -44.299176808662764, -23.014607949497247 ], [ -44.299069238054869, -23.014431320848757 ], [ -44.29898835392936, -23.014366811579066 ], [ -44.298842255465672, -23.014147345523554 ], [ -44.298737462863585, -23.013988834616953 ], [ -44.298699195811196, -23.013936955426118 ], [ -44.298686468605581, -23.013918656920453 ], [ -44.298659937705906, -23.013921317115035 ], [ -44.298619353999925, -23.01395399937752 ], [ -44.298582733606224, -23.013962566319321 ], [ -44.298557023787566, -23.013935024581656 ], [ -44.298442612036865, -23.013764256814966 ], [ -44.298298996601375, -23.013571914312365 ], [ -44.298186784592417, -23.013440421738039 ], [ -44.298148579593203, -23.013385496543378 ], [ -44.298096492658942, -23.013233681988766 ], [ -44.298069128087775, -23.013145670736094 ], [ -44.298048464365081, -23.013054733988724 ], [ -44.297991568755833, -23.012957233989084 ], [ -44.297939955764321, -23.012908146293853 ], [ -44.297876020262095, -23.01282564338868 ], [ -44.297848069332872, -23.012758765304739 ], [ -44.29783116207841, -23.012531932003014 ], [ -44.297813056926998, -23.012468224029249 ], [ -44.297820511407451, -23.012438125519054 ], [ -44.297895233378256, -23.012369764453013 ], [ -44.297774295247507, -23.01220513635792 ], [ -44.297681315240482, -23.012203438437894 ], [ -44.29763455409136, -23.012217838382469 ], [ -44.297593276108785, -23.012153776075877 ], [ -44.29753200439842, -23.011974614037172 ], [ -44.297530453067907, -23.011911154276277 ], [ -44.297557772673031, -23.011881367830824 ], [ -44.297572355180023, -23.011833263993879 ], [ -44.297576663831933, -23.011729252902683 ], [ -44.297522946426795, -23.01158483527189 ], [ -44.297488792873423, -23.01150275774603 ], [ -44.297394086168083, -23.011335163686795 ], [ -44.297296311875243, -23.011158448703384 ], [ -44.297264620665658, -23.011115988112294 ], [ -44.297208080288613, -23.011114756940458 ], [ -44.297174289162058, -23.011138377633984 ], [ -44.297083597929657, -23.011182235771514 ], [ -44.297063944145691, -23.011181921908133 ], [ -44.297060409810001, -23.011181866150139 ], [ -44.297031690859797, -23.011142138598757 ], [ -44.29699463609353, -23.011044885013405 ], [ -44.296907291238483, -23.01096796240148 ], [ -44.296877470618711, -23.010967481264231 ], [ -44.296860905106655, -23.010967215064852 ], [ -44.296831081788923, -23.010966733028283 ], [ -44.296821226118652, -23.010963553924853 ], [ -44.296808646401871, -23.010939182297363 ], [ -44.296786886405641, -23.010887476675691 ], [ -44.296785769447638, -23.010808917297652 ], [ -44.296788980027372, -23.010694186287594 ], [ -44.296792106070768, -23.010582483294911 ], [ -44.296794472187116, -23.010497956015797 ], [ -44.296822497760047, -23.010444059645579 ], [ -44.296861052595432, -23.010369202776417 ], [ -44.296876752959747, -23.010281894793593 ], [ -44.296888545769718, -23.010215663322185 ], [ -44.29688436841883, -23.010128033381989 ], [ -44.29689386166234, -23.010025540346362 ], [ -44.296970331015928, -23.009779308668101 ], [ -44.29707158487787, -23.00951957648763 ], [ -44.296786582434777, -23.009177574085754 ], [ -44.297204491094362, -23.006590076171051 ], [ -44.297707145568268, -23.006117432973099 ], [ -44.298423280210159, -23.006854628838028 ], [ -44.298455715159093, -23.006834320347537 ], [ -44.29847223030913, -23.006834629714319 ], [ -44.298546575464059, -23.006929553156283 ], [ -44.299400896334248, -23.006348329411821 ], [ -44.299906566234995, -23.005977878875967 ], [ -44.299979683414399, -23.005925362269203 ], [ -44.299938478677802, -23.005371064023336 ], [ -44.299933528809277, -23.005289735632743 ], [ -44.300269653511727, -23.005266092099969 ], [ -44.30025964237592, -23.005175991820103 ], [ -44.300223434264012, -23.005178908579694 ], [ -44.299970996364323, -23.005020444437889 ], [ -44.299955912035671, -23.004725921863781 ], [ -44.30002766534443, -23.004628417367542 ], [ -44.300003131839048, -23.004561854945621 ], [ -44.300047429745064, -23.004505793007922 ], [ -44.299944037387377, -23.004434513641854 ], [ -44.300159563753283, -23.004126541567917 ], [ -44.300157990598734, -23.003036030987971 ], [ -44.300737677401855, -23.002217649724685 ], [ -44.302536549921797, -23.002089159986724 ], [ -44.302729286327462, -23.001435996773807 ], [ -44.303789336108935, -23.001339629020606 ], [ -44.304463913079076, -23.002367555917942 ], [ -44.303268689798131, -23.002759729577804 ], [ -44.303230684448465, -23.002825240692232 ], [ -44.303201121934194, -23.002911926344268 ], [ -44.303639997387904, -23.00382610249261 ], [ -44.3036619669262, -23.003854531861123 ], [ -44.303864757752308, -23.004116951336187 ], [ -44.304036566034654, -23.004341121745313 ], [ -44.304785802023105, -23.003943936163694 ], [ -44.304880508728445, -23.003890269120575 ], [ -44.304882660806129, -23.003892589371446 ], [ -44.304905015254235, -23.003880739004842 ], [ -44.305160654740405, -23.004192284845999 ], [ -44.305499988733459, -23.004558109269283 ], [ -44.305890153307871, -23.004993646439573 ], [ -44.305799269620536, -23.00505994625945 ], [ -44.305899831811757, -23.005267774188383 ], [ -44.305902705145684, -23.005271928156901 ], [ -44.30590208011688, -23.00527242098542 ], [ -44.306043309650988, -23.005564295955423 ], [ -44.306157441712514, -23.005510067735372 ], [ -44.306492776420441, -23.005819843710754 ], [ -44.306470257396427, -23.005905067065157 ], [ -44.306489376983109, -23.005949528647761 ], [ -44.306591779187215, -23.006035868060792 ], [ -44.306623194304905, -23.006042583298552 ], [ -44.30682100378624, -23.006207845415702 ], [ -44.306836756311213, -23.006229072113968 ], [ -44.30682934769618, -23.006236170462842 ], [ -44.307264303005127, -23.006602897805465 ], [ -44.308509899112494, -23.005831897324185 ], [ -44.310246004349551, -23.00532284687182 ], [ -44.311241808362752, -23.005387091740829 ], [ -44.311379122248638, -23.006136620008988 ], [ -44.311407388839882, -23.006138785576468 ], [ -44.311443992146451, -23.006166699633411 ], [ -44.311447534576018, -23.006253857429556 ], [ -44.311412508680291, -23.006318860427029 ], [ -44.311421920984799, -23.006370235098245 ], [ -44.311442796048141, -23.006424600914556 ], [ -44.311562575852179, -23.006478418144411 ], [ -44.311627821666605, -23.006589259586633 ], [ -44.312494593650513, -23.007218088044283 ], [ -44.312390076241002, -23.007531642071569 ], [ -44.312392185151168, -23.007534141287522 ], [ -44.312447569000085, -23.007632249228891 ], [ -44.312453458660173, -23.0076749400464 ], [ -44.312442726150834, -23.0077052454007 ], [ -44.312358140415824, -23.0078179871104 ], [ -44.312354560214715, -23.007822758913164 ], [ -44.312357979437138, -23.007825991975892 ], [ -44.312485112997535, -23.007946258313098 ], [ -44.312505779418132, -23.007925203385355 ], [ -44.312539566947407, -23.00792257556634 ], [ -44.312559496823269, -23.007938041207581 ], [ -44.312638476184702, -23.008036415348272 ], [ -44.312668090859688, -23.008073303739934 ], [ -44.312667357912176, -23.008109820711638 ], [ -44.312632046931355, -23.008188533873692 ], [ -44.312664920749455, -23.008240483211694 ], [ -44.313158057698161, -23.008282800810548 ], [ -44.313731340429001, -23.00836676511409 ], [ -44.314302341579776, -23.008408970297694 ], [ -44.314648972671932, -23.007857399899024 ], [ -44.314662475093087, -23.007854528363737 ], [ -44.314682060528639, -23.007863705045906 ], [ -44.314696498244757, -23.007842542199512 ], [ -44.314947040373568, -23.007987856454349 ], [ -44.314975490426491, -23.008001186205718 ], [ -44.314978336780769, -23.008006008370558 ], [ -44.315474091655972, -23.008293545910362 ], [ -44.315542613700643, -23.008297478645659 ], [ -44.315959605051717, -23.008519133651077 ], [ -44.31603405722592, -23.008558709217027 ], [ -44.317023949995246, -23.00908488635838 ], [ -44.317056959610966, -23.009109529581053 ], [ -44.31708380976994, -23.009169029626946 ], [ -44.317095485668062, -23.009194904920889 ], [ -44.317125783827805, -23.009359054576635 ], [ -44.317127601357697, -23.009437947603146 ], [ -44.317109507897442, -23.00950752095531 ], [ -44.317081663987551, -23.00956182291975 ], [ -44.317040660298176, -23.009603847339633 ], [ -44.316993369448426, -23.009624568618904 ], [ -44.316978200583435, -23.00962762271655 ], [ -44.316921773521017, -23.009861392489199 ], [ -44.316921261806726, -23.009887769604859 ], [ -44.316912294666622, -23.009900664084341 ], [ -44.316909396151686, -23.009912672731616 ], [ -44.316730659456802, -23.010165797208405 ], [ -44.316738414346275, -23.010169919306293 ], [ -44.316771423961995, -23.010194563428342 ], [ -44.316798274121027, -23.010254063474179 ], [ -44.316809950019149, -23.010279938768122 ], [ -44.316840248178892, -23.010444088423924 ], [ -44.316842064809407, -23.010522981450379 ], [ -44.316823972248471, -23.010592554802543 ], [ -44.316796128338638, -23.010646856766982 ], [ -44.316755123749942, -23.010688880287546 ], [ -44.316707832900136, -23.010709602466136 ], [ -44.316650668393606, -23.01072111378835 ], [ -44.316569814845025, -23.010744506054039 ], [ -44.31651198663883, -23.010789395713971 ], [ -44.316488008015142, -23.010816446421813 ], [ -44.316483890918789, -23.010855854713895 ], [ -44.316636433024939, -23.010936397996318 ], [ -44.316635726157813, -23.010972803452091 ], [ -44.315192640287691, -23.013047935707991 ], [ -44.315237733634433, -23.013074332014753 ], [ -44.315399942553256, -23.013163462024124 ], [ -44.31545912064189, -23.013204348801594 ], [ -44.315471776801019, -23.013254592125691 ], [ -44.315447805371889, -23.013310157637648 ], [ -44.315555820244867, -23.013397534868318 ], [ -44.315640945573136, -23.013444942629974 ], [ -44.315662496027301, -23.013483828415929 ], [ -44.316301048854257, -23.014000375616774 ], [ -44.316329910796696, -23.014014849305795 ], [ -44.316641049244993, -23.014216233592265 ], [ -44.316709385129968, -23.014246423833356 ], [ -44.316865838176348, -23.014030749811045 ], [ -44.316712206303237, -23.013933147696548 ], [ -44.3167125597368, -23.013914931029205 ], [ -44.316712852915771, -23.013899751372378 ], [ -44.317088184072418, -23.013371670366269 ], [ -44.31729837346721, -23.01306670983773 ], [ -44.316933191313694, -23.012803717917222 ], [ -44.317892984673449, -23.011535219674613 ], [ -44.318364535195087, -23.010867148400109 ], [ -44.318399939705387, -23.01086520766313 ], [ -44.318437298442518, -23.010815833084166 ], [ -44.318594671706705, -23.010910257402429 ], [ -44.31867394244847, -23.01093688992546 ], [ -44.319064391208656, -23.01108683658822 ], [ -44.319662922405882, -23.011435957003755 ], [ -44.320312866945187, -23.011830108272818 ], [ -44.320486276920121, -23.011930100293853 ], [ -44.320975786003658, -23.012212362410537 ], [ -44.32140048634335, -23.012474093904245 ], [ -44.321584656706477, -23.012612426722058 ], [ -44.321542805855756, -23.012679138431452 ], [ -44.321595911721886, -23.01271100141156 ], [ -44.321655732825775, -23.012741325651632 ], [ -44.321714885733343, -23.012778114218577 ], [ -44.321806758674938, -23.012842390563833 ], [ -44.321679647597591, -23.013062151596955 ], [ -44.321652980000977, -23.013130296825693 ], [ -44.321635809245151, -23.013174172949675 ], [ -44.321603102700976, -23.013390656853289 ], [ -44.321867542952702, -23.013505908570778 ], [ -44.322645374684271, -23.013000178415439 ], [ -44.322934791807143, -23.012854007106682 ], [ -44.323191461017075, -23.012389846314306 ], [ -44.32367330158155, -23.012550459835836 ], [ -44.323641178697414, -23.013128669052776 ], [ -44.324540927921419, -23.013014620628212 ], [ -44.325404072040271, -23.010947739346648 ], [ -44.324347878551691, -23.008663609737766 ], [ -44.323512688060077, -23.007956909883433 ], [ -44.322838111089936, -23.007732050593631 ], [ -44.322195657003931, -23.007475070218277 ], [ -44.32203535644652, -23.007007671866518 ], [ -44.322227778988747, -23.006415020436805 ], [ -44.322773866220928, -23.005965301857145 ], [ -44.322773866220928, -23.00532284687182 ], [ -44.322356269626084, -23.003877324279074 ], [ -44.321874429061609, -23.003331237946213 ], [ -44.321617447786934, -23.003202747308876 ], [ -44.321617447786934, -23.002014206890067 ], [ -44.320718010627672, -23.001789346700946 ], [ -44.319272488934189, -23.001564488310464 ], [ -44.318405174659063, -23.001660856962928 ], [ -44.317505739298383, -23.002399678802078 ], [ -44.317088143602916, -23.003331237946213 ], [ -44.315032288908981, -23.003074255772219 ], [ -44.314229221301503, -23.002560293222928 ], [ -44.314261344185638, -23.001949961121738 ], [ -44.313072802867509, -23.001532366325591 ], [ -44.313233417288359, -23.001050524861796 ], [ -44.313972239127509, -23.000729297818793 ], [ -44.313297662157368, -22.999412265863327 ], [ -44.312751575824507, -22.998191601661063 ], [ -44.312733441894807, -22.99705168578663 ], [ -44.311983911828008, -22.996742355874972 ], [ -44.310696034094633, -22.996182313862676 ], [ -44.309700230081489, -22.995700473298143 ], [ -44.310888458435556, -22.994401121114777 ], [ -44.309473581140821, -22.993411111433602 ], [ -44.308628872224631, -22.993922695276126 ], [ -44.306415973418382, -22.992828143004374 ], [ -44.30672530333004, -22.99237604481857 ], [ -44.306920707124902, -22.991767058103221 ], [ -44.307145566414704, -22.990739131205885 ], [ -44.307843649864481, -22.990460578792636 ], [ -44.308319542312972, -22.989282745702099 ], [ -44.308628872224631, -22.988533215635357 ], [ -44.309025653111348, -22.986673987814243 ], [ -44.308688357881351, -22.986712927559495 ], [ -44.307676186207004, -22.987366244556483 ], [ -44.307700881590392, -22.986689134196126 ], [ -44.308141081745475, -22.986248933141724 ], [ -44.30834333657566, -22.984892641282329 ], [ -44.308506618385707, -22.984397866668189 ], [ -44.310149947761829, -22.983815064613509 ], [ -44.310627619069294, -22.981811239297201 ], [ -44.310920581319749, -22.980909577215186 ], [ -44.31002114416043, -22.980588350172184 ], [ -44.309346567190289, -22.981712644822665 ], [ -44.309259429179292, -22.983417375411477 ], [ -44.307483448902019, -22.984475199370934 ], [ -44.306423399120547, -22.984796427313199 ], [ -44.305909435671879, -22.985085530572746 ], [ -44.305266980686554, -22.985085530572746 ], [ -44.305202735817545, -22.983447271574278 ], [ -44.305170612933409, -22.982130241417451 ], [ -44.306070049193352, -22.981487786432126 ], [ -44.307515571786155, -22.981359294895526 ], [ -44.309475057827626, -22.980684717925328 ], [ -44.309764162885756, -22.979913773202043 ], [ -44.309667795132611, -22.978917968289579 ], [ -44.307997413250007, -22.97830763708771 ], [ -44.306391277135674, -22.978917968289579 ], [ -44.305459717991539, -22.978339759072583 ], [ -44.30472089525307, -22.97846824970992 ], [ -44.304014195398736, -22.978243391319381 ], [ -44.303886016826198, -22.977679625214478 ], [ -44.304528158847404, -22.977665182102442 ], [ -44.305299103570746, -22.977665182102442 ], [ -44.30584518990355, -22.97615541374131 ], [ -44.304014508362854, -22.975752262057199 ], [ -44.30427117667341, -22.974934751337685 ], [ -44.311581702501378, -22.976434345168244 ], [ -44.31157423016657, -22.976252095357893 ], [ -44.311686817192822, -22.976191639332626 ], [ -44.311735672862994, -22.976108529385101 ], [ -44.311741339142372, -22.97592901813983 ], [ -44.30555608574474, -22.974677769163691 ], [ -44.305748822150406, -22.973264368555704 ], [ -44.30443179109426, -22.972975264396894 ], [ -44.302954144717944, -22.972718283122219 ], [ -44.302632917674941, -22.974035314178366 ], [ -44.301861972951656, -22.973971069309357 ], [ -44.301733482314319, -22.972011583267886 ], [ -44.304945753643551, -22.97226856364324 ], [ -44.305299103570746, -22.968895678792478 ], [ -44.30369296835579, -22.966775579229534 ], [ -44.30263323063906, -22.9659227080665 ], [ -44.307653293064959, -22.967356013369283 ], [ -44.307697787922507, -22.966265880366052 ], [ -44.307715748882636, -22.965825840147478 ], [ -44.307139658768222, -22.965727574967559 ], [ -44.307029109605708, -22.965552625353325 ], [ -44.307018638885104, -22.965364962556475 ], [ -44.306584325606082, -22.965216008212167 ], [ -44.3067083067263, -22.964384968773871 ], [ -44.306311171823097, -22.963910832918543 ], [ -44.30554578221205, -22.963095638852622 ], [ -44.304612962218414, -22.962640527937992 ], [ -44.303486209720745, -22.962013171670492 ], [ -44.303084540119414, -22.962445085472268 ], [ -44.302898663742269, -22.962455023880182 ], [ -44.302658847827502, -22.962414535502376 ], [ -44.302482613082077, -22.962557637424993 ], [ -44.302262317851671, -22.962484969505681 ], [ -44.30201536581643, -22.962326143836435 ], [ -44.301862594383181, -22.961920367930588 ], [ -44.301725585367421, -22.961460885411498 ], [ -44.301502818800031, -22.961115748093277 ], [ -44.301270818893158, -22.960929990426678 ], [ -44.300932013701413, -22.960471918044561 ], [ -44.300913270930664, -22.960446576947902 ], [ -44.300755439911597, -22.960325428375768 ], [ -44.300563595633378, -22.960178173383952 ], [ -44.300248955225072, -22.960068063989922 ], [ -44.299867523967009, -22.959921909768298 ], [ -44.299601034160332, -22.95983114838873 ], [ -44.299585794248969, -22.959752171725313 ], [ -44.299633245178086, -22.959558791405072 ], [ -44.299742044259915, -22.959480401998917 ], [ -44.299817927255503, -22.959326957872747 ], [ -44.299952589040686, -22.959228165547358 ], [ -44.299964593191362, -22.959219359385884 ], [ -44.300305421857672, -22.959238904351935 ], [ -44.300494744132187, -22.95903112650857 ], [ -44.299099418403387, -22.958809142627786 ], [ -44.298553332070583, -22.957973952136115 ], [ -44.300669575340578, -22.956874486868003 ], [ -44.30099465867653, -22.957524233556512 ], [ -44.302311690631996, -22.956881780369827 ], [ -44.302216224898814, -22.956351005894135 ], [ -44.304583788211232, -22.956208237620046 ], [ -44.305749724170369, -22.957088638829589 ], [ -44.305151346757214, -22.957484160665445 ], [ -44.305220923706599, -22.957551803173146 ], [ -44.305635466203739, -22.958133957715916 ], [ -44.305922460553063, -22.958604107993153 ], [ -44.306071131977092, -22.959056467881624 ], [ -44.306484605180344, -22.95986533251903 ], [ -44.306525980289734, -22.959911575658623 ], [ -44.306638728294615, -22.959853623346021 ], [ -44.306740500074, -22.960140867706855 ], [ -44.307043624663493, -22.96041943181126 ], [ -44.307416277639049, -22.960655439097195 ], [ -44.307610129204079, -22.960845715857033 ], [ -44.307954921316409, -22.961060755046326 ], [ -44.307787873011875, -22.960859330693495 ], [ -44.306713592358335, -22.959492544645173 ], [ -44.306466317466516, -22.95899847599884 ], [ -44.307125316380223, -22.958980173895839 ], [ -44.307389505893582, -22.958904180869009 ], [ -44.306999128007305, -22.95840751079794 ], [ -44.3069622063407, -22.958333739410477 ], [ -44.306808584148769, -22.958135601676645 ], [ -44.306826727971099, -22.958063047071903 ], [ -44.306751853115486, -22.957913442151607 ], [ -44.306864925775642, -22.957910301718982 ], [ -44.306905239685022, -22.957749092846313 ], [ -44.307950725845274, -22.957386070710527 ], [ -44.308881382969389, -22.956612901064489 ], [ -44.310116035226827, -22.956505671299624 ], [ -44.311234381761267, -22.95799283430182 ], [ -44.310772520535352, -22.958444431565226 ], [ -44.310780396797838, -22.958452018246021 ], [ -44.31070503720764, -22.958524057539194 ], [ -44.310877430948665, -22.958745261984234 ], [ -44.311281763442594, -22.959066620328201 ], [ -44.311916093952505, -22.959141920563127 ], [ -44.31212416020179, -22.959336414244092 ], [ -44.312392509619329, -22.959450388813973 ], [ -44.312309113874448, -22.959247609789315 ], [ -44.312287661446362, -22.958896187109303 ], [ -44.312513059430103, -22.958725084794764 ], [ -44.312738380355682, -22.958490940387904 ], [ -44.312716744182353, -22.958459450243367 ], [ -44.312594650422739, -22.958162575942083 ], [ -44.312573197095332, -22.957811153262071 ], [ -44.312664622174509, -22.95774175168043 ], [ -44.31262308518717, -22.957620603108296 ], [ -44.310211214076219, -22.956243929913398 ], [ -44.309635672248419, -22.956239325384502 ], [ -44.308700255912015, -22.956446183844264 ], [ -44.30741920403301, -22.957492111571639 ], [ -44.30658401264202, -22.957459988687503 ], [ -44.305511777946151, -22.956624644411761 ], [ -44.305464189420775, -22.954828150598644 ], [ -44.302561246204505, -22.952781814329228 ], [ -44.300287958822196, -22.953476770836232 ], [ -44.299388522562197, -22.954536820617705 ], [ -44.299067296418571, -22.955500502646032 ], [ -44.299806431221782, -22.956157399844074 ], [ -44.299677939685125, -22.95673560906107 ], [ -44.29733298083238, -22.956125277859257 ], [ -44.297911190049319, -22.958052641016536 ], [ -44.296112318428698, -22.959241182334665 ], [ -44.291377779960555, -22.955898907708388 ], [ -44.292710277557205, -22.954352259049472 ], [ -44.291165419448532, -22.953394846195124 ], [ -44.291603828154109, -22.952175051637255 ], [ -44.289302301160205, -22.950792905168385 ], [ -44.287985269204739, -22.95127474573286 ], [ -44.288852581681283, -22.953266354658524 ], [ -44.288563164558354, -22.953926489415892 ], [ -44.288081636957941, -22.953716073238127 ], [ -44.288209814631216, -22.952737948997083 ], [ -44.286186083720736, -22.951999126258613 ], [ -44.284226909744064, -22.953555459716654 ], [ -44.285952608925697, -22.95522076222835 ], [ -44.284869364729332, -22.956028909206736 ], [ -44.284226909744064, -22.955482822873932 ], [ -44.282845632919589, -22.957088958988209 ], [ -44.28695734230746, -22.959466040725147 ], [ -44.287503114776882, -22.960575893162911 ], [ -44.287117642864871, -22.961507452307046 ], [ -44.287535237661075, -22.961989292871522 ], [ -44.289848073629628, -22.961796557365176 ], [ -44.292353646903223, -22.962085660624666 ], [ -44.293220960279029, -22.962599624972654 ], [ -44.293697753848221, -22.963144366819051 ], [ -44.294762850625034, -22.963499061232653 ], [ -44.295518041924026, -22.964227021959459 ], [ -44.29547045339865, -22.964976552026201 ], [ -44.29457042718343, -22.965408744617832 ], [ -44.296401421688245, -22.967239740021967 ], [ -44.297326431969225, -22.96674924977799 ], [ -44.297525718137365, -22.967464599311768 ], [ -44.297172055246108, -22.968510205981204 ], [ -44.296017728635206, -22.968117440567369 ], [ -44.295180446320501, -22.968413838228003 ], [ -44.294313132944694, -22.968413838228003 ], [ -44.293831292380219, -22.969152660067152 ], [ -44.295244692088829, -22.970212709848624 ], [ -44.294955587030699, -22.970598182659955 ], [ -44.293670677959369, -22.969987850558823 ], [ -44.292519920757684, -22.969735473813046 ], [ -44.290490528614953, -22.970180586964489 ], [ -44.289173496659487, -22.969891482805622 ], [ -44.28805843175121, -22.970187571998792 ], [ -44.286999570873434, -22.969818754631774 ], [ -44.286764292937733, -22.968959923661487 ], [ -44.285179283696948, -22.968355386791643 ], [ -44.285126033939264, -22.967610769721205 ], [ -44.284547824722267, -22.967032561403528 ], [ -44.283423529172467, -22.966871946982735 ], [ -44.282042252348049, -22.96639010641826 ], [ -44.280757343276719, -22.967610769721205 ], [ -44.278742842108443, -22.967177552801786 ], [ -44.277159598236835, -22.966325860649931 ], [ -44.276625121252323, -22.965523828162077 ], [ -44.276709879657176, -22.965105197346929 ], [ -44.27651714415083, -22.964045146666137 ], [ -44.276131671339499, -22.963788165391463 ], [ -44.276327689371328, -22.962644680107871 ], [ -44.275874689165505, -22.962695992725855 ], [ -44.275042780300055, -22.965500033000069 ], [ -44.273270080749569, -22.965214498250475 ], [ -44.271140463661425, -22.964488762446365 ], [ -44.270125034642604, -22.966468795298624 ], [ -44.269578635345681, -22.966293737765739 ], [ -44.269296382222194, -22.965107422269682 ], [ -44.269365317055701, -22.964586498967719 ], [ -44.269675003998202, -22.962246275045516 ], [ -44.266687590160132, -22.96205353774053 ], [ -44.266045136074126, -22.961700187813392 ], [ -44.26546692685713, -22.963242079058659 ], [ -44.266687590160132, -22.964494865245797 ], [ -44.266559098623475, -22.964912460941264 ], [ -44.266173626711463, -22.964880338057128 ], [ -44.265667703201871, -22.965476238737381 ], [ -44.266286363025188, -22.966535098715781 ], [ -44.26675183592846, -22.966775579229534 ], [ -44.267297922261264, -22.966550719939733 ], [ -44.268261315607162, -22.966439920765708 ], [ -44.26935377605588, -22.966550719939733 ], [ -44.270542317374009, -22.967257419794066 ], [ -44.272630607016879, -22.967496722195904 ], [ -44.273401551740164, -22.967207617137774 ], [ -44.273176381284941, -22.96651859705554 ], [ -44.273883080239898, -22.96639010641826 ], [ -44.274140062413892, -22.967450156199732 ], [ -44.27465402586256, -22.967964119648343 ], [ -44.275264670028434, -22.9680749314129 ], [ -44.275681952759896, -22.967385911330723 ], [ -44.277886236060908, -22.967225143125802 ], [ -44.27865630484456, -22.96747634265904 ], [ -44.280111031998501, -22.967950878030535 ], [ -44.280301388798023, -22.968319695397554 ], [ -44.281504726661751, -22.968631246634686 ], [ -44.284194787759191, -22.969327716700718 ], [ -44.283584455658058, -22.972058148364795 ], [ -44.285961225330254, -22.972043705252759 ], [ -44.286539433647874, -22.972750405107092 ], [ -44.28724644556695, -22.974338862348588 ], [ -44.287246132602888, -22.975223854597175 ], [ -44.287374624139545, -22.975802063814172 ], [ -44.288177691747023, -22.976797868726635 ], [ -44.288980761153141, -22.976797868726635 ], [ -44.290137178687814, -22.976958482248108 ], [ -44.288595288341867, -22.97772942697145 ], [ -44.2874070599878, -22.979093024923145 ], [ -44.287631919277601, -22.979414251966091 ], [ -44.290265669325152, -22.979303441100853 ], [ -44.291968174091892, -22.979496176607199 ], [ -44.291591931022765, -22.9801218205655 ], [ -44.290554774383281, -22.980716840809521 ], [ -44.289238055391877, -22.981116756732888 ], [ -44.291165105585094, -22.981969626996658 ], [ -44.292450326721166, -22.982369542920026 ], [ -44.292064541845093, -22.983672130864079 ], [ -44.293090992055625, -22.983286504268733 ], [ -44.294409500697839, -22.983126045430595 ], [ -44.294794974408489, -22.98376850041592 ], [ -44.295308936957838, -22.983640008879263 ], [ -44.295694409769169, -22.984539445139262 ], [ -44.295855023290642, -22.98534251274674 ], [ -44.296850828203105, -22.986659544702206 ], [ -44.297750263563785, -22.987880208005151 ], [ -44.298551855383778, -22.98919946488337 ], [ -44.300407833954353, -22.988319063673828 ], [ -44.301264440001887, -22.987486252788301 ], [ -44.303082636254601, -22.988329925685491 ], [ -44.303977026418579, -22.990270221993114 ], [ -44.304500507392447, -22.991757385894573 ], [ -44.304369637148966, -22.992899526691758 ], [ -44.30382145899307, -22.99353380683965 ], [ -44.303243249776131, -22.99353380683965 ], [ -44.301637113661798, -22.99324470268084 ], [ -44.300769800285991, -22.992473757957498 ], [ -44.299485204178779, -22.992488201069591 ], [ -44.299067609382632, -22.993098532271404 ], [ -44.300801923170184, -22.994112016955967 ], [ -44.301123150213186, -22.994882961679309 ], [ -44.301508623024517, -22.99600725722911 ], [ -44.301187395082195, -22.997549147575057 ], [ -44.300641308749334, -22.999091038820325 ], [ -44.300223713953187, -22.999797738674658 ], [ -44.299420646345709, -22.998898302414659 ], [ -44.297396913636589, -22.998191601661063 ], [ -44.296304741870301, -22.998673443124858 ], [ -44.295143230575604, -23.000885846404628 ], [ -44.294955587030699, -23.001243261267462 ], [ -44.295468304018982, -23.001802589218073 ], [ -44.296015636812172, -23.002399678802078 ], [ -44.297268422999252, -23.004873129191537 ], [ -44.296593846029111, -23.004551902148535 ], [ -44.295662286884976, -23.004359164843549 ], [ -44.29508407766798, -23.004070060684683 ], [ -44.293863727329096, -23.003923890275246 ], [ -44.292867610351891, -23.003363360830406 ], [ -44.292151104289985, -23.003868841873498 ], [ -44.293220960279029, -23.004680392785872 ], [ -44.293285205148038, -23.005258602002812 ], [ -44.295308936957838, -23.006190161146947 ], [ -44.293734923727698, -23.005997423842018 ], [ -44.292064541845093, -23.005804688335672 ], [ -44.291357841990759, -23.006061669610347 ], [ -44.290747509889627, -23.006768370363943 ], [ -44.290233547340279, -23.008021155651761 ], [ -44.289462600818354, -23.00808540142009 ], [ -44.289077128906342, -23.008567241984565 ], [ -44.291775436786963, -23.010880077953175 ], [ -44.292225156265886, -23.010526728026036 ], [ -44.292514260424753, -23.0094988011287 ], [ -44.29264275106209, -23.009273941838899 ], [ -44.293028535938163, -23.008099843632806 ], [ -44.294795285573912, -23.008742298618131 ], [ -44.295148636400427, -23.009770226414787 ], [ -44.295116200552172, -23.010687342446829 ], [ -44.294987709914835, -23.011908004850511 ], [ -44.295437427595175, -23.012871686878782 ], [ -44.296047759696307, -23.013449896095779 ], [ -44.296731567307916, -23.013362892083762 ], [ -44.29823210502758, -23.014638437413907 ], [ -44.298970927766049, -23.014766928051245 ], [ -44.298617577838911, -23.017144008888863 ], [ -44.299163664171715, -23.017625850352658 ], [ -44.299934608895057, -23.017754340989995 ], [ -44.301155273097322, -23.018043446048125 ], [ -44.301861972951656, -23.017947077395661 ], [ -44.302151077110466, -23.018236181554471 ], [ -44.30256867280599, -23.019681704147274 ], [ -44.303067371140855, -23.019781443674638 ], [ -44.303073673611095, -23.019666963359612 ] ] ] ] } },
{ "type": "Feature", "properties": { "Densidade": "Densa", "Tipo": "Área urbanizada", "Comparacao": "Sem alteração" }, "geometry": { "type": "MultiPolygon", "coordinates": [ [ [ [ -44.332923021280351, -22.949240526928747 ], [ -44.333082905451704, -22.949001002394311 ], [ -44.333123935391832, -22.948989675590411 ], [ -44.333080863091311, -22.947934610593734 ], [ -44.333218079916449, -22.947873099826538 ], [ -44.333061480003266, -22.947842954388761 ], [ -44.332767638215898, -22.947652138035721 ], [ -44.332311236774103, -22.947370581886787 ], [ -44.331573536389556, -22.946853304436388 ], [ -44.330690098169441, -22.946263247550803 ], [ -44.330361281747685, -22.945917192924071 ], [ -44.329931291178625, -22.945728932635468 ], [ -44.329974541791614, -22.946810209823298 ], [ -44.327358134270412, -22.94772824766045 ], [ -44.325659763687099, -22.947820052253576 ], [ -44.324558117563015, -22.948233169325249 ], [ -44.324145001390661, -22.948829892885215 ], [ -44.322997452970014, -22.94850858040661 ], [ -44.322079415132862, -22.947682346263207 ], [ -44.320610555132987, -22.94607578027302 ], [ -44.320197438061257, -22.946397092751567 ], [ -44.319749199765738, -22.94752273908307 ], [ -44.319899794839614, -22.948672730062412 ], [ -44.31998765320759, -22.949343648590457 ], [ -44.318903777687126, -22.949538745716495 ], [ -44.31855693795228, -22.951901593883406 ], [ -44.325797468778092, -22.950620068061653 ], [ -44.32800076012694, -22.948967598875527 ], [ -44.32850568089242, -22.949380715947257 ], [ -44.330046012713296, -22.948541581029076 ], [ -44.331076187915698, -22.949839735315493 ], [ -44.332888866559962, -22.94947719958666 ], [ -44.332923021280351, -22.949240526928747 ] ] ] ] } },
{ "type": "Feature", "properties": { "Densidade": "Densa", "Tipo": "Área urbanizada", "Comparacao": "Sem alteração" }, "geometry": { "type": "MultiPolygon", "coordinates": [ [ [ [ -44.321256089396968, -22.939602110349085 ], [ -44.32084614513343, -22.939025822083977 ], [ -44.320322245974808, -22.938521678332734 ], [ -44.320220878890382, -22.938217538408651 ], [ -44.319990031015095, -22.937613249751621 ], [ -44.319661014044527, -22.937615426110995 ], [ -44.319357702396019, -22.937492196507606 ], [ -44.319512694255366, -22.937087793866567 ], [ -44.319838949407938, -22.936863336573651 ], [ -44.320125405962699, -22.936857392954266 ], [ -44.320236525295343, -22.937083724434274 ], [ -44.32037179682095, -22.937123738869388 ], [ -44.320481501109924, -22.937067286773456 ], [ -44.320300804338615, -22.936594280101872 ], [ -44.320270983718899, -22.936548420972827 ], [ -44.320122253838917, -22.936529230339659 ], [ -44.319946549693498, -22.936530392263762 ], [ -44.319860585297704, -22.936495467092072 ], [ -44.319275178806436, -22.936419930335489 ], [ -44.318086639286946, -22.937255120827103 ], [ -44.319402360030836, -22.938678318649465 ], [ -44.32078494716751, -22.940499515939848 ], [ -44.321580867690329, -22.940300535676158 ], [ -44.321256089396968, -22.939602110349085 ] ] ] ] } },
{ "type": "Feature", "properties": { "Densidade": "Densa", "Tipo": "Área urbanizada", "Comparacao": "Sem alteração" }, "geometry": { "type": "MultiPolygon", "coordinates": [ [ [ [ -44.395559657851891, -22.954349204951825 ], [ -44.395583918862712, -22.953835374602818 ], [ -44.395595070456068, -22.953366939332739 ], [ -44.395517926610978, -22.953303907649172 ], [ -44.394921202151693, -22.953286696423845 ], [ -44.394169475041224, -22.953304741320721 ], [ -44.394091879736436, -22.95334328266631 ], [ -44.393701480438949, -22.953356729329528 ], [ -44.392836911794006, -22.953359400316003 ], [ -44.392407881218674, -22.953354770606154 ], [ -44.392385161645848, -22.952825845136601 ], [ -44.392358907737332, -22.952040069693396 ], [ -44.39265353522287, -22.952038024312532 ], [ -44.392662077292982, -22.951482795794334 ], [ -44.392644444285622, -22.950955035846164 ], [ -44.3926701999697, -22.950954856881083 ], [ -44.392672309779243, -22.950817719262261 ], [ -44.393344311990347, -22.95075268568786 ], [ -44.393539410015705, -22.950232426085563 ], [ -44.394146379551728, -22.949343648590457 ], [ -44.395746268882782, -22.949103043275322 ], [ -44.395723123123616, -22.949036968081543 ], [ -44.395551205123979, -22.948828316373636 ], [ -44.396028879378001, -22.948756452483781 ], [ -44.396038912865492, -22.948628408774027 ], [ -44.396064029131594, -22.948110001775092 ], [ -44.39600865877253, -22.947951934234311 ], [ -44.39583674077295, -22.947743283425723 ], [ -44.396431773607446, -22.947653763110623 ], [ -44.396791034778403, -22.947436029149401 ], [ -44.396528540659574, -22.941232526359954 ], [ -44.394793913907961, -22.939208793650835 ], [ -44.394665423270624, -22.937506289783414 ], [ -44.394087214053627, -22.936895957682282 ], [ -44.394055091169491, -22.935771663031801 ], [ -44.39351143570417, -22.934632531366162 ], [ -44.393541179881481, -22.933740233025276 ], [ -44.394522707157194, -22.933829461960045 ], [ -44.395236545829903, -22.934573043910802 ], [ -44.395296032385943, -22.935078678737966 ], [ -44.395058086161725, -22.93543559897364 ], [ -44.395032325980992, -22.935950797191481 ], [ -44.396075677150748, -22.936142052413743 ], [ -44.396357485109831, -22.93653224666582 ], [ -44.395880580024709, -22.937225927034888 ], [ -44.396769356620496, -22.937897929245992 ], [ -44.395707160157258, -22.939805548687104 ], [ -44.397177630842918, -22.939658502337977 ], [ -44.397658135014865, -22.939610451561066 ], [ -44.397684959093567, -22.938373603159221 ], [ -44.398942270669238, -22.938236084227867 ], [ -44.399740812888183, -22.938148743869363 ], [ -44.39986930442484, -22.937731149073215 ], [ -44.40044751274246, -22.937763271957408 ], [ -44.400409385984346, -22.938371102144629 ], [ -44.404430730593674, -22.939690635114687 ], [ -44.405490781274466, -22.939465775824829 ], [ -44.405048215902411, -22.9383000988704 ], [ -44.405635455212064, -22.938136381788524 ], [ -44.405778531054295, -22.937718025266634 ], [ -44.406004743823814, -22.937056572103074 ], [ -44.40703267162047, -22.936863834798089 ], [ -44.408456337090229, -22.935625671587445 ], [ -44.406220746590122, -22.933909268697732 ], [ -44.404811710392096, -22.93228345721576 ], [ -44.404398607709538, -22.932270285745062 ], [ -44.403756153623533, -22.933780054106194 ], [ -44.402567613204724, -22.933780054106194 ], [ -44.401538406572172, -22.933215589228041 ], [ -44.400906402608371, -22.932596230631475 ], [ -44.400267381234642, -22.932951244304434 ], [ -44.400393148724788, -22.933781316754335 ], [ -44.40041492400951, -22.933925034712558 ], [ -44.400740731299663, -22.936075354194202 ], [ -44.399327301913388, -22.936770699208353 ], [ -44.39809791878389, -22.936890165148952 ], [ -44.398038309020706, -22.936895957682282 ], [ -44.397822789190343, -22.936867846673749 ], [ -44.397299486282236, -22.93679958992908 ], [ -44.396657032196231, -22.936285625581093 ], [ -44.396218494887592, -22.935527325325779 ], [ -44.395815397162778, -22.934830305773971 ], [ -44.395115140950963, -22.933619439685344 ], [ -44.394279949559973, -22.93307335425186 ], [ -44.394644961895438, -22.92918357416255 ], [ -44.392770182098161, -22.92889739999498 ], [ -44.393123532025356, -22.928158577256511 ], [ -44.393798108995497, -22.928319190777984 ], [ -44.394215704690964, -22.927837350213508 ], [ -44.39369115172525, -22.926950792245236 ], [ -44.392929854029489, -22.927711264363325 ], [ -44.391581641679352, -22.929058014415773 ], [ -44.389847014028419, -22.928801032241779 ], [ -44.389654277622753, -22.929732591385914 ], [ -44.390617959651081, -22.930278676819455 ], [ -44.390971309578219, -22.932173917991861 ], [ -44.388488552104945, -22.931568098688786 ], [ -44.387859905310336, -22.929400349446553 ], [ -44.387020214611198, -22.929218627037983 ], [ -44.386906095140148, -22.925606786923652 ], [ -44.385843896878271, -22.925671818699414 ], [ -44.385349832728537, -22.926520318258042 ], [ -44.385323637275974, -22.928186408575868 ], [ -44.382747892601117, -22.927805227329316 ], [ -44.382737795912533, -22.927647513222098 ], [ -44.38272233656653, -22.927406019172395 ], [ -44.381656153408699, -22.926958857365321 ], [ -44.380916897196983, -22.926648808895379 ], [ -44.380627793038173, -22.927162773243367 ], [ -44.381465415296645, -22.927851066673327 ], [ -44.381673618242871, -22.928624391002813 ], [ -44.381890246037983, -22.930032473919482 ], [ -44.384369827105786, -22.930679322092999 ], [ -44.384000678788254, -22.931659953643873 ], [ -44.383968555904062, -22.937795393942224 ], [ -44.384000678788254, -22.943159888617913 ], [ -44.384964359917262, -22.944958762037174 ], [ -44.386570496930858, -22.945023006906183 ], [ -44.386537577247339, -22.94689409138914 ], [ -44.384835870179245, -22.947110983584992 ], [ -44.384964359917262, -22.948428016439777 ], [ -44.385542570033522, -22.949134716294054 ], [ -44.385574692018395, -22.949488066221249 ], [ -44.384932237932389, -22.949648678843403 ], [ -44.385221342091199, -22.951415429378528 ], [ -44.385930606811996, -22.951728174015955 ], [ -44.385285587859528, -22.952411234290992 ], [ -44.3854763646425, -22.953310608497759 ], [ -44.385578954804885, -22.953258101580104 ], [ -44.385671939308509, -22.953383938318041 ], [ -44.385885470737833, -22.953247337594519 ], [ -44.386661859057483, -22.952769349725656 ], [ -44.386859988697495, -22.952693850740559 ], [ -44.387397174440025, -22.952489153351678 ], [ -44.387531134753999, -22.952438105134377 ], [ -44.387542930261986, -22.952434404424196 ], [ -44.388373683498628, -22.952010592614727 ], [ -44.388543633781637, -22.951820605436524 ], [ -44.389035991018147, -22.95167271372469 ], [ -44.389182231574694, -22.951598108665735 ], [ -44.389076069305133, -22.950676606640059 ], [ -44.388358486754726, -22.950731009328592 ], [ -44.389397296348079, -22.949841416148388 ], [ -44.390714328303545, -22.949455943337057 ], [ -44.391111530073033, -22.948736679054434 ], [ -44.391099801114876, -22.948460139323913 ], [ -44.389590032753745, -22.948395892656265 ], [ -44.389484368708622, -22.948484515448001 ], [ -44.388594227841281, -22.949231084047256 ], [ -44.387791160233803, -22.950194766075526 ], [ -44.387726915364794, -22.95090146592986 ], [ -44.387020214611198, -22.950708728624875 ], [ -44.386969804912496, -22.94754972773768 ], [ -44.386923846857997, -22.944669656979045 ], [ -44.389236682826606, -22.945119374659384 ], [ -44.389140315073462, -22.944316307051906 ], [ -44.387148706147855, -22.9425495574161 ], [ -44.387116583263662, -22.938469971811685 ], [ -44.387384324027266, -22.938231465309855 ], [ -44.38839559458097, -22.937963775807589 ], [ -44.389417272988737, -22.937475148059605 ], [ -44.389095521640968, -22.934906434284471 ], [ -44.389854234685117, -22.934863078867977 ], [ -44.390682205419409, -22.935514680857807 ], [ -44.390656302246498, -22.93616372877301 ], [ -44.39189192037577, -22.936077018839285 ], [ -44.391718499609055, -22.941409683809809 ], [ -44.392125760295585, -22.942205236682298 ], [ -44.392802304982354, -22.941521629619444 ], [ -44.393444759967679, -22.941650121156101 ], [ -44.393862354763826, -22.94226045325729 ], [ -44.39366961925748, -22.942806538690775 ], [ -44.392834427866489, -22.942806538690775 ], [ -44.39180650096921, -22.943641730081708 ], [ -44.391673762833818, -22.950305150662132 ], [ -44.39164588744768, -22.951704534436658 ], [ -44.39164588744768, -22.952165892042217 ], [ -44.391690429070024, -22.952206143898366 ], [ -44.391716871836138, -22.952785826204888 ], [ -44.391718443851062, -22.953238785041833 ], [ -44.391718671379522, -22.953304374397305 ], [ -44.391815120071669, -22.953900551169454 ], [ -44.392134343425141, -22.953877386432168 ], [ -44.392335002858033, -22.953789017249278 ], [ -44.392560897267572, -22.953771957110064 ], [ -44.392650917605692, -22.953841015150658 ], [ -44.392718648246955, -22.953844261703296 ], [ -44.393127889240645, -22.953947404948735 ], [ -44.393288772558776, -22.954040633168631 ], [ -44.393375793657924, -22.954058892104115 ], [ -44.393505031631889, -22.954014572614369 ], [ -44.393782395141386, -22.954030570654254 ], [ -44.393930123176574, -22.954180511921038 ], [ -44.394171976955136, -22.954202348359672 ], [ -44.394475268818553, -22.954191555595742 ], [ -44.39492036937952, -22.954211178802836 ], [ -44.395188057083146, -22.954227138171859 ], [ -44.395254667169127, -22.954368169855115 ], [ -44.395558789901756, -22.954408561134969 ], [ -44.395559657851891, -22.954349204951825 ] ] ] ] } },
{ "type": "Feature", "properties": { "Densidade": "Densa", "Tipo": "Área urbanizada", "Comparacao": "Sem alteração" }, "geometry": { "type": "MultiPolygon", "coordinates": [ [ [ [ -44.357790964781145, -22.927269856418718 ], [ -44.357849059186663, -22.926988067345405 ], [ -44.357964793840097, -22.926520091628902 ], [ -44.358080053714588, -22.926200548915382 ], [ -44.358076501329435, -22.926184822571486 ], [ -44.358134594835633, -22.925903034397493 ], [ -44.358222972753872, -22.925545678355135 ], [ -44.358206831080338, -22.925531600902616 ], [ -44.358454046616941, -22.924538350064779 ], [ -44.358545723717846, -22.924493100673537 ], [ -44.358492366729308, -22.924446567055384 ], [ -44.358739583165175, -22.923453316217547 ], [ -44.358754143189117, -22.923446129735055 ], [ -44.358765356835704, -22.923300346933445 ], [ -44.358527410611487, -22.923062400709171 ], [ -44.357783828660729, -22.923032658330499 ], [ -44.357605369891871, -22.923151631442579 ], [ -44.357724343004008, -22.923924955772065 ], [ -44.357754086282, -22.92499571288181 ], [ -44.357516140057783, -22.925947497778736 ], [ -44.357099734165331, -22.926720823007543 ], [ -44.356713071550985, -22.927375174224892 ], [ -44.356326409835901, -22.927940295608096 ], [ -44.355999233777595, -22.928416188955907 ], [ -44.356167065257807, -22.928723880302812 ], [ -44.356817480142524, -22.928340305960319 ], [ -44.357014684380147, -22.928106883325938 ], [ -44.357839924753804, -22.927486598385208 ], [ -44.357790964781145, -22.927269856418718 ] ] ] ] } },
{ "type": "Feature", "properties": { "Densidade": "Densa", "Tipo": "Área urbanizada", "Comparacao": "Sem alteração" }, "geometry": { "type": "MultiPolygon", "coordinates": [ [ [ [ -44.169878449730618, -23.137909771118984 ], [ -44.169845914956966, -23.138102762032815 ], [ -44.169846377208501, -23.13814514708082 ], [ -44.169847399737648, -23.138239035403103 ], [ -44.169846415879363, -23.138264237104806 ], [ -44.169843904972197, -23.138328561114179 ], [ -44.169778947840143, -23.138415931150234 ], [ -44.169698899184823, -23.138540153605163 ], [ -44.169593765739648, -23.138655185888069 ], [ -44.169538842343684, -23.138702836466678 ], [ -44.16950361140249, -23.138733403523702 ], [ -44.169423450331919, -23.138807013932478 ], [ -44.169353320299422, -23.138862213420396 ], [ -44.169253155608601, -23.138917391324526 ], [ -44.169147980794662, -23.138990975652973 ], [ -44.169047829593637, -23.139046146362546 ], [ -44.168962711459926, -23.13908751967324 ], [ -44.168862553963663, -23.139165743604167 ], [ -44.168777399857049, -23.139234812436598 ], [ -44.168682194028008, -23.139336130957645 ], [ -44.168596990458695, -23.139432849446393 ], [ -44.168526813661458, -23.139543341951651 ], [ -44.16846164339006, -23.13965383805413 ], [ -44.168401479644501, -23.139764335955306 ], [ -44.168346344008512, -23.139842602154317 ], [ -44.168281217803894, -23.139930004565997 ], [ -44.168201077417734, -23.1399943951252 ], [ -44.168125968738423, -23.140058746114221 ], [ -44.168025944341821, -23.140120636558095 ], [ -44.168044677220053, -23.140220947838429 ], [ -44.168045420060025, -23.140224925539826 ], [ -44.168050872649587, -23.140254127425976 ], [ -44.168043623214601, -23.140317218464816 ], [ -44.168040820027784, -23.140341614373938 ], [ -44.167995703738711, -23.140442887928884 ], [ -44.167945589916997, -23.140530350595157 ], [ -44.167875450891302, -23.140617818657347 ], [ -44.167825347861481, -23.140682271269782 ], [ -44.167765228182702, -23.140751333806975 ], [ -44.16774196092274, -23.140776268410036 ], [ -44.167701154184897, -23.140820006038382 ], [ -44.167616012668816, -23.140916669668513 ], [ -44.167570936849188, -23.140967305996355 ], [ -44.167536545874839, -23.141007339317184 ], [ -44.167495803888187, -23.141054771360587 ], [ -44.167425677453025, -23.141114608652231 ], [ -44.167350548089303, -23.141169841414978 ], [ -44.167280419855445, -23.141225078674381 ], [ -44.167210297916881, -23.141271109574006 ], [ -44.167140173280302, -23.141317141372951 ], [ -44.167070038751262, -23.141358558750426 ], [ -44.167016503009165, -23.14137879979171 ], [ -44.166984882846009, -23.141390755379007 ], [ -44.166932759938902, -23.141438616399 ], [ -44.166909712113466, -23.141459781044034 ], [ -44.166784456337552, -23.141537990585732 ], [ -44.166625976907255, -23.141629977741218 ], [ -44.166510753968055, -23.141703601639847 ], [ -44.166400526762857, -23.141781827369414 ], [ -44.16630533981953, -23.141837036749791 ], [ -44.166240208218994, -23.14187844063747 ], [ -44.166175081115057, -23.141910627373534 ], [ -44.166089919813885, -23.141952021368638 ], [ -44.165994746360411, -23.141998027087254 ], [ -44.165879534213104, -23.142048633737431 ], [ -44.165759300251466, -23.142117650409205 ], [ -44.165649081140145, -23.142186669778937 ], [ -44.165558907917216, -23.142228079062534 ], [ -44.165538037350473, -23.142228076364574 ], [ -44.165463737161701, -23.142228067371377 ], [ -44.165363556283069, -23.142269446078046 ], [ -44.165288406234936, -23.142320056325502 ], [ -44.165183165770429, -23.142398319826555 ], [ -44.165108304404669, -23.142466512719352 ], [ -44.165038168976253, -23.14250791930499 ], [ -44.164877836942594, -23.142609152390435 ], [ -44.164824249939159, -23.142648000404847 ], [ -44.164782621220922, -23.142678181652741 ], [ -44.16468742168712, -23.14273338743584 ], [ -44.16458222618877, -23.142783973401606 ], [ -44.164472036755058, -23.142839151305736 ], [ -44.164356856983318, -23.142894324713268 ], [ -44.164256713876227, -23.142935691728724 ], [ -44.164141559285497, -23.142990852545779 ], [ -44.164060851427109, -23.143017513847155 ], [ -44.164016409629539, -23.143032195279545 ], [ -44.163906273255861, -23.143068952370186 ], [ -44.163866008809237, -23.143080033816489 ], [ -44.163806150833125, -23.143096509396344 ], [ -44.16371605225396, -23.143124069120461 ], [ -44.163605933866734, -23.143142413491546 ], [ -44.163475801067307, -23.143169947135334 ], [ -44.163335657914217, -23.14318367348767 ], [ -44.163195527351661, -23.143215800868461 ], [ -44.163020361900124, -23.143238706600982 ], [ -44.162860200737612, -23.143238619366741 ], [ -44.16273512392678, -23.143247739391597 ], [ -44.162679091666689, -23.143247698022776 ], [ -44.162595085095063, -23.143247635070281 ], [ -44.162493545962299, -23.143251446706685 ], [ -44.163535086175273, -23.144283824039178 ], [ -44.163954772794511, -23.144185896861586 ], [ -44.164519895077035, -23.144096667027497 ], [ -44.164936300969487, -23.144156153583594 ], [ -44.165174247193704, -23.144602302754038 ], [ -44.165620396364147, -23.145107937581201 ], [ -44.165677833365294, -23.145409480263254 ], [ -44.16828338606939, -23.146490301686015 ], [ -44.168596692783126, -23.146355506801171 ], [ -44.168505493433713, -23.145881262810008 ], [ -44.16856497909049, -23.145435113639564 ], [ -44.168981384982885, -23.145405371260836 ], [ -44.169387880346335, -23.14601511340669 ], [ -44.169995542360368, -23.145753676890649 ], [ -44.169784452590363, -23.14519716831461 ], [ -44.169368046697969, -23.144661789310078 ], [ -44.169457277431377, -23.144245383417683 ], [ -44.16984393914646, -23.14442384308586 ], [ -44.170379318150992, -23.144929477913024 ], [ -44.170825467321436, -23.144661789310078 ], [ -44.170647006753939, -23.144066923749506 ], [ -44.170438804707032, -23.143531544744974 ], [ -44.170647006753939, -23.143293599420019 ], [ -44.17118238575847, -23.143412571632837 ], [ -44.171816886240265, -23.142988925298596 ], [ -44.170853204211937, -23.141671894242506 ], [ -44.171078062602476, -23.139840897939052 ], [ -44.171367166761286, -23.138009903434238 ], [ -44.170853204211937, -23.137142590058431 ], [ -44.170782644303529, -23.135345548558178 ], [ -44.170018012821004, -23.135279471770161 ], [ -44.170366238411134, -23.13721937417472 ], [ -44.169837100287459, -23.137877104400612 ], [ -44.169878449730618, -23.137909771118984 ] ] ] ] } },
{ "type": "Feature", "properties": { "Densidade": "Densa", "Tipo": "Área urbanizada", "Comparacao": "Sem alteração" }, "geometry": { "type": "MultiPolygon", "coordinates": [ [ [ [ -44.19569135946864, -23.051119870585524 ], [ -44.195681740320026, -23.050709268018238 ], [ -44.195686361935998, -23.050621551743177 ], [ -44.195708154307852, -23.050563758610508 ], [ -44.195723013806003, -23.050400278050347 ], [ -44.195706460884423, -23.050358683506374 ], [ -44.195663734094012, -23.05033957291289 ], [ -44.19565334692436, -23.05018109168401 ], [ -44.195713469301097, -23.049633013352832 ], [ -44.195713239074678, -23.049281987273844 ], [ -44.19569808459886, -23.048977368011094 ], [ -44.19564186887709, -23.0487415873543 ], [ -44.195571370122593, -23.04854046566993 ], [ -44.195401543946048, -23.048213374147849 ], [ -44.195362605100115, -23.048124457277822 ], [ -44.195300680481978, -23.048116511767546 ], [ -44.195258004952905, -23.047980790580993 ], [ -44.195283158091229, -23.047859066442697 ], [ -44.195083046345474, -23.04740309487687 ], [ -44.195053814781659, -23.047367127390999 ], [ -44.194991337080523, -23.047370874865919 ], [ -44.194903054232498, -23.047274637514477 ], [ -44.194855505277303, -23.047232244372537 ], [ -44.194593955446635, -23.04676905664661 ], [ -44.194498352117193, -23.046579549706394 ], [ -44.194371757250735, -23.04638910926991 ], [ -44.194198088271094, -23.046150684606346 ], [ -44.194130482635614, -23.046136864724474 ], [ -44.194063199856771, -23.046117239718797 ], [ -44.193997177028052, -23.046074387922602 ], [ -44.193961224830616, -23.046049961436552 ], [ -44.193951639856266, -23.045997303432785 ], [ -44.193934916962803, -23.04596187014414 ], [ -44.193889076719472, -23.045890610563163 ], [ -44.193846939884338, -23.045865999716057 ], [ -44.193733263779052, -23.045786775739089 ], [ -44.193451532262372, -23.045603418363044 ], [ -44.193175881062018, -23.045426188967383 ], [ -44.192979575247136, -23.045274803389418 ], [ -44.192908820185835, -23.04520871041359 ], [ -44.192842051819184, -23.045183389102078 ], [ -44.192748349656597, -23.045197854697165 ], [ -44.192722037292128, -23.04522604844334 ], [ -44.19268890896592, -23.045265637499142 ], [ -44.192645314329752, -23.0452700675595 ], [ -44.192616936222578, -23.045222738938207 ], [ -44.192574451349799, -23.045093726694063 ], [ -44.192577135826127, -23.044931346004773 ], [ -44.19260738991909, -23.044717649999484 ], [ -44.192830259908533, -23.044150423303336 ], [ -44.192869789958067, -23.044038461777326 ], [ -44.19286025859401, -23.044009518424502 ], [ -44.192508206388595, -23.043905974081383 ], [ -44.193106054101065, -23.042557741046892 ], [ -44.19335198900302, -23.042483950773658 ], [ -44.193380082924421, -23.042418463940919 ], [ -44.193466408847655, -23.042310958983535 ], [ -44.193543100333784, -23.042266894901218 ], [ -44.193606489947513, -23.042239811817808 ], [ -44.193647824241857, -23.042237536475668 ], [ -44.193599064245404, -23.042192249372761 ], [ -44.193595386917536, -23.042145847952497 ], [ -44.193630044990527, -23.042077401450854 ], [ -44.193938394641179, -23.041756371359384 ], [ -44.194147413522863, -23.041592888115055 ], [ -44.194045140570722, -23.041234935443867 ], [ -44.194015283978104, -23.041209365919428 ], [ -44.193955335170529, -23.041172911900333 ], [ -44.193884599894318, -23.041107216424848 ], [ -44.193880922566507, -23.041060814105265 ], [ -44.193915580639498, -23.040992367603621 ], [ -44.194223931189413, -23.040671338411471 ], [ -44.194566641237486, -23.040403288281084 ], [ -44.194701521557931, -23.04031449821548 ], [ -44.194763394015354, -23.040316229410394 ], [ -44.194844141443923, -23.040428433325474 ], [ -44.194915626754721, -23.040482528445864 ], [ -44.194957720422394, -23.04050686410045 ], [ -44.194994554854759, -23.040513689055445 ], [ -44.195044085016491, -23.040515083004607 ], [ -44.195094545976474, -23.040499136226117 ], [ -44.195176592026087, -23.040472498307111 ], [ -44.195736875056696, -23.04020448235093 ], [ -44.196161775945143, -23.040027038017342 ], [ -44.197282008357945, -23.039249100165819 ], [ -44.197733707244765, -23.039068420970807 ], [ -44.197769496664876, -23.03902067506408 ], [ -44.197922900321544, -23.038943681405726 ], [ -44.198274228572757, -23.038773449634959 ], [ -44.198652953770761, -23.038679178201448 ], [ -44.198687569575611, -23.038671722821732 ], [ -44.198769651598127, -23.038654043049576 ], [ -44.198888143572901, -23.038606646079813 ], [ -44.200390170569847, -23.038046551007483 ], [ -44.202145023074308, -23.03816552411962 ], [ -44.203096220713974, -23.038927873122816 ], [ -44.203568915173264, -23.039270303481658 ], [ -44.203797662232262, -23.039373711127837 ], [ -44.203775260120096, -23.039419783396227 ], [ -44.204137821802988, -23.039682430399807 ], [ -44.204098844286193, -23.039770241103724 ], [ -44.204136362203315, -23.039790751941609 ], [ -44.204205117172364, -23.039932547149306 ], [ -44.203969023551565, -23.040386756043915 ], [ -44.20379308738103, -23.040638518552726 ], [ -44.203698546150918, -23.040770049797914 ], [ -44.20367469121247, -23.040779494376341 ], [ -44.203850825655024, -23.040875785788842 ], [ -44.203919580624131, -23.041017580996538 ], [ -44.203726745005781, -23.041388569362809 ], [ -44.203748145560439, -23.041436845833744 ], [ -44.203795949023799, -23.041490774579529 ], [ -44.2038571910565, -23.041527578434966 ], [ -44.203926428961495, -23.041529568634644 ], [ -44.203962790350431, -23.041559820928967 ], [ -44.204501513034359, -23.04203129860548 ], [ -44.204506976415814, -23.042049000860629 ], [ -44.204434002726998, -23.042122885562662 ], [ -44.204432601583278, -23.042152082952214 ], [ -44.204462156003672, -23.042193886138875 ], [ -44.204650884130956, -23.042339821825294 ], [ -44.204828645025884, -23.042363803146941 ], [ -44.20499400157189, -23.04254338516904 ], [ -44.205008906935461, -23.042663348434758 ], [ -44.205443018680342, -23.042887796734362 ], [ -44.206636428028673, -23.043186148621828 ], [ -44.20686465527956, -23.043243205209706 ], [ -44.207277367656332, -23.04312528790166 ], [ -44.207447317939341, -23.043061767886229 ], [ -44.207652404734631, -23.043020962047706 ], [ -44.207918042883307, -23.043046544162621 ], [ -44.208150190279014, -23.043112242336065 ], [ -44.208091610239592, -23.043280823850921 ], [ -44.208128358337035, -23.043311309069622 ], [ -44.20840188893601, -23.043448867571158 ], [ -44.208466756135863, -23.04342144814126 ], [ -44.208563131982885, -23.043400859062331 ], [ -44.208647823837964, -23.043497482222961 ], [ -44.208701823630236, -23.043569675300205 ], [ -44.208939622365619, -23.043761947655696 ], [ -44.209217521871096, -23.043831422981725 ], [ -44.209347503584354, -23.043958696836341 ], [ -44.209789041930719, -23.043311107621491 ], [ -44.206244248073574, -23.041015849801568 ], [ -44.205698160841393, -23.041433444597772 ], [ -44.205505425335048, -23.041080094670576 ], [ -44.205955143015387, -23.039955800020095 ], [ -44.205833187751352, -23.03899833500509 ], [ -44.206309080199844, -23.038254753953709 ], [ -44.207079438565188, -23.037867823341344 ], [ -44.207497034260655, -23.036904141313016 ], [ -44.206019388783716, -23.035073145908939 ], [ -44.204188393379582, -23.036068950821402 ], [ -44.203031974945645, -23.0368720193282 ], [ -44.202710747902643, -23.037739331804687 ], [ -44.20210041580151, -23.03789994622548 ], [ -44.202132538685646, -23.037321737008483 ], [ -44.203481694424624, -23.034334323170413 ], [ -44.201490671856959, -23.033614805279001 ], [ -44.201233103325023, -23.035233760329731 ], [ -44.201136734672502, -23.035972582168881 ], [ -44.201586453252162, -23.037675086935678 ], [ -44.201040366919358, -23.037482349630693 ], [ -44.198245690386273, -23.032953046345995 ], [ -44.19763535828514, -23.032824554809338 ], [ -44.196286203445482, -23.033531254663615 ], [ -44.195964976402479, -23.034430691822934 ], [ -44.196768044009957, -23.035522863589222 ], [ -44.196575307604348, -23.03632593209602 ], [ -44.195418890069675, -23.036197440559363 ], [ -44.194519453809676, -23.037514473414149 ], [ -44.193202421854267, -23.038510278326612 ], [ -44.191981758551265, -23.039345467918963 ], [ -44.190426177825827, -23.040515242184654 ], [ -44.188512504148719, -23.041979531829895 ], [ -44.187511338377533, -23.041734714785207 ], [ -44.187420332382374, -23.04207589958304 ], [ -44.188254920328291, -23.042389066901876 ], [ -44.188016974104016, -23.043816744247295 ], [ -44.189765291235176, -23.045898503912781 ], [ -44.190693867328093, -23.044828014800999 ], [ -44.191883598449294, -23.045541852574388 ], [ -44.194390963172395, -23.047119167215726 ], [ -44.194808557968543, -23.048404076287056 ], [ -44.195001295273528, -23.049367758315327 ], [ -44.195418890069675, -23.04968898535833 ], [ -44.195418890069675, -23.050781158023995 ], [ -44.195097663026672, -23.051455734994136 ], [ -44.195129168076619, -23.05227488697642 ], [ -44.195156410340019, -23.052192644874594 ], [ -44.195202879209489, -23.052141579570218 ], [ -44.195359459271572, -23.052018408422782 ], [ -44.195437756047568, -23.051956816553798 ], [ -44.195648790958899, -23.051395305049255 ], [ -44.195695571893111, -23.051338377963702 ], [ -44.195707137932622, -23.051334549528139 ], [ -44.19569135946864, -23.051119870585524 ] ] ] ] } },
{ "type": "Feature", "properties": { "Densidade": "Densa", "Tipo": "Área urbanizada", "Comparacao": "Sem alteração" }, "geometry": { "type": "MultiPolygon", "coordinates": [ [ [ [ -44.17405727912012, -23.029226809769398 ], [ -44.174474873916267, -23.028391620177104 ], [ -44.175759782987541, -23.02909832003138 ], [ -44.176241623552016, -23.028102515118917 ], [ -44.175791905871733, -23.027620673655122 ], [ -44.17587577394778, -23.027154567629168 ], [ -44.176305869320345, -23.026946096684981 ], [ -44.178469386353072, -23.028320503588304 ], [ -44.179357528027481, -23.027588551670306 ], [ -44.178775985023663, -23.027160389840049 ], [ -44.177184477281742, -23.025988631669975 ], [ -44.177398629243328, -23.025488944958795 ], [ -44.176980447189862, -23.025179347049175 ], [ -44.176765323061147, -23.025367580549357 ], [ -44.175952519393206, -23.026078784208494 ], [ -44.175438555944538, -23.025468452107361 ], [ -44.175213696654737, -23.024793875137163 ], [ -44.172515387874796, -23.02537208435416 ], [ -44.171872933788848, -23.026978219569116 ], [ -44.17174444315151, -23.027717042307586 ], [ -44.172643879411453, -23.028102515118917 ], [ -44.172354774353323, -23.028552232799257 ], [ -44.171116852160935, -23.028177736213536 ], [ -44.170684393370038, -23.029644406364241 ], [ -44.170117477839312, -23.029724385771715 ], [ -44.17045953408018, -23.032439082897326 ], [ -44.173615285716835, -23.034126389121525 ], [ -44.17592039740839, -23.035715600894207 ], [ -44.17723742756516, -23.038156928399474 ], [ -44.178907810347141, -23.038574523195621 ], [ -44.17926116027428, -23.039730940730294 ], [ -44.181156401446742, -23.03902424087596 ], [ -44.181766731749235, -23.039634572977093 ], [ -44.182666168908554, -23.040501886352956 ], [ -44.184388295983013, -23.040544984563326 ], [ -44.185310336702628, -23.039831146789936 ], [ -44.18316882158382, -23.036261955225029 ], [ -44.184208059254502, -23.034976778155738 ], [ -44.182891028198355, -23.034109463880611 ], [ -44.181670363996034, -23.035490741604406 ], [ -44.180321210055752, -23.036229564342875 ], [ -44.179967860128613, -23.035876214415737 ], [ -44.179999983012749, -23.034751918865936 ], [ -44.179164791621815, -23.033788236837609 ], [ -44.177108937827199, -23.032760309940329 ], [ -44.177558656406802, -23.031636015289848 ], [ -44.175984642277399, -23.030800823898858 ], [ -44.174185769757401, -23.030993560304523 ], [ -44.172194160831793, -23.031250541579197 ], [ -44.171497565760035, -23.030009921420685 ], [ -44.172163815007991, -23.030081305108126 ], [ -44.173329750967184, -23.028082558263407 ], [ -44.173543314772132, -23.02813463800311 ], [ -44.173543314772132, -23.02909832003138 ], [ -44.17405727912012, -23.029226809769398 ] ] ] ] } },
{ "type": "Feature", "properties": { "Densidade": "Densa", "Tipo": "Área urbanizada", "Comparacao": "Sem alteração" }, "geometry": { "type": "MultiPolygon", "coordinates": [ [ [ [ -44.240263291641178, -23.036043956938222 ], [ -44.240262221424359, -23.036034075112411 ], [ -44.240340190847064, -23.035774523575355 ], [ -44.240413576425397, -23.03554361364678 ], [ -44.240402268349953, -23.035353882775439 ], [ -44.240412510475004, -23.035252020935822 ], [ -44.240325870042852, -23.035146754519076 ], [ -44.240137498946353, -23.03489908932147 ], [ -44.240111270218904, -23.034818291530883 ], [ -44.240055916946972, -23.034481906414783 ], [ -44.239964479277262, -23.034250885869653 ], [ -44.239840629141668, -23.034113770733882 ], [ -44.239545712664437, -23.033870211840735 ], [ -44.23940662171816, -23.033793014036348 ], [ -44.239202611411372, -23.033734558103333 ], [ -44.239106491871041, -23.033709747606736 ], [ -44.238665494017312, -23.033646580125549 ], [ -44.238389912064747, -23.033623912713381 ], [ -44.238022002113667, -23.033625121402167 ], [ -44.238014399140958, -23.033627697936513 ], [ -44.239307734963973, -23.036434510843947 ], [ -44.239921987209925, -23.036080850650706 ], [ -44.240220028460065, -23.036110123025473 ], [ -44.240263291641178, -23.036043956938222 ] ] ], [ [ [ -44.236376707718819, -23.033634968079241 ], [ -44.236291867475643, -23.033524869477105 ], [ -44.23610527703687, -23.03317327502657 ], [ -44.235885757921324, -23.032872572311305 ], [ -44.235767619380113, -23.032710744705071 ], [ -44.23562462537609, -23.032268278258414 ], [ -44.235550300006309, -23.032153575127325 ], [ -44.235519730251326, -23.032044529631264 ], [ -44.235484635107809, -23.031721047987958 ], [ -44.235469205439415, -23.031488625399675 ], [ -44.235480864250462, -23.031237719045464 ], [ -44.235528824195853, -23.031003585946678 ], [ -44.23561403797099, -23.030711423768494 ], [ -44.235560983952212, -23.030565525278746 ], [ -44.235797153116096, -23.029323179321239 ], [ -44.236166600008517, -23.029066172865555 ], [ -44.236191200963106, -23.029028515553478 ], [ -44.23640245081242, -23.028804513317596 ], [ -44.23661862984585, -23.028693402978092 ], [ -44.236675016158941, -23.028689283776608 ], [ -44.236603628254784, -23.028643359303544 ], [ -44.236313321702369, -23.028476278757239 ], [ -44.236208968868766, -23.028412479052633 ], [ -44.236130583059946, -23.028341583697113 ], [ -44.236083042198572, -23.028278284914848 ], [ -44.236019269473672, -23.028121885616486 ], [ -44.235954958054833, -23.02806915386833 ], [ -44.235885392796604, -23.028070820312053 ], [ -44.23582138085203, -23.02801523861234 ], [ -44.23582675070395, -23.027894657512377 ], [ -44.235886535834936, -23.027765772971975 ], [ -44.235946032283493, -23.027737598111628 ], [ -44.236054886223997, -23.027720941767996 ], [ -44.236204447077512, -23.027675001699947 ], [ -44.236281213207405, -23.0275988983704 ], [ -44.236284334080359, -23.027534876638342 ], [ -44.235989890421081, -23.027331570395631 ], [ -44.235026208392753, -23.027203078858975 ], [ -44.234589296832986, -23.027562888717402 ], [ -44.234551012918871, -23.027635861405827 ], [ -44.234502972933797, -23.02780551401321 ], [ -44.234219870850325, -23.028030369705732 ], [ -44.234115322863829, -23.02807021237038 ], [ -44.234026656904632, -23.028076488738918 ], [ -44.233961890428873, -23.028095669479512 ], [ -44.233840345255715, -23.028148870673817 ], [ -44.233764009901108, -23.028221981958836 ], [ -44.233704386648071, -23.028252956408778 ], [ -44.233637923151605, -23.028257652668515 ], [ -44.233250544676878, -23.028171538985305 ], [ -44.232953644295208, -23.028030494711516 ], [ -44.232543797158485, -23.02767051228426 ], [ -44.232385100092245, -23.027532106621379 ], [ -44.23231484595334, -23.027482101617636 ], [ -44.232251969852484, -23.027452612847753 ], [ -44.232208641415639, -23.027447211519529 ], [ -44.232141249818767, -23.027400258814851 ], [ -44.232081236260001, -23.02731073849975 ], [ -44.232066522451987, -23.027238210874714 ], [ -44.232095682969373, -23.027165379278813 ], [ -44.232192212600467, -23.027013354282815 ], [ -44.232498537877177, -23.026830501426446 ], [ -44.232562227864491, -23.026725288840964 ], [ -44.232604985231831, -23.026704833761016 ], [ -44.232701237871765, -23.026587175457735 ], [ -44.23274509349649, -23.026512010596786 ], [ -44.232670635741215, -23.026447072774147 ], [ -44.23260038160231, -23.026397067770404 ], [ -44.232537506400774, -23.026367579000521 ], [ -44.232494177064552, -23.026362177672297 ], [ -44.232426786367057, -23.026315224967618 ], [ -44.232366771908971, -23.026225704652518 ], [ -44.232352058100957, -23.026153177027425 ], [ -44.232381218618286, -23.0260803463309 ], [ -44.232477749148757, -23.025928321334902 ], [ -44.232702005804704, -23.025794456128594 ], [ -44.232673161936816, -23.025732263732948 ], [ -44.232572919904271, -23.025543462760538 ], [ -44.232489417852321, -23.025375708621993 ], [ -44.232443002942205, -23.025244417495799 ], [ -44.232451758741604, -23.025187734126575 ], [ -44.232472668878529, -23.025103156485443 ], [ -44.232386388820771, -23.024901109398627 ], [ -44.231993619809657, -23.024356548316007 ], [ -44.231960377921936, -23.024318801408594 ], [ -44.23216728609134, -23.025693311397163 ], [ -44.230657517730208, -23.026046661324301 ], [ -44.229916373841547, -23.025978597034566 ], [ -44.229809278075663, -23.027306588128511 ], [ -44.229829009201353, -23.028194453711023 ], [ -44.231323164432467, -23.027785124583772 ], [ -44.232691354322526, -23.028320503588304 ], [ -44.234208259703394, -23.028498964155801 ], [ -44.234594923217117, -23.029629207821642 ], [ -44.234576489813094, -23.030222614681861 ], [ -44.233851341266359, -23.030075356092766 ], [ -44.23388108544367, -23.030491761985161 ], [ -44.235560983952212, -23.03252501221948 ], [ -44.234083339374592, -23.03326383405863 ], [ -44.234147584243601, -23.033488693348488 ], [ -44.235400370430682, -23.033135343421293 ], [ -44.235785843242013, -23.033842043275627 ], [ -44.236467828059382, -23.033697379671718 ], [ -44.236376707718819, -23.033634968079241 ] ] ] ] } },
{ "type": "Feature", "properties": { "Densidade": "Densa", "Tipo": "Área urbanizada", "Comparacao": "Sem alteração" }, "geometry": { "type": "MultiPolygon", "coordinates": [ [ [ [ -44.16496147928882, -23.023511032707972 ], [ -44.164962089928451, -23.02352955244686 ], [ -44.164964599936297, -23.023596334303363 ], [ -44.164966532579399, -23.023649166775556 ], [ -44.164970325919739, -23.023752837023778 ], [ -44.165039344390209, -23.024050995556934 ], [ -44.165044046045864, -23.024071311241983 ], [ -44.165135856034908, -23.024374560837259 ], [ -44.165141358087169, -23.024392733437878 ], [ -44.165259311368061, -23.024982499842451 ], [ -44.165130283835481, -23.025263325741832 ], [ -44.165440646168861, -23.025064668199832 ], [ -44.165635948340309, -23.024796832108052 ], [ -44.165863525381326, -23.024529165988156 ], [ -44.166054457747009, -23.024530172329548 ], [ -44.166071658180442, -23.024530262261749 ], [ -44.166099434641126, -23.024530408851263 ], [ -44.166186269580635, -23.024530866606142 ], [ -44.166310513619294, -23.024520027976848 ], [ -44.166344625803788, -23.024517052120189 ], [ -44.166509199040263, -23.024502694443754 ], [ -44.166800404015419, -23.024384731270288 ], [ -44.166957377980566, -23.024337215589981 ], [ -44.167091424629518, -23.024296640877253 ], [ -44.167136033700956, -23.024278800126467 ], [ -44.167882183216136, -23.023964732586307 ], [ -44.167998043774674, -23.023823425710475 ], [ -44.168096701201762, -23.023525204224768 ], [ -44.16809834965909, -23.02325634740248 ], [ -44.167938444803326, -23.023016514400581 ], [ -44.167747551108562, -23.022567400165315 ], [ -44.167491741650508, -23.022177693345839 ], [ -44.167591132025109, -23.021759978939826 ], [ -44.167593270612883, -23.021411460170725 ], [ -44.167593516127852, -23.02137163009661 ], [ -44.167433797431784, -23.02110192341496 ], [ -44.16698343313891, -23.020860560666279 ], [ -44.166985634679236, -23.020502084603493 ], [ -44.167150121580789, -23.019995091800013 ], [ -44.167347247577368, -23.019428523407612 ], [ -44.16741472910644, -23.018950892569592 ], [ -44.167255380931067, -23.018621441226514 ], [ -44.167257214648714, -23.018322709825156 ], [ -44.167227510041528, -23.017904317330363 ], [ -44.167067246356282, -23.017724229889268 ], [ -44.166904413307975, -23.01796236497114 ], [ -44.166836748317223, -23.018469866790895 ], [ -44.166737542303679, -23.018857708416476 ], [ -44.166476785675059, -23.019274571164487 ], [ -44.166475317082188, -23.019513555206345 ], [ -44.166602024363897, -23.019902584836359 ], [ -44.166276717996084, -23.02031910764066 ], [ -44.166338878236616, -23.020707798226283 ], [ -44.166400670654411, -23.021156232574015 ], [ -44.16636637680682, -23.02148466678392 ], [ -44.166140275553232, -23.021513349761221 ], [ -44.16594865520625, -23.021183725748301 ], [ -44.165787286254215, -23.02118287588894 ], [ -44.165881717767036, -23.021571734647807 ], [ -44.16581349519663, -23.02216885570806 ], [ -44.165873632861803, -23.022886148676776 ], [ -44.165774237091341, -23.023303861284148 ], [ -44.165095189591284, -23.02350939774044 ], [ -44.16496615216613, -23.023428786109548 ], [ -44.16496147928882, -23.023511032707972 ] ] ], [ [ [ -44.165736856770479, -23.031160585092891 ], [ -44.165712580471165, -23.031118278285874 ], [ -44.165613170311531, -23.030945027490986 ], [ -44.165736463766734, -23.031160673226452 ], [ -44.165795997986891, -23.031487619058339 ], [ -44.165736856770479, -23.031160585092891 ] ] ] ] } },
{ "type": "Feature", "properties": { "Densidade": "Densa", "Tipo": "Área urbanizada", "Comparacao": "Sem alteração" }, "geometry": { "type": "MultiPolygon", "coordinates": [ [ [ [ -44.228147223915187, -23.022511476723253 ], [ -44.228030714945476, -23.022566421702948 ], [ -44.227804118165466, -23.022679244351593 ], [ -44.227577325333243, -23.022681900049577 ], [ -44.227541733763985, -23.022732951864214 ], [ -44.22730552323128, -23.02309022913073 ], [ -44.227253848186479, -23.023263633709689 ], [ -44.22718859701024, -23.023357412575525 ], [ -44.227894963181939, -23.023412597413369 ], [ -44.228287584779935, -23.022477785056957 ], [ -44.228147223915187, -23.022511476723253 ] ] ], [ [ [ -44.226056909898432, -23.023249791344767 ], [ -44.225608685992029, -23.023065964522573 ], [ -44.225347584023723, -23.022910872838452 ], [ -44.225279175594018, -23.022843292945957 ], [ -44.224576831755314, -23.02334810343217 ], [ -44.225003917996389, -23.023926560862037 ], [ -44.225839109387323, -23.023251983891896 ], [ -44.226141011557409, -23.023275569990677 ], [ -44.226056909898432, -23.023249791344767 ] ] ], [ [ [ -44.224689561773801, -23.022232087940438 ], [ -44.224689388204638, -23.022097749911211 ], [ -44.224758579344893, -23.021819032921996 ], [ -44.224740856405333, -23.021628474674344 ], [ -44.224652711153681, -23.021429390853655 ], [ -44.224532070698444, -23.021290339477559 ], [ -44.2243658894742, -23.021208480486962 ], [ -44.22412477134111, -23.021154266656026 ], [ -44.224046520430534, -23.02111326656393 ], [ -44.223948238020739, -23.020725910572253 ], [ -44.223918278905387, -23.020263101460898 ], [ -44.223944194668832, -23.020146319097307 ], [ -44.224032074620482, -23.020064795553822 ], [ -44.224152517224866, -23.019976994742478 ], [ -44.224158423226257, -23.019968411322672 ], [ -44.22365476405605, -23.019686361736149 ], [ -44.223673147732917, -23.018712406578729 ], [ -44.223632545405621, -23.018717639007775 ], [ -44.223443304664727, -23.018662467398883 ], [ -44.223156163725946, -23.018641009574878 ], [ -44.223074668960749, -23.01870750005105 ], [ -44.223002897665538, -23.018732044348326 ], [ -44.222973149655402, -23.018741597038076 ], [ -44.222658960042907, -23.019108153418529 ], [ -44.223237169259903, -23.020039710763967 ], [ -44.223354990340511, -23.020822557115252 ], [ -44.223920111723714, -23.021090245718199 ], [ -44.2241878021253, -23.021804084390965 ], [ -44.224709980960256, -23.022326262394891 ], [ -44.224689561773801, -23.022232087940438 ] ] ] ] } },
{ "type": "Feature", "properties": { "Densidade": "Densa", "Tipo": "Área urbanizada", "Comparacao": "Sem alteração" }, "geometry": { "type": "MultiPolygon", "coordinates": [ [ [ [ -44.220733701299253, -23.016648182967231 ], [ -44.220850004501706, -23.015544217841523 ], [ -44.220848776749619, -23.015403600395814 ], [ -44.220885018482264, -23.015245042466713 ], [ -44.220901620013706, -23.015109656085713 ], [ -44.2209262086878, -23.015064834921091 ], [ -44.221105758024294, -23.014279304846013 ], [ -44.22150254070965, -23.013036957989186 ], [ -44.222744017022706, -23.011388258761087 ], [ -44.224061048978172, -23.010488823400408 ], [ -44.225088975875508, -23.010874296211739 ], [ -44.225570817339303, -23.009493019387264 ], [ -44.224971796011516, -23.008443408036783 ], [ -44.22383618968837, -23.007148059635199 ], [ -44.221470418724778, -23.00670878128517 ], [ -44.221020701044495, -23.007961566572988 ], [ -44.219607301335827, -23.007640340429305 ], [ -44.219318196277698, -23.007929444588171 ], [ -44.215848941875151, -23.006034204315029 ], [ -44.215527714832149, -23.006291185589703 ], [ -44.216523518845293, -23.008314917399446 ], [ -44.216073801164953, -23.009021617253779 ], [ -44.216748378135094, -23.010338649209245 ], [ -44.216395028207955, -23.010467139846583 ], [ -44.215816818990959, -23.010017422166243 ], [ -44.215270732658155, -23.010563507599727 ], [ -44.214756770108806, -23.01030652632511 ], [ -44.214050070254473, -23.010499262730718 ], [ -44.212733038299064, -23.010756244005393 ], [ -44.211897846908073, -23.011238084569925 ], [ -44.210227465924788, -23.011205962585052 ], [ -44.209488643186319, -23.01143082187491 ], [ -44.209103170374988, -23.012362381019045 ], [ -44.209649255808472, -23.013101202858195 ], [ -44.210388079446261, -23.012490870757063 ], [ -44.211319637691076, -23.011848416671057 ], [ -44.212797283168015, -23.011880539555193 ], [ -44.212700915414871, -23.013133325742331 ], [ -44.213974513712799, -23.013476236339216 ], [ -44.215644894696084, -23.013315622817686 ], [ -44.216459273976284, -23.013615167206183 ], [ -44.21732658735209, -23.014578848335134 ], [ -44.217687639073233, -23.014926108053373 ], [ -44.2183283790514, -23.01442775503682 ], [ -44.219726312219507, -23.015022620597392 ], [ -44.219904771887684, -23.015736459270158 ], [ -44.219034568990139, -23.016249654697788 ], [ -44.219703669089029, -23.017277157115075 ], [ -44.220715724598755, -23.01677112896666 ], [ -44.220733701299253, -23.016648182967231 ] ] ] ] } },
{ "type": "Feature", "properties": { "Densidade": "Densa", "Tipo": "Área urbanizada", "Comparacao": "Sem alteração" }, "geometry": { "type": "MultiPolygon", "coordinates": [ [ [ [ -44.274376637171997, -23.006728467444759 ], [ -44.274421414416679, -23.006777808748836 ], [ -44.274492699178666, -23.006818839417861 ], [ -44.274551444693373, -23.006835466083828 ], [ -44.274546707964134, -23.006892478604982 ], [ -44.274535095018564, -23.00696133070079 ], [ -44.274529209855132, -23.007063410947637 ], [ -44.274508891472124, -23.007086920125232 ], [ -44.274451981473703, -23.007127489442041 ], [ -44.274398275759779, -23.007171153325999 ], [ -44.274343731877707, -23.007247874489792 ], [ -44.274321353147911, -23.007352512408488 ], [ -44.274310277996904, -23.007400323066406 ], [ -44.2742470178855, -23.007431713902406 ], [ -44.274229447830692, -23.007476345456951 ], [ -44.274200350265914, -23.007586811881822 ], [ -44.274156495725663, -23.007630747361077 ], [ -44.274113249127083, -23.007650649357913 ], [ -44.27404416590548, -23.007651833765067 ], [ -44.274010631135006, -23.007709599885263 ], [ -44.274076036979466, -23.007902070124373 ], [ -44.274136164752179, -23.007983099940077 ], [ -44.274176150408948, -23.008092215583247 ], [ -44.274205971028721, -23.008213069177771 ], [ -44.274226238150334, -23.008321658717534 ], [ -44.274244656265807, -23.008373152099239 ], [ -44.274349536102193, -23.00851383484553 ], [ -44.274616671622027, -23.008730487821708 ], [ -44.274893100735994, -23.008962234119736 ], [ -44.274956143211398, -23.009013528751325 ], [ -44.275060260422663, -23.009098244888037 ], [ -44.275202516083198, -23.009179647023075 ], [ -44.275273090380779, -23.009241306341153 ], [ -44.275268814104436, -23.009280166046779 ], [ -44.275234040018915, -23.009357249637333 ], [ -44.275237234410781, -23.009371413060194 ], [ -44.275591579887475, -23.009590051739451 ], [ -44.275595226638359, -23.009590654285205 ], [ -44.275634914619559, -23.009576627559284 ], [ -44.275671868661789, -23.009541566589974 ], [ -44.275714442567448, -23.009542588219801 ], [ -44.275879183077791, -23.00963339276683 ], [ -44.27592658004761, -23.009700406648392 ], [ -44.275980750711028, -23.009758590986166 ], [ -44.276247284584485, -23.009959503128528 ], [ -44.276388865753518, -23.010052630624386 ], [ -44.276414873247745, -23.010059228050864 ], [ -44.27647538143367, -23.009997816046337 ], [ -44.276542796412855, -23.01004728415478 ], [ -44.276690514555582, -23.010152484149785 ], [ -44.276851021057723, -23.010266922880135 ], [ -44.276979509896421, -23.010353661592148 ], [ -44.277025088437028, -23.010360706881045 ], [ -44.277107146177798, -23.010347672107343 ], [ -44.277216372437579, -23.010418984748298 ], [ -44.27735980441139, -23.010431294668479 ], [ -44.277578515036396, -23.010558915661363 ], [ -44.277900135083144, -23.010862102304145 ], [ -44.277852637389287, -23.010929708838944 ], [ -44.277830194807621, -23.011036713773251 ], [ -44.277863197228726, -23.011144970563919 ], [ -44.277876760803849, -23.011219278846625 ], [ -44.27807467640514, -23.011495439962516 ], [ -44.278075630585818, -23.011496073984574 ], [ -44.278100986970912, -23.011523504206309 ], [ -44.278102344947229, -23.011534047857992 ], [ -44.27854746349459, -23.01215514394471 ], [ -44.278703406836712, -23.012148378344932 ], [ -44.278805285635372, -23.012114835431248 ], [ -44.279013329401607, -23.012247569069984 ], [ -44.27921453112566, -23.012389035125807 ], [ -44.279346143309851, -23.012573620076466 ], [ -44.279419441653886, -23.012747952755774 ], [ -44.279553160050227, -23.012971162688984 ], [ -44.279571269698295, -23.01302216144353 ], [ -44.279566630095871, -23.013072673664908 ], [ -44.279528842382149, -23.013146297563537 ], [ -44.279529722818438, -23.013232645969765 ], [ -44.279616918386012, -23.013490430339061 ], [ -44.279752471399377, -23.013761018356263 ], [ -44.279837919584281, -23.013955780934509 ], [ -44.279838889053451, -23.01395713351485 ], [ -44.279904031445824, -23.014037757736276 ], [ -44.279967147665673, -23.014104461351792 ], [ -44.279975736191204, -23.014146261840494 ], [ -44.279975061699702, -23.014147141377407 ], [ -44.280009835785279, -23.014195663399107 ], [ -44.279382356222719, -23.014677217260619 ], [ -44.279466934851143, -23.014846051304175 ], [ -44.279552529625505, -23.015041148430214 ], [ -44.279618494897591, -23.015122791583508 ], [ -44.279681612016759, -23.015189494299705 ], [ -44.279690199642971, -23.015231295687727 ], [ -44.279636293380179, -23.015301560618468 ], [ -44.279501796170905, -23.015349386564878 ], [ -44.279336168929035, -23.015464985420692 ], [ -44.279207627929623, -23.015530796009386 ], [ -44.279125607960395, -23.015558889031468 ], [ -44.279059577937119, -23.015596227084188 ], [ -44.279001094125135, -23.015714008594557 ], [ -44.278877628000089, -23.015949439415067 ], [ -44.278704516600101, -23.016097677365849 ], [ -44.278544545194563, -23.016240245990502 ], [ -44.278504649469937, -23.016272176419761 ], [ -44.278464026193831, -23.016330853585998 ], [ -44.27839994590073, -23.01653476047079 ], [ -44.278345028800004, -23.016640727587458 ], [ -44.278321706681368, -23.016661090037246 ], [ -44.278275709056686, -23.016678047653727 ], [ -44.278250180901068, -23.016659723067733 ], [ -44.27818683625344, -23.016596074449239 ], [ -44.278157647857142, -23.016592541912246 ], [ -44.278114647672794, -23.016618476561405 ], [ -44.277852170241495, -23.016751176315843 ], [ -44.277853138311627, -23.016753811039507 ], [ -44.277851068072266, -23.016831030427682 ], [ -44.277850112092949, -23.01686666606372 ], [ -44.277906835032354, -23.016936022679261 ], [ -44.277963056150099, -23.017005484515437 ], [ -44.27905517485641, -23.017059648883617 ], [ -44.27955024354884, -23.017069879571238 ], [ -44.27955096390582, -23.017069476674976 ], [ -44.279545454658944, -23.017033778086329 ], [ -44.279524213571563, -23.016979993232042 ], [ -44.279515459570746, -23.0169442316909 ], [ -44.279526496950211, -23.016896957928225 ], [ -44.279560082132036, -23.016856025285279 ], [ -44.279663669642616, -23.016748118330952 ], [ -44.279897221779322, -23.016633693989718 ], [ -44.279992406024689, -23.016593899888505 ], [ -44.280103129655686, -23.016578127578498 ], [ -44.280167386215851, -23.016600070137088 ], [ -44.2802407816867, -23.016642940818997 ], [ -44.280383060729605, -23.01677306282653 ], [ -44.280561014079467, -23.017016435559981 ], [ -44.280606024248584, -23.017029101611683 ], [ -44.280651302415606, -23.017033376089387 ], [ -44.281263642976725, -23.016810707074807 ], [ -44.281239060634107, -23.016776182574745 ], [ -44.281240152411044, -23.016737649323034 ], [ -44.281244393613804, -23.016702142290001 ], [ -44.281291791482943, -23.016628906898518 ], [ -44.281388977619201, -23.016512140722682 ], [ -44.281566582931418, -23.016298755882815 ], [ -44.281640234709016, -23.016235131546011 ], [ -44.281682945367294, -23.016205305246633 ], [ -44.281734425203524, -23.016018690809915 ], [ -44.28128232701772, -23.015447620411294 ], [ -44.281972323763682, -23.015117588106136 ], [ -44.282073180932514, -23.01504715590147 ], [ -44.28223099126717, -23.014993864775022 ], [ -44.282256100338714, -23.01498185522837 ], [ -44.283996953096846, -23.014364133397976 ], [ -44.284257974126149, -23.014583390810799 ], [ -44.28441299836112, -23.014572330948283 ], [ -44.284470355322583, -23.014582209101604 ], [ -44.284489625096057, -23.014616125233943 ], [ -44.284516718971361, -23.014723631989966 ], [ -44.284506646564466, -23.014792275443085 ], [ -44.285400867655881, -23.015543420692268 ], [ -44.286824747164303, -23.016273954379471 ], [ -44.287190936712307, -23.016445963210572 ], [ -44.287594198113709, -23.016728422278845 ], [ -44.287973824432413, -23.017004381047286 ], [ -44.288359450128496, -23.017271923060775 ], [ -44.288466242822778, -23.017398918125537 ], [ -44.288944192020779, -23.017755697167672 ], [ -44.289476817301249, -23.018678395291658 ], [ -44.2896252558009, -23.018874107553984 ], [ -44.28990010930255, -23.019363218237913 ], [ -44.290015227021058, -23.019562792189049 ], [ -44.290178670709054, -23.019833015081531 ], [ -44.290225704352736, -23.019975733892977 ], [ -44.290454960428065, -23.020372887099029 ], [ -44.291409622256197, -23.020148259834286 ], [ -44.29113329566502, -23.019040606238946 ], [ -44.290062537655956, -23.017065652757651 ], [ -44.289063165132916, -23.015923511960466 ], [ -44.287590974943498, -23.015374950693399 ], [ -44.286243216751018, -23.013690254301764 ], [ -44.285232397657012, -23.013858724300633 ], [ -44.284018706797838, -23.013353693817862 ], [ -44.281734425203524, -23.012782624318618 ], [ -44.280009835785279, -23.012005557010809 ], [ -44.277651260297375, -23.009871606989009 ], [ -44.281189124878154, -23.004649045117276 ], [ -44.280852184880359, -23.002458937829658 ], [ -44.278712508875117, -23.002431968060819 ], [ -44.276752754835741, -23.005210609681853 ], [ -44.276283720617187, -23.005175221359309 ], [ -44.275569882843797, -23.004532767273361 ], [ -44.274832249908343, -23.003914106550724 ], [ -44.273618725423773, -23.003271651565399 ], [ -44.272643145364839, -23.003009911977813 ], [ -44.271358237192828, -23.002724376328842 ], [ -44.27043024655859, -23.002415046417241 ], [ -44.269335695186157, -23.002081922242894 ], [ -44.268526677663999, -23.001487056682265 ], [ -44.269421862828665, -23.000412836283317 ], [ -44.269471853443235, -23.000352847006241 ], [ -44.268690606985899, -22.999644645284093 ], [ -44.268360116026486, -22.999107596238503 ], [ -44.26759868792908, -22.998536524940619 ], [ -44.267339277585563, -22.998086881004724 ], [ -44.267241768592726, -22.997917865117358 ], [ -44.267336947442118, -22.997251615869345 ], [ -44.267551099403647, -22.996799517683542 ], [ -44.26769014988048, -22.996448232599789 ], [ -44.266251474725721, -22.994260077740364 ], [ -44.268528416053528, -22.992033724176963 ], [ -44.266026848360298, -22.990946838625632 ], [ -44.262555968882793, -22.989987387008284 ], [ -44.262175255283751, -22.990582251669537 ], [ -44.263219019242285, -22.99285616318133 ], [ -44.263780584706183, -22.994653174104656 ], [ -44.263106705609914, -22.996113245030187 ], [ -44.263106705609914, -22.998808759616509 ], [ -44.263460164355081, -23.000837729077887 ], [ -44.264117524703977, -23.00229046783079 ], [ -44.265339670089645, -23.001734947609691 ], [ -44.26543569610044, -23.001675852258757 ], [ -44.265480338446821, -23.001648378869561 ], [ -44.265686458563152, -23.001564291358932 ], [ -44.265738131809314, -23.001553828646252 ], [ -44.2659706919938, -23.001448119634972 ], [ -44.266184154175335, -23.001492284441326 ], [ -44.266395663928677, -23.001487641241624 ], [ -44.266635639023491, -23.001500997972641 ], [ -44.266721853430738, -23.001524878570251 ], [ -44.266794184104299, -23.001572632570912 ], [ -44.266890556354042, -23.001638435964992 ], [ -44.267599232018881, -23.001785058733446 ], [ -44.268110523581754, -23.001982602914723 ], [ -44.268150936416532, -23.001983814301525 ], [ -44.268270709925275, -23.001984372780555 ], [ -44.26843021188472, -23.00199218609049 ], [ -44.268558795152217, -23.002041521099272 ], [ -44.268696966991399, -23.002106289373728 ], [ -44.269209307163749, -23.002370056033214 ], [ -44.269366578804522, -23.002462568392787 ], [ -44.269411265217684, -23.002485162060509 ], [ -44.270070122038476, -23.002739720561635 ], [ -44.27051766875536, -23.0028810517191 ], [ -44.270606989420969, -23.00290449884352 ], [ -44.270665584748883, -23.002927761606884 ], [ -44.27327104662146, -23.003750538756321 ], [ -44.273680823611073, -23.004301618125112 ], [ -44.273687814041352, -23.004307827044556 ], [ -44.273803172778173, -23.004460717188294 ], [ -44.27395060943303, -23.004649602696986 ], [ -44.274110972043673, -23.00483556091234 ], [ -44.274295539007881, -23.005052598798329 ], [ -44.274353440059144, -23.005105372814683 ], [ -44.274418668786495, -23.005128240775662 ], [ -44.27443924977149, -23.005145907957228 ], [ -44.274476629193032, -23.005177994868518 ], [ -44.274475335967963, -23.005229124924142 ], [ -44.274457452949036, -23.0052858163873 ], [ -44.274441662652578, -23.005310924559467 ], [ -44.274436929520618, -23.005318450086349 ], [ -44.274721501995657, -23.005701150287791 ], [ -44.274778234827636, -23.005733805570628 ], [ -44.274836981241663, -23.005750432236596 ], [ -44.274832243613105, -23.00580744475775 ], [ -44.274826381831986, -23.00584219636022 ], [ -44.27489958844518, -23.005940646043939 ], [ -44.274613224520635, -23.006237856691712 ], [ -44.274606888796825, -23.006267478561256 ], [ -44.274595813645817, -23.006315289219174 ], [ -44.27453255443379, -23.006346680055174 ], [ -44.274514984378982, -23.006391311609718 ], [ -44.274485885914885, -23.00650177803459 ], [ -44.274442032273953, -23.006545714413164 ], [ -44.274398784776054, -23.006565616410001 ], [ -44.274368501005483, -23.006566135318849 ], [ -44.274333367593563, -23.006672788809791 ], [ -44.274376637171997, -23.006728467444759 ] ] ] ] } },
{ "type": "Feature", "properties": { "Densidade": "Densa", "Tipo": "Área urbanizada", "Comparacao": "Sem alteração" }, "geometry": { "type": "MultiPolygon", "coordinates": [ [ [ [ -44.224425708779393, -22.998710222698548 ], [ -44.223943868214917, -23.000187868175544 ], [ -44.224586323200185, -23.000605463871011 ], [ -44.226063967777861, -22.999513291205403 ], [ -44.227091894675141, -22.99964178184274 ], [ -44.226995526921996, -23.000284235928689 ], [ -44.227605859023129, -23.00179400428982 ], [ -44.227284631980126, -23.002564949912482 ], [ -44.226385194820864, -23.002918299839621 ], [ -44.226417317705, -23.004235330895767 ], [ -44.227156141342789, -23.004942030750101 ], [ -44.228344681761598, -23.004588680822906 ], [ -44.231556953990207, -23.006291185589703 ], [ -44.232745495308336, -23.007383358255311 ], [ -44.234062526364482, -23.007062131212365 ], [ -44.23515469903009, -23.007865198819843 ], [ -44.235540171841421, -23.007447604023639 ], [ -44.233420072278477, -23.005391750229023 ], [ -44.23216728609134, -23.003721368346419 ], [ -44.230175677165732, -23.000541218102683 ], [ -44.229179872253269, -22.99964178184274 ], [ -44.227959208950267, -22.999256309031409 ], [ -44.22828043599327, -22.997875032206935 ], [ -44.227027649806132, -22.996108281671809 ], [ -44.225421513691856, -22.993377850907052 ], [ -44.221277682319169, -22.991771714792776 ], [ -44.223108677723246, -22.987210287724565 ], [ -44.220121263885176, -22.986214483711422 ], [ -44.218868477698038, -22.989041283128643 ], [ -44.219093336987896, -22.992831764574248 ], [ -44.223044431954918, -22.994309410051187 ], [ -44.224232973273047, -22.99649375538246 ], [ -44.223494149635258, -22.997714418685405 ], [ -44.224425708779393, -22.998710222698548 ] ] ] ] } },
{ "type": "Feature", "properties": { "Densidade": "Densa", "Tipo": "Área urbanizada", "Comparacao": "Sem alteração" }, "geometry": { "type": "MultiPolygon", "coordinates": [ [ [ [ -44.248901076623326, -23.000749799663481 ], [ -44.248964379002871, -23.000513877813148 ], [ -44.248984691989904, -23.000253429651991 ], [ -44.249042382599839, -22.999471476327528 ], [ -44.249149318286356, -22.999311289084687 ], [ -44.249148603325352, -22.999241490902023 ], [ -44.249135002878063, -22.999198922392281 ], [ -44.248978171905094, -22.9989915594129 ], [ -44.249069596084951, -22.99891924852443 ], [ -44.249082793635978, -22.998922365574686 ], [ -44.249215673056611, -22.999076966107925 ], [ -44.249325051210121, -22.998425321071693 ], [ -44.249327919148129, -22.998386443379616 ], [ -44.249332805164784, -22.998379123797463 ], [ -44.249385065668207, -22.9980677686126 ], [ -44.24938551173193, -22.998067575258347 ], [ -44.249263707554007, -22.997906525565668 ], [ -44.249355131733921, -22.997834214677198 ], [ -44.249368330184268, -22.997837331727453 ], [ -44.249517183271337, -22.998010517771149 ], [ -44.250348746797158, -22.997650172917076 ], [ -44.250880950295596, -22.997758584391136 ], [ -44.250947348141551, -22.997757561861931 ], [ -44.251123406619854, -22.997801112431375 ], [ -44.251245600204243, -22.997832864794816 ], [ -44.252083374448148, -22.998003522844272 ], [ -44.252197143183594, -22.998115016294946 ], [ -44.252412645027505, -22.99821300642509 ], [ -44.25280205776869, -22.998432035410076 ], [ -44.252933678046759, -22.998526563150335 ], [ -44.253030812022303, -22.998608771077897 ], [ -44.253302666284981, -22.998913280623356 ], [ -44.253506134300608, -22.999230872606631 ], [ -44.25356732507197, -22.99933688109212 ], [ -44.253598890376452, -22.999412523069452 ], [ -44.253636233825091, -22.999525325033687 ], [ -44.253689510562424, -22.999577536973732 ], [ -44.25367166171776, -22.999637440815206 ], [ -44.253704165015165, -22.999757113599856 ], [ -44.253694871421146, -22.999829483843541 ], [ -44.253677286977165, -22.999883707566994 ], [ -44.253649847762233, -22.999928832849321 ], [ -44.253602733179548, -22.999961802894859 ], [ -44.253567024698384, -22.999991807875574 ], [ -44.253551101302264, -23.000049048824508 ], [ -44.253614857839352, -23.000295102437008 ], [ -44.253609046420308, -23.000397581083462 ], [ -44.253573667990338, -23.000472794084146 ], [ -44.253541906633643, -23.000525155311607 ], [ -44.253967304847208, -23.001269602410161 ], [ -44.255135033155227, -23.001312163725345 ], [ -44.255521758722125, -23.001436468018539 ], [ -44.255648292434728, -23.001455345687589 ], [ -44.255976347130684, -23.001520382859326 ], [ -44.2562387800956, -23.001641596182651 ], [ -44.256507414785347, -23.001787425749058 ], [ -44.25675759358802, -23.002009131116438 ], [ -44.256892985622756, -23.002202843286568 ], [ -44.256997700883119, -23.002404753676387 ], [ -44.257016850147465, -23.002506437322154 ], [ -44.25760848264531, -23.00381773609962 ], [ -44.257929709688312, -23.003464386172425 ], [ -44.257211699959953, -23.002201159755657 ], [ -44.256291450689844, -23.001087305334806 ], [ -44.255091600397009, -23.000884128699511 ], [ -44.254813806112224, -23.000605463871011 ], [ -44.255991035757631, -23.000048938207897 ], [ -44.255520505966558, -22.999706026711692 ], [ -44.2552956466767, -22.999288431915545 ], [ -44.254556823938231, -22.9980677686126 ], [ -44.253079179360611, -22.997393190743139 ], [ -44.251312428825486, -22.996847105309598 ], [ -44.250894834029339, -22.996333140961667 ], [ -44.250316624812342, -22.995497951369316 ], [ -44.249288697015686, -22.993313605138724 ], [ -44.250702096724353, -22.991289874228244 ], [ -44.24999539687002, -22.990390437968301 ], [ -44.25111969331914, -22.988848546723034 ], [ -44.250188134175005, -22.987724252072553 ], [ -44.249481434320671, -22.988206091737709 ], [ -44.24896746997274, -22.989908597403826 ], [ -44.246751001757275, -22.991065014938442 ], [ -44.245337602048664, -22.990229824446772 ], [ -44.243089011848383, -22.989523123693175 ], [ -44.24305688896419, -22.988752178969833 ], [ -44.244277553166512, -22.987338779261222 ], [ -44.243635098181187, -22.986696324275897 ], [ -44.24305688896419, -22.987178164840373 ], [ -44.241150337917702, -22.986171920597599 ], [ -44.241053970164558, -22.986718007829779 ], [ -44.239234284634506, -22.986246605696238 ], [ -44.2374675349987, -22.985507783857088 ], [ -44.235797153116096, -22.98582901090009 ], [ -44.234994084609298, -22.984833205987627 ], [ -44.233537252142412, -22.984662153135787 ], [ -44.232488513134342, -22.986214483711422 ], [ -44.233163090104483, -22.987788496941562 ], [ -44.232906107930489, -22.989009161143827 ], [ -44.23300247658301, -22.991354119097252 ], [ -44.232617003771679, -22.992253556256571 ], [ -44.234576489813094, -22.994116673645522 ], [ -44.237274798593035, -22.995080354774529 ], [ -44.236471730985556, -22.999224187046536 ], [ -44.235218943899099, -22.99880659135107 ], [ -44.234929839740289, -22.999095696409199 ], [ -44.232316588839467, -22.998217942803763 ], [ -44.231781813280008, -22.998742345582741 ], [ -44.232360021597685, -23.000412726566026 ], [ -44.233805545089808, -23.003046791376278 ], [ -44.237435412114507, -23.006451799111176 ], [ -44.23772655863371, -23.005850600524752 ], [ -44.237748515581472, -23.005804241372573 ], [ -44.237750917670667, -23.005800299644079 ], [ -44.238933869702294, -23.00335757908897 ], [ -44.240808297864589, -23.00208310934795 ], [ -44.241658602362577, -23.001635580617517 ], [ -44.241659654569332, -23.001632563392036 ], [ -44.241621283195627, -23.001520094176954 ], [ -44.24160100798008, -23.00149876855329 ], [ -44.241486517988392, -23.001404229121817 ], [ -44.241369276071168, -23.001346103240053 ], [ -44.241359004014782, -23.001327838908594 ], [ -44.241357944613412, -23.00126403290875 ], [ -44.241375867202464, -23.001142553386103 ], [ -44.241361665108741, -23.001087798163326 ], [ -44.242189472166388, -23.000513519882986 ], [ -44.24220275515296, -23.00051357474166 ], [ -44.242683070467308, -23.001096386688857 ], [ -44.243734360852045, -23.000543076102019 ], [ -44.243807687974368, -23.000492878643399 ], [ -44.243987884233434, -23.000356990182922 ], [ -44.244092419629396, -23.000327287374375 ], [ -44.245422659927783, -22.9994707289909 ], [ -44.245520137444373, -22.99961599018576 ], [ -44.2455797022414, -22.99965666742122 ], [ -44.24568358742755, -22.999763418746738 ], [ -44.245730818022764, -22.999836487763673 ], [ -44.2457219426135, -22.999915357407758 ], [ -44.245742170164988, -22.9999457949624 ], [ -44.245793965718917, -22.999999483589249 ], [ -44.245845595797562, -23.000022121323809 ], [ -44.245905970883825, -23.000092168618664 ], [ -44.246027432420021, -23.000289841403003 ], [ -44.246027863195309, -23.000323196358408 ], [ -44.246024797406449, -23.000341376153528 ], [ -44.246011884041195, -23.000348787466521 ], [ -44.246827942355594, -23.001564874119595 ], [ -44.247091662250398, -23.001895601600665 ], [ -44.247236357771669, -23.00181815918063 ], [ -44.247243105384939, -23.00179896225228 ], [ -44.247236375758121, -23.001786851082272 ], [ -44.247119560119586, -23.001656491653705 ], [ -44.24715220101325, -23.001632411406604 ], [ -44.247364535444888, -23.001491011900612 ], [ -44.247394346172086, -23.001506229328982 ], [ -44.247515348154764, -23.001668840244747 ], [ -44.248642158209009, -23.001065758477921 ], [ -44.248811397417199, -23.000948722786333 ], [ -44.248901076623326, -23.000749799663481 ] ] ] ] } },
{ "type": "Feature", "properties": { "Densidade": "Densa", "Tipo": "Área urbanizada", "Comparacao": "Sem alteração" }, "geometry": { "type": "MultiPolygon", "coordinates": [ [ [ [ -44.214446423963238, -22.971830468801045 ], [ -44.214896141643578, -22.972215941612376 ], [ -44.215268793719815, -22.971974217336196 ], [ -44.216438032888846, -22.972665660192035 ], [ -44.215804172724347, -22.973729069840658 ], [ -44.216116804946523, -22.973918446379173 ], [ -44.2168451865561, -22.973550610172481 ], [ -44.218847236610657, -22.975460336725121 ], [ -44.219714549986463, -22.976038545942117 ], [ -44.220265661730878, -22.976376219786687 ], [ -44.220549741377397, -22.977066472839397 ], [ -44.219875164407256, -22.977516191419056 ], [ -44.219879000015794, -22.97822030212518 ], [ -44.220967337072921, -22.978672608953673 ], [ -44.222436920127734, -22.980004897907691 ], [ -44.223537421414846, -22.979766951683416 ], [ -44.223061528966355, -22.978369019414686 ], [ -44.222220123260058, -22.977837417562739 ], [ -44.221384931869068, -22.976070668826253 ], [ -44.217915678365841, -22.97321174562552 ], [ -44.216598646410375, -22.97118801471504 ], [ -44.213771846993097, -22.968714565224957 ], [ -44.213322128413438, -22.968553950804164 ], [ -44.213322128413438, -22.967750883196629 ], [ -44.2140930740361, -22.967269041732834 ], [ -44.213193637776101, -22.966465974125356 ], [ -44.212358447284487, -22.966658711430341 ], [ -44.211461655930634, -22.969148606822728 ], [ -44.214446423963238, -22.971830468801045 ] ] ] ] } },
{ "type": "Feature", "properties": { "Densidade": "Densa", "Tipo": "Outros equipamentos urbanos", "Comparacao": "Densificação" }, "geometry": { "type": "MultiPolygon", "coordinates": [ [ [ [ -44.361106508858256, -22.924540589376647 ], [ -44.361737690841721, -22.924574366114086 ], [ -44.361738788014634, -22.924340147579699 ], [ -44.361972448069992, -22.924325631622537 ], [ -44.361947885786265, -22.923687010447111 ], [ -44.361501736615821, -22.923508549879614 ], [ -44.361016797886862, -22.923562432760036 ], [ -44.361005781191807, -22.923622610894711 ], [ -44.361188695202088, -22.923911804086458 ], [ -44.361145975606235, -22.92420392277279 ], [ -44.361106508858256, -22.924540589376647 ] ] ] ] } },
{ "type": "Feature", "properties": { "Densidade": "Densa", "Tipo": "Outros equipamentos urbanos", "Comparacao": "Adição" }, "geometry": { "type": "MultiPolygon", "coordinates": [ [ [ [ -44.455498500055683, -23.013451007657807 ], [ -44.456666527837967, -23.014389244268159 ], [ -44.457144911408477, -23.013921834225243 ], [ -44.457105211736064, -23.013251933729691 ], [ -44.456672636033261, -23.012853783175501 ], [ -44.455498500055683, -23.013451007657807 ] ] ] ] } },
{ "type": "Feature", "properties": { "Densidade": "Densa", "Tipo": "Outros equipamentos urbanos", "Comparacao": "Adição" }, "geometry": { "type": "MultiPolygon", "coordinates": [ [ [ [ -44.321406402083767, -22.935756554421403 ], [ -44.321435209167532, -22.936206830580716 ], [ -44.321651104015189, -22.936236545080419 ], [ -44.321739342796377, -22.936260922103827 ], [ -44.321862746868248, -22.936229353202066 ], [ -44.322081411627778, -22.936351930796945 ], [ -44.322499726780904, -22.936369440597161 ], [ -44.322850914737899, -22.936411366091647 ], [ -44.323020429748965, -22.936414470551313 ], [ -44.323167137053701, -22.936490383224566 ], [ -44.323205851069133, -22.936517585018464 ], [ -44.323279314888453, -22.936001709611162 ], [ -44.322461698048869, -22.935791576719851 ], [ -44.321691617574061, -22.935817843218842 ], [ -44.321406402083767, -22.935756554421403 ] ] ] ] } },
{ "type": "Feature", "properties": { "Densidade": "Densa", "Tipo": "Outros equipamentos urbanos", "Comparacao": "Não mapeado" }, "geometry": { "type": "MultiPolygon", "coordinates": [ [ [ [ -44.315702248759749, -22.956237396338736 ], [ -44.313204147953002, -22.95643110491153 ], [ -44.313145718100373, -22.956145930790001 ], [ -44.312902387635063, -22.956119214630007 ], [ -44.313111544761966, -22.957044972247616 ], [ -44.314063620139905, -22.957290227262149 ], [ -44.314780053356742, -22.95721567796113 ], [ -44.315764975573131, -22.956736256572924 ], [ -44.317282816248905, -22.956504400557606 ], [ -44.318708891002473, -22.956353389996877 ], [ -44.318885567315021, -22.955710116628552 ], [ -44.318704138085479, -22.955348839177532 ], [ -44.31771301504358, -22.955615844295721 ], [ -44.317553770290203, -22.956025105973822 ], [ -44.315702248759749, -22.956237396338736 ] ] ] ] } },
{ "type": "Feature", "properties": { "Densidade": "Densa", "Tipo": "Outros equipamentos urbanos", "Comparacao": "Sem alteração" }, "geometry": { "type": "MultiPolygon", "coordinates": [ [ [ [ -44.458645102889136, -23.015663349783722 ], [ -44.458634724712738, -23.014841622143081 ], [ -44.458635152790009, -23.014734172044371 ], [ -44.458876493253968, -23.014718753516433 ], [ -44.45886447344666, -23.014584531951627 ], [ -44.458615348819251, -23.014563445646445 ], [ -44.458656723029321, -23.014462455377952 ], [ -44.458548152375272, -23.014291425908539 ], [ -44.458657679907958, -23.014222271640506 ], [ -44.458664961718569, -23.01410852448879 ], [ -44.458577304798723, -23.01383011236976 ], [ -44.458325143890249, -23.013709157151823 ], [ -44.457990767859599, -23.013657447932815 ], [ -44.457919620799885, -23.013606069991333 ], [ -44.458170245560325, -23.014503302585297 ], [ -44.457856552138139, -23.015676799144899 ], [ -44.458578115087903, -23.016174301402827 ], [ -44.458628871080776, -23.016137820570343 ], [ -44.458645102889136, -23.015663349783722 ] ] ], [ [ [ -44.457815608703356, -23.013062701982051 ], [ -44.457760407554261, -23.013036089143835 ], [ -44.457823027131901, -23.013260266220279 ], [ -44.457815608703356, -23.013062701982051 ] ] ], [ [ [ -44.457525133078377, -23.012277940074853 ], [ -44.457635013145307, -23.012120298812704 ], [ -44.457862587136816, -23.011806824737096 ], [ -44.457822278974959, -23.011704924442654 ], [ -44.457810668727348, -23.01119290622762 ], [ -44.457816472951833, -23.011184579404755 ], [ -44.457799611562791, -23.011032826903374 ], [ -44.458097537127323, -23.010734901338871 ], [ -44.457982674860489, -23.010553951403665 ], [ -44.458079477885576, -23.010250889766724 ], [ -44.458399836183446, -23.01039104101369 ], [ -44.458530728010658, -23.010100735360595 ], [ -44.458387542451078, -23.010049680848056 ], [ -44.458421983787503, -23.009973949837843 ], [ -44.458285728403609, -23.009897636067024 ], [ -44.458347507331553, -23.009815678150972 ], [ -44.458450727135329, -23.00975644753996 ], [ -44.458268211408779, -23.009468917556433 ], [ -44.458365014433809, -23.009165855919491 ], [ -44.458685371832416, -23.009306007166458 ], [ -44.4587834986595, -23.009088371231314 ], [ -44.45878868415042, -23.009065160628609 ], [ -44.458763017499223, -23.008996716824981 ], [ -44.458673078100048, -23.008964647000823 ], [ -44.458707520335736, -23.00888891599061 ], [ -44.45857126405258, -23.008812602219791 ], [ -44.458633042980523, -23.008730644303739 ], [ -44.458797291561723, -23.008636393554696 ], [ -44.459104724803183, -23.008593200016151 ], [ -44.459578994874676, -23.008599985400963 ], [ -44.459740938493496, -23.008579163397656 ], [ -44.45994543353487, -23.008497387144644 ], [ -44.460075399959692, -23.008435002972988 ], [ -44.460383583235739, -23.008085585781089 ], [ -44.460530441626531, -23.008216582828993 ], [ -44.460570180869126, -23.008197508208411 ], [ -44.460684393869656, -23.008092554627638 ], [ -44.461023699983741, -23.00761752642768 ], [ -44.460952409825836, -23.007556582969869 ], [ -44.461185309954033, -23.00736775501781 ], [ -44.461955706090919, -23.007661127359086 ], [ -44.46195270505325, -23.007764871351696 ], [ -44.46218042868378, -23.007849454388747 ], [ -44.462183072690607, -23.007739423235762 ], [ -44.462651098769129, -23.007928958954267 ], [ -44.463523845848783, -23.008241633444584 ], [ -44.464485060137349, -23.008630450834573 ], [ -44.465105454752916, -23.008872733589726 ], [ -44.466323869750738, -23.009336826932952 ], [ -44.466440492035019, -23.009383604269885 ], [ -44.467840408208247, -23.009887232709559 ], [ -44.468074463065989, -23.01006685610048 ], [ -44.468098242040185, -23.01007743122841 ], [ -44.468100184575803, -23.010086596219423 ], [ -44.469289248400059, -23.010999132903635 ], [ -44.470401147694758, -23.010729580905377 ], [ -44.471075026791027, -23.009482904712229 ], [ -44.471216268915612, -23.008741386705594 ], [ -44.469547855648955, -23.007770222317845 ], [ -44.46982110925677, -23.00671624655746 ], [ -44.468918615301789, -23.006248286129448 ], [ -44.468042572206912, -23.005608101032976 ], [ -44.466998060012429, -23.005439631933427 ], [ -44.466223098916828, -23.006618920127039 ], [ -44.46551552582082, -23.006753696126111 ], [ -44.464942728723884, -23.006214592129652 ], [ -44.463999297629414, -23.005068997935837 ], [ -44.462814357196805, -23.004608188017414 ], [ -44.462082298259418, -23.00479589541419 ], [ -44.461665892367023, -23.005182558028594 ], [ -44.461011540250354, -23.005658449577766 ], [ -44.459970526418601, -23.005539477364948 ], [ -44.458810538575449, -23.004974355082368 ], [ -44.455955185683251, -23.004082056741481 ], [ -44.454344796675002, -23.002908750838117 ], [ -44.453781181656154, -23.003407334081146 ], [ -44.454059583882668, -23.005035303936097 ], [ -44.454969320977341, -23.005641795032773 ], [ -44.454160665882, -23.007730820321058 ], [ -44.454362829880665, -23.008707945415324 ], [ -44.455732157413081, -23.009845550931402 ], [ -44.456721406267832, -23.009920926709356 ], [ -44.456881063809988, -23.011406330637612 ], [ -44.457379647053017, -23.012425174382258 ], [ -44.457532872683679, -23.012619260265861 ], [ -44.457525133078377, -23.012277940074853 ] ] ] ] } },
{ "type": "Feature", "properties": { "Densidade": "Pouco densa", "Tipo": "Área urbanizada", "Comparacao": "Adição" }, "geometry": { "type": "MultiPolygon", "coordinates": [ [ [ [ -44.404430730593674, -22.939690635114687 ], [ -44.404426984018073, -22.93987630105039 ], [ -44.404651777657364, -22.939903614360276 ], [ -44.404825597723118, -22.940156464149482 ], [ -44.405238846095813, -22.941383250036893 ], [ -44.406130142591962, -22.941116216140415 ], [ -44.406327416976694, -22.94065437829687 ], [ -44.4064010984319, -22.939474603570034 ], [ -44.406184808781859, -22.938649414438885 ], [ -44.405778531054295, -22.937718025266634 ], [ -44.405635455212064, -22.938136381788524 ], [ -44.405048215902411, -22.9383000988704 ], [ -44.405490781274466, -22.939465775824829 ], [ -44.404430730593674, -22.939690635114687 ] ] ] ] } },
{ "type": "Feature", "properties": { "Densidade": "Pouco densa", "Tipo": "Área urbanizada", "Comparacao": "Adição" }, "geometry": { "type": "MultiPolygon", "coordinates": [ [ [ [ -44.389236682826606, -22.945119374659384 ], [ -44.389397745109818, -22.946049414848574 ], [ -44.390334813500772, -22.945970200764123 ], [ -44.389417272988737, -22.937475148059605 ], [ -44.38839559458097, -22.937963775807589 ], [ -44.387384324027266, -22.938231465309855 ], [ -44.387116583263662, -22.938469971811685 ], [ -44.387148706147855, -22.9425495574161 ], [ -44.389140315073462, -22.944316307051906 ], [ -44.389236682826606, -22.945119374659384 ] ] ] ] } },
{ "type": "Feature", "properties": { "Densidade": "Pouco densa", "Tipo": "Área urbanizada", "Comparacao": "Adição" }, "geometry": { "type": "MultiPolygon", "coordinates": [ [ [ [ -44.391422304295872, -22.92183692423464 ], [ -44.390923773213501, -22.921813183931249 ], [ -44.390299164374881, -22.921753698274529 ], [ -44.3897340420923, -22.921277805826037 ], [ -44.38961506898022, -22.920444994041191 ], [ -44.389703813180404, -22.920039307168224 ], [ -44.388480081390583, -22.920024369429086 ], [ -44.388665471234447, -22.921134261436976 ], [ -44.388503849572942, -22.921613677429207 ], [ -44.388681909042816, -22.922019742017426 ], [ -44.389032864974695, -22.921956355101656 ], [ -44.389001318555984, -22.922987052810186 ], [ -44.388627443401731, -22.923413120119335 ], [ -44.388546632121347, -22.92399541675502 ], [ -44.389968203969374, -22.923932552345377 ], [ -44.390316829757865, -22.924721009566895 ], [ -44.390533630222819, -22.924617113588852 ], [ -44.391389275794381, -22.9243150223204 ], [ -44.391415419985606, -22.923496305609945 ], [ -44.39113733521981, -22.922813309186836 ], [ -44.391422304295872, -22.92183692423464 ] ] ] ] } },
{ "type": "Feature", "properties": { "Densidade": "Pouco densa", "Tipo": "Área urbanizada", "Comparacao": "Adição" }, "geometry": { "type": "MultiPolygon", "coordinates": [ [ [ [ -44.288365836214325, -22.890005354763275 ], [ -44.288732783890794, -22.89153473913683 ], [ -44.289474343266306, -22.89210403517302 ], [ -44.289773819306276, -22.8927193090488 ], [ -44.289258055414905, -22.892616398727796 ], [ -44.289153475952105, -22.892960163680584 ], [ -44.288468959674731, -22.892931699238488 ], [ -44.288302584196856, -22.893625794194975 ], [ -44.289139365589222, -22.893755757022518 ], [ -44.289712022391882, -22.893382752412037 ], [ -44.289902166052059, -22.892968921278623 ], [ -44.290790895883106, -22.892960036876161 ], [ -44.290846086377769, -22.892598841263464 ], [ -44.291154736401893, -22.892559469843604 ], [ -44.292008004166007, -22.893043367157645 ], [ -44.292331246589697, -22.892778427782162 ], [ -44.292038902173545, -22.892132499615116 ], [ -44.291729919400211, -22.891790922712858 ], [ -44.291668121586497, -22.89144934491128 ], [ -44.292319363847525, -22.891112145009458 ], [ -44.291596863804159, -22.89036547658543 ], [ -44.290965637753914, -22.89062450111976 ], [ -44.289201885558555, -22.889234246363344 ], [ -44.288365836214325, -22.890005354763275 ] ] ] ] } },
{ "type": "Feature", "properties": { "Densidade": "Pouco densa", "Tipo": "Área urbanizada", "Comparacao": "Adição" }, "geometry": { "type": "MultiPolygon", "coordinates": [ [ [ [ -44.17405727912012, -23.029226809769398 ], [ -44.174873553271823, -23.029502782927068 ], [ -44.175429722803415, -23.02944591070019 ], [ -44.176078587256939, -23.029332168045073 ], [ -44.176603858780993, -23.029332168045073 ], [ -44.177129129405728, -23.029104680936257 ], [ -44.177376316164043, -23.028422216911736 ], [ -44.176851044639932, -23.028166292340472 ], [ -44.176241623552016, -23.028102515118917 ], [ -44.175759782987541, -23.02909832003138 ], [ -44.174474873916267, -23.028391620177104 ], [ -44.17405727912012, -23.029226809769398 ] ] ] ] } },
{ "type": "Feature", "properties": { "Densidade": "Pouco densa", "Tipo": "Área urbanizada", "Comparacao": "Adição" }, "geometry": { "type": "MultiPolygon", "coordinates": [ [ [ [ -44.176980447189862, -23.025179347049175 ], [ -44.177398629243328, -23.025488944958795 ], [ -44.177184477281742, -23.025988631669975 ], [ -44.178775985023663, -23.027160389840049 ], [ -44.179477399562302, -23.027028844205745 ], [ -44.179786383234955, -23.026886662289598 ], [ -44.179755485227417, -23.026460115641783 ], [ -44.179106620773894, -23.026204186573921 ], [ -44.17892123093003, -23.025862948716053 ], [ -44.17856590069573, -23.025592801366656 ], [ -44.178735841086166, -23.024952975099666 ], [ -44.178365061398438, -23.024497985593541 ], [ -44.177777993859308, -23.024441111568024 ], [ -44.177252723234574, -23.024697044233164 ], [ -44.176980447189862, -23.025179347049175 ] ] ] ] } },
{ "type": "Feature", "properties": { "Densidade": "Pouco densa", "Tipo": "Área urbanizada", "Comparacao": "Adição" }, "geometry": { "type": "MultiPolygon", "coordinates": [ [ [ [ -44.295468304018982, -23.001802589218073 ], [ -44.294955587030699, -23.001243261267462 ], [ -44.295143230575604, -23.000885846404628 ], [ -44.294296961335647, -23.000067751125755 ], [ -44.293830097181171, -23.000336625934494 ], [ -44.293880232586616, -23.001845966218298 ], [ -44.295468304018982, -23.001802589218073 ] ] ] ] } },
{ "type": "Feature", "properties": { "Densidade": "Pouco densa", "Tipo": "Área urbanizada", "Comparacao": "Adição" }, "geometry": { "type": "MultiPolygon", "coordinates": [ [ [ [ -44.35299178484297, -23.161107390293807 ], [ -44.352883180914034, -23.161060708284992 ], [ -44.352673281846421, -23.161096089412979 ], [ -44.352501876460394, -23.161160663433805 ], [ -44.352323944694263, -23.161219382868182 ], [ -44.352095820865372, -23.161330719836826 ], [ -44.351866621447357, -23.161260843413174 ], [ -44.351694034352136, -23.161149962400827 ], [ -44.35155297658855, -23.161027266095402 ], [ -44.351444099265734, -23.160957143257519 ], [ -44.351361832882219, -23.160832499020557 ], [ -44.351347531863041, -23.160810832553807 ], [ -44.351238588889714, -23.160723059621432 ], [ -44.351034163096131, -23.1606588156518 ], [ -44.350919058867419, -23.160612040113506 ], [ -44.350740745788755, -23.160629847589348 ], [ -44.350738272177416, -23.160634112822592 ], [ -44.350999921409198, -23.161041214580337 ], [ -44.350999921409198, -23.161666190342373 ], [ -44.351308903283211, -23.162404792746941 ], [ -44.352081360666205, -23.162404792746941 ], [ -44.352513937268327, -23.161723005911938 ], [ -44.353081935582793, -23.161211430163348 ], [ -44.353015030053349, -23.16109396574123 ], [ -44.35299178484297, -23.161107390293807 ] ] ] ] } },
{ "type": "Feature", "properties": { "Densidade": "Pouco densa", "Tipo": "Área urbanizada", "Comparacao": "Adição" }, "geometry": { "type": "MultiPolygon", "coordinates": [ [ [ [ -44.311970684599373, -22.951157657599765 ], [ -44.312355724836777, -22.951525349914903 ], [ -44.313754589702512, -22.951588208029307 ], [ -44.313856803948283, -22.951798428154916 ], [ -44.315198369409188, -22.951606329368587 ], [ -44.315697494943379, -22.950982567691312 ], [ -44.315510505205623, -22.95092504795258 ], [ -44.31472776407503, -22.950905965238064 ], [ -44.314659110729337, -22.951162332275771 ], [ -44.313733911590703, -22.951016239208002 ], [ -44.313743771757629, -22.950772457283051 ], [ -44.314250028915637, -22.95003269295438 ], [ -44.312926154918046, -22.949988920252395 ], [ -44.312462680308386, -22.950614873577535 ], [ -44.311970684599373, -22.951157657599765 ] ] ] ] } },
{ "type": "Feature", "properties": { "Densidade": "Pouco densa", "Tipo": "Área urbanizada", "Comparacao": "Adição" }, "geometry": { "type": "MultiPolygon", "coordinates": [ [ [ [ -44.341865240288541, -22.942965837403449 ], [ -44.341997003558845, -22.943000707716465 ], [ -44.342522264291006, -22.942927025361882 ], [ -44.342928462878206, -22.942733920234161 ], [ -44.342849675971706, -22.942609656410468 ], [ -44.3422231821541, -22.942599452702552 ], [ -44.33946987713307, -22.941585303418947 ], [ -44.339329909347782, -22.941795621570634 ], [ -44.33945302833456, -22.941900381797154 ], [ -44.339528919424026, -22.941955030000599 ], [ -44.340003760565082, -22.942107324793142 ], [ -44.340024025888056, -22.942269450075003 ], [ -44.34011495813877, -22.942324799749656 ], [ -44.340227943564685, -22.942383612713513 ], [ -44.340982036791502, -22.942606250677898 ], [ -44.340968855428287, -22.942678749524646 ], [ -44.340995544608631, -22.942719843146222 ], [ -44.341151653426039, -22.942720043695033 ], [ -44.341242661219781, -22.942770909349917 ], [ -44.341356259983343, -22.942770909349917 ], [ -44.341865240288541, -22.942965837403449 ] ] ] ] } },
{ "type": "Feature", "properties": { "Densidade": "Pouco densa", "Tipo": "Área urbanizada", "Comparacao": "Adição" }, "geometry": { "type": "MultiPolygon", "coordinates": [ [ [ [ -44.426456472887878, -22.942797206425894 ], [ -44.425903590378368, -22.943976670886627 ], [ -44.426617152959182, -22.943998927308598 ], [ -44.426745484416529, -22.943294889447543 ], [ -44.427320977680949, -22.942716202690576 ], [ -44.427937213831285, -22.94158024203449 ], [ -44.426235350281161, -22.940815365936317 ], [ -44.425795723893486, -22.941392004937029 ], [ -44.426190271763573, -22.941705003183301 ], [ -44.426456472887878, -22.942797206425894 ] ] ] ] } },
{ "type": "Feature", "properties": { "Densidade": "Pouco densa", "Tipo": "Área urbanizada", "Comparacao": "Adição" }, "geometry": { "type": "MultiPolygon", "coordinates": [ [ [ [ -44.396220105573377, -22.925317614416315 ], [ -44.396283091391524, -22.92605860811824 ], [ -44.39706030259083, -22.92600825957345 ], [ -44.397427517365998, -22.926469053304118 ], [ -44.39776466780512, -22.926531125411088 ], [ -44.398170264745886, -22.92538547455996 ], [ -44.397835580247772, -22.925174838048292 ], [ -44.397551068027326, -22.925279706193464 ], [ -44.397465391414642, -22.925579768591376 ], [ -44.396621784167962, -22.925580300990077 ], [ -44.396884420379649, -22.925189553654945 ], [ -44.397486935573568, -22.924805373169363 ], [ -44.3972884749831, -22.924322683644903 ], [ -44.396436394324098, -22.923923176913036 ], [ -44.395802979324003, -22.924093924894692 ], [ -44.396220105573377, -22.925317614416315 ] ] ] ] } },
{ "type": "Feature", "properties": { "Densidade": "Pouco densa", "Tipo": "Área urbanizada", "Comparacao": "Adição" }, "geometry": { "type": "MultiPolygon", "coordinates": [ [ [ [ -44.382913633157614, -22.919890830897089 ], [ -44.383605280159486, -22.920814647777718 ], [ -44.384541736112169, -22.920343983987607 ], [ -44.38492677634963, -22.921162718684457 ], [ -44.38492677634963, -22.92176034876104 ], [ -44.384995703988523, -22.923211724141709 ], [ -44.385416493176592, -22.923601632409373 ], [ -44.385759025158848, -22.923513941315321 ], [ -44.386008217405276, -22.923268640435367 ], [ -44.385763260066369, -22.922444245405529 ], [ -44.385927371051309, -22.922419549122822 ], [ -44.3858489726519, -22.921596164931032 ], [ -44.38522546638211, -22.920425163990103 ], [ -44.384955298348302, -22.920427171276913 ], [ -44.384185217873437, -22.919284436927171 ], [ -44.382913633157614, -22.919890830897089 ] ] ] ] } },
{ "type": "Feature", "properties": { "Densidade": "Pouco densa", "Tipo": "Área urbanizada", "Comparacao": "Adição" }, "geometry": { "type": "MultiPolygon", "coordinates": [ [ [ [ -44.380068612576395, -22.916825994424073 ], [ -44.379169307617417, -22.917531567427829 ], [ -44.378123234199848, -22.916985631281818 ], [ -44.377681084314531, -22.917748518079577 ], [ -44.377128294435181, -22.917827271711189 ], [ -44.377138007113274, -22.918040870589664 ], [ -44.378160413971898, -22.917890956302529 ], [ -44.378444452249653, -22.918807110060015 ], [ -44.379086997167121, -22.918686796058751 ], [ -44.380311046417603, -22.919746347615785 ], [ -44.380770794236696, -22.919188265226239 ], [ -44.381299197200121, -22.917797718190116 ], [ -44.381917757198721, -22.91767758765053 ], [ -44.381898742832675, -22.91615390857595 ], [ -44.381632934712115, -22.915603039648488 ], [ -44.381152431439489, -22.915523414573897 ], [ -44.380642936722097, -22.914643820955519 ], [ -44.380148479568618, -22.91447329960306 ], [ -44.379590877417002, -22.914592995770079 ], [ -44.379072822053047, -22.91508313797641 ], [ -44.379640789790585, -22.915343900000948 ], [ -44.379690676083783, -22.91572996456614 ], [ -44.37934633466557, -22.916060694745227 ], [ -44.380068612576395, -22.916825994424073 ] ] ] ] } },
{ "type": "Feature", "properties": { "Densidade": "Pouco densa", "Tipo": "Área urbanizada", "Comparacao": "Adição" }, "geometry": { "type": "MultiPolygon", "coordinates": [ [ [ [ -44.331494591202386, -22.912294331318265 ], [ -44.331305049188643, -22.912685831385943 ], [ -44.330996909080056, -22.912780985054383 ], [ -44.330861431609719, -22.9134290041452 ], [ -44.332277574250611, -22.913677622624164 ], [ -44.333319035045406, -22.913353612179435 ], [ -44.333319035045406, -22.912910151082542 ], [ -44.33250419531231, -22.912736665564637 ], [ -44.332539723929074, -22.912447046993577 ], [ -44.332056957962209, -22.912319050084022 ], [ -44.331932794862553, -22.912586017430726 ], [ -44.331494591202386, -22.912294331318265 ] ] ] ] } },
{ "type": "Feature", "properties": { "Densidade": "Densa", "Tipo": "Área urbanizada", "Comparacao": "Adição" }, "geometry": { "type": "MultiPolygon", "coordinates": [ [ [ [ -44.348487955754536, -22.908390386906774 ], [ -44.348134479922294, -22.909122355911961 ], [ -44.346904781130718, -22.908866531165415 ], [ -44.346520061951253, -22.909519138597318 ], [ -44.346707507645306, -22.910543541950858 ], [ -44.346769479028183, -22.910907243074746 ], [ -44.347594051224462, -22.911117136746441 ], [ -44.348273813685523, -22.911104001248589 ], [ -44.348908164879845, -22.910277535979446 ], [ -44.348545317212597, -22.909815106381984 ], [ -44.348762918074158, -22.909325081087559 ], [ -44.348908417589371, -22.908362984564064 ], [ -44.348487955754536, -22.908390386906774 ] ] ] ] } },
{ "type": "Feature", "properties": { "Densidade": "Densa", "Tipo": "Área urbanizada", "Comparacao": "Adição" }, "geometry": { "type": "MultiPolygon", "coordinates": [ [ [ [ -44.343559607989448, -22.902159717397012 ], [ -44.343127674402581, -22.902539301447575 ], [ -44.343205029588376, -22.902908383215276 ], [ -44.343921906170976, -22.903066889625222 ], [ -44.345910987102343, -22.903061929864123 ], [ -44.346441307420378, -22.902142952235408 ], [ -44.345670905887573, -22.90202025503072 ], [ -44.344827992018168, -22.902202123129427 ], [ -44.34439910443507, -22.901996028194105 ], [ -44.343559607989448, -22.902159717397012 ] ] ] ] } },
{ "type": "Feature", "properties": { "Densidade": "Pouco densa", "Tipo": "Área urbanizada", "Comparacao": "Adição" }, "geometry": { "type": "MultiPolygon", "coordinates": [ [ [ [ -44.330816272153186, -22.903261748430907 ], [ -44.331588730435499, -22.903802530562302 ], [ -44.332052204145839, -22.903631757399637 ], [ -44.332515678755556, -22.903062509926826 ], [ -44.331652416825534, -22.901853709580962 ], [ -44.330476391372315, -22.901924008686024 ], [ -44.329920221840723, -22.902578648585745 ], [ -44.330816272153186, -22.903261748430907 ] ] ] ] } },
{ "type": "Feature", "properties": { "Densidade": "Pouco densa", "Tipo": "Área urbanizada", "Comparacao": "Adição" }, "geometry": { "type": "MultiPolygon", "coordinates": [ [ [ [ -44.334554967038059, -22.900244701032079 ], [ -44.334524069030522, -22.901127051971798 ], [ -44.335018441647719, -22.901941523882158 ], [ -44.334752241422734, -22.902622436576166 ], [ -44.335149165301686, -22.902865462171292 ], [ -44.336541966038851, -22.90073514001466 ], [ -44.336763007706622, -22.900835855090577 ], [ -44.336976770261685, -22.900642224758826 ], [ -44.336594255320563, -22.900102386016272 ], [ -44.335512814264916, -22.899789292441824 ], [ -44.335142034577188, -22.899789292441824 ], [ -44.334554967038059, -22.900244701032079 ] ] ] ] } },
{ "type": "Feature", "properties": { "Densidade": "Pouco densa", "Tipo": "Área urbanizada", "Comparacao": "Adição" }, "geometry": { "type": "MultiPolygon", "coordinates": [ [ [ [ -44.305581866609828, -22.885743115052662 ], [ -44.305170681281879, -22.886752561781236 ], [ -44.304664371063836, -22.886495576009963 ], [ -44.304489621099094, -22.886601985593131 ], [ -44.305042335435417, -22.887212394136611 ], [ -44.304391093174388, -22.887394136330272 ], [ -44.303661417440424, -22.887716017180423 ], [ -44.302822410225986, -22.887578068373102 ], [ -44.302206820688184, -22.886741613434651 ], [ -44.301840794816769, -22.886640887566841 ], [ -44.30139395766497, -22.886835769754953 ], [ -44.301035063417373, -22.886886131789481 ], [ -44.300982772337022, -22.887199255940857 ], [ -44.301434488310917, -22.887226315641897 ], [ -44.302111748858067, -22.888090449914273 ], [ -44.305536707153294, -22.889069222566548 ], [ -44.307382771597588, -22.889889837745784 ], [ -44.308027586403966, -22.888898431417431 ], [ -44.307999064405237, -22.88825905301286 ], [ -44.307716225823128, -22.888116725406519 ], [ -44.307279079765692, -22.888377241016826 ], [ -44.306696581681877, -22.888000673292368 ], [ -44.306054847952851, -22.887159841353537 ], [ -44.306775016054132, -22.886110983634921 ], [ -44.305025697078236, -22.884992047145204 ], [ -44.304521816828355, -22.885613922944117 ], [ -44.305581866609828, -22.885743115052662 ] ] ] ] } },
{ "type": "Feature", "properties": { "Densidade": "Pouco densa", "Tipo": "Área urbanizada", "Comparacao": "Adição" }, "geometry": { "type": "MultiPolygon", "coordinates": [ [ [ [ -44.330013777413853, -22.878863498351734 ], [ -44.330060452228054, -22.879427883190203 ], [ -44.329351349385206, -22.879623021685063 ], [ -44.329425849223526, -22.879949053805717 ], [ -44.330229204614056, -22.880091390405312 ], [ -44.330291002427771, -22.880660734105561 ], [ -44.329951119848261, -22.880916936567303 ], [ -44.330105611684587, -22.881970215353135 ], [ -44.330414593558601, -22.883080417627127 ], [ -44.332206695982165, -22.884418341733067 ], [ -44.332965736379606, -22.883987440567864 ], [ -44.332144691324402, -22.883060932016349 ], [ -44.332128579969947, -22.882742538737148 ], [ -44.333501899592932, -22.883122022962937 ], [ -44.334771107400627, -22.883962880082777 ], [ -44.33535832332791, -22.883251217769441 ], [ -44.334678559967529, -22.88259648434024 ], [ -44.333628017818739, -22.882511084718715 ], [ -44.332917357350141, -22.882681884861029 ], [ -44.332515678755556, -22.882511084718715 ], [ -44.332639272584345, -22.881998681593814 ], [ -44.333328541778712, -22.881593576582247 ], [ -44.33179669955797, -22.880145777805353 ], [ -44.332646402409523, -22.879911827268984 ], [ -44.332886458443284, -22.879607446326531 ], [ -44.334048709879994, -22.879392847401959 ], [ -44.334060594420862, -22.879151967589166 ], [ -44.333083549366279, -22.879129059158686 ], [ -44.332847542080344, -22.878826223251565 ], [ -44.331740843565058, -22.879038098129683 ], [ -44.332052204145839, -22.877415443268035 ], [ -44.330816272153186, -22.877244636830483 ], [ -44.329760976188084, -22.878085529923226 ], [ -44.32957558634422, -22.878696487952539 ], [ -44.330013777413853, -22.878863498351734 ] ] ] ] } },
{ "type": "Feature", "properties": { "Densidade": "Pouco densa", "Tipo": "Área urbanizada", "Comparacao": "Adição" }, "geometry": { "type": "MultiPolygon", "coordinates": [ [ [ [ -44.34652085875058, -22.961154513370047 ], [ -44.346429475939544, -22.961051227132373 ], [ -44.346198347475706, -22.961003783397814 ], [ -44.345917175493163, -22.960953232083828 ], [ -44.345952883818484, -22.961075887442234 ], [ -44.345989357622727, -22.961673656913717 ], [ -44.345796846946882, -22.962012730103368 ], [ -44.345593254700333, -22.962073081857266 ], [ -44.34559980396029, -22.962220958401925 ], [ -44.345666308553234, -22.962397307189917 ], [ -44.345544125760739, -22.962597970220088 ], [ -44.345843944442436, -22.962806434869037 ], [ -44.346690409734606, -22.962925196640469 ], [ -44.3465443508411, -22.963075771929311 ], [ -44.346909760676851, -22.963216289200318 ], [ -44.347096455437054, -22.963020497797686 ], [ -44.346914287864024, -22.962621268956354 ], [ -44.34626542430982, -22.962706618215805 ], [ -44.346389017239289, -22.961938468585402 ], [ -44.346636203098228, -22.961397917579802 ], [ -44.346636203098228, -22.961246771017713 ], [ -44.34652085875058, -22.961154513370047 ] ] ] ] } },
{ "type": "Feature", "properties": { "Densidade": "Pouco densa", "Tipo": "Área urbanizada", "Comparacao": "Adição" }, "geometry": { "type": "MultiPolygon", "coordinates": [ [ [ [ -44.249033840839047, -23.109914008024987 ], [ -44.248991700406634, -23.10968216999612 ], [ -44.248882171974628, -23.109272642118697 ], [ -44.248890542864217, -23.109264909747765 ], [ -44.248932105931885, -23.10893252931271 ], [ -44.248948602196208, -23.108654220615733 ], [ -44.248923139691101, -23.108422294453305 ], [ -44.248855738201712, -23.108182694375785 ], [ -44.248788414054047, -23.107912251149401 ], [ -44.248771557161604, -23.10769591563394 ], [ -44.248754640913887, -23.107479545944273 ], [ -44.248746251138527, -23.107216984376294 ], [ -44.248645680853429, -23.106931665463947 ], [ -44.248662458605565, -23.1067545826578 ], [ -44.248587091820809, -23.10654582482988 ], [ -44.24858724740352, -23.106221260402776 ], [ -44.248600361391091, -23.106116663237913 ], [ -44.24788270232483, -23.106141572375634 ], [ -44.247388329707633, -23.106596285789919 ], [ -44.246989028021176, -23.107593151003073 ], [ -44.246817899626308, -23.107907949692105 ], [ -44.247226708046071, -23.108380145926958 ], [ -44.246922478189788, -23.108703686026217 ], [ -44.247074593117929, -23.108922294128547 ], [ -44.246865435091706, -23.109088436681986 ], [ -44.247103114217282, -23.10930704388494 ], [ -44.247797138127396, -23.108878572687956 ], [ -44.248472146772087, -23.109411974982606 ], [ -44.249062119474402, -23.110022433556672 ], [ -44.249033840839047, -23.109914008024987 ] ] ] ] } },
{ "type": "Feature", "properties": { "Densidade": "Pouco densa", "Tipo": "Área urbanizada", "Comparacao": "Adição" }, "geometry": { "type": "MultiPolygon", "coordinates": [ [ [ [ -44.229829009201353, -23.028194453711023 ], [ -44.229809278075663, -23.027306588128511 ], [ -44.229916373841547, -23.025978597034566 ], [ -44.229570540448037, -23.025697084952469 ], [ -44.22765248437463, -23.025580466265467 ], [ -44.227055909202818, -23.026177634090516 ], [ -44.227199614570509, -23.027135498404505 ], [ -44.22853902795373, -23.026836048444807 ], [ -44.228705403431604, -23.027636638420063 ], [ -44.226350001651213, -23.027969123176433 ], [ -44.226371392925387, -23.028894387965579 ], [ -44.229829009201353, -23.028194453711023 ] ] ] ] } },
{ "type": "Feature", "properties": { "Densidade": "Pouco densa", "Tipo": "Área urbanizada", "Comparacao": "Adição" }, "geometry": { "type": "MultiPolygon", "coordinates": [ [ [ [ -44.296584525455444, -23.025854349398685 ], [ -44.296658715027661, -23.025892296292398 ], [ -44.296824567100032, -23.025957042983123 ], [ -44.297673480346816, -23.025980718535266 ], [ -44.297752553237672, -23.025961967670639 ], [ -44.297943998216908, -23.025891117281219 ], [ -44.298077640170902, -23.025971794562622 ], [ -44.298160250095407, -23.025994293801546 ], [ -44.298616379042642, -23.026007014711922 ], [ -44.299094714949092, -23.025476135914914 ], [ -44.29962974141938, -23.025330183141421 ], [ -44.300501174589499, -23.025011732305529 ], [ -44.301951971706103, -23.024467176618884 ], [ -44.301952294562682, -23.024284850765184 ], [ -44.301658673109216, -23.024114877099862 ], [ -44.30019491226534, -23.02442673860304 ], [ -44.299258112771668, -23.02445174515185 ], [ -44.298492785213796, -23.025409845987554 ], [ -44.29660365403538, -23.025607886594628 ], [ -44.296584525455444, -23.025854349398685 ] ] ] ] } },
{ "type": "Feature", "properties": { "Densidade": "Pouco densa", "Tipo": "Área urbanizada", "Comparacao": "Adição" }, "geometry": { "type": "MultiPolygon", "coordinates": [ [ [ [ -44.290881652766018, -23.022990527590707 ], [ -44.291190238938327, -23.023867693938882 ], [ -44.292180024688321, -23.023867693938882 ], [ -44.293175465375384, -23.024213153214419 ], [ -44.293456362321194, -23.023931130317351 ], [ -44.293518158336269, -23.023296765633177 ], [ -44.292491986915593, -23.022969550004689 ], [ -44.292222806337406, -23.02324645396061 ], [ -44.291544502576699, -23.022901412869885 ], [ -44.290881652766018, -23.022990527590707 ] ] ] ] } },
{ "type": "Feature", "properties": { "Densidade": "Pouco densa", "Tipo": "Área urbanizada", "Comparacao": "Adição" }, "geometry": { "type": "MultiPolygon", "coordinates": [ [ [ [ -44.18454472226108, -23.013549344926275 ], [ -44.184884603941271, -23.014089689087825 ], [ -44.185069993785135, -23.015255685301611 ], [ -44.184452027339148, -23.016251040553016 ], [ -44.183710467963692, -23.017217950248153 ], [ -44.18327789226089, -23.018127976025255 ], [ -44.182289146127175, -23.019009558044615 ], [ -44.18111501104886, -23.022080830066216 ], [ -44.180929621204996, -23.022848637054892 ], [ -44.180526225804613, -23.023591162302239 ], [ -44.180898722298139, -23.023787063422219 ], [ -44.18176387640176, -23.023019260030765 ], [ -44.182072858275774, -23.022649576616629 ], [ -44.182381841049107, -23.021455205893005 ], [ -44.182412739056645, -23.021057081419144 ], [ -44.182752620736835, -23.019748944658033 ], [ -44.183834061792481, -23.017872031668901 ], [ -44.184359332417216, -23.017075758439432 ], [ -44.18500819687074, -23.016307918175812 ], [ -44.185317179644073, -23.015653828661243 ], [ -44.18581155316059, -23.014658468913183 ], [ -44.186305925777788, -23.01389061515971 ], [ -44.186985688238906, -23.013037439126492 ], [ -44.186985688238906, -23.012525530628693 ], [ -44.186676704566196, -23.012610849311216 ], [ -44.185595264409869, -23.013691541231594 ], [ -44.185224484722141, -23.013663101970508 ], [ -44.184798917436069, -23.012875595332389 ], [ -44.184112145658958, -23.012212696958329 ], [ -44.183525078119828, -23.012298015640852 ], [ -44.183926755815094, -23.012809924138651 ], [ -44.18454472226108, -23.013549344926275 ] ] ] ] } },
{ "type": "Feature", "properties": { "Densidade": "Pouco densa", "Tipo": "Área urbanizada", "Comparacao": "Adição" }, "geometry": { "type": "MultiPolygon", "coordinates": [ [ [ [ -44.226428039422444, -23.010620998560171 ], [ -44.226102776222092, -23.010984117822716 ], [ -44.225749446979364, -23.010859868388195 ], [ -44.225584674992717, -23.011114187669591 ], [ -44.226839621351417, -23.011560471738335 ], [ -44.226966244996163, -23.01165953745766 ], [ -44.227079687277694, -23.011674277346003 ], [ -44.227157627922168, -23.011697832389018 ], [ -44.227407830107211, -23.011959381320366 ], [ -44.227429207891589, -23.012021741210333 ], [ -44.227457586898083, -23.012043943673007 ], [ -44.227824120886453, -23.012670477960171 ], [ -44.22792411470607, -23.012756927989813 ], [ -44.228291841195471, -23.012470535286923 ], [ -44.228106451351607, -23.01138983257465 ], [ -44.227117706117212, -23.011105437266053 ], [ -44.226941823006712, -23.01126732422756 ], [ -44.226423519429829, -23.01110519714706 ], [ -44.226675892578328, -23.010800392623992 ], [ -44.226428039422444, -23.010620998560171 ] ] ] ] } },
{ "type": "Feature", "properties": { "Densidade": "Pouco densa", "Tipo": "Área urbanizada", "Comparacao": "Adição" }, "geometry": { "type": "MultiPolygon", "coordinates": [ [ [ [ -44.232488513134342, -22.986214483711422 ], [ -44.233537252142412, -22.984662153135787 ], [ -44.233003599836195, -22.984728069844493 ], [ -44.231883246014945, -22.984402362379058 ], [ -44.230448143866681, -22.98411961193051 ], [ -44.230308636534289, -22.983652266638728 ], [ -44.229465640826618, -22.983180949940845 ], [ -44.229052878987147, -22.983018094409488 ], [ -44.229052878987147, -22.983615230758232 ], [ -44.229760470968927, -22.984185222869712 ], [ -44.229848919292124, -22.984863782037849 ], [ -44.230114266060468, -22.985325199898 ], [ -44.230880823890857, -22.985352341437363 ], [ -44.231794796792371, -22.985813758398194 ], [ -44.232488513134342, -22.986214483711422 ] ] ] ] } },
{ "type": "Feature", "properties": { "Densidade": "Pouco densa", "Tipo": "Área urbanizada", "Comparacao": "Adição" }, "geometry": { "type": "MultiPolygon", "coordinates": [ [ [ [ -44.211816753240555, -22.98165333273505 ], [ -44.211525946665063, -22.982136497101635 ], [ -44.212065478738793, -22.982460341171759 ], [ -44.212978167408437, -22.982038030330784 ], [ -44.213367960562891, -22.982591628700675 ], [ -44.213584249313612, -22.9835303338578 ], [ -44.214403740340288, -22.985452466558058 ], [ -44.21583165510674, -22.985947223185747 ], [ -44.215655192832855, -22.986307804561477 ], [ -44.215839825447517, -22.986431744629272 ], [ -44.216469350879777, -22.986296332809445 ], [ -44.217874359913765, -22.985648414442721 ], [ -44.217429899670094, -22.985210796241233 ], [ -44.217124775887669, -22.985139829839227 ], [ -44.216515888997037, -22.985509294718156 ], [ -44.21611791021337, -22.985123273320369 ], [ -44.215889737821101, -22.984735980281243 ], [ -44.215648402951388, -22.984567165842009 ], [ -44.215440071402156, -22.984796317595908 ], [ -44.214855378972516, -22.984186865031745 ], [ -44.214727486384334, -22.982932977175096 ], [ -44.213337062555354, -22.981596025236342 ], [ -44.212595503179898, -22.981425350099755 ], [ -44.211816753240555, -22.98165333273505 ] ] ] ] } },
{ "type": "Feature", "properties": { "Densidade": "Pouco densa", "Tipo": "Área urbanizada", "Comparacao": "Adição" }, "geometry": { "type": "MultiPolygon", "coordinates": [ [ [ [ -44.206906810101145, -22.977933124314177 ], [ -44.207107489319128, -22.978536962410828 ], [ -44.207818150687046, -22.97949101180069 ], [ -44.208975648307501, -22.979922082937719 ], [ -44.209326818277987, -22.979435118935555 ], [ -44.208980294205162, -22.979034831592173 ], [ -44.20913489396014, -22.978438492042756 ], [ -44.208279248388578, -22.977954899598899 ], [ -44.208022554896957, -22.978381599131467 ], [ -44.20728099642082, -22.977727326155161 ], [ -44.206906810101145, -22.977933124314177 ] ] ] ] } },
{ "type": "Feature", "properties": { "Densidade": "Pouco densa", "Tipo": "Área urbanizada", "Comparacao": "Adição" }, "geometry": { "type": "MultiPolygon", "coordinates": [ [ [ [ -44.39164588744768, -22.951704534436658 ], [ -44.391673762833818, -22.950305150662132 ], [ -44.39003384908284, -22.950414578370044 ], [ -44.389910256153371, -22.950585293076756 ], [ -44.389910256153371, -22.95149576761554 ], [ -44.390056535380779, -22.951513362851358 ], [ -44.390735388627263, -22.951521321851487 ], [ -44.390870486583651, -22.951608478748255 ], [ -44.390890500096475, -22.951613674131693 ], [ -44.391262901261825, -22.951658467564187 ], [ -44.391367153371391, -22.951637273241545 ], [ -44.391438444428616, -22.951565844588004 ], [ -44.391593004613412, -22.951629176645156 ], [ -44.391572720404668, -22.951695733671102 ], [ -44.39164588744768, -22.951704534436658 ] ] ] ] } },
{ "type": "Feature", "properties": { "Densidade": "Pouco densa", "Tipo": "Área urbanizada", "Comparacao": "Adição" }, "geometry": { "type": "MultiPolygon", "coordinates": [ [ [ [ -44.294670612558662, -22.88224420010971 ], [ -44.295345190428179, -22.883143636369653 ], [ -44.295608708874795, -22.882786955353652 ], [ -44.295763200711121, -22.882160687265866 ], [ -44.295763200711121, -22.881335147399113 ], [ -44.296041284577598, -22.880281865016002 ], [ -44.296628353016047, -22.879854856116651 ], [ -44.296999132703775, -22.879456312558716 ], [ -44.297153625439421, -22.878573822224098 ], [ -44.296813742859911, -22.878089872749399 ], [ -44.296535658094115, -22.878004470429914 ], [ -44.295855895633053, -22.878232211147576 ], [ -44.29520703117953, -22.879712520416433 ], [ -44.294681759655418, -22.880367266436167 ], [ -44.294670612558662, -22.88224420010971 ] ] ] ] } },
{ "type": "Feature", "properties": { "Densidade": "Pouco densa", "Tipo": "Área urbanizada", "Comparacao": "Adição" }, "geometry": { "type": "MultiPolygon", "coordinates": [ [ [ [ -44.214474901895187, -23.091803695384215 ], [ -44.214428911465063, -23.091924759420067 ], [ -44.214389514864195, -23.0920882094033 ], [ -44.214400554941619, -23.092133721394077 ], [ -44.21441590726829, -23.092197000391195 ], [ -44.214442287981171, -23.092299717358003 ], [ -44.214431404385778, -23.092351673890619 ], [ -44.214342845445913, -23.092437013257495 ], [ -44.214256146304081, -23.092514023103661 ], [ -44.214242650178107, -23.092526009267885 ], [ -44.214213541821437, -23.092555554695025 ], [ -44.214165529715387, -23.09260428895675 ], [ -44.214061386423793, -23.092689646310077 ], [ -44.213957216152551, -23.092792773367762 ], [ -44.213818245715402, -23.092903127377383 ], [ -44.21369082077473, -23.093002809132315 ], [ -44.213578856978643, -23.093091740391458 ], [ -44.213447677368379, -23.09319473794676 ], [ -44.213285829977053, -23.093269018350497 ], [ -44.213213740657039, -23.093281076946006 ], [ -44.213191038735431, -23.093583883589304 ], [ -44.213400196761654, -23.093898714653903 ], [ -44.2148643002472, -23.092831784159443 ], [ -44.214486620584168, -23.091789529265519 ], [ -44.214474901895187, -23.091803695384215 ] ] ] ] } },
{ "type": "Feature", "properties": { "Densidade": "Pouco densa", "Tipo": "Área urbanizada", "Comparacao": "Não mapeado" }, "geometry": { "type": "MultiPolygon", "coordinates": [ [ [ [ -44.351267172941618, -23.030075460414139 ], [ -44.351159578951354, -23.030015817376011 ], [ -44.350999970871896, -23.029953891858554 ], [ -44.350788694942253, -23.029939056642093 ], [ -44.35072773167289, -23.030014114312653 ], [ -44.350869043071839, -23.030109999776641 ], [ -44.351031784389306, -23.029994637442542 ], [ -44.351316993779427, -23.030106288002166 ], [ -44.351267172941618, -23.030075460414139 ] ] ], [ [ [ -44.350340846952463, -23.030023007455782 ], [ -44.350178101138397, -23.030004669379935 ], [ -44.350113406608386, -23.030046152407976 ], [ -44.349989760618939, -23.03004186444042 ], [ -44.349904468016746, -23.029961525304088 ], [ -44.349930088802523, -23.029914697605193 ], [ -44.350043424964042, -23.029852263970781 ], [ -44.350075753792964, -23.029828611800951 ], [ -44.35006902236745, -23.029802526965 ], [ -44.349950733639389, -23.029670194423886 ], [ -44.349931007010298, -23.029647163685638 ], [ -44.349885598441574, -23.029665160918398 ], [ -44.349819709611893, -23.029575776400918 ], [ -44.349707965250332, -23.029457815925412 ], [ -44.34961621461656, -23.029394875073365 ], [ -44.349550579395668, -23.029340343781769 ], [ -44.349468642164084, -23.02928599235463 ], [ -44.349370420908144, -23.029234731897304 ], [ -44.349266064477263, -23.02922721266566 ], [ -44.349164646131499, -23.029187619113259 ], [ -44.349131967466292, -23.029179261713523 ], [ -44.349099422800066, -23.029185463438353 ], [ -44.349093177907775, -23.029214664425183 ], [ -44.349057592633756, -23.029244205355724 ], [ -44.34905828241375, -23.029317007274017 ], [ -44.348987117261629, -23.029376086437196 ], [ -44.348958025092713, -23.029402638920601 ], [ -44.348975325350921, -23.029507258852846 ], [ -44.348923611635314, -23.029554457971813 ], [ -44.348848686417682, -23.029561174108835 ], [ -44.348701471895367, -23.029513423705509 ], [ -44.348571187110565, -23.029463305387196 ], [ -44.348455498322551, -23.029382345718659 ], [ -44.348405677679864, -23.029295520671724 ], [ -44.348404453702528, -23.029173136431041 ], [ -44.348494760924439, -23.029064248316388 ], [ -44.348628210423556, -23.029015416927905 ], [ -44.348654634303898, -23.028890051434701 ], [ -44.348600466338382, -23.028743441256779 ], [ -44.348526128378069, -23.028606094995268 ], [ -44.348482790048706, -23.028516140307602 ], [ -44.348462298995855, -23.028425914924014 ], [ -44.348432296713099, -23.028364961573686 ], [ -44.348379457945612, -23.028307166642378 ], [ -44.348313808335547, -23.028275771309779 ], [ -44.348248086779734, -23.028238534880416 ], [ -44.348221329250919, -23.028177511382978 ], [ -44.348241221870495, -23.027977806262822 ], [ -44.347493507019692, -23.028081524942365 ], [ -44.347478384020178, -23.028414227334679 ], [ -44.34750812729817, -23.028860375605802 ], [ -44.347023856765531, -23.028834888819006 ], [ -44.347035064116881, -23.028859783851885 ], [ -44.347118868341056, -23.029039441417069 ], [ -44.347106285026996, -23.029083302252559 ], [ -44.347019031003413, -23.029174703050046 ], [ -44.346954033401857, -23.029210473584442 ], [ -44.346866138161715, -23.02924653280121 ], [ -44.346846852200429, -23.029275908256523 ], [ -44.346837748363328, -23.029337198852602 ], [ -44.34680612370363, -23.02943080658639 ], [ -44.346778652113073, -23.029600067988724 ], [ -44.346817115217675, -23.029815007756383 ], [ -44.346838614410501, -23.029977705007013 ], [ -44.346853160045271, -23.030003668434517 ], [ -44.34752839172188, -23.030300865592437 ], [ -44.348431572758841, -23.029817459308276 ], [ -44.349201654132969, -23.030062445425472 ], [ -44.34971671205659, -23.030309535056972 ], [ -44.349888547318585, -23.030698964885289 ], [ -44.35006924989591, -23.030683306789115 ], [ -44.350088464810767, -23.030659799410159 ], [ -44.350188883110434, -23.030585524402397 ], [ -44.350311508369373, -23.030592003118386 ], [ -44.35035473878014, -23.030658569137586 ], [ -44.350620599061358, -23.0306355321041 ], [ -44.350404311209957, -23.030060257374942 ], [ -44.350449429990157, -23.030052148831079 ], [ -44.350340846952463, -23.030023007455782 ] ] ] ] } },
{ "type": "Feature", "properties": { "Densidade": "Pouco densa", "Tipo": "Área urbanizada", "Comparacao": "Não mapeado" }, "geometry": { "type": "MultiPolygon", "coordinates": [ [ [ [ -44.333512832651081, -23.018201184437089 ], [ -44.334343034603307, -23.018406425016451 ], [ -44.334585865045597, -23.017614414573529 ], [ -44.333438766286008, -23.016523090867906 ], [ -44.333230202711661, -23.016729270339511 ], [ -44.333496700612216, -23.017102524961501 ], [ -44.333600982399389, -23.017511327086027 ], [ -44.333608706676443, -23.017852587426944 ], [ -44.333512832651081, -23.018201184437089 ] ] ] ] } },
{ "type": "Feature", "properties": { "Densidade": "Pouco densa", "Tipo": "Área urbanizada", "Comparacao": "Não mapeado" }, "geometry": { "type": "MultiPolygon", "coordinates": [ [ [ [ -44.334146353771189, -22.956994073317787 ], [ -44.333989097418851, -22.956966813967256 ], [ -44.333708163600818, -22.956965173603805 ], [ -44.333376411791903, -22.957081047652196 ], [ -44.332888856935142, -22.957187244995339 ], [ -44.332481054856771, -22.957271177822577 ], [ -44.331900222317358, -22.957301596491448 ], [ -44.331881789812712, -22.957113305434632 ], [ -44.331471992138688, -22.957132492470521 ], [ -44.331162993654189, -22.957144314334133 ], [ -44.331111185783804, -22.95720409250708 ], [ -44.331093644655937, -22.957316122341126 ], [ -44.330809570693425, -22.95736205883863 ], [ -44.331063458911444, -22.957813148857667 ], [ -44.331897713208832, -22.957983854571182 ], [ -44.333519934597234, -22.957636896125791 ], [ -44.334325198737162, -22.957161204870918 ], [ -44.334146353771189, -22.956994073317787 ] ] ] ] } },
{ "type": "Feature", "properties": { "Densidade": "Pouco densa", "Tipo": "Área urbanizada", "Comparacao": "Não mapeado" }, "geometry": { "type": "MultiPolygon", "coordinates": [ [ [ [ -44.395815397162778, -22.934830305773971 ], [ -44.396218494887592, -22.935527325325779 ], [ -44.396364876637676, -22.935317746416843 ], [ -44.396676801093463, -22.93486889298498 ], [ -44.39671579210011, -22.934330267427868 ], [ -44.396477370134505, -22.934375422387802 ], [ -44.395815397162778, -22.934830305773971 ] ] ] ] } },
{ "type": "Feature", "properties": { "Densidade": "Pouco densa", "Tipo": "Área urbanizada", "Comparacao": "Não mapeado" }, "geometry": { "type": "MultiPolygon", "coordinates": [ [ [ [ -44.40041492400951, -22.933925034712558 ], [ -44.400393148724788, -22.933781316754335 ], [ -44.400267381234642, -22.932951244304434 ], [ -44.399698574429635, -22.932840056623263 ], [ -44.398528855921938, -22.932445058192855 ], [ -44.39849113206003, -22.930852533317704 ], [ -44.398120352372302, -22.930824076969543 ], [ -44.398105409237189, -22.932117347037888 ], [ -44.397751583568663, -22.932889751360904 ], [ -44.398314407184102, -22.93346846060092 ], [ -44.40041492400951, -22.933925034712558 ] ] ] ] } },
{ "type": "Feature", "properties": { "Densidade": "Pouco densa", "Tipo": "Área urbanizada", "Comparacao": "Sem alteração" }, "geometry": { "type": "MultiPolygon", "coordinates": [ [ [ [ -44.350227394778415, -23.16130408191782 ], [ -44.35019622427626, -23.161468027427475 ], [ -44.350139239634132, -23.161602740474052 ], [ -44.350153062214019, -23.161782285623929 ], [ -44.350064132753459, -23.161905307483892 ], [ -44.350159409628986, -23.162062938853524 ], [ -44.350166667157907, -23.1620749430042 ], [ -44.350160469030357, -23.162139302087098 ], [ -44.350071420859365, -23.16220961198394 ], [ -44.349924759420048, -23.162268335015597 ], [ -44.349720403773574, -23.162321350050206 ], [ -44.349528615253348, -23.162350963825872 ], [ -44.349286291129374, -23.162392303861679 ], [ -44.349251388485172, -23.162389428800559 ], [ -44.349273888579035, -23.163064440971141 ], [ -44.349273888579035, -23.163564127682321 ], [ -44.34970219160283, -23.164016225868068 ], [ -44.350178084051322, -23.164325555779726 ], [ -44.350487413962924, -23.164135198980205 ], [ -44.350344645688779, -23.163659307431033 ], [ -44.350178084051322, -23.163159619820533 ], [ -44.350178084051322, -23.162588549421969 ], [ -44.350463618800916, -23.161946095335963 ], [ -44.350463618800916, -23.161351228876072 ], [ -44.350487413962924, -23.160970516176349 ], [ -44.350466655811488, -23.160955689053765 ], [ -44.350444946177277, -23.160977905006291 ], [ -44.350452202806878, -23.16098990915691 ], [ -44.350446004679327, -23.161054268239866 ], [ -44.350356957407598, -23.161124578136707 ], [ -44.350210295069019, -23.161183301168364 ], [ -44.35016918028434, -23.161193967432609 ], [ -44.350227394778415, -23.16130408191782 ] ] ] ] } },
{ "type": "Feature", "properties": { "Densidade": "Pouco densa", "Tipo": "Área urbanizada", "Comparacao": "Sem alteração" }, "geometry": { "type": "MultiPolygon", "coordinates": [ [ [ [ -44.336418553873102, -23.025174285664718 ], [ -44.336472298257888, -23.025114070657764 ], [ -44.336518390311426, -23.024929040542759 ], [ -44.33627180879688, -23.024852364345065 ], [ -44.336338901818806, -23.024671364092114 ], [ -44.336452218195291, -23.02460013958472 ], [ -44.336639928290026, -23.024496365015182 ], [ -44.336833926444513, -23.024391320602945 ], [ -44.336840292646301, -23.024389748391062 ], [ -44.336811416413695, -23.0242921595555 ], [ -44.336704090421392, -23.024089251817486 ], [ -44.336757833906859, -23.024029036810532 ], [ -44.336803925960396, -23.023844006695526 ], [ -44.33655734534517, -23.02376733139721 ], [ -44.336624438367096, -23.023586330244882 ], [ -44.336737753844204, -23.023515105737488 ], [ -44.33692546393894, -23.023411331167949 ], [ -44.337119462093483, -23.023306286755712 ], [ -44.337255721074598, -23.023272635923377 ], [ -44.337324906818935, -23.023224661588813 ], [ -44.337403873589835, -23.023164755049379 ], [ -44.337442498572386, -23.023090313667012 ], [ -44.337521238714146, -23.023018543271121 ], [ -44.337523949270803, -23.022985890686243 ], [ -44.337506574368888, -23.022950416028834 ], [ -44.337437746554713, -23.022844094579284 ], [ -44.337423647882986, -23.02280561618619 ], [ -44.337438453421839, -23.022707567600094 ], [ -44.337470414428026, -23.022633134311661 ], [ -44.337528974682414, -23.022552574841427 ], [ -44.337604460177658, -23.022483771308941 ], [ -44.337612562169966, -23.022480353885157 ], [ -44.337633364388239, -23.022376344592601 ], [ -44.338614891663894, -23.022168141646375 ], [ -44.339133244703419, -23.022180784315708 ], [ -44.339223044707694, -23.022176061975642 ], [ -44.339369657583575, -23.022186550768652 ], [ -44.339834365163767, -23.022197884924424 ], [ -44.34099435300692, -23.022346602213872 ], [ -44.341368619366222, -23.022556191015383 ], [ -44.34198925679874, -23.022817043871441 ], [ -44.34227245600897, -23.022988507713421 ], [ -44.342322166934423, -23.023051756133611 ], [ -44.342423222853427, -23.02318033310587 ], [ -44.342506500974196, -23.023312127852364 ], [ -44.342601878573817, -23.023611272941821 ], [ -44.342631920426754, -23.023757556665885 ], [ -44.342623233875088, -23.02384023134158 ], [ -44.342555230739265, -23.023938125244229 ], [ -44.342486338173899, -23.023977032613914 ], [ -44.342354923840617, -23.024056215222117 ], [ -44.342322989814079, -23.024271773723342 ], [ -44.34241121870275, -23.024324490183005 ], [ -44.342497713698492, -23.024510589592012 ], [ -44.342543500881845, -23.024695826551124 ], [ -44.342431594642335, -23.024781659645839 ], [ -44.342391866191633, -23.024757258340742 ], [ -44.342644976784186, -23.02507786395222 ], [ -44.342781766365363, -23.025120699560603 ], [ -44.342933130359654, -23.025190040887651 ], [ -44.343316041901744, -23.025433615968552 ], [ -44.343599072938844, -23.025640925887956 ], [ -44.344030647696172, -23.025961446063832 ], [ -44.34407721639036, -23.02599328656089 ], [ -44.344110118087428, -23.025990028317096 ], [ -44.344155464602977, -23.025933800004793 ], [ -44.344184304062367, -23.025874794586059 ], [ -44.344217081652971, -23.02586273197943 ], [ -44.34427982195615, -23.025873865586391 ], [ -44.344342912994989, -23.025911418577039 ], [ -44.344439871602731, -23.026019077318495 ], [ -44.344493335399079, -23.026077244569137 ], [ -44.34453092526195, -23.026179570330839 ], [ -44.344518983164505, -23.026270636580591 ], [ -44.344575795136791, -23.026334597263826 ], [ -44.34466901346417, -23.026420533780538 ], [ -44.345319672065159, -23.026702485631176 ], [ -44.345401851214433, -23.026636870195375 ], [ -44.345486819161351, -23.026600835260297 ], [ -44.345572554229932, -23.026626313953159 ], [ -44.345727414788314, -23.026665712352724 ], [ -44.345816679695986, -23.02671456712352 ], [ -44.346001092876065, -23.026848852992146 ], [ -44.346107638256854, -23.02698452201804 ], [ -44.346199423964208, -23.027016294166572 ], [ -44.346663627924045, -23.027749247030101 ], [ -44.34667547469337, -23.027766871943527 ], [ -44.346943673211911, -23.028170226874408 ], [ -44.347040329647427, -23.028460257334984 ], [ -44.346974136846882, -23.028546774813776 ], [ -44.346973257309912, -23.028603965400634 ], [ -44.346964577053541, -23.028703212783 ], [ -44.347023856765531, -23.028834888819006 ], [ -44.34750812729817, -23.028860375605802 ], [ -44.347478384020178, -23.028414227334679 ], [ -44.347493507019692, -23.028081524942365 ], [ -44.34750812729817, -23.02775987521801 ], [ -44.347478384020178, -23.02710552400066 ], [ -44.346853775181557, -23.026689118108266 ], [ -44.346377882733066, -23.026183482381782 ], [ -44.346258909620929, -23.025439901330344 ], [ -44.345723530616397, -23.025112725271981 ], [ -44.345158409233136, -23.024815291592404 ], [ -44.344385084903706, -23.024666576101538 ], [ -44.343463043284771, -23.024279914386511 ], [ -44.343225097060554, -23.02386350759474 ], [ -44.343284583616594, -23.023447101702345 ], [ -44.34349278656282, -23.022881980319085 ], [ -44.343968679011311, -23.022465575326009 ], [ -44.343968679011311, -23.021989681978198 ], [ -44.342957407558288, -23.021870708866061 ], [ -44.342124596672761, -23.021840965588069 ], [ -44.341232299231194, -23.021365074038897 ], [ -44.341024096284968, -23.020948668146445 ], [ -44.340637432771246, -23.020918924868454 ], [ -44.340429230724396, -23.021335330760849 ], [ -44.338912324444152, -23.021305586583537 ], [ -44.338793351332072, -23.020740465200277 ], [ -44.33831745888358, -23.020591748810091 ], [ -44.337871309713137, -23.020978412323814 ], [ -44.337514391276102, -23.022049169433558 ], [ -44.336919525715473, -23.022644034094867 ], [ -44.336443633267038, -23.023209156377447 ], [ -44.335908255161826, -23.023030696709213 ], [ -44.335313388701877, -23.023119925643982 ], [ -44.335015956820882, -23.023595818991794 ], [ -44.335001829370867, -23.023850120286795 ], [ -44.335035770684215, -23.023872077234557 ], [ -44.335093213980599, -23.02394100487345 ], [ -44.335104731598051, -23.024030974849552 ], [ -44.335165426842934, -23.024099890797288 ], [ -44.335186658937118, -23.024192844723984 ], [ -44.335181221636049, -23.024326204290844 ], [ -44.335304149067156, -23.024449131722008 ], [ -44.335435181188643, -23.024549285620992 ], [ -44.335595827085683, -23.024699333907108 ], [ -44.335878319428843, -23.025014205441209 ], [ -44.336078159579358, -23.025181457758038 ], [ -44.336140604904926, -23.025245879793488 ], [ -44.336507491329066, -23.025342428512754 ], [ -44.336418553873102, -23.025174285664718 ] ] ] ] } },
{ "type": "Feature", "properties": { "Densidade": "Pouco densa", "Tipo": "Área urbanizada", "Comparacao": "Sem alteração" }, "geometry": { "type": "MultiPolygon", "coordinates": [ [ [ [ -44.494695158254899, -23.02362193440473 ], [ -44.494688092281592, -23.023783440952968 ], [ -44.495544487887742, -23.023969144660271 ], [ -44.495797888062043, -23.023654579794993 ], [ -44.496924472386468, -23.023859716952359 ], [ -44.497099725971509, -23.023812430599151 ], [ -44.497482879431288, -23.023892518824653 ], [ -44.497583202402836, -23.023979664030207 ], [ -44.497938249350682, -23.024044313594175 ], [ -44.499932575128184, -23.025038961079133 ], [ -44.500345428698552, -23.025331134624139 ], [ -44.500687138700471, -23.025331134624139 ], [ -44.500909064401753, -23.025715805240168 ], [ -44.500983314228506, -23.025782561915662 ], [ -44.501132372361042, -23.0258880487944 ], [ -44.502036834931971, -23.026534093873295 ], [ -44.502239877568229, -23.026220299727015 ], [ -44.502461378789576, -23.02633105123698 ], [ -44.503181257309109, -23.025315838055462 ], [ -44.503495050556069, -23.024189874263243 ], [ -44.502055294416266, -23.023303870277346 ], [ -44.501556916218647, -23.024411374585213 ], [ -44.501003163165421, -23.023876081016283 ], [ -44.500246368375144, -23.022565533172781 ], [ -44.499434196930622, -23.021439569380561 ], [ -44.498640484970338, -23.020996566937981 ], [ -44.497237645101222, -23.020424356199044 ], [ -44.495982472113383, -23.020092104367052 ], [ -44.495041093271823, -23.019925978001424 ], [ -44.494729979105216, -23.020337461004999 ], [ -44.494838049736188, -23.020978108352949 ], [ -44.493564419062636, -23.021347277354948 ], [ -44.493541891944687, -23.021565040094458 ], [ -44.493551773695344, -23.021757639803184 ], [ -44.493666735831141, -23.022087831288331 ], [ -44.493993785085081, -23.022669655779964 ], [ -44.49438359712525, -23.023040161174436 ], [ -44.494494956576943, -23.023298640719645 ], [ -44.494370505694235, -23.023434475220824 ], [ -44.494459309249692, -23.023510045252351 ], [ -44.494590863877249, -23.023546314910448 ], [ -44.494695158254899, -23.02362193440473 ] ] ] ] } },
{ "type": "Feature", "properties": { "Densidade": "Pouco densa", "Tipo": "Área urbanizada", "Comparacao": "Sem alteração" }, "geometry": { "type": "MultiPolygon", "coordinates": [ [ [ [ -44.354827445929857, -23.003140701282291 ], [ -44.354853537061047, -23.003074369086846 ], [ -44.35489973523454, -23.003077847664485 ], [ -44.35497899518441, -23.003099807310207 ], [ -44.355058175094655, -23.003106632265201 ], [ -44.355114221743918, -23.003104153733659 ], [ -44.355153648921714, -23.003071252935911 ], [ -44.355166656715767, -23.003029013578043 ], [ -44.355177886352074, -23.003018777409519 ], [ -44.355140838079194, -23.002998611096984 ], [ -44.355055972654952, -23.002928955007235 ], [ -44.35495867500282, -23.002758869825925 ], [ -44.354933518267217, -23.002620146702384 ], [ -44.354949555877283, -23.002383929874441 ], [ -44.354972281745347, -23.002305482012332 ], [ -44.355011518266906, -23.002230210555751 ], [ -44.355044271575821, -23.002179083198087 ], [ -44.35511298157877, -23.002055668334378 ], [ -44.355139072710017, -23.001989335239557 ], [ -44.35518527088351, -23.001992813817253 ], [ -44.355264530833381, -23.002014774362294 ], [ -44.355310364097974, -23.002018724985213 ], [ -44.355286053408577, -23.001991759811801 ], [ -44.355287358324858, -23.001930772287267 ], [ -44.355277040403053, -23.001830615690324 ], [ -44.355332888302087, -23.001770579648507 ], [ -44.355319550456841, -23.001737079002964 ], [ -44.355246803397222, -23.001702929046871 ], [ -44.355157655401456, -23.001695890053213 ], [ -44.355065215886953, -23.001694881013918 ], [ -44.35492340808878, -23.001732767653039 ], [ -44.354835460687923, -23.001738976572483 ], [ -44.354778914914959, -23.001686165683964 ], [ -44.354707164304159, -23.001573543584129 ], [ -44.354715533395108, -23.001442128351471 ], [ -44.354796013725036, -23.001317147768134 ], [ -44.354740039920841, -23.001174547667176 ], [ -44.354696846382296, -23.001028581403887 ], [ -44.35471810185885, -23.000903250984209 ], [ -44.354628356713249, -23.000772572296341 ], [ -44.354610015585124, -23.000578297417885 ], [ -44.354494224628695, -23.001018303052206 ], [ -44.35401833218026, -23.001256249276423 ], [ -44.353572183009817, -23.001672655168875 ], [ -44.353929103245491, -23.001851113937732 ], [ -44.354167048570389, -23.001761884103644 ], [ -44.354494224628695, -23.001880857215724 ], [ -44.354434738072655, -23.00214854671799 ], [ -44.354523967906744, -23.002892127769428 ], [ -44.354815534337249, -23.003162096686566 ], [ -44.354827445929857, -23.003140701282291 ] ] ] ] } },
{ "type": "Feature", "properties": { "Densidade": "Pouco densa", "Tipo": "Área urbanizada", "Comparacao": "Sem alteração" }, "geometry": { "type": "MultiPolygon", "coordinates": [ [ [ [ -44.333245293335551, -22.996314179655599 ], [ -44.333173875473904, -22.99640051547135 ], [ -44.333050637776694, -22.996525472672374 ], [ -44.332888692359234, -22.996647277749616 ], [ -44.332707414215747, -22.996763026792223 ], [ -44.332620316674252, -22.996756684773118 ], [ -44.332560849003926, -22.996704940480583 ], [ -44.332470316052195, -22.996667079921735 ], [ -44.332307626895442, -22.996657407713144 ], [ -44.331899939930224, -22.996677968913104 ], [ -44.331604052185241, -22.996710577431145 ], [ -44.33141067366364, -22.996661960980646 ], [ -44.330813846681622, -22.996629567400589 ], [ -44.330635912217531, -22.996721428650972 ], [ -44.330377869742847, -22.996738965430893 ], [ -44.330201431750652, -22.99673496344775 ], [ -44.329520402144794, -22.99664620755641 ], [ -44.329412273957246, -22.99658600064339 ], [ -44.32925487191477, -22.996570994555725 ], [ -44.329036245826046, -22.99653840132612 ], [ -44.328797945268889, -22.996569060113984 ], [ -44.328627521043245, -22.996513672667788 ], [ -44.328277285468289, -22.996404334892077 ], [ -44.328040128848841, -22.99633401959926 ], [ -44.327940876630016, -22.996370286619054 ], [ -44.328600929888978, -22.996968459826519 ], [ -44.329582458063953, -22.997414608996962 ], [ -44.330296295837343, -22.997712041777277 ], [ -44.33181320211753, -22.997622811943188 ], [ -44.332705499559097, -22.997325379162874 ], [ -44.33303267561746, -22.997801271611365 ], [ -44.333270621841677, -22.998039217835583 ], [ -44.333687027734072, -22.997682299398548 ], [ -44.333449082409174, -22.996968459826519 ], [ -44.333248607416685, -22.996309759990996 ], [ -44.333245293335551, -22.996314179655599 ] ] ], [ [ [ -44.325886189595906, -22.994771381893713 ], [ -44.325774911982535, -22.994552762100227 ], [ -44.32573974129599, -22.994340546379078 ], [ -44.325729058249408, -22.994230918122355 ], [ -44.325731606928059, -22.994109917038998 ], [ -44.325764904326832, -22.993875563606309 ], [ -44.325788723770529, -22.993707337323713 ], [ -44.325794720449949, -22.993580537411844 ], [ -44.325742881728559, -22.993402193756197 ], [ -44.325607710027725, -22.993376686284989 ], [ -44.32555792985454, -22.993222725048668 ], [ -44.325591738068226, -22.992994419556794 ], [ -44.325605998617903, -22.992898106662267 ], [ -44.325721602869635, -22.992511896406825 ], [ -44.325880339936695, -22.992251737220627 ], [ -44.32584346640283, -22.992137691201435 ], [ -44.32587727371714, -22.991909385709562 ], [ -44.325891535166193, -22.991813072815035 ], [ -44.326007139417925, -22.991426862559592 ], [ -44.326189282709208, -22.9911283407003 ], [ -44.326590523333948, -22.990823383292479 ], [ -44.326643174143157, -22.990850363853156 ], [ -44.326692099960383, -22.990889236149258 ], [ -44.326737583172871, -22.990933974723134 ], [ -44.32674326508959, -22.990937369663811 ], [ -44.326816334106468, -22.990900834705712 ], [ -44.327398208960119, -22.99082810023657 ], [ -44.327408581740599, -22.990770189292732 ], [ -44.327438921709529, -22.990728532669671 ], [ -44.327438103785425, -22.990542391018494 ], [ -44.327449106990628, -22.990373889543321 ], [ -44.327469694270917, -22.990272321910084 ], [ -44.32752165889741, -22.990178429091202 ], [ -44.327624006242843, -22.990093186851027 ], [ -44.327729077169522, -22.990030773246531 ], [ -44.327712736953231, -22.989996052875483 ], [ -44.327738235431184, -22.989826577434542 ], [ -44.327724463213372, -22.989644626598192 ], [ -44.327723640333716, -22.989457357171261 ], [ -44.327734642639598, -22.989288855696088 ], [ -44.327755229919887, -22.989187288062851 ], [ -44.327807195445644, -22.98909339524397 ], [ -44.327909541891813, -22.989008153003795 ], [ -44.328115188065453, -22.988885996291629 ], [ -44.328106332441223, -22.988707127431951 ], [ -44.328118116257997, -22.988638312208309 ], [ -44.32785734793822, -22.988491630084638 ], [ -44.32729222565564, -22.988729576308856 ], [ -44.327024537052694, -22.989056752367162 ], [ -44.326935307218605, -22.989621873750423 ], [ -44.326905563940556, -22.990395198979229 ], [ -44.326191726167167, -22.990543916268678 ], [ -44.325448144216466, -22.990573658647406 ], [ -44.324853278655837, -22.990841348149672 ], [ -44.325061481602063, -22.991525442645013 ], [ -44.324942509389246, -22.991882361981368 ], [ -44.324407130384714, -22.991733645591239 ], [ -44.32402046777031, -22.991882361981368 ], [ -44.324198927438488, -22.992625943932126 ], [ -44.324585590052891, -22.993220808593378 ], [ -44.325091224880055, -22.993904903988096 ], [ -44.325805062653501, -22.994767459050934 ], [ -44.325964686596322, -22.994896385896045 ], [ -44.325886189595906, -22.994771381893713 ] ] ] ] } },
{ "type": "Feature", "properties": { "Densidade": "Pouco densa", "Tipo": "Área urbanizada", "Comparacao": "Sem alteração" }, "geometry": { "type": "MultiPolygon", "coordinates": [ [ [ [ -44.329236306310463, -22.985950244008507 ], [ -44.32921836393632, -22.985786992775445 ], [ -44.329187919187063, -22.985689307515486 ], [ -44.329150162106778, -22.985575569837223 ], [ -44.32919579544955, -22.985963453250747 ], [ -44.329235955651093, -22.985960775855947 ], [ -44.329236306310463, -22.985950244008507 ] ] ], [ [ [ -44.329126463115756, -22.985367730636199 ], [ -44.32919132761765, -22.985058371046932 ], [ -44.329235864743339, -22.984916317733848 ], [ -44.329271294434648, -22.984695759002022 ], [ -44.329236720897882, -22.984549977999052 ], [ -44.329168609843407, -22.984444658394239 ], [ -44.329051430878792, -22.984373051674936 ], [ -44.328998229676216, -22.98434964492672 ], [ -44.329076822337413, -22.984952181797723 ], [ -44.329126619561457, -22.985375458202046 ], [ -44.329126463115756, -22.985367730636199 ] ] ] ] } },
{ "type": "Feature", "properties": { "Densidade": "Densa", "Tipo": "Área urbanizada", "Comparacao": "Densificação" }, "geometry": { "type": "MultiPolygon", "coordinates": [ [ [ [ -44.323326611134178, -22.960002479131049 ], [ -44.323436723226166, -22.960032262878599 ], [ -44.323812264824141, -22.959194517412982 ], [ -44.323068682873384, -22.958926827011396 ], [ -44.322652276980932, -22.958450934562961 ], [ -44.322265615265906, -22.958450934562961 ], [ -44.322027669041631, -22.958807853899316 ], [ -44.32185656492851, -22.959247836418456 ], [ -44.322046690602235, -22.959475780382888 ], [ -44.322533303868852, -22.959759638796243 ], [ -44.3232504412548, -22.959998683992012 ], [ -44.323326611134178, -22.960002479131049 ] ] ] ] } },
{ "type": "Feature", "properties": { "Densidade": "Densa", "Tipo": "Área urbanizada", "Comparacao": "Densificação" }, "geometry": { "type": "MultiPolygon", "coordinates": [ [ [ [ -44.336526886206798, -22.958212799481089 ], [ -44.336050475748834, -22.958030395386402 ], [ -44.33562250817215, -22.957902316638581 ], [ -44.335417647106681, -22.957964602784159 ], [ -44.335250294965078, -22.958324723706994 ], [ -44.33537498506746, -22.958722149407606 ], [ -44.33537047969736, -22.958728758267561 ], [ -44.336036745799163, -22.958778110621267 ], [ -44.336334177680101, -22.95854016529637 ], [ -44.336642660884451, -22.958272813185918 ], [ -44.336526886206798, -22.958212799481089 ] ] ], [ [ [ -44.334655015716351, -22.95854774298391 ], [ -44.334742732890788, -22.958421488061163 ], [ -44.334685428089983, -22.958304315391786 ], [ -44.334764322915134, -22.958106193845708 ], [ -44.334801833371479, -22.957992279574757 ], [ -44.334782187947553, -22.95797621483041 ], [ -44.33481316199245, -22.957781722193712 ], [ -44.334766218686013, -22.95771831804592 ], [ -44.33451091831116, -22.957394775171796 ], [ -44.334192662561293, -22.957915555558372 ], [ -44.333687027734072, -22.958480677840953 ], [ -44.333449082409174, -22.958688880787179 ], [ -44.333597797899984, -22.958956571188764 ], [ -44.333888546019523, -22.958908113018936 ], [ -44.33431163567343, -22.958837598076627 ], [ -44.334536995828827, -22.958808519375268 ], [ -44.334655015716351, -22.95854774298391 ] ] ], [ [ [ -44.331120289769501, -22.957145948126936 ], [ -44.331111185783804, -22.95720409250708 ], [ -44.331162993654189, -22.957144314334133 ], [ -44.331120289769501, -22.957145948126936 ] ] ], [ [ [ -44.328554058123245, -22.955759963351568 ], [ -44.328358645668494, -22.955746229375212 ], [ -44.328511700054889, -22.955863271172973 ], [ -44.328548058574938, -22.955897716086707 ], [ -44.328554058123245, -22.955759963351568 ] ] ], [ [ [ -44.328299480736405, -22.95551712751336 ], [ -44.328300951127972, -22.955219455513429 ], [ -44.328346933464161, -22.955011483692999 ], [ -44.328429045164285, -22.954922320408741 ], [ -44.328589836751519, -22.954784992133625 ], [ -44.328835922273107, -22.954759235897882 ], [ -44.328837748363355, -22.954717309156422 ], [ -44.328775209508251, -22.954670405015122 ], [ -44.328593643581769, -22.954657643635301 ], [ -44.328588784544706, -22.954530586517308 ], [ -44.328541443332881, -22.954495081282914 ], [ -44.32857118661093, -22.954019188834479 ], [ -44.328624926499117, -22.9539605638289 ], [ -44.328632469113131, -22.953926449845767 ], [ -44.328714580813198, -22.953837286561509 ], [ -44.328822135233338, -22.953745427109709 ], [ -44.328898362669236, -22.953662270397388 ], [ -44.329232874497507, -22.953662270397388 ], [ -44.329825711187596, -22.953574917448464 ], [ -44.330410244437189, -22.953673062261942 ], [ -44.331068745126458, -22.953757022968205 ], [ -44.331560231819196, -22.953524874673178 ], [ -44.331824473320751, -22.953320447080898 ], [ -44.331820134091856, -22.95315312821424 ], [ -44.331920234031543, -22.953091166723937 ], [ -44.331723973182761, -22.952948431724678 ], [ -44.331129106722869, -22.953305351061033 ], [ -44.329998863057028, -22.953394580895122 ], [ -44.329047079059421, -22.953216121226944 ], [ -44.328422470220801, -22.95336483671781 ], [ -44.327678889169363, -22.953216121226944 ], [ -44.327262483276911, -22.953275607783041 ], [ -44.327173253442822, -22.953870473343613 ], [ -44.327351713111057, -22.95470328422914 ], [ -44.328006065227669, -22.95547660855857 ], [ -44.328306725128613, -22.955706525362334 ], [ -44.328299480736405, -22.95551712751336 ] ] ] ] } },
{ "type": "Feature", "properties": { "Densidade": "Densa", "Tipo": "Área urbanizada", "Comparacao": "Densificação" }, "geometry": { "type": "MultiPolygon", "coordinates": [ [ [ [ -44.412905827342001, -22.936738043925516 ], [ -44.413237171758055, -22.937779413888791 ], [ -44.41149773003616, -22.937506289783414 ], [ -44.41149773003616, -22.937763271957408 ], [ -44.411626220673497, -22.938309358290212 ], [ -44.413714198251625, -22.93882332173888 ], [ -44.413874811773098, -22.938245113421203 ], [ -44.41493486155457, -22.938469971811685 ], [ -44.416059157104371, -22.939208793650835 ], [ -44.416219770625844, -22.940429457853156 ], [ -44.417022839132699, -22.940622194258822 ], [ -44.417686662009828, -22.939507141941021 ], [ -44.416313946731236, -22.938915453685183 ], [ -44.416027034220235, -22.937345676261884 ], [ -44.414485142974911, -22.936863834798089 ], [ -44.414196038816101, -22.936285625581093 ], [ -44.4140996710629, -22.934583121713672 ], [ -44.413027482232451, -22.934646303583975 ], [ -44.412905827342001, -22.936738043925516 ] ] ] ] } },
{ "type": "Feature", "properties": { "Densidade": "Pouco densa", "Tipo": "Área urbanizada", "Comparacao": "Sem alteração" }, "geometry": { "type": "MultiPolygon", "coordinates": [ [ [ [ -44.352115380220596, -22.929235305864609 ], [ -44.352085482723361, -22.929469223403569 ], [ -44.352230229041822, -22.929642408270468 ], [ -44.35218443916051, -22.930039657704015 ], [ -44.352010213500535, -22.930146294815586 ], [ -44.352043379598229, -22.93029001367313 ], [ -44.352285915962227, -22.930629564402807 ], [ -44.35238377209339, -22.930681075770963 ], [ -44.352501995170883, -22.930770144626422 ], [ -44.353094622318906, -22.930949421778337 ], [ -44.353168543893162, -22.931050798755336 ], [ -44.353471056044384, -22.931122826357296 ], [ -44.353725113623057, -22.930970391270478 ], [ -44.353718339030081, -22.93093816136701 ], [ -44.353741147635787, -22.930917024600944 ], [ -44.353322339654198, -22.930498216619355 ], [ -44.352905933761804, -22.930379244406538 ], [ -44.352876191383075, -22.929873608680055 ], [ -44.353024906873884, -22.929219256563385 ], [ -44.353173624163389, -22.928683877558854 ], [ -44.353054651051252, -22.927613121348429 ], [ -44.35257875860276, -22.926691078830174 ], [ -44.351775690095963, -22.926274673837099 ], [ -44.351002365766533, -22.926155700724962 ], [ -44.350377756927912, -22.926482876783268 ], [ -44.350080324147598, -22.926929025953712 ], [ -44.349574689320434, -22.927256201112755 ], [ -44.349009567037854, -22.927256201112755 ], [ -44.348881254466278, -22.927457835410735 ], [ -44.349146639006165, -22.927721102047201 ], [ -44.349403131049598, -22.927930301442188 ], [ -44.349614630910423, -22.927872620724827 ], [ -44.349835530485279, -22.927682598473098 ], [ -44.350078430175358, -22.92747365088826 ], [ -44.350147999930186, -22.927127921816066 ], [ -44.35057082608273, -22.926665764713221 ], [ -44.351050859009888, -22.926643827550549 ], [ -44.351375361383759, -22.926749514978098 ], [ -44.351389028380936, -22.926750566285534 ], [ -44.351394900054572, -22.926755878580877 ], [ -44.35143729859243, -22.926769687670912 ], [ -44.35184358621251, -22.927062928711166 ], [ -44.352227043643097, -22.927373363889615 ], [ -44.352252048393268, -22.927792512714234 ], [ -44.352281325822503, -22.927851066673327 ], [ -44.352275800387815, -22.927920130109896 ], [ -44.352400915869509, -22.928150272017376 ], [ -44.352304436600434, -22.928905124272035 ], [ -44.352027286818299, -22.929073263427327 ], [ -44.352115380220596, -22.929235305864609 ] ] ] ] } },
{ "type": "Feature", "properties": { "Densidade": "Densa", "Tipo": "Área urbanizada", "Comparacao": "Densificação" }, "geometry": { "type": "MultiPolygon", "coordinates": [ [ [ [ -44.361452155192751, -22.925659399961319 ], [ -44.361452673871689, -22.925548675188946 ], [ -44.361242952200428, -22.925533165722982 ], [ -44.360916688953978, -22.925558907017887 ], [ -44.360834589687066, -22.925626351008923 ], [ -44.361452155192751, -22.925659399961319 ] ] ], [ [ [ -44.362340760018014, -22.926547278134308 ], [ -44.362299058454767, -22.926582087293468 ], [ -44.362112807959704, -22.92673756478672 ], [ -44.361932239381304, -22.926727278341161 ], [ -44.361684202763684, -22.926797983939764 ], [ -44.361504237630413, -22.926658638485321 ], [ -44.361419003808521, -22.926652335221323 ], [ -44.361459548519292, -22.926719910195629 ], [ -44.361562165661383, -22.926791600551894 ], [ -44.361797038002862, -22.927327911254054 ], [ -44.361941486210583, -22.927602825010297 ], [ -44.362499195381531, -22.928033479761211 ], [ -44.362674357235733, -22.928058351411721 ], [ -44.362840184127151, -22.927851066673327 ], [ -44.362483264790797, -22.927702350283198 ], [ -44.362275061844571, -22.927434660780932 ], [ -44.362245318566579, -22.926839796119623 ], [ -44.362420022849577, -22.926512225588976 ], [ -44.362340760018014, -22.926547278134308 ] ] ] ] } },
{ "type": "Feature", "properties": { "Densidade": "Pouco densa", "Tipo": "Área urbanizada", "Comparacao": "Sem alteração" }, "geometry": { "type": "MultiPolygon", "coordinates": [ [ [ [ -44.389703813180404, -22.920039307168224 ], [ -44.38961506898022, -22.920444994041191 ], [ -44.3897340420923, -22.921277805826037 ], [ -44.390299164374881, -22.921753698274529 ], [ -44.390923773213501, -22.921813183931249 ], [ -44.391422304295872, -22.92183692423464 ], [ -44.391548381152802, -22.921842928108617 ], [ -44.392113503435382, -22.922021386877475 ], [ -44.392440678594426, -22.922943427597033 ], [ -44.39279759793078, -22.923924955772065 ], [ -44.393660152993618, -22.923954699050057 ], [ -44.394225275276199, -22.923508549879614 ], [ -44.395058086161725, -22.922883941940313 ], [ -44.395801668112426, -22.922408050391141 ], [ -44.396426276051784, -22.922140359989555 ], [ -44.397050884890405, -22.922289077279061 ], [ -44.39752677733884, -22.922854198662321 ], [ -44.398359588224366, -22.922318819657733 ], [ -44.398567791170592, -22.921545495328303 ], [ -44.398478561336503, -22.920801913377545 ], [ -44.399192400009213, -22.920177305438244 ], [ -44.399400602056119, -22.920444994041191 ], [ -44.399935981060651, -22.921010116323771 ], [ -44.400263157118957, -22.92172395499648 ], [ -44.399668291558385, -22.922229589823644 ], [ -44.398894967228898, -22.922556765882007 ], [ -44.398478561336503, -22.923211117998676 ], [ -44.398686764282729, -22.924014185606154 ], [ -44.399162655831844, -22.924133158718234 ], [ -44.399698034836376, -22.923657267169119 ], [ -44.400411872609766, -22.923121888164587 ], [ -44.401274427672661, -22.922735224650864 ], [ -44.401839549955241, -22.922140359989555 ], [ -44.402553387728631, -22.921872671386609 ], [ -44.403624145737695, -22.921277805826037 ], [ -44.404397470966444, -22.920682940265408 ], [ -44.405408742419468, -22.919939359214027 ], [ -44.406033350358769, -22.919225521440637 ], [ -44.406717444854166, -22.918838857926914 ], [ -44.407639485573782, -22.918779372270194 ], [ -44.408412810802531, -22.918125020153525 ], [ -44.409156392753289, -22.917292208368679 ], [ -44.409275365865426, -22.916905545754275 ], [ -44.408858959972974, -22.916459396583832 ], [ -44.40858028794986, -22.916300156327111 ], [ -44.408591271370028, -22.915269667261271 ], [ -44.408769730138886, -22.914288139086295 ], [ -44.408918445629695, -22.913336355088688 ], [ -44.408858959972974, -22.912444056747802 ], [ -44.409037419641152, -22.911492271850818 ], [ -44.409453824634284, -22.911224583247872 ], [ -44.40984048814795, -22.910956893745606 ], [ -44.410256893141081, -22.910391772362345 ], [ -44.410703042311525, -22.910153825238808 ], [ -44.411149190582648, -22.909826650079765 ], [ -44.410970731813791, -22.909439986566099 ], [ -44.41040561043053, -22.909439986566099 ], [ -44.409810743970638, -22.909529217299507 ], [ -44.408918445629695, -22.909529217299507 ], [ -44.408531783914668, -22.909439986566099 ], [ -44.408234351134354, -22.908636918958621 ], [ -44.408412810802531, -22.90801231101932 ], [ -44.408858959972974, -22.907595905126868 ], [ -44.409602541923732, -22.907238985790514 ], [ -44.410048690194856, -22.90679283662007 ], [ -44.409989203638816, -22.906465660561764 ], [ -44.409186136031337, -22.906525147117804 ], [ -44.408472298257891, -22.90673335006403 ], [ -44.40778820286323, -22.907120012678376 ], [ -44.406717444854166, -22.90756616184882 ], [ -44.406717444854166, -22.908042054297312 ], [ -44.40716359402461, -22.908547689124532 ], [ -44.407639485573782, -22.909202041241144 ], [ -44.407698973029142, -22.910451258019123 ], [ -44.407550255739693, -22.911373298738681 ], [ -44.407490770082916, -22.912265597079625 ], [ -44.407044620912473, -22.913098407965094 ], [ -44.407104106569193, -22.91407993614007 ], [ -44.407401540248827, -22.914883003747605 ], [ -44.407609743195053, -22.915596842420314 ], [ -44.40716359402461, -22.916042990691437 ], [ -44.406836417966247, -22.916608112974018 ], [ -44.406509241907941, -22.917411180581496 ], [ -44.405735916679191, -22.918303478922383 ], [ -44.40460567301335, -22.918928087761003 ], [ -44.403802605405872, -22.919790641924521 ], [ -44.402702105018079, -22.920593711330696 ], [ -44.401631347009015, -22.920474738218559 ], [ -44.401095968004483, -22.919612183155664 ], [ -44.401274427672661, -22.918749628092826 ], [ -44.401690833565056, -22.917678870983082 ], [ -44.401899037410601, -22.917054262144461 ], [ -44.402374928959773, -22.916399910927112 ], [ -44.402940051242354, -22.915596842420314 ], [ -44.403772862127823, -22.914853261368876 ], [ -44.404308241132355, -22.914169165974158 ], [ -44.40466515956939, -22.913663530247675 ], [ -44.403713375571783, -22.913038922308374 ], [ -44.40332671295738, -22.913485070579497 ], [ -44.402285699125684, -22.913841989915852 ], [ -44.401274427672661, -22.913990706305981 ], [ -44.400322643674997, -22.914317882364344 ], [ -44.399549319345567, -22.914198909252207 ], [ -44.398865223950907, -22.913931219749941 ], [ -44.398508304614552, -22.913395840745409 ], [ -44.398657021004681, -22.91274148862874 ], [ -44.398775994116818, -22.912295340357616 ], [ -44.398210871834237, -22.912176367245479 ], [ -44.397645749551657, -22.912563029859882 ], [ -44.397407804226759, -22.913098407965094 ], [ -44.397021140713036, -22.91407993614007 ], [ -44.396842681944179, -22.915031720137733 ], [ -44.396456019329776, -22.915567099142265 ], [ -44.396099099993421, -22.916161963803518 ], [ -44.395504235332169, -22.916459396583832 ], [ -44.395147315995814, -22.916875803375603 ], [ -44.395236545829903, -22.917857329751939 ], [ -44.395087829439717, -22.918630654980689 ], [ -44.394790396659459, -22.919433722588167 ], [ -44.394463220601097, -22.919552695700304 ], [ -44.394284760932919, -22.91904706087314 ], [ -44.393600666437578, -22.918838857926914 ], [ -44.392946314320909, -22.919136290707229 ], [ -44.39285708538614, -22.918630654980689 ], [ -44.393154517267135, -22.917916817207299 ], [ -44.393005800876949, -22.917024518866413 ], [ -44.392321706381608, -22.916608112974018 ], [ -44.391816070655068, -22.916697342808106 ], [ -44.391459151318713, -22.917292208368679 ], [ -44.391131975260407, -22.917946559586028 ], [ -44.390566852977827, -22.91860091170264 ], [ -44.390150447984752, -22.918928087761003 ], [ -44.389823271926389, -22.919493210043584 ], [ -44.389703813180404, -22.920039307168224 ] ] ] ] } },
{ "type": "Feature", "properties": { "Densidade": "Densa", "Tipo": "Área urbanizada", "Comparacao": "Densificação" }, "geometry": { "type": "MultiPolygon", "coordinates": [ [ [ [ -44.276746134026837, -22.886837749162737 ], [ -44.276200046794656, -22.887351712611405 ], [ -44.27748337126053, -22.889051191159524 ], [ -44.277354879723873, -22.889340295318334 ], [ -44.277804598303533, -22.889725768129665 ], [ -44.27838280662121, -22.889790012998674 ], [ -44.278639788795147, -22.890303977346605 ], [ -44.278288024372785, -22.890660352593159 ], [ -44.27893047935811, -22.891206439825282 ], [ -44.279444441907401, -22.891688280389758 ], [ -44.280536614573066, -22.890917334767153 ], [ -44.280247510414256, -22.890403372217804 ], [ -44.280472368804737, -22.889793040116672 ], [ -44.280888379894748, -22.889276050449325 ], [ -44.281018456036861, -22.88857237591435 ], [ -44.280086896892726, -22.887030485568403 ], [ -44.277836721187668, -22.88693109069726 ], [ -44.277547616129539, -22.88722019575539 ], [ -44.276746134026837, -22.886837749162737 ] ] ] ] } },
{ "type": "Feature", "properties": { "Densidade": "Pouco densa", "Tipo": "Área urbanizada", "Comparacao": "Sem alteração" }, "geometry": { "type": "MultiPolygon", "coordinates": [ [ [ [ -44.331917355301641, -22.892341414824386 ], [ -44.33224309694134, -22.894621509175238 ], [ -44.334744154718919, -22.894333023749994 ], [ -44.33541873168906, -22.895232460009993 ], [ -44.336526127178956, -22.896310926108299 ], [ -44.33728184997733, -22.896838597023589 ], [ -44.338374021743675, -22.895682178589652 ], [ -44.338144160424633, -22.894169410989491 ], [ -44.337635199904526, -22.893562079026708 ], [ -44.335675713863054, -22.894268778880985 ], [ -44.33541873168906, -22.892694764751525 ], [ -44.336125432442714, -22.892245047071242 ], [ -44.337056990687529, -22.890157070392434 ], [ -44.336125432442714, -22.889707351812774 ], [ -44.33557934610991, -22.887876357308016 ], [ -44.335707835847927, -22.885659889092551 ], [ -44.334744154718919, -22.88543502980275 ], [ -44.334583541197446, -22.886366588946885 ], [ -44.333394999879317, -22.887394515844164 ], [ -44.332656178040168, -22.888807915552832 ], [ -44.331917355301641, -22.889321879001443 ], [ -44.332110090807987, -22.88990008821844 ], [ -44.331917355301641, -22.892341414824386 ] ] ] ] } },
{ "type": "Feature", "properties": { "Densidade": "Densa", "Tipo": "Área urbanizada", "Comparacao": "Densificação" }, "geometry": { "type": "MultiPolygon", "coordinates": [ [ [ [ -44.288365836214325, -22.890005354763275 ], [ -44.289201885558555, -22.889234246363344 ], [ -44.289466732303822, -22.888989971609874 ], [ -44.289916449984162, -22.888379640408061 ], [ -44.290912254896625, -22.889568180826814 ], [ -44.292036550446426, -22.8887329903352 ], [ -44.29062632444527, -22.887602099157505 ], [ -44.290815886244104, -22.887383834596221 ], [ -44.291265604823764, -22.887801431191065 ], [ -44.291958822041977, -22.887697277107634 ], [ -44.294814174934174, -22.884413621191641 ], [ -44.295345190428179, -22.883143636369653 ], [ -44.294670612558662, -22.88224420010971 ], [ -44.293867544951183, -22.883175759253845 ], [ -44.292486268126709, -22.882950899964044 ], [ -44.291137114186427, -22.882661794905857 ], [ -44.289017013724163, -22.882083585688861 ], [ -44.289338240767165, -22.88140900871872 ], [ -44.28795696394269, -22.880477449574585 ], [ -44.286896914161218, -22.880477449574585 ], [ -44.286158092322069, -22.880509573358097 ], [ -44.285130163626093, -22.881698112877586 ], [ -44.284680445945753, -22.882147832356509 ], [ -44.285644127974081, -22.88253330426852 ], [ -44.285724634384337, -22.882938355320789 ], [ -44.284868028336803, -22.883295274657144 ], [ -44.285986374871243, -22.884865719377387 ], [ -44.287025404798555, -22.886645012757072 ], [ -44.288053331695835, -22.887544449017071 ], [ -44.288365836214325, -22.890005354763275 ] ] ] ] } },
{ "type": "Feature", "properties": { "Densidade": "Pouco densa", "Tipo": "Área urbanizada", "Comparacao": "Sem alteração" }, "geometry": { "type": "MultiPolygon", "coordinates": [ [ [ [ -44.318412279303232, -23.18640695441735 ], [ -44.31856099569336, -23.187358738415014 ], [ -44.318524473325738, -23.188235264445836 ], [ -44.31861317795574, -23.188775072611463 ], [ -44.318398880304017, -23.189084038297665 ], [ -44.318204077256325, -23.189648969024631 ], [ -44.317906643576691, -23.189886916148225 ], [ -44.318085104144188, -23.190214091307212 ], [ -44.318679968805498, -23.190333065318669 ], [ -44.318947658307764, -23.18961922574664 ], [ -44.319453294034247, -23.189440766977782 ], [ -44.31989944320469, -23.189321793865645 ], [ -44.320226619263053, -23.188935131251242 ], [ -44.320434821309902, -23.188459238802807 ], [ -44.320791739746937, -23.188191550199861 ], [ -44.320940457036443, -23.187804886686138 ], [ -44.32055379442204, -23.187447968249103 ], [ -44.320256361641725, -23.186882845966522 ], [ -44.320102027186749, -23.186475962095926 ], [ -44.319810213370602, -23.186823360309802 ], [ -44.319542522969016, -23.186853102688474 ], [ -44.31927483436607, -23.186674643020297 ], [ -44.319733492206865, -23.185775674407807 ], [ -44.319572267146384, -23.185574142632504 ], [ -44.318977400686435, -23.185901317791547 ], [ -44.318412279303232, -23.18640695441735 ] ] ] ] } },
{ "type": "Feature", "properties": { "Densidade": "Pouco densa", "Tipo": "Área urbanizada", "Comparacao": "Sem alteração" }, "geometry": { "type": "MultiPolygon", "coordinates": [ [ [ [ -44.187863895102623, -23.181690664092855 ], [ -44.188994138768464, -23.182582962433742 ], [ -44.189826949653934, -23.182255786375379 ], [ -44.190689504716829, -23.181779893926944 ], [ -44.191284370277401, -23.182523474978325 ], [ -44.190759553810324, -23.182917086654186 ], [ -44.190778734550918, -23.183415773319211 ], [ -44.190689504716829, -23.184278328382106 ], [ -44.190257985717437, -23.184953748916314 ], [ -44.19060027488274, -23.1860034367092 ], [ -44.191908979116079, -23.184902936321407 ], [ -44.192920249669726, -23.1835050031533 ], [ -44.19321768155072, -23.182226043097387 ], [ -44.192801276557645, -23.181214771644363 ], [ -44.19193872239407, -23.18026298674738 ], [ -44.19060027488274, -23.179638378808079 ], [ -44.189589004329036, -23.179638378808079 ], [ -44.189023882046456, -23.180233244368708 ], [ -44.188815679100287, -23.181155285088266 ], [ -44.187863895102623, -23.181690664092855 ] ] ] ] } },
{ "type": "Feature", "properties": { "Densidade": "Densa", "Tipo": "Área urbanizada", "Comparacao": "Densificação" }, "geometry": { "type": "MultiPolygon", "coordinates": [ [ [ [ -44.327612323150163, -23.156572772915069 ], [ -44.327471952468613, -23.156450068515824 ], [ -44.327331607867393, -23.156344858628302 ], [ -44.327127688392068, -23.156286508815299 ], [ -44.326885515354206, -23.156210633913588 ], [ -44.326875524895144, -23.156205074360791 ], [ -44.32690695519176, -23.156294875208289 ], [ -44.327018267878714, -23.156888540173952 ], [ -44.327529637682574, -23.156760697947789 ], [ -44.327696283221442, -23.156647094006178 ], [ -44.327612323150163, -23.156572772915069 ] ] ], [ [ [ -44.325908017940606, -23.155829821389091 ], [ -44.325839073214638, -23.155777092338894 ], [ -44.325682039894161, -23.15569277280315 ], [ -44.325647540101841, -23.155657590425392 ], [ -44.325624529148683, -23.155629435350136 ], [ -44.325544101878734, -23.155597853857842 ], [ -44.325444417425899, -23.155509894765771 ], [ -44.325383113339967, -23.155471242803571 ], [ -44.325302800283964, -23.155464412452602 ], [ -44.325195854704873, -23.155478822289751 ], [ -44.325159967194345, -23.155461668202047 ], [ -44.324347107832693, -23.15661198065834 ], [ -44.32547061827438, -23.156833518751853 ], [ -44.325806454804024, -23.155937955871934 ], [ -44.325926690935688, -23.15583274925671 ], [ -44.325908017940606, -23.155829821389091 ] ] ], [ [ [ -44.32437561634157, -23.154554103389103 ], [ -44.32432956565691, -23.154483734136988 ], [ -44.324275874332102, -23.154427448268052 ], [ -44.324233622383701, -23.154346488599515 ], [ -44.324176059477509, -23.154272580515112 ], [ -44.324106969061347, -23.154181058309121 ], [ -44.324022516425941, -23.154057658733905 ], [ -44.323926506602959, -23.153921563429378 ], [ -44.323839204015997, -23.15377744976945 ], [ -44.323751955388389, -23.153665402336401 ], [ -44.323690858146563, -23.153569343050719 ], [ -44.323577502199896, -23.153457360368861 ], [ -44.323498914942945, -23.153321251574482 ], [ -44.32340489891692, -23.153156387856995 ], [ -44.323398413905636, -23.153145015929681 ], [ -44.323319815856792, -23.153008895444145 ], [ -44.323215043939058, -23.152872786649766 ], [ -44.323153890939295, -23.152744667432387 ], [ -44.323092737939476, -23.152595800855465 ], [ -44.323049061464985, -23.152499737073185 ], [ -44.322935617384815, -23.152395610868723 ], [ -44.322865706786899, -23.152211495364156 ], [ -44.322795803383599, -23.152059334570595 ], [ -44.322673648470072, -23.151947218789076 ], [ -44.322534035916988, -23.15182697673356 ], [ -44.322394339726941, -23.151602685815249 ], [ -44.322333119277971, -23.15141049529808 ], [ -44.322263176304489, -23.151202344512569 ], [ -44.322384936415631, -23.151018162458172 ], [ -44.322332416008123, -23.150825945860674 ], [ -44.3222103420336, -23.150745937674856 ], [ -44.32207939894505, -23.150529802708206 ], [ -44.321870152785266, -23.150369829503973 ], [ -44.321808922443779, -23.150185664536764 ], [ -44.321799931021928, -23.150001396147445 ], [ -44.321703977856259, -23.149905371036027 ], [ -44.321607843027493, -23.149721141317571 ], [ -44.321477060917573, -23.149633179527541 ], [ -44.321298102605795, -23.149540473180867 ], [ -44.321404452353534, -23.150019046241937 ], [ -44.321999317014843, -23.150732884914646 ], [ -44.322267005617789, -23.151506210143452 ], [ -44.322203018854168, -23.151906126966139 ], [ -44.322354310003334, -23.152120749273138 ], [ -44.323360359992591, -23.153814132216382 ], [ -44.324034936962732, -23.154745691360517 ], [ -44.32438794871986, -23.154569049626353 ], [ -44.32437561634157, -23.154554103389103 ] ] ], [ [ [ -44.320840570236101, -23.148753397950884 ], [ -44.320767070443878, -23.14859571801793 ], [ -44.320714437621177, -23.14840337371669 ], [ -44.320740340794032, -23.148171273985042 ], [ -44.320818606093781, -23.147907261810644 ], [ -44.320818669945595, -23.147579455327559 ], [ -44.320836061934642, -23.147323388663438 ], [ -44.320731235158348, -23.147147204280031 ], [ -44.320682427161259, -23.14711547057178 ], [ -44.320363437622518, -23.147252923183828 ], [ -44.319796388992131, -23.148492071152134 ], [ -44.320350313815879, -23.149277870876972 ], [ -44.32089210090033, -23.148871531136699 ], [ -44.320840570236101, -23.148753397950884 ] ] ] ] } },
{ "type": "Feature", "properties": { "Densidade": "Pouco densa", "Tipo": "Área urbanizada", "Comparacao": "Sem alteração" }, "geometry": { "type": "MultiPolygon", "coordinates": [ [ [ [ -44.139915198427616, -23.144431748126635 ], [ -44.139896279389745, -23.144492481143061 ], [ -44.139877416109812, -23.14457048294139 ], [ -44.13985619930412, -23.144639893516228 ], [ -44.139839703039797, -23.144691963363357 ], [ -44.139818497025999, -23.144750519121089 ], [ -44.139804374072583, -23.144802552995372 ], [ -44.139769053199188, -23.144895724558012 ], [ -44.139709873311972, -23.145013361277563 ], [ -44.139635818638055, -23.145187178645358 ], [ -44.139598843911472, -23.14526348342298 ], [ -44.139557257461433, -23.145369460432221 ], [ -44.139510929785558, -23.145450070264474 ], [ -44.139478493937304, -23.145517957387767 ], [ -44.139430795694636, -23.145614544575551 ], [ -44.139347590418936, -23.14574590045288 ], [ -44.139259805795348, -23.145911318152741 ], [ -44.139176685055929, -23.1460385398467 ], [ -44.139088961586253, -23.146157255752712 ], [ -44.139005830954318, -23.146254766544189 ], [ -44.138908744642833, -23.146386246527982 ], [ -44.138820880878882, -23.146509277381199 ], [ -44.138733107946507, -23.146606817850341 ], [ -44.138698939399291, -23.146648168571883 ], [ -44.138998747893879, -23.146716448805023 ], [ -44.140026674791159, -23.145463662617885 ], [ -44.1407012517613, -23.144692716995223 ], [ -44.140807384353252, -23.143750994612674 ], [ -44.141235687377048, -23.142787312584346 ], [ -44.140593232391723, -23.142287625873166 ], [ -44.140228639140332, -23.143555845325977 ], [ -44.140058797675351, -23.144146630662419 ], [ -44.139926233713823, -23.14438793805439 ], [ -44.139915198427616, -23.144431748126635 ] ] ] ] } },
{ "type": "Feature", "properties": { "Densidade": "Pouco densa", "Tipo": "Área urbanizada", "Comparacao": "Sem alteração" }, "geometry": { "type": "MultiPolygon", "coordinates": [ [ [ [ -44.312624456920503, -23.138440489475244 ], [ -44.312628262584212, -23.138409105295921 ], [ -44.31260701305397, -23.138402499851576 ], [ -44.312624456920503, -23.138440489475244 ] ] ], [ [ [ -44.312579962695054, -23.138689535493597 ], [ -44.312566597870159, -23.138845557976083 ], [ -44.312574380751975, -23.138853452777617 ], [ -44.312599063912728, -23.138649898075297 ], [ -44.312579962695054, -23.138689535493597 ] ] ], [ [ [ -44.312429307366585, -23.139147668130363 ], [ -44.312144204291542, -23.139212725087134 ], [ -44.312045561253626, -23.139203177884326 ], [ -44.311688979163023, -23.139168664602153 ], [ -44.311250988642144, -23.139008530419289 ], [ -44.310745464431591, -23.138693062634673 ], [ -44.310333261970413, -23.138388264406842 ], [ -44.310120057894324, -23.138147410674435 ], [ -44.310058709741611, -23.137967318736742 ], [ -44.310059733170135, -23.137776035635511 ], [ -44.310188668971875, -23.137680599579937 ], [ -44.310303811871393, -23.137530648420636 ], [ -44.310419240755323, -23.137424379131744 ], [ -44.310527778134428, -23.137374323765982 ], [ -44.310567962245806, -23.137334107479905 ], [ -44.310278545418498, -23.136862454838365 ], [ -44.310415621883408, -23.13623282508479 ], [ -44.30945193985508, -23.13578310740445 ], [ -44.308642666026174, -23.137368090564905 ], [ -44.309891882804095, -23.138052185959566 ], [ -44.308970099290605, -23.139284483791869 ], [ -44.308777362884939, -23.140376657356796 ], [ -44.310383498999215, -23.140986987659289 ], [ -44.312471475678024, -23.139702080386655 ], [ -44.31254954323424, -23.139058280416116 ], [ -44.312429307366585, -23.139147668130363 ] ] ] ] } },
{ "type": "Feature", "properties": { "Densidade": "Densa", "Tipo": "Área urbanizada", "Comparacao": "Densificação" }, "geometry": { "type": "MultiPolygon", "coordinates": [ [ [ [ -44.259725612646889, -23.116294236589681 ], [ -44.259725807799725, -23.116371557601269 ], [ -44.259607999309651, -23.116441171422878 ], [ -44.259650513860095, -23.116588045102162 ], [ -44.259667522737914, -23.116649871694165 ], [ -44.259676113961461, -23.116719423462598 ], [ -44.259591992276569, -23.116819946083581 ], [ -44.259331205970341, -23.116974719407722 ], [ -44.259142351937953, -23.11700842869601 ], [ -44.259070139974938, -23.117021318678894 ], [ -44.258674567777064, -23.116959757386837 ], [ -44.258372250778734, -23.116882623434265 ], [ -44.258061544004988, -23.116766859103222 ], [ -44.257901875670996, -23.116635549990576 ], [ -44.25774226399426, -23.116519711015826 ], [ -44.257590908993222, -23.116357486808511 ], [ -44.257456779606628, -23.116226220863382 ], [ -44.257352675885215, -23.116053597795258 ], [ -44.257312457925671, -23.115983749423883 ], [ -44.256740672843762, -23.116369347067689 ], [ -44.257038975268472, -23.118366759318462 ], [ -44.258138606011812, -23.119432902906112 ], [ -44.259863715238225, -23.117737536957748 ], [ -44.261469851352501, -23.117767281135059 ], [ -44.261588823565319, -23.117202158852479 ], [ -44.260458579899478, -23.11699395590631 ], [ -44.259923201794265, -23.116458576901778 ], [ -44.259739448084375, -23.116288680643319 ], [ -44.259725612646889, -23.116294236589681 ] ] ] ] } },
{ "type": "Feature", "properties": { "Densidade": "Densa", "Tipo": "Área urbanizada", "Comparacao": "Densificação" }, "geometry": { "type": "MultiPolygon", "coordinates": [ [ [ [ -44.217809365010169, -23.108800000719441 ], [ -44.217779721130931, -23.108816904691341 ], [ -44.217771746368953, -23.108882776119174 ], [ -44.217802429438507, -23.108961901170744 ], [ -44.217799929323235, -23.109041819424363 ], [ -44.217772257183867, -23.109146761313923 ], [ -44.217744645299092, -23.109233341745266 ], [ -44.217709926072189, -23.109244743350189 ], [ -44.217678857810824, -23.109222591017193 ], [ -44.217650426925616, -23.109370773442379 ], [ -44.217563243948518, -23.109498131833277 ], [ -44.217506810590805, -23.109609421137804 ], [ -44.217511898055591, -23.109755632916062 ], [ -44.217486209820663, -23.109967809966406 ], [ -44.217516892890274, -23.110046935017976 ], [ -44.217514392774945, -23.110126852372275 ], [ -44.217486720635634, -23.110231794261836 ], [ -44.217459108750802, -23.110318375592499 ], [ -44.217424390423218, -23.110329776298101 ], [ -44.217347776278814, -23.110275149678387 ], [ -44.217285957780689, -23.110220457408161 ], [ -44.217226579143244, -23.110156575865233 ], [ -44.217154629782272, -23.110078904118097 ], [ -44.217075162089031, -23.110033193377149 ], [ -44.216973297679488, -23.110021753101364 ], [ -44.216896247363877, -23.1100126033989 ], [ -44.216861079375292, -23.110032180740518 ], [ -44.216801787072768, -23.110065187658222 ], [ -44.216714777664833, -23.11015207206043 ], [ -44.216657667117602, -23.110236626319193 ], [ -44.216647743098804, -23.110282410804587 ], [ -44.216632918674236, -23.110350805145515 ], [ -44.21657831993349, -23.11040787072659 ], [ -44.216481465647064, -23.110524364407866 ], [ -44.216429288780603, -23.110590633650759 ], [ -44.216357200924051, -23.110652377505176 ], [ -44.216281300841331, -23.110712223790074 ], [ -44.216218007455041, -23.110762131667002 ], [ -44.216158394094577, -23.110810106900885 ], [ -44.216081433711167, -23.110858038067931 ], [ -44.215934944941694, -23.110912804082602 ], [ -44.215860185199347, -23.110867296588424 ], [ -44.215812775639051, -23.110828587968911 ], [ -44.215775542807023, -23.110846843307115 ], [ -44.215651431868025, -23.110903890901795 ], [ -44.215606939708437, -23.110988281483969 ], [ -44.215633708928465, -23.11107026637967 ], [ -44.215629495604674, -23.111120730936932 ], [ -44.215626470285315, -23.111156961024903 ], [ -44.21563403268442, -23.111198003385084 ], [ -44.215713604699033, -23.111209338440176 ], [ -44.215696297246268, -23.111248105515585 ], [ -44.215634274602053, -23.111293743411466 ], [ -44.215584677890547, -23.111337087136803 ], [ -44.215569761925735, -23.111348169240021 ], [ -44.215779936894535, -23.112251427861054 ], [ -44.217289705255666, -23.111384113585927 ], [ -44.218542491442804, -23.109874346124116 ], [ -44.219891645383086, -23.108621559936978 ], [ -44.218060649978952, -23.108043350720038 ], [ -44.217960017640678, -23.108160365108745 ], [ -44.217935962574586, -23.108285739595146 ], [ -44.217848779597432, -23.108413097986045 ], [ -44.217792347139039, -23.108524387290572 ], [ -44.217797433704561, -23.10867059906883 ], [ -44.217783475310249, -23.108785895220123 ], [ -44.217809365010169, -23.108800000719441 ] ] ] ] } },
{ "type": "Feature", "properties": { "Densidade": "Densa", "Tipo": "Área urbanizada", "Comparacao": "Densificação" }, "geometry": { "type": "MultiPolygon", "coordinates": [ [ [ [ -44.214976869287057, -23.101747296900214 ], [ -44.213627714447398, -23.103096450840496 ], [ -44.214655641344734, -23.104028009984631 ], [ -44.216051889183291, -23.104174610269979 ], [ -44.216765727856, -23.102657703090472 ], [ -44.218074431190018, -23.10274693292456 ], [ -44.217675177167678, -23.101522437610356 ], [ -44.216379065241597, -23.101140796810284 ], [ -44.214976869287057, -23.101747296900214 ] ] ] ] } },
{ "type": "Feature", "properties": { "Densidade": "Pouco densa", "Tipo": "Área urbanizada", "Comparacao": "Sem alteração" }, "geometry": { "type": "MultiPolygon", "coordinates": [ [ [ [ -44.243455059303528, -23.054142875992909 ], [ -44.243431266839423, -23.053972420290904 ], [ -44.243447448341044, -23.053865429745713 ], [ -44.243480906718446, -23.0537839205914 ], [ -44.243561046149942, -23.053587394253768 ], [ -44.243249625369856, -23.053061871108412 ], [ -44.243249625369856, -23.052323049269262 ], [ -44.244245430282319, -23.051873330689602 ], [ -44.244855762383509, -23.051359367240934 ], [ -44.245433970701129, -23.050202948806998 ], [ -44.244952130136653, -23.04968898535833 ], [ -44.245594584222658, -23.048275585649719 ], [ -44.245452943484835, -23.047036340841736 ], [ -44.245141407749713, -23.047073703788328 ], [ -44.245055020672623, -23.047065121558092 ], [ -44.245007851231321, -23.047016992540136 ], [ -44.244795952071513, -23.046794674734429 ], [ -44.244627768057001, -23.046568035686278 ], [ -44.244540913332457, -23.046448852132755 ], [ -44.244357311340821, -23.046041503312665 ], [ -44.244289075280562, -23.045923023029047 ], [ -44.244177907384483, -23.045797433604605 ], [ -44.244101162838376, -23.045725280097543 ], [ -44.244011790012053, -23.045658567488829 ], [ -44.24400470406956, -23.045655847703053 ], [ -44.244181183614671, -23.046508836013913 ], [ -44.244630902194331, -23.047151290099919 ], [ -44.244020570992518, -23.047761622201051 ], [ -44.242747596824074, -23.049197629067294 ], [ -44.242607171283908, -23.049528371836857 ], [ -44.244598780209515, -23.050202948806998 ], [ -44.24395632522419, -23.05126299858847 ], [ -44.243141946843309, -23.051413172779633 ], [ -44.242671416152916, -23.051391490125127 ], [ -44.238527584780172, -23.054282535310733 ], [ -44.23933065328697, -23.05572805700416 ], [ -44.240764865106371, -23.055235777109374 ], [ -44.242467369873168, -23.054175727327902 ], [ -44.243249625369856, -23.054314658194869 ], [ -44.24345881784815, -23.054157763744641 ], [ -44.243455059303528, -23.054142875992909 ] ] ], [ [ [ -44.243197462892567, -23.044041292371674 ], [ -44.243152611004177, -23.043834063391273 ], [ -44.243058989780536, -23.043735657774334 ], [ -44.24302125872407, -23.043630193378704 ], [ -44.242956696394401, -23.04338775504084 ], [ -44.242950688923088, -23.043086223150624 ], [ -44.242964133787723, -23.042825882908119 ], [ -44.242982747955409, -23.042823510496589 ], [ -44.243203470363824, -23.042847103311146 ], [ -44.243311579665601, -23.042783508651951 ], [ -44.243324539795651, -23.042711442379129 ], [ -44.243306811460116, -23.042696462371794 ], [ -44.243203923622161, -23.042658818549569 ], [ -44.243203679006513, -23.042603776443059 ], [ -44.242945613149459, -23.042587880925907 ], [ -44.24292745134079, -23.04258158207432 ], [ -44.242952722290283, -23.042509895315391 ], [ -44.243021837887454, -23.042245450567066 ], [ -44.243062809201263, -23.041988956724936 ], [ -44.243045955906098, -23.041838004620161 ], [ -44.243017880870468, -23.041785153262197 ], [ -44.242928384837057, -23.041662275293731 ], [ -44.242780148684858, -23.041558843365863 ], [ -44.24261467342842, -23.041366419924316 ], [ -44.242316391688064, -23.04100871637911 ], [ -44.242258880942586, -23.040932069859082 ], [ -44.242169796798635, -23.040753502272253 ], [ -44.241878214108226, -23.040393600784 ], [ -44.241796096112921, -23.040319308689106 ], [ -44.241772760836184, -23.040279629180837 ], [ -44.242350189109914, -23.042204391119697 ], [ -44.242639294168043, -23.043296562886042 ], [ -44.242960521211046, -23.044131754276975 ], [ -44.243311393995775, -23.044457565271259 ], [ -44.243197462892567, -23.044041292371674 ] ] ], [ [ [ -44.241836607873097, -23.040190484403297 ], [ -44.241849628257683, -23.040176391127488 ], [ -44.24181905490542, -23.040115002505331 ], [ -44.24169569310169, -23.040007958900162 ], [ -44.241691125079797, -23.040007509847747 ], [ -44.241767927723593, -23.040263518796941 ], [ -44.241836607873097, -23.040190484403297 ] ] ], [ [ [ -44.240560325998217, -23.037992210372181 ], [ -44.240508504363959, -23.037930575335736 ], [ -44.240360119823606, -23.037786150510385 ], [ -44.240183994795473, -23.037531911268673 ], [ -44.240022067973932, -23.037397872192898 ], [ -44.24058078545508, -23.038069624403224 ], [ -44.240560325998217, -23.037992210372181 ] ] ], [ [ [ -44.239976684876069, -23.037119108959644 ], [ -44.240054655198151, -23.036859557422588 ], [ -44.240128039877106, -23.036628647494069 ], [ -44.240116731801663, -23.036438916622672 ], [ -44.240129691032394, -23.036310041075467 ], [ -44.240206417592049, -23.036130939291354 ], [ -44.240220028460065, -23.036110123025473 ], [ -44.239921987209925, -23.036080850650706 ], [ -44.239307734963973, -23.036434510843947 ], [ -44.239415711166089, -23.036668842692904 ], [ -44.240004599435238, -23.037376869575517 ], [ -44.239976684876069, -23.037119108959644 ] ] ] ] } },
{ "type": "Feature", "properties": { "Densidade": "Pouco densa", "Tipo": "Área urbanizada", "Comparacao": "Sem alteração" }, "geometry": { "type": "MultiPolygon", "coordinates": [ [ [ [ -44.167882183216136, -23.023964732586307 ], [ -44.167136033700956, -23.024278800126467 ], [ -44.167091424629518, -23.024296640877253 ], [ -44.166957377980566, -23.024337215589981 ], [ -44.166800404015419, -23.024384731270288 ], [ -44.166509199040263, -23.024502694443754 ], [ -44.166344625803788, -23.024517052120189 ], [ -44.166310513619294, -23.024520027976848 ], [ -44.166186269580635, -23.024530866606142 ], [ -44.166099434641126, -23.024530408851263 ], [ -44.166071658180442, -23.024530262261749 ], [ -44.166054457747009, -23.024530172329548 ], [ -44.165863525381326, -23.024529165988156 ], [ -44.165635948340309, -23.024796832108052 ], [ -44.165440646168861, -23.025064668199832 ], [ -44.165482643609096, -23.025225304204355 ], [ -44.165025579366954, -23.025963640409657 ], [ -44.165306850430738, -23.027018407573394 ], [ -44.165552961599872, -23.027545790705631 ], [ -44.165904550654432, -23.027616108696407 ], [ -44.165931436786309, -23.027694698651374 ], [ -44.166361616695212, -23.028952146923984 ], [ -44.16593970964982, -23.030182709064718 ], [ -44.165834232663656, -23.03144842930152 ], [ -44.165799073668268, -23.032221925401473 ], [ -44.166818682735993, -23.032784466629778 ], [ -44.168611787004352, -23.031518747292296 ], [ -44.168084402972795, -23.030077232078554 ], [ -44.168471151022743, -23.028811510942433 ], [ -44.168752422086584, -23.027475472714855 ], [ -44.169139170136532, -23.026315228564897 ], [ -44.168400833031967, -23.025893323318144 ], [ -44.169033693150368, -23.025752687336592 ], [ -44.169736871259545, -23.025858164322756 ], [ -44.169807189250321, -23.025084668222803 ], [ -44.170791638423339, -23.024592443186634 ], [ -44.16899853415498, -23.024205695136686 ], [ -44.169244647122696, -23.023432199936053 ], [ -44.168239516240646, -23.023432199936053 ], [ -44.167978925986574, -23.023924424072845 ], [ -44.167882183216136, -23.023964732586307 ] ] ] ] } },
{ "type": "Feature", "properties": { "Densidade": "Pouco densa", "Tipo": "Outros equipamentos urbanos", "Comparacao": "Adição" }, "geometry": { "type": "MultiPolygon", "coordinates": [ [ [ [ -44.284935842615027, -22.899330461931243 ], [ -44.28531561102659, -22.89909670474907 ], [ -44.284173926185701, -22.897709110187236 ], [ -44.283354967557671, -22.896488713083613 ], [ -44.282969576584662, -22.896577468974954 ], [ -44.282825056431193, -22.896821548575588 ], [ -44.282825056431193, -22.897287519703241 ], [ -44.284935842615027, -22.899330461931243 ] ] ] ] } },
{ "type": "Feature", "properties": { "Densidade": "Pouco densa", "Tipo": "Outros equipamentos urbanos", "Comparacao": "Adição" }, "geometry": { "type": "MultiPolygon", "coordinates": [ [ [ [ -44.282614919942546, -22.908384878559275 ], [ -44.284755632866108, -22.908830217440538 ], [ -44.285114896735081, -22.908743883423426 ], [ -44.284746903147038, -22.906990266587513 ], [ -44.28267671685694, -22.907246422284516 ], [ -44.282614919942546, -22.908384878559275 ] ] ] ] } },
{ "type": "Feature", "properties": { "Densidade": "Pouco densa", "Tipo": "Outros equipamentos urbanos", "Comparacao": "Sem alteração" }, "geometry": { "type": "MultiPolygon", "coordinates": [ [ [ [ -44.356642388435432, -23.009513648036375 ], [ -44.356510529837067, -23.009213889609271 ], [ -44.356342433056795, -23.008877804866756 ], [ -44.356121272678536, -23.008403298273549 ], [ -44.356057186090197, -23.008259675643444 ], [ -44.356028741433249, -23.008195930797513 ], [ -44.356038245468596, -23.008103020038277 ], [ -44.356080626919379, -23.0080342794584 ], [ -44.356234505418058, -23.007911458147248 ], [ -44.356503310079631, -23.007712387816412 ], [ -44.356568679274169, -23.00766556339082 ], [ -44.356406809226826, -23.007318265325637 ], [ -44.356342721739168, -23.007174641796212 ], [ -44.356314277082163, -23.00711089695028 ], [ -44.356314974956092, -23.007104075592565 ], [ -44.355802927962714, -23.007502334065407 ], [ -44.354642941018881, -23.007234644563141 ], [ -44.35401833218026, -23.007740280289681 ], [ -44.353661412843906, -23.008513604619111 ], [ -44.354583453563464, -23.008900267233514 ], [ -44.355683954850576, -23.008900267233514 ], [ -44.356189590577117, -23.009435646238046 ], [ -44.356665483025552, -23.009673591562944 ], [ -44.356714960813633, -23.00964588402795 ], [ -44.356642388435432, -23.009513648036375 ] ] ] ] } },
{ "type": "Feature", "properties": { "Densidade": "Pouco densa", "Tipo": "Outros equipamentos urbanos", "Comparacao": "Sem alteração" }, "geometry": { "type": "MultiPolygon", "coordinates": [ [ [ [ -44.284935842615027, -22.899330461931243 ], [ -44.287826887800577, -22.902478489290786 ], [ -44.287345047236101, -22.903024575623647 ], [ -44.286798960903297, -22.902349997754129 ], [ -44.285032211267492, -22.903634906825459 ], [ -44.285925943127722, -22.904236341034277 ], [ -44.288115992858764, -22.902831839217981 ], [ -44.292741664795926, -22.908003598387324 ], [ -44.292902278317456, -22.907489634039337 ], [ -44.28531561102659, -22.89909670474907 ], [ -44.284935842615027, -22.899330461931243 ] ] ] ] } },
{ "type": "Feature", "properties": { "Densidade": "Densa", "Tipo": "Outros equipamentos urbanos", "Comparacao": "Adição" }, "geometry": { "type": "MultiPolygon", "coordinates": [ [ [ [ -44.279444441907401, -22.891688280389758 ], [ -44.280555824091948, -22.893289820069072 ], [ -44.280889631751052, -22.892773462625144 ], [ -44.280714672244301, -22.891824373895702 ], [ -44.281887815370339, -22.890617481911192 ], [ -44.2812848496161, -22.889929371942912 ], [ -44.280247510414256, -22.890403372217804 ], [ -44.280536614573066, -22.890917334767153 ], [ -44.279444441907401, -22.891688280389758 ] ] ] ] } },
{ "type": "Feature", "properties": { "Densidade": "Densa", "Tipo": "Área urbanizada", "Comparacao": "Adição" }, "geometry": { "type": "MultiPolygon", "coordinates": [ [ [ [ -44.283875817115245, -22.892906797011051 ], [ -44.282404314007863, -22.89242497443297 ], [ -44.282324585511162, -22.892713180169096 ], [ -44.283833879030226, -22.893233048566287 ], [ -44.283875817115245, -22.892906797011051 ] ] ] ] } },
{ "type": "Feature", "properties": { "Densidade": "Pouco densa", "Tipo": "Área urbanizada", "Comparacao": "Adição" }, "geometry": { "type": "MultiPolygon", "coordinates": [ [ [ [ -44.397177630842918, -22.939658502337977 ], [ -44.397390869992591, -22.941146070035074 ], [ -44.398967104548205, -22.939963893219044 ], [ -44.399791046319706, -22.94051020168439 ], [ -44.400337354785052, -22.941558040471136 ], [ -44.400964266787412, -22.941181892730128 ], [ -44.400740369772222, -22.940537069829873 ], [ -44.400014943334952, -22.940071364002222 ], [ -44.400247795799089, -22.939480275594178 ], [ -44.399719399130902, -22.939175775941237 ], [ -44.399513413912871, -22.939596701826304 ], [ -44.398599914054728, -22.939059348809849 ], [ -44.398942270669238, -22.938236084227867 ], [ -44.397684959093567, -22.938373603159221 ], [ -44.397658135014865, -22.939610451561066 ], [ -44.397177630842918, -22.939658502337977 ] ] ] ] } },
{ "type": "Feature", "properties": { "Densidade": "Pouco densa", "Tipo": "Área urbanizada", "Comparacao": "Adição" }, "geometry": { "type": "MultiPolygon", "coordinates": [ [ [ [ -44.391581641679352, -22.929058014415773 ], [ -44.392929854029489, -22.927711264363325 ], [ -44.392879099890479, -22.927492211096592 ], [ -44.392318466124266, -22.927542853719672 ], [ -44.39198725300929, -22.926782657693479 ], [ -44.391605369392266, -22.926767400694928 ], [ -44.391385951000814, -22.927559995697209 ], [ -44.391581641679352, -22.929058014415773 ] ] ] ] } },
{ "type": "Feature", "properties": { "Densidade": "Pouco densa", "Tipo": "Área urbanizada", "Comparacao": "Adição" }, "geometry": { "type": "MultiPolygon", "coordinates": [ [ [ [ -44.353322339654198, -22.930498216619355 ], [ -44.353741147635787, -22.930917024600944 ], [ -44.354253019261364, -22.930442673590449 ], [ -44.35459638041857, -22.929860905756129 ], [ -44.354545928451785, -22.929794489024403 ], [ -44.354734001872657, -22.929364606791125 ], [ -44.355150450932513, -22.929189966543674 ], [ -44.355217619497523, -22.929024282644491 ], [ -44.354729524148183, -22.929006370847276 ], [ -44.354375766828127, -22.929794489024403 ], [ -44.353833936087256, -22.930475135519032 ], [ -44.353592127274794, -22.930175113590565 ], [ -44.353323450316964, -22.930233326706627 ], [ -44.353322339654198, -22.930498216619355 ] ] ] ] } },
{ "type": "Feature", "properties": { "Densidade": "Pouco densa", "Tipo": "Área urbanizada", "Comparacao": "Adição" }, "geometry": { "type": "MultiPolygon", "coordinates": [ [ [ [ -44.349574689320434, -22.927256201112755 ], [ -44.349490332912467, -22.9269554741158 ], [ -44.34854100945995, -22.92659723907127 ], [ -44.348379803285241, -22.925804643169727 ], [ -44.347831824778837, -22.925856347892079 ], [ -44.3478485926384, -22.926138363594532 ], [ -44.348021118579709, -22.926750917021138 ], [ -44.348318595426804, -22.92713454082633 ], [ -44.348812784582321, -22.927389911415219 ], [ -44.348881254466278, -22.927457835410735 ], [ -44.349009567037854, -22.927256201112755 ], [ -44.349574689320434, -22.927256201112755 ] ] ] ] } },
{ "type": "Feature", "properties": { "Densidade": "Loteamento vazio", "Tipo": "Loteamento vazio", "Comparacao": "Não comparável" }, "geometry": { "type": "MultiPolygon", "coordinates": [ [ [ [ -44.433779235922941, -22.96217839421746 ], [ -44.436328595388318, -22.959895827630305 ], [ -44.437806240865257, -22.958867900732969 ], [ -44.437458557566345, -22.957886627965479 ], [ -44.432375519214816, -22.961358620803651 ], [ -44.433779235922941, -22.96217839421746 ] ] ] ] } },
{ "type": "Feature", "properties": { "Densidade": "Densa", "Tipo": "Outros equipamentos urbanos", "Comparacao": "Adição" }, "geometry": { "type": "MultiPolygon", "coordinates": [ [ [ [ -44.43005793752377, -22.958502906383956 ], [ -44.429641489363178, -22.958547686326597 ], [ -44.429798216914151, -22.959219377372335 ], [ -44.42900562191187, -22.95942984031484 ], [ -44.429148915390101, -22.959882112069749 ], [ -44.429937033567228, -22.959725384518833 ], [ -44.430331092206075, -22.959425362590366 ], [ -44.43005793752377, -22.958502906383956 ] ] ] ] } },
{ "type": "Feature", "properties": { "Densidade": "Densa", "Tipo": "Outros equipamentos urbanos", "Comparacao": "Adição" }, "geometry": { "type": "MultiPolygon", "coordinates": [ [ [ [ -44.431330772297258, -22.97501034744954 ], [ -44.431048921170714, -22.97497190143207 ], [ -44.430810243137721, -22.974997756789904 ], [ -44.430883016937628, -22.975082438004051 ], [ -44.43120485102304, -22.975196418979522 ], [ -44.431312979210588, -22.975169066998774 ], [ -44.431447481815781, -22.975298310368657 ], [ -44.431698958340235, -22.975400633432457 ], [ -44.432021627895779, -22.975195897372714 ], [ -44.432074077417624, -22.975184190648672 ], [ -44.431330772297258, -22.97501034744954 ] ] ] ] } },
{ "type": "Feature", "properties": { "Densidade": "Pouco densa", "Tipo": "Área urbanizada", "Comparacao": "Adição" }, "geometry": { "type": "MultiPolygon", "coordinates": [ [ [ [ -44.342994800469626, -22.962323339750299 ], [ -44.342737679800052, -22.962220745990578 ], [ -44.342634997906771, -22.962143817982792 ], [ -44.342576463732769, -22.96197934996701 ], [ -44.34257887571448, -22.961773053583499 ], [ -44.34250108005066, -22.961675119865099 ], [ -44.342276856391777, -22.961955399222234 ], [ -44.342944069712985, -22.962344980136663 ], [ -44.343001799686242, -22.962335533457846 ], [ -44.342994800469626, -22.962323339750299 ] ] ] ] } },
{ "type": "Feature", "properties": { "Densidade": "Densa", "Tipo": "Área urbanizada", "Comparacao": "Adição" }, "geometry": { "type": "MultiPolygon", "coordinates": [ [ [ [ -44.336642660884451, -22.958272813185918 ], [ -44.336334177680101, -22.95854016529637 ], [ -44.336036745799163, -22.958778110621267 ], [ -44.336222680632147, -22.959062648922043 ], [ -44.336392842255805, -22.959098472516473 ], [ -44.336519164627703, -22.958883755780676 ], [ -44.33702296393858, -22.958794098768578 ], [ -44.337151306046074, -22.958536477755846 ], [ -44.336642660884451, -22.958272813185918 ] ] ] ] } },
{ "type": "Feature", "properties": { "Densidade": "Densa", "Tipo": "Área urbanizada", "Comparacao": "Adição" }, "geometry": { "type": "MultiPolygon", "coordinates": [ [ [ [ -44.333888546019523, -22.958908113018936 ], [ -44.333597797899984, -22.958956571188764 ], [ -44.333449082409174, -22.958688880787179 ], [ -44.333244849070468, -22.958758149269102 ], [ -44.333289629013109, -22.959013392154304 ], [ -44.333043241752137, -22.959065567222126 ], [ -44.332783993286625, -22.959108071879996 ], [ -44.332643556055245, -22.959098939264607 ], [ -44.332519422633197, -22.959340281328878 ], [ -44.332949305765794, -22.959470141633687 ], [ -44.333912062391732, -22.959250722342915 ], [ -44.333888546019523, -22.958908113018936 ] ] ] ] } },
{ "type": "Feature", "properties": { "Densidade": "Densa", "Tipo": "Área urbanizada", "Comparacao": "Adição" }, "geometry": { "type": "MultiPolygon", "coordinates": [ [ [ [ -44.336194048916184, -22.960547729094401 ], [ -44.336643032967118, -22.960094065971163 ], [ -44.336642621759552, -22.959946650117786 ], [ -44.336420923586729, -22.959646068810969 ], [ -44.33610401508821, -22.959592166145512 ], [ -44.336065952181912, -22.959836213370522 ], [ -44.336339106864273, -22.960178775929705 ], [ -44.336339106864273, -22.960304158510041 ], [ -44.336045801972148, -22.96058626864135 ], [ -44.336169400661234, -22.960624779264247 ], [ -44.336194048916184, -22.960547729094401 ] ] ] ] } },
{ "type": "Feature", "properties": { "Densidade": "Pouco densa", "Tipo": "Área urbanizada", "Comparacao": "Adição" }, "geometry": { "type": "MultiPolygon", "coordinates": [ [ [ [ -44.319899794839614, -22.948672730062412 ], [ -44.318250463388154, -22.948945860463027 ], [ -44.318322110576901, -22.949563816117177 ], [ -44.317363830776117, -22.949725022291886 ], [ -44.317363830776117, -22.950325066148821 ], [ -44.318008654575692, -22.950871375513543 ], [ -44.318035521821855, -22.95182069896606 ], [ -44.31855693795228, -22.951901593883406 ], [ -44.318903777687126, -22.949538745716495 ], [ -44.31998765320759, -22.949343648590457 ], [ -44.319899794839614, -22.948672730062412 ] ] ] ] } },
{ "type": "Feature", "properties": { "Densidade": "Densa", "Tipo": "Área urbanizada", "Comparacao": "Adição" }, "geometry": { "type": "MultiPolygon", "coordinates": [ [ [ [ -44.308082758912178, -22.966274295322421 ], [ -44.308095908799089, -22.965890685007082 ], [ -44.307715748882636, -22.965825840147478 ], [ -44.307697787922507, -22.966265880366052 ], [ -44.30808031144123, -22.96634569764776 ], [ -44.308082758912178, -22.966274295322421 ] ] ], [ [ [ -44.307015185402463, -22.965303067082857 ], [ -44.30675314903857, -22.965006500349659 ], [ -44.307040778309215, -22.964781903661901 ], [ -44.3067083067263, -22.964384968773871 ], [ -44.306584325606082, -22.965216008212167 ], [ -44.307018638885104, -22.965364962556475 ], [ -44.307015185402463, -22.965303067082857 ] ] ] ] } },
{ "type": "Feature", "properties": { "Densidade": "Densa", "Tipo": "Área urbanizada", "Comparacao": "Adição" }, "geometry": { "type": "MultiPolygon", "coordinates": [ [ [ [ -44.271140463661425, -22.964488762446365 ], [ -44.269365317055701, -22.964586498967719 ], [ -44.269296382222194, -22.965107422269682 ], [ -44.269578635345681, -22.966293737765739 ], [ -44.270125034642604, -22.966468795298624 ], [ -44.271140463661425, -22.964488762446365 ] ] ] ] } },
{ "type": "Feature", "properties": { "Densidade": "Densa", "Tipo": "Área urbanizada", "Comparacao": "Adição" }, "geometry": { "type": "MultiPolygon", "coordinates": [ [ [ [ -44.266045136074126, -22.961700187813392 ], [ -44.265617641540871, -22.961343912391612 ], [ -44.264490033787979, -22.961531846417529 ], [ -44.264057859182799, -22.96240711159885 ], [ -44.264425050575596, -22.963437037689118 ], [ -44.265096741621278, -22.963974390705516 ], [ -44.26546692685713, -22.963242079058659 ], [ -44.266045136074126, -22.961700187813392 ] ] ] ] } },
{ "type": "Feature", "properties": { "Densidade": "Pouco densa", "Tipo": "Área urbanizada", "Comparacao": "Adição" }, "geometry": { "type": "MultiPolygon", "coordinates": [ [ [ [ -44.52969364354675, -23.004039800296482 ], [ -44.530058592929663, -23.003180178822163 ], [ -44.529961241318176, -23.001784189988314 ], [ -44.529761013559892, -23.001663464097533 ], [ -44.528748494747219, -23.001384149059163 ], [ -44.528329520391026, -23.000860431563638 ], [ -44.526269567486509, -23.000720774044453 ], [ -44.525947513067251, -23.00091630734164 ], [ -44.526364713061014, -23.001751275700769 ], [ -44.526782308756481, -23.001494294426095 ], [ -44.527039290930475, -23.001911890121562 ], [ -44.527810235653817, -23.002714957729097 ], [ -44.528645427044808, -23.003742884626377 ], [ -44.528966654087753, -23.003485903351702 ], [ -44.52969364354675, -23.004039800296482 ] ] ] ] } },
{ "type": "Feature", "properties": { "Densidade": "Pouco densa", "Tipo": "Área urbanizada", "Comparacao": "Adição" }, "geometry": { "type": "MultiPolygon", "coordinates": [ [ [ [ -44.526364713061014, -23.001751275700769 ], [ -44.526010533958924, -23.002141296383684 ], [ -44.526610577815859, -23.002696561197297 ], [ -44.525938886770177, -23.003457811228941 ], [ -44.526897166570961, -23.004326532043763 ], [ -44.525876195929641, -23.005069870278248 ], [ -44.525096523285868, -23.004420327735886 ], [ -44.524854944699882, -23.004995670813514 ], [ -44.525304664178861, -23.005541757146318 ], [ -44.525047682004868, -23.005830862204505 ], [ -44.525401031932063, -23.006119966363315 ], [ -44.525754381859201, -23.005830862204505 ], [ -44.526653818119144, -23.005220530103315 ], [ -44.52768174501648, -23.00428897095918 ], [ -44.526718062988152, -23.002939817018898 ], [ -44.526975045162146, -23.002554344207567 ], [ -44.526364713061014, -23.001751275700769 ] ] ] ] } },
{ "type": "Feature", "properties": { "Densidade": "Densa", "Tipo": "Área urbanizada", "Comparacao": "Adição" }, "geometry": { "type": "MultiPolygon", "coordinates": [ [ [ [ -44.524451603258854, -23.007926878822332 ], [ -44.524133783747061, -23.007590608819498 ], [ -44.523313055253254, -23.006633929811983 ], [ -44.522509986746456, -23.006216335015779 ], [ -44.522110052836638, -23.007044523386014 ], [ -44.523547665892011, -23.007389443068291 ], [ -44.524451603258854, -23.007926878822332 ] ] ] ] } },
{ "type": "Feature", "properties": { "Densidade": "Densa", "Tipo": "Área urbanizada", "Comparacao": "Adição" }, "geometry": { "type": "MultiPolygon", "coordinates": [ [ [ [ -44.437186092663978, -22.982402531851335 ], [ -44.436570952787179, -22.982651219578088 ], [ -44.436469611783139, -22.982812185633804 ], [ -44.436685148700633, -22.983124851130924 ], [ -44.436890616808455, -22.983064635224707 ], [ -44.43705275018425, -22.983183518404587 ], [ -44.437146773404834, -22.983427255363495 ], [ -44.437293563447156, -22.983898163769197 ], [ -44.437066972962384, -22.984839479658206 ], [ -44.436845769416664, -22.985205723165564 ], [ -44.438162284261978, -22.985286325803258 ], [ -44.439048915974638, -22.985366928440953 ], [ -44.439207438572396, -22.985075564285808 ], [ -44.43831453408842, -22.984731060989645 ], [ -44.43825184234862, -22.983656354956793 ], [ -44.437186092663978, -22.982402531851335 ] ] ] ] } },
{ "type": "Feature", "properties": { "Densidade": "Densa", "Tipo": "Área urbanizada", "Comparacao": "Adição" }, "geometry": { "type": "MultiPolygon", "coordinates": [ [ [ [ -44.435172101411297, -22.986091248712114 ], [ -44.434592408720889, -22.986218393636346 ], [ -44.434638928443746, -22.986344101199279 ], [ -44.434820468289956, -22.986452300433257 ], [ -44.434819603142103, -22.986660229985603 ], [ -44.434756501311426, -22.986936052057104 ], [ -44.435242665816304, -22.986773002272173 ], [ -44.435258167781406, -22.98608576128581 ], [ -44.435172101411297, -22.986091248712114 ] ] ] ] } },
{ "type": "Feature", "properties": { "Densidade": "Pouco densa", "Tipo": "Área urbanizada", "Comparacao": "Adição" }, "geometry": { "type": "MultiPolygon", "coordinates": [ [ [ [ -44.44038334261711, -22.99899778182214 ], [ -44.439666871628788, -22.99915898709753 ], [ -44.439640929785014, -23.000479833077804 ], [ -44.438869798902033, -23.000771046146838 ], [ -44.439863901397871, -23.001765149541995 ], [ -44.441914798129403, -23.001971134760026 ], [ -44.442792475292435, -23.002544311370855 ], [ -44.443446254540959, -23.001890531223012 ], [ -44.442012519362208, -23.000999730253284 ], [ -44.440770067284745, -23.000971469957335 ], [ -44.44038334261711, -22.99899778182214 ] ] ] ] } },
{ "type": "Feature", "properties": { "Densidade": "Densa", "Tipo": "Área urbanizada", "Comparacao": "Adição" }, "geometry": { "type": "MultiPolygon", "coordinates": [ [ [ [ -44.176765323061147, -23.025367580549357 ], [ -44.175968811511382, -23.024649622082336 ], [ -44.175663360375722, -23.024608887290299 ], [ -44.175213696654737, -23.024793875137163 ], [ -44.175438555944538, -23.025468452107361 ], [ -44.175952519393206, -23.026078784208494 ], [ -44.176765323061147, -23.025367580549357 ] ] ] ] } }
]
}
