{
"type": "FeatureCollection",
"name": "BH_Angra_geojson",
"crs": { "type": "name", "properties": { "name": "urn:ogc:def:crs:OGC:1.3:CRS84" } },
"features": [
{ "type": "Feature", "properties": { "NUCOMPTREC": 100.679, "NUDISTBACT": null, "NUDISTCDAG": null, "NUAREACONT": 223.839, "NUAREAMONT": 223.839, "NUDISTBACC": null, "NUAREABACC": null, "NUCOMPCDA": null, "Shape__Len": 0, "OBJECTID": 2210, "ID": 497, "COTRECHO": 497, "COCURSODAG": null, "COBACIA": "77939171", "NOGENERICO": null, "NOLIGACAO": null, "NOESPECIF": null, "NORIOCOMP": null, "NOORIGINAL": null, "COCDADESAG": null, "NUTRJUS": 111837, "NUORDEMCDA": null, "NUNIVOTTO": 8, "NUNIVOTCDA": null, "NUSTRAHLER": null, "DEDOMINIAL": "Linha de Costa", "DSVERSAO": "BHO bho_2017_v_01_05_50k de 2018-06-22" }, "geometry": { "type": "MultiLineString", "coordinates": [ [ [ -44.3309317, -22.930196099322298 ], [ -44.3306418, -22.93161989932225 ], [ -44.329675599999966, -22.932954599322255 ], [ -44.327750499999979, -22.932627799322233 ], [ -44.326680399999987, -22.933132599322267 ], [ -44.3246514, -22.93259869932227 ], [ -44.3241683, -22.933666499322239 ], [ -44.3240717, -22.934556299322207 ], [ -44.3253277, -22.935802099322164 ], [ -44.3261007, -22.93731479932217 ], [ -44.3243615, -22.937581699322134 ], [ -44.322912200000019, -22.937136799322154 ], [ -44.321366300000022, -22.936691899322177 ], [ -44.320883200000019, -22.937581699322134 ], [ -44.3217528, -22.939005399322099 ], [ -44.3225258, -22.940251099322087 ], [ -44.322815600000013, -22.941674699322053 ], [ -44.323395300000016, -22.942920399322016 ], [ -44.32600409999997, -22.944077099321998 ], [ -44.327453400000024, -22.944166099322004 ], [ -44.3292892, -22.944166099322004 ], [ -44.333733699999975, -22.947369099321918 ], [ -44.3342662, -22.947663399321911 ], [ -44.335183, -22.948169899321879 ], [ -44.3365357, -22.9487036993219 ], [ -44.3369222, -22.950127299321871 ], [ -44.337308599999972, -22.952084699321805 ], [ -44.337308599999972, -22.953152299321772 ], [ -44.338757900000012, -22.954130999321773 ], [ -44.338757900000012, -22.955643399321701 ], [ -44.337212, -22.954486899321743 ], [ -44.335376199999978, -22.955020699321711 ], [ -44.334603300000033, -22.954219999321765 ], [ -44.334603300000033, -22.950839099321801 ], [ -44.333154, -22.950661099321827 ], [ -44.3319945, -22.95119499932181 ], [ -44.332381, -22.952173599321775 ], [ -44.332767499999989, -22.952618499321808 ], [ -44.3318979, -22.953775099321728 ], [ -44.330448600000011, -22.954130999321773 ], [ -44.328999300000021, -22.954308899321756 ], [ -44.3291926, -22.955554499321735 ], [ -44.3298689, -22.956799999321685 ], [ -44.3318979, -22.956622099321702 ], [ -44.333154, -22.956799999321685 ], [ -44.334699899999961, -22.956711099321698 ], [ -44.336245799999972, -22.957333799321695 ], [ -44.3384681, -22.958045599321661 ], [ -44.337212, -22.959735899321625 ], [ -44.336149200000023, -22.962760699321539 ], [ -44.336610899999975, -22.964600699321515 ], [ -44.335569500000013, -22.965429599321482 ], [ -44.3347966, -22.966141299321485 ], [ -44.3333473, -22.966141299321485 ], [ -44.333637099999969, -22.967208799321451 ], [ -44.3333473, -22.968098399321406 ], [ -44.331704699999989, -22.967653599321448 ], [ -44.330641899999989, -22.966941999321477 ], [ -44.330158799999978, -22.965340699321516 ], [ -44.330448699999963, -22.964717899321506 ], [ -44.3293858, -22.96249389932159 ], [ -44.3296757, -22.961426299321609 ], [ -44.3288061, -22.960981499321605 ], [ -44.3271636, -22.961426299321609 ], [ -44.325907500000028, -22.960892499321599 ], [ -44.324361599999975, -22.961070399321571 ], [ -44.322332599999982, -22.960091799321614 ], [ -44.3210765, -22.958312499321632 ], [ -44.3195306, -22.957244899321672 ], [ -44.317598200000013, -22.957333899321672 ], [ -44.316148899999966, -22.95742289932166 ], [ -44.3148928, -22.958045599321661 ], [ -44.3134435, -22.957956699321677 ], [ -44.313540199999977, -22.960091799321592 ], [ -44.311511100000033, -22.959380099321606 ], [ -44.311028, -22.958579399321671 ], [ -44.309482100000025, -22.958045599321661 ], [ -44.308226, -22.958579399321671 ], [ -44.307839600000023, -22.959380099321606 ], [ -44.308999, -22.96053669932159 ], [ -44.309578699999975, -22.961515299321547 ], [ -44.3087092, -22.961871199321607 ], [ -44.307163199999984, -22.960892499321599 ], [ -44.3062936, -22.959291199321637 ], [ -44.30561729999998, -22.957778699321675 ], [ -44.3040714, -22.957511799321701 ], [ -44.30242879999998, -22.957244899321672 ], [ -44.301559300000015, -22.957956699321677 ], [ -44.30098629999997, -22.958682099321631 ], [ -44.300786300000027, -22.958935299321656 ], [ -44.302139, -22.959646999321652 ], [ -44.302139, -22.960981499321605 ], [ -44.3030086, -22.961604299321568 ], [ -44.30426460000001, -22.961693199321587 ], [ -44.306197, -22.962671799321569 ], [ -44.307549699999981, -22.963828399321539 ], [ -44.307453099999975, -22.964895899321501 ], [ -44.308902400000015, -22.96516279932148 ], [ -44.308902400000015, -22.966675099321431 ], [ -44.3081295, -22.967831599321439 ], [ -44.3091923, -22.970144599321422 ], [ -44.3101585, -22.971034199321377 ], [ -44.310448300000012, -22.970144599321422 ], [ -44.3108348, -22.969610799321398 ], [ -44.311801, -22.970500399321381 ], [ -44.312090899999987, -22.973080199321345 ], [ -44.312477399999985, -22.97565989932124 ], [ -44.31315369999998, -22.976994199321208 ], [ -44.312477399999985, -22.977616899321195 ], [ -44.3121875, -22.978862199321171 ], [ -44.312276499999989, -22.979149099321162 ], [ -44.312574, -22.980107599321155 ], [ -44.313443600000028, -22.980641299321139 ], [ -44.314313200000015, -22.980997099321154 ], [ -44.3151828, -22.983309799321059 ], [ -44.317115199999982, -22.984644099321073 ], [ -44.317984700000011, -22.985889299321023 ], [ -44.319723899999971, -22.986245099321046 ], [ -44.3219462, -22.986422999321018 ], [ -44.323105600000019, -22.985533499321008 ], [ -44.323202200000019, -22.984466099321079 ], [ -44.3243617, -22.983398699321093 ], [ -44.324265, -22.982598199321085 ], [ -44.325907599999987, -22.982598199321085 ], [ -44.327743399999967, -22.983309799321059 ], [ -44.329869, -22.983754499321044 ], [ -44.330062199999986, -22.986334099321034 ], [ -44.329869, -22.988379799320974 ], [ -44.328033199999986, -22.989625099320961 ], [ -44.328226500000028, -22.990870299320893 ], [ -44.326197499999971, -22.991581899320927 ], [ -44.3261008, -22.992827099320881 ], [ -44.326680599999975, -22.9946059993208 ], [ -44.328806199999967, -22.995851199320803 ], [ -44.331898, -22.996117999320806 ], [ -44.3340237, -22.995940099320794 ], [ -44.334506799999986, -22.994783799320814 ], [ -44.335859500000034, -22.994516999320805 ], [ -44.3362459, -22.992827099320866 ], [ -44.336922300000026, -22.992560299320857 ], [ -44.3375249, -22.991349899320891 ], [ -44.339627599999965, -22.991048199320929 ], [ -44.3408837, -22.991492899320924 ], [ -44.3418499, -22.99095919932093 ], [ -44.3428161, -22.991403999320895 ], [ -44.3445552, -22.991581899320927 ], [ -44.3460045, -22.990781299320897 ], [ -44.346680900000017, -22.991403999320895 ], [ -44.34619780000002, -22.992382399320864 ], [ -44.346004600000015, -22.993182799320856 ], [ -44.3481302, -22.994872799320824 ], [ -44.3490964, -22.99469489932083 ], [ -44.3504491, -22.994783799320814 ], [ -44.3526713, -22.996295799320766 ], [ -44.353927399999982, -22.997540999320773 ], [ -44.35412059999998, -22.998786199320712 ], [ -44.355473300000014, -22.999764499320726 ], [ -44.355859800000019, -23.00100959932066 ], [ -44.356342900000016, -23.001898999320641 ], [ -44.35557, -23.002610499320646 ], [ -44.3557632, -23.003588799320614 ], [ -44.3572125, -23.004567099320578 ], [ -44.35827530000001, -23.005456499320569 ], [ -44.358468599999973, -23.006790499320562 ], [ -44.356922600000019, -23.007501999320514 ], [ -44.3571159, -23.008658099320499 ], [ -44.3579855, -23.009992099320453 ], [ -44.3591449, -23.010347799320453 ], [ -44.36059419999998, -23.009102799320488 ], [ -44.362140099999976, -23.009903199320465 ], [ -44.3639759, -23.010703599320461 ], [ -44.3629131, -23.011237199320433 ], [ -44.3617537, -23.010881399320471 ], [ -44.36059419999998, -23.010881399320471 ], [ -44.360111099999983, -23.011592899320426 ], [ -44.360207699999982, -23.012837899320427 ], [ -44.360884100000014, -23.014082899320378 ], [ -44.361560399999966, -23.015061199320353 ], [ -44.3628165, -23.015061199320353 ], [ -44.363492800000017, -23.016572899320352 ], [ -44.3631064, -23.01772899932028 ], [ -44.3628165, -23.019151799320241 ], [ -44.361463800000017, -23.019774299320243 ], [ -44.360304400000011, -23.019596499320233 ], [ -44.359048299999984, -23.01995219932023 ], [ -44.3579855, -23.020663599320212 ], [ -44.3581787, -23.021819599320221 ], [ -44.359048299999984, -23.023331299320173 ], [ -44.35895169999997, -23.024220599320131 ], [ -44.35750239999998, -23.023864899320134 ], [ -44.355956499999984, -23.023242399320186 ], [ -44.3548937, -23.022530999320207 ], [ -44.3541207, -23.022264299320209 ], [ -44.352768, -23.022353199320186 ], [ -44.3511255, -23.023331399320185 ], [ -44.350739, -23.02457629932012 ], [ -44.349869399999982, -23.02599899932013 ], [ -44.349193099999987, -23.026977199320076 ], [ -44.349386299999985, -23.028310999320031 ], [ -44.350159299999973, -23.02875559932005 ], [ -44.3508357, -23.02928909932006 ], [ -44.35160860000002, -23.029377999320044 ], [ -44.352285, -23.03008939932003 ], [ -44.351995100000011, -23.030889699319985 ], [ -44.350255899999972, -23.031334299320008 ], [ -44.347937100000017, -23.030889699319985 ], [ -44.347164099999979, -23.030267199320036 ], [ -44.347550599999963, -23.029022399320002 ], [ -44.3468742, -23.027866399320054 ], [ -44.3462945, -23.027066099320098 ], [ -44.3454249, -23.027154999320079 ], [ -44.343589099999967, -23.025821199320117 ], [ -44.342526299999975, -23.025554399320097 ], [ -44.342816200000016, -23.024843099320123 ], [ -44.343106, -23.024131699320154 ], [ -44.341946600000028, -23.022975699320195 ], [ -44.340304100000026, -23.02270889932019 ], [ -44.3387581, -23.022797799320148 ], [ -44.3375987, -23.023509199320149 ], [ -44.3373088, -23.025732299320126 ], [ -44.336439299999988, -23.025732299320126 ], [ -44.33576290000002, -23.024754199320157 ], [ -44.333444, -23.023331399320192 ], [ -44.333637300000014, -23.021997499320186 ], [ -44.332767699999977, -23.020930399320225 ], [ -44.331608300000021, -23.020396899320229 ], [ -44.330642099999977, -23.020841499320248 ], [ -44.3297725, -23.02181969932019 ], [ -44.3278401, -23.02181969932019 ], [ -44.326487400000019, -23.021019399320227 ], [ -44.326390800000013, -23.019952299320252 ], [ -44.328033300000016, -23.020041199320222 ], [ -44.328709600000025, -23.018529399320258 ], [ -44.3288063, -23.017373399320309 ], [ -44.329192700000021, -23.016661999320316 ], [ -44.328516400000012, -23.01532799932037 ], [ -44.327260299999985, -23.014438699320404 ], [ -44.326100899999965, -23.014438699320404 ], [ -44.324555, -23.015950499320304 ], [ -44.323009099999972, -23.016039499320314 ], [ -44.322042899999978, -23.014972299320355 ], [ -44.322042899999978, -23.013193699320386 ], [ -44.318854400000021, -23.011415099320466 ], [ -44.31750169999998, -23.013371599320422 ], [ -44.317791600000021, -23.014082999320397 ], [ -44.3166321, -23.01452769932034 ], [ -44.3155693, -23.015772699320365 ], [ -44.314796399999977, -23.015150199320349 ], [ -44.315762600000028, -23.014705599320365 ], [ -44.315955799999983, -23.013905199320391 ], [ -44.315279499999974, -23.013371599320422 ], [ -44.317308500000017, -23.010258999320488 ], [ -44.317018599999976, -23.009280799320489 ], [ -44.3152794, -23.008302499320521 ], [ -44.314313200000015, -23.009547599320513 ], [ -44.3129606, -23.00901399932048 ], [ -44.312767300000012, -23.007768899320496 ], [ -44.311801100000025, -23.006701699320562 ], [ -44.310545100000013, -23.006523799320568 ], [ -44.308805899999982, -23.007146399320547 ], [ -44.307646499999983, -23.006968499320578 ], [ -44.306487, -23.006168099320586 ], [ -44.3053276, -23.004567199320597 ], [ -44.30416810000002, -23.004745099320573 ], [ -44.3032986, -23.003411099320616 ], [ -44.301752599999972, -23.002610599320672 ], [ -44.300593199999987, -23.003499999320603 ], [ -44.300593199999973, -23.005011899320589 ], [ -44.300979700000021, -23.00581239932059 ], [ -44.2982743, -23.008302499320529 ], [ -44.297598, -23.009369699320484 ], [ -44.297887899999978, -23.010614799320447 ], [ -44.2985642, -23.01266019932044 ], [ -44.299627, -23.013994199320393 ], [ -44.300110099999984, -23.015594899320341 ], [ -44.301173, -23.01692879932034 ], [ -44.3022358, -23.01692879932034 ], [ -44.303105399999986, -23.016039499320314 ], [ -44.3042648, -23.016661999320316 ], [ -44.3042648, -23.017640199320308 ], [ -44.303685099999988, -23.018974099320246 ], [ -44.304071599999986, -23.02066369932022 ], [ -44.304458, -23.022531099320176 ], [ -44.3053276, -23.022886799320162 ], [ -44.306680299999975, -23.022797899320175 ], [ -44.306680299999975, -23.024131799320173 ], [ -44.305520899999969, -23.024754199320157 ], [ -44.303588499999982, -23.025020999320105 ], [ -44.302042599999986, -23.025109899320153 ], [ -44.299144, -23.026265899320091 ], [ -44.2971149, -23.026443799320067 ], [ -44.295762299999971, -23.025643499320118 ], [ -44.293829899999984, -23.025465599320132 ], [ -44.29354, -23.024843199320149 ], [ -44.2928637, -23.024398599320133 ], [ -44.291607600000027, -23.024576399320146 ], [ -44.290834599999982, -23.025109999320108 ], [ -44.289868399999989, -23.023509299320182 ], [ -44.28957860000002, -23.022086599320225 ], [ -44.290544800000013, -23.0211972993202 ], [ -44.290351499999979, -23.020041299320241 ], [ -44.2889022, -23.018173799320291 ], [ -44.2868732, -23.016662099320342 ], [ -44.285134, -23.015950599320327 ], [ -44.284554300000018, -23.015061399320334 ], [ -44.283588099999974, -23.015328099320335 ], [ -44.282332100000019, -23.015683899320354 ], [ -44.281945599999972, -23.016484199320303 ], [ -44.28165569999998, -23.017284599320284 ], [ -44.280592899999988, -23.017195599320292 ], [ -44.27933680000001, -23.017640299320277 ], [ -44.2781774, -23.017195599320292 ], [ -44.278274, -23.016039599320344 ], [ -44.279047, -23.015861699320354 ], [ -44.2802064, -23.014705599320365 ], [ -44.2797233, -23.013460599320364 ], [ -44.278853700000013, -23.012749199320396 ], [ -44.2780808, -23.011148399320476 ], [ -44.276051699999982, -23.010259099320461 ], [ -44.274505799999986, -23.009014099320495 ], [ -44.274216, -23.007946899320508 ], [ -44.274988899999983, -23.006612799320578 ], [ -44.27440919999998, -23.00581239932059 ], [ -44.27382949999997, -23.004745199320595 ], [ -44.2716072, -23.003500099320618 ], [ -44.268515400000013, -23.002432899320613 ], [ -44.266389699999984, -23.00189919932069 ], [ -44.265326899999984, -23.002432899320603 ], [ -44.264650599999982, -23.003411199320642 ], [ -44.263684399999981, -23.004122699320586 ], [ -44.263008, -23.004300499320593 ], [ -44.263394500000011, -23.006079299320579 ], [ -44.263008, -23.007413299320529 ], [ -44.2615587, -23.007768999320515 ], [ -44.259529699999966, -23.006968599320537 ], [ -44.258660099999986, -23.005723499320556 ], [ -44.257790600000014, -23.00421159932063 ], [ -44.2572108, -23.002432899320603 ], [ -44.2557615, -23.001721399320665 ], [ -44.2546021, -23.001810299320653 ], [ -44.253732500000012, -23.001098799320694 ], [ -44.253829100000019, -22.999586899320711 ], [ -44.252476399999964, -22.998341699320772 ], [ -44.250965300000011, -22.998286099320708 ], [ -44.2500609, -22.998252799320724 ], [ -44.249481199999984, -23.000831999320681 ], [ -44.2470657, -23.002166099320657 ], [ -44.2454232, -23.000209499320672 ], [ -44.2443604, -23.001098799320694 ], [ -44.241655, -23.002521899320634 ], [ -44.240109099999977, -23.003589099320624 ], [ -44.238949699999978, -23.00527889932059 ], [ -44.23788680000002, -23.00705759932055 ], [ -44.238659799999986, -23.007857999320525 ], [ -44.238080099999983, -23.008302699320527 ], [ -44.23624430000001, -23.008213699320503 ], [ -44.234795, -23.008925199320519 ], [ -44.234311900000023, -23.010259199320473 ], [ -44.233345699999958, -23.011059599320458 ], [ -44.232862599999976, -23.012304599320419 ], [ -44.231896399999982, -23.012660399320424 ], [ -44.230930199999982, -23.014527899320392 ], [ -44.229674199999977, -23.014616799320365 ], [ -44.228611300000011, -23.013016099320414 ], [ -44.2273553, -23.011859999320443 ], [ -44.224553300000011, -23.011148599320457 ], [ -44.223007399999965, -23.012215699320436 ], [ -44.2217513, -23.014172199320402 ], [ -44.221684700000019, -23.014785899320366 ], [ -44.221461499999968, -23.016840099320344 ], [ -44.222717499999987, -23.018351799320286 ], [ -44.223490500000018, -23.018085099320295 ], [ -44.2252297, -23.018085099320295 ], [ -44.224746599999989, -23.01941899932028 ], [ -44.2249398, -23.021019599320205 ], [ -44.22609929999998, -23.02226459932022 ], [ -44.227645199999984, -23.022798099320163 ], [ -44.228997900000032, -23.021819899320239 ], [ -44.230737, -23.021997799320214 ], [ -44.232669400000013, -23.023598399320189 ], [ -44.233345799999988, -23.025465799320138 ], [ -44.2325728, -23.026710699320127 ], [ -44.2333458, -23.027688799320092 ], [ -44.234505199999987, -23.027688799320092 ], [ -44.2360511, -23.026443899320103 ], [ -44.236727499999972, -23.026888499320076 ], [ -44.2366308, -23.027777699320069 ], [ -44.237983499999977, -23.028577999320042 ], [ -44.237983499999977, -23.02928939932001 ], [ -44.236824099999971, -23.02928939932001 ], [ -44.235857899999985, -23.03044529932 ], [ -44.236341, -23.032490499319962 ], [ -44.237886899999971, -23.033557499319912 ], [ -44.238949699999971, -23.033201799319929 ], [ -44.2401092, -23.03337959931994 ], [ -44.240978799999986, -23.034802299319939 ], [ -44.240592299999989, -23.036135999319875 ], [ -44.241075399999986, -23.037647599319865 ], [ -44.241945, -23.039159099319821 ], [ -44.243490899999969, -23.041204099319781 ], [ -44.243780800000025, -23.043960299319682 ], [ -44.24542330000002, -23.046183099319659 ], [ -44.2463895, -23.046538699319626 ], [ -44.2465828, -23.045560699319669 ], [ -44.247838800000018, -23.045293999319686 ], [ -44.248901600000011, -23.04627199931965 ], [ -44.2492881, -23.047427799319603 ], [ -44.250061099999982, -23.048405799319621 ], [ -44.250834, -23.049739399319581 ], [ -44.250544199999972, -23.050983999319563 ], [ -44.248901600000011, -23.049739399319581 ], [ -44.2477422, -23.049028099319564 ], [ -44.246292900000014, -23.049561599319574 ], [ -44.245519899999984, -23.051250799319519 ], [ -44.243974, -23.053206699319475 ], [ -44.24436050000002, -23.054806899319473 ], [ -44.242911199999973, -23.05471799931944 ], [ -44.2400126, -23.056051599319428 ], [ -44.2380802, -23.056762799319415 ], [ -44.2363411, -23.056584999319409 ], [ -44.234698499999979, -23.055429299319449 ], [ -44.233635699999972, -23.055251499319432 ], [ -44.2327661, -23.054806999319435 ], [ -44.233539099999966, -23.053651199319471 ], [ -44.232669499999986, -23.053028899319497 ], [ -44.2317033, -23.053740099319501 ], [ -44.229481, -23.05311779931948 ], [ -44.2281284, -23.051517499319512 ], [ -44.2271622, -23.050895199319555 ], [ -44.226002699999974, -23.050984099319543 ], [ -44.224746700000019, -23.049561599319574 ], [ -44.223394, -23.04938379931955 ], [ -44.2219447, -23.049117099319563 ], [ -44.221365, -23.049828299319575 ], [ -44.2203988, -23.049561599319574 ], [ -44.219819, -23.050539599319539 ], [ -44.216727199999973, -23.048139099319641 ], [ -44.21566439999998, -23.047249999319646 ], [ -44.214032, -23.047137899319612 ], [ -44.21189620000002, -23.045471899319658 ], [ -44.208224599999987, -23.043693699319707 ], [ -44.206678699999983, -23.043604799319741 ], [ -44.203973299999966, -23.041559799319767 ], [ -44.20407, -23.0400482993198 ], [ -44.202524, -23.03898139931983 ], [ -44.201268, -23.03889249931979 ], [ -44.199528799999989, -23.039159199319784 ], [ -44.1980795, -23.039514899319776 ], [ -44.1970167, -23.040403999319803 ], [ -44.195664, -23.040581799319757 ], [ -44.194311299999981, -23.041826599319712 ], [ -44.194408, -23.042626799319731 ], [ -44.193635, -23.042982399319747 ], [ -44.193538400000016, -23.044582799319684 ], [ -44.195084300000012, -23.045827599319647 ], [ -44.19605050000002, -23.048050299319598 ], [ -44.1965336, -23.050095099319584 ], [ -44.196147100000019, -23.052050999319523 ], [ -44.195180900000018, -23.053028999319469 ], [ -44.19547080000001, -23.054273599319451 ], [ -44.194601200000015, -23.054895999319442 ], [ -44.193055300000026, -23.054895999319442 ], [ -44.191509399999966, -23.054540399319468 ], [ -44.1897702, -23.052495599319482 ], [ -44.1882243, -23.052406699319519 ], [ -44.1862919, -23.053384599319493 ], [ -44.1850359, -23.053028999319469 ], [ -44.1851418, -23.051705199319528 ], [ -44.185808800000011, -23.050628599319531 ], [ -44.1856156, -23.04938389931959 ], [ -44.184359500000028, -23.047516799319592 ], [ -44.183103399999986, -23.046183199319621 ], [ -44.181847399999981, -23.046094299319638 ], [ -44.1809778, -23.047250099319619 ], [ -44.1804947, -23.048583699319597 ], [ -44.179915, -23.050095199319536 ], [ -44.17962510000001, -23.050895299319524 ], [ -44.178369099999983, -23.050895299319514 ], [ -44.177113, -23.050095199319536 ], [ -44.17460089999998, -23.0495616993196 ], [ -44.172765099999985, -23.048139199319593 ], [ -44.171509, -23.046005399319672 ], [ -44.1720888, -23.044849599319701 ], [ -44.171992100000011, -23.043604899319718 ], [ -44.1734414, -23.043338099319747 ], [ -44.175470399999988, -23.04351599931972 ], [ -44.176146800000026, -23.043071399319686 ], [ -44.176243399999976, -23.042093399319732 ], [ -44.176146800000026, -23.04004839931978 ], [ -44.176243399999976, -23.038803599319813 ], [ -44.177209600000019, -23.038270099319803 ], [ -44.175567, -23.036225099319896 ], [ -44.173538, -23.034713499319924 ], [ -44.170639400000027, -23.03320199931996 ], [ -44.1693834, -23.033290899319937 ], [ -44.16861039999997, -23.0345356993199 ], [ -44.1660584, -23.034535699319914 ], [ -44.165132099999987, -23.0345356993199 ], [ -44.1631997, -23.033379799319917 ], [ -44.160687600000017, -23.03213499931995 ], [ -44.159528099999982, -23.033113099319923 ], [ -44.1591416, -23.033735499319924 ], [ -44.1569194, -23.034357899319893 ], [ -44.154987, -23.035869499319858 ], [ -44.1538276, -23.038536899319823 ], [ -44.153537700000015, -23.040759799319769 ], [ -44.152764699999977, -23.041115399319803 ], [ -44.151798499999977, -23.040048499319798 ], [ -44.151122199999975, -23.038447999319828 ], [ -44.150542499999972, -23.036669699319869 ], [ -44.1484168, -23.03586949931988 ], [ -44.14687090000001, -23.03551379931989 ], [ -44.145904700000024, -23.036225199319855 ], [ -44.144455400000012, -23.036225199319865 ], [ -44.141846699999974, -23.035335999319873 ], [ -44.1401075, -23.035158199319909 ], [ -44.138271700000011, -23.034535799319929 ], [ -44.1366292, -23.033735499319899 ], [ -44.1355664, -23.033557699319946 ], [ -44.1345036, -23.033024199319943 ], [ -44.133150899999976, -23.033290999319966 ], [ -44.1302523, -23.032846399319933 ], [ -44.1298658, -23.031334799320021 ], [ -44.12860970000002, -23.031156999320018 ], [ -44.127546900000027, -23.030890199319987 ], [ -44.12776760000002, -23.029806999320023 ], [ -44.1278368, -23.029467499320035 ], [ -44.125517899999977, -23.027422299320076 ], [ -44.122522699999983, -23.025821699320105 ], [ -44.1215565, -23.0259106993201 ], [ -44.119237600000027, -23.025732799320128 ], [ -44.116725499999973, -23.024310099320136 ], [ -44.1144066, -23.023954399320125 ], [ -44.1134404, -23.023420799320164 ], [ -44.112570800000015, -23.022086999320219 ], [ -44.109768799999983, -23.018263199320263 ], [ -44.1080296, -23.015862099320348 ], [ -44.1062905, -23.016128899320343 ], [ -44.1052277, -23.015150699320344 ], [ -44.105614100000025, -23.013994599320377 ], [ -44.104551300000026, -23.013549999320393 ], [ -44.104261399999977, -23.011949199320448 ], [ -44.1043581, -23.011237799320465 ], [ -44.10339190000002, -23.009992699320474 ], [ -44.102425700000026, -23.009636999320485 ], [ -44.1013628, -23.009903799320508 ], [ -44.100010199999986, -23.009725899320454 ], [ -44.098367600000017, -23.008036199320511 ], [ -44.0975947, -23.006613299320581 ], [ -44.096048699999983, -23.004745599320575 ], [ -44.095469, -23.002166499320648 ], [ -44.096048699999983, -22.999498299320756 ], [ -44.097304800000025, -22.998164199320762 ], [ -44.09691830000002, -22.996652199320806 ], [ -44.095372399999967, -22.995318099320837 ], [ -44.093536599999979, -22.994428699320849 ], [ -44.090927799999967, -22.994517599320822 ], [ -44.089285299999972, -22.993628199320828 ], [ -44.088415699999977, -22.992827699320891 ], [ -44.0851306, -22.992827699320891 ], [ -44.0839712, -22.992916599320864 ], [ -44.083778, -22.993806099320821 ], [ -44.0828118, -22.993361399320879 ], [ -44.082715099999973, -22.992471899320872 ], [ -44.082135400000027, -22.991582499320888 ], [ -44.082618500000017, -22.989714599320951 ], [ -44.081845499999986, -22.987490999320965 ], [ -44.08107260000002, -22.986690399320999 ], [ -44.081169199999977, -22.985800999321 ], [ -44.081555700000024, -22.985534099321022 ], [ -44.080976, -22.983932999321059 ], [ -44.079816499999986, -22.982153999321103 ], [ -44.0785604, -22.980463999321127 ], [ -44.078077300000025, -22.978951799321191 ], [ -44.0777875, -22.977617499321219 ], [ -44.0785604, -22.977439599321254 ], [ -44.0787537, -22.97628309932124 ], [ -44.078270599999989, -22.975571499321255 ], [ -44.07672459999997, -22.974770899321292 ], [ -44.076338200000016, -22.973436599321325 ], [ -44.077207699999974, -22.972457999321346 ], [ -44.0765314, -22.97147949932134 ], [ -44.077014500000011, -22.970500999321388 ], [ -44.076724599999984, -22.969522399321423 ], [ -44.0779807, -22.969789299321391 ], [ -44.0800097, -22.969077599321409 ], [ -44.080782699999979, -22.967476299321444 ], [ -44.080782699999979, -22.96667569932146 ], [ -44.08174889999998, -22.966319799321486 ], [ -44.081845499999986, -22.965252299321474 ], [ -44.081265799999976, -22.963650999321569 ], [ -44.080299500000017, -22.961693799321555 ], [ -44.0808793, -22.961159999321588 ], [ -44.080696400000022, -22.960528399321593 ] ] ] } },
{ "type": "Feature", "properties": { "NUCOMPTREC": 37.687, "NUDISTBACT": 20.523, "NUDISTCDAG": 0.0, "NUAREACONT": 109.126, "NUAREAMONT": 109.126, "NUDISTBACC": 20.523, "NUAREABACC": 109.126, "NUCOMPCDA": 37.687, "Shape__Len": 0, "OBJECTID": 3159, "ID": 10574, "COTRECHO": 10574, "COCURSODAG": "7793922", "COBACIA": "7793922", "NOGENERICO": "Rio", "NOLIGACAO": "do", "NOESPECIF": "Funil", "NORIOCOMP": "Rio do Funil", "NOORIGINAL": "Rio do Funil", "COCDADESAG": "779392", "NUTRJUS": 20818, "NUORDEMCDA": 2, "NUNIVOTTO": 7, "NUNIVOTCDA": 7, "NUSTRAHLER": 1, "DEDOMINIAL": "Estadual", "DSVERSAO": "BHO bho_2017_v_01_05_50k de 2018-06-22" }, "geometry": { "type": "MultiLineString", "coordinates": [ [ [ -44.715592088825836, -22.978834391567329 ], [ -44.71558, -22.978800999321169 ], [ -44.715465600000016, -22.978485099321212 ], [ -44.715427499999976, -22.978134099321185 ], [ -44.715275, -22.977818099321194 ], [ -44.714969900000028, -22.977607499321191 ], [ -44.7146649, -22.97743199932124 ], [ -44.71435989999997, -22.977186299321247 ], [ -44.714093, -22.97694059932121 ], [ -44.7138261, -22.976694799321248 ], [ -44.7134448, -22.976624599321219 ], [ -44.713063499999969, -22.976694799321248 ], [ -44.7127203, -22.976835199321208 ], [ -44.7123391, -22.976870299321202 ], [ -44.7119578, -22.976800099321228 ], [ -44.7116909, -22.976554399321238 ], [ -44.711595499999987, -22.976238499321269 ], [ -44.7112333, -22.976098099321252 ], [ -44.710928299999971, -22.975922499321285 ], [ -44.7108139, -22.975606599321242 ], [ -44.7108139, -22.975255599321297 ], [ -44.710547, -22.975009799321278 ], [ -44.7102038, -22.974904499321255 ], [ -44.709822499999966, -22.974834299321277 ], [ -44.7095175, -22.974658799321269 ], [ -44.709212499999971, -22.974448199321269 ], [ -44.708983699999969, -22.97416729932128 ], [ -44.708754899999974, -22.973886499321289 ], [ -44.708488, -22.973605699321308 ], [ -44.708183, -22.973430099321277 ], [ -44.707916099999977, -22.973184399321298 ], [ -44.707725499999974, -22.97290359932131 ], [ -44.7074586, -22.972657799321318 ], [ -44.707115400000013, -22.972517399321355 ], [ -44.7067341, -22.972622699321313 ], [ -44.7063528, -22.972692899321352 ], [ -44.706009699999981, -22.972798199321325 ], [ -44.7056665, -22.972938699321304 ], [ -44.705323299999982, -22.973079099321325 ], [ -44.705056399999982, -22.973359899321299 ], [ -44.7047895, -22.973605599321299 ], [ -44.7045989, -22.973886499321289 ], [ -44.7044083, -22.974202399321324 ], [ -44.7042176, -22.974483299321268 ], [ -44.70410320000002, -22.974799199321282 ], [ -44.703836299999971, -22.975044899321279 ], [ -44.7035313, -22.975255599321297 ], [ -44.70318809999997, -22.975395999321265 ], [ -44.702768699999979, -22.975466199321296 ], [ -44.7024637, -22.975290699321281 ], [ -44.7024637, -22.974939599321299 ], [ -44.70261620000003, -22.974623699321278 ], [ -44.7025018, -22.974307699321301 ], [ -44.702273, -22.974026899321309 ], [ -44.701968, -22.973781199321312 ], [ -44.70173920000002, -22.97350029932133 ], [ -44.701510499999983, -22.973219499321342 ], [ -44.701205399999985, -22.973008899321353 ], [ -44.70082409999997, -22.972903599321317 ], [ -44.700442899999985, -22.97290359932131 ], [ -44.700061600000019, -22.972938699321311 ], [ -44.699756499999971, -22.973114199321319 ], [ -44.699604, -22.973430099321277 ], [ -44.69933709999998, -22.973710999321288 ], [ -44.6987843, -22.973886499321289 ], [ -44.698117, -22.97395669932127 ], [ -44.697773799999986, -22.974097099321302 ], [ -44.6977357, -22.974448199321269 ], [ -44.6977357, -22.974799199321282 ], [ -44.697545100000013, -22.975079999321263 ], [ -44.69724, -22.975255599321297 ], [ -44.69689690000002, -22.975395999321265 ], [ -44.6965156, -22.975466199321296 ], [ -44.6960962, -22.975501299321284 ], [ -44.69571489999997, -22.975501299321284 ], [ -44.695333600000026, -22.975501299321284 ], [ -44.694952300000011, -22.97553639932126 ], [ -44.694647299999986, -22.975711899321293 ], [ -44.6943804, -22.975957599321269 ], [ -44.694037200000018, -22.976098099321252 ], [ -44.6936559, -22.976168299321227 ], [ -44.6935034, -22.976484199321266 ], [ -44.6933128, -22.976764999321244 ], [ -44.69300770000001, -22.976975599321243 ], [ -44.69289329999998, -22.977326699321228 ], [ -44.69289329999998, -22.977677699321227 ], [ -44.6928552, -22.978028799321219 ], [ -44.6926646, -22.978344699321191 ], [ -44.6924358, -22.978625499321211 ], [ -44.69213079999998, -22.978871199321194 ], [ -44.69186389999998, -22.979116999321157 ], [ -44.691520700000012, -22.979222299321169 ], [ -44.6911394, -22.979222299321187 ], [ -44.690834400000028, -22.979046799321175 ], [ -44.6904531, -22.979046799321175 ], [ -44.6900718, -22.979046799321175 ], [ -44.689690499999976, -22.979046799321175 ], [ -44.689347399999974, -22.978941399321194 ], [ -44.689042299999983, -22.978765899321171 ], [ -44.6888136, -22.978449999321207 ], [ -44.6885467, -22.978204299321217 ], [ -44.688203499999986, -22.978098999321183 ], [ -44.68778409999998, -22.978098999321183 ], [ -44.687440900000013, -22.978239399321208 ], [ -44.687326499999983, -22.978555299321183 ], [ -44.68713589999998, -22.97883609932121 ], [ -44.686869, -22.979116999321157 ], [ -44.686525800000013, -22.979222299321187 ], [ -44.686144500000012, -22.979257399321167 ], [ -44.685763300000019, -22.979292499321161 ], [ -44.685382, -22.979362699321211 ], [ -44.685038799999965, -22.979467999321159 ], [ -44.6847338, -22.979643499321188 ], [ -44.684695700000013, -22.979994499321144 ], [ -44.684695700000013, -22.980345599321165 ], [ -44.684695700000013, -22.980696599321128 ], [ -44.684695700000013, -22.981047599321148 ], [ -44.6846956, -22.981398599321107 ], [ -44.684771899999987, -22.981749699321153 ], [ -44.684771899999987, -22.982100699321101 ], [ -44.684543099999978, -22.98238149932109 ], [ -44.68416180000002, -22.982486799321123 ], [ -44.683894899999984, -22.982732499321095 ], [ -44.683742400000028, -22.983048499321082 ], [ -44.6836662, -22.983399499321102 ], [ -44.683399300000019, -22.983645199321089 ], [ -44.682979900000021, -22.98371539932106 ], [ -44.6825986, -22.983750499321062 ], [ -44.6822173, -22.983680299321101 ], [ -44.682026599999972, -22.983399499321102 ], [ -44.6818741, -22.983048499321082 ], [ -44.681645300000014, -22.982767599321079 ], [ -44.681454700000018, -22.982486799321123 ], [ -44.681187799999975, -22.982241099321115 ], [ -44.6808828, -22.981995399321125 ], [ -44.6805015, -22.982065599321118 ], [ -44.6804252, -22.982416599321127 ], [ -44.680310799999972, -22.982732499321084 ], [ -44.679929500000014, -22.982837799321121 ], [ -44.679624499999981, -22.983013399321091 ], [ -44.6795101, -22.983329299321063 ], [ -44.679395699999972, -22.983645199321089 ], [ -44.6793576, -22.983996199321048 ], [ -44.679319500000027, -22.984347199321064 ], [ -44.679433899999978, -22.984663099321029 ], [ -44.679586400000012, -22.984979099321038 ], [ -44.679586400000012, -22.985330099321036 ], [ -44.679586400000012, -22.985681099321059 ], [ -44.679586400000012, -22.986032099321019 ], [ -44.679777, -22.986312899320982 ], [ -44.679777, -22.986611299320998 ], [ -44.679738900000011, -22.987014899321025 ], [ -44.679624499999989, -22.987330899321023 ], [ -44.679243199999966, -22.98747129932098 ], [ -44.678900100000014, -22.987295799321025 ], [ -44.678595, -22.987120199321005 ], [ -44.6782137, -22.987085099321003 ], [ -44.677832500000022, -22.987014899321025 ], [ -44.677603700000027, -22.986734099320991 ], [ -44.677527399999967, -22.986383099321028 ], [ -44.677184300000015, -22.986242699321011 ], [ -44.676803, -22.986172499321039 ], [ -44.676498, -22.985961899321037 ], [ -44.6761548, -22.985821499321027 ], [ -44.6757735, -22.985681099321059 ], [ -44.675506600000013, -22.985435399321009 ], [ -44.675316, -22.985154599321028 ], [ -44.675010900000018, -22.984908899321045 ], [ -44.674705899999985, -22.984698199321073 ], [ -44.674324599999977, -22.984592899321058 ], [ -44.673943300000012, -22.984557799321067 ], [ -44.673562, -22.984557799321067 ], [ -44.673180699999989, -22.984452499321034 ], [ -44.6727995, -22.984382299321052 ], [ -44.672418199999974, -22.984347199321064 ], [ -44.672075, -22.984241899321027 ], [ -44.67177, -22.984066399321083 ], [ -44.6716937, -22.983680299321072 ], [ -44.671808100000021, -22.983364399321108 ], [ -44.672075, -22.983118699321082 ], [ -44.672418199999981, -22.982978299321108 ], [ -44.6727995, -22.982943099321094 ], [ -44.673104500000015, -22.982767599321079 ], [ -44.673218899999988, -22.982451699321118 ], [ -44.673066399999982, -22.982135799321092 ], [ -44.672761299999983, -22.981960299321145 ], [ -44.672418199999981, -22.98181989932112 ], [ -44.672036900000023, -22.981784799321133 ], [ -44.6716937, -22.9816794993211 ], [ -44.671312399999977, -22.9816794993211 ], [ -44.6709311, -22.981714599321105 ], [ -44.670549900000019, -22.981714599321105 ], [ -44.6702067, -22.981609299321121 ], [ -44.6699398, -22.981328399321132 ], [ -44.669634799999983, -22.98115289932112 ], [ -44.669253500000018, -22.981082699321135 ], [ -44.668986599999982, -22.980836999321145 ], [ -44.668681499999984, -22.980661499321148 ], [ -44.6683003, -22.980661499321148 ], [ -44.667919, -22.980766799321177 ], [ -44.6676521, -22.981012499321157 ], [ -44.667423299999989, -22.981293299321134 ], [ -44.667080100000021, -22.981398599321107 ], [ -44.6666988, -22.981468799321135 ], [ -44.66639379999998, -22.981714599321105 ], [ -44.666165, -22.981995399321125 ], [ -44.66586, -22.982170899321133 ], [ -44.6655169, -22.982276199321106 ], [ -44.665173700000018, -22.98238149932109 ], [ -44.664754300000027, -22.982451699321118 ], [ -44.664334899999979, -22.982486799321123 ], [ -44.6639917, -22.982346399321091 ], [ -44.663686700000021, -22.982135799321092 ], [ -44.663419799999986, -22.981890099321095 ], [ -44.663076600000011, -22.981784799321133 ], [ -44.6626953, -22.981854999321119 ], [ -44.662352199999987, -22.981995399321125 ], [ -44.6621996, -22.982311299321097 ], [ -44.66210430000001, -22.982627199321122 ], [ -44.661742100000019, -22.982732499321095 ], [ -44.6613608, -22.98266229932112 ], [ -44.661055799999978, -22.982486799321123 ], [ -44.6607889, -22.982241099321115 ], [ -44.660445700000032, -22.982100699321101 ], [ -44.6601407, -22.981925199321093 ], [ -44.659797500000025, -22.98181989932112 ], [ -44.6594925, -22.981609299321121 ], [ -44.659225600000013, -22.981363499321116 ], [ -44.658882399999982, -22.981258199321147 ], [ -44.658539299999966, -22.981398599321107 ], [ -44.658348600000011, -22.981714599321105 ], [ -44.658158, -22.981995399321125 ], [ -44.6577767, -22.981995399321125 ], [ -44.657395399999984, -22.981995399321125 ], [ -44.657014100000026, -22.98203049932112 ], [ -44.656632800000011, -22.982100699321101 ], [ -44.656327799999978, -22.982276199321106 ], [ -44.656022800000017, -22.982486799321123 ], [ -44.655794, -22.982767599321079 ], [ -44.6556415, -22.983083599321088 ], [ -44.6553746, -22.983329299321063 ], [ -44.6551839, -22.983610099321105 ], [ -44.654878900000028, -22.983820699321093 ], [ -44.6545739, -22.983996199321048 ], [ -44.654192599999988, -22.983996199321048 ], [ -44.6538494, -22.983855799321091 ], [ -44.653658800000017, -22.983574999321057 ], [ -44.6535063, -22.983259099321096 ], [ -44.653201200000012, -22.983048499321082 ], [ -44.652972499999976, -22.982767599321079 ], [ -44.652743699999974, -22.982486799321123 ], [ -44.6527056, -22.982100699321101 ], [ -44.652972499999976, -22.981854999321108 ], [ -44.653125, -22.981538999321124 ], [ -44.653125, -22.981187999321108 ], [ -44.6530487, -22.980836999321145 ], [ -44.6527056, -22.980696599321128 ], [ -44.652324299999975, -22.980591299321148 ], [ -44.65201919999997, -22.980380699321174 ], [ -44.6518286, -22.980064699321179 ], [ -44.6515617, -22.979818999321179 ], [ -44.651256699999976, -22.979608399321183 ], [ -44.6509135, -22.979503099321164 ], [ -44.6505704, -22.97939779932118 ], [ -44.650303399999977, -22.979152099321208 ], [ -44.6500747, -22.978871199321198 ], [ -44.6499222, -22.978555299321183 ], [ -44.6497696, -22.978239399321208 ], [ -44.6496553, -22.977554799321229 ], [ -44.64954089999997, -22.977221399321245 ], [ -44.649464599999988, -22.976870299321202 ], [ -44.649159600000011, -22.976624599321219 ], [ -44.648854599999986, -22.976413999321228 ], [ -44.6486258, -22.976133099321284 ], [ -44.6483589, -22.97588739932123 ], [ -44.648092, -22.975641699321251 ], [ -44.64782509999997, -22.975395999321265 ], [ -44.6475582, -22.975115099321247 ], [ -44.6472531, -22.974904499321255 ], [ -44.64691, -22.974764099321284 ], [ -44.646528699999983, -22.97469389932127 ], [ -44.6462618, -22.974412999321313 ], [ -44.646033, -22.974132199321275 ], [ -44.6458424, -22.973851399321305 ], [ -44.645728, -22.973535399321314 ], [ -44.645423, -22.973324799321322 ], [ -44.645041699999979, -22.973289699321317 ], [ -44.644660400000021, -22.973359899321299 ], [ -44.6442791, -22.973394999321307 ], [ -44.6438978, -22.973430099321277 ], [ -44.643592800000022, -22.973254599321333 ], [ -44.643287699999973, -22.973079099321314 ], [ -44.642944600000021, -22.972973699321329 ], [ -44.6425633, -22.972938599321342 ], [ -44.642182, -22.973008899321353 ], [ -44.641800699999969, -22.973043999321334 ], [ -44.641419400000025, -22.973043999321334 ], [ -44.6410763, -22.972938599321342 ], [ -44.6406187, -22.972798199321325 ], [ -44.640313699999972, -22.972622699321313 ], [ -44.6401993, -22.972306799321359 ], [ -44.639818, -22.972236499321351 ], [ -44.639436699999969, -22.972306799321359 ], [ -44.639055400000018, -22.972341899321346 ], [ -44.638674200000025, -22.972236499321351 ], [ -44.63836909999997, -22.971990799321357 ], [ -44.637987800000019, -22.971920599321319 ], [ -44.637606600000019, -22.971955699321374 ], [ -44.637263399999988, -22.972096099321334 ], [ -44.636882099999987, -22.972131199321325 ], [ -44.636500800000015, -22.972131199321325 ], [ -44.6361195, -22.972096099321334 ], [ -44.635738199999984, -22.972060999321339 ], [ -44.635395099999982, -22.971920599321333 ], [ -44.6351282, -22.971674899321336 ], [ -44.6348613, -22.971429099321387 ], [ -44.634594400000026, -22.971148299321335 ], [ -44.634365600000017, -22.970867399321353 ], [ -44.634175, -22.970586599321368 ], [ -44.633908099999978, -22.970340899321375 ], [ -44.63356490000001, -22.970200399321389 ], [ -44.633183599999988, -22.970130199321407 ], [ -44.632802299999973, -22.970059999321368 ], [ -44.632459200000028, -22.969919599321425 ], [ -44.632116, -22.969814299321392 ], [ -44.631734699999981, -22.969779199321405 ], [ -44.63135340000003, -22.96974409932141 ], [ -44.631086499999974, -22.969498299321405 ], [ -44.630895899999985, -22.969217499321424 ], [ -44.6305337, -22.96893659932142 ], [ -44.6302096, -22.968690899321437 ], [ -44.6299427, -22.968445199321444 ], [ -44.629752, -22.968164299321447 ], [ -44.6294089, -22.967953699321455 ], [ -44.629027599999972, -22.967813199321451 ], [ -44.628608199999967, -22.967813199321469 ], [ -44.628265, -22.967707899321432 ], [ -44.6282269, -22.967356899321477 ], [ -44.628112499999986, -22.967005799321448 ], [ -44.62796, -22.96668979932145 ], [ -44.627693099999988, -22.966444099321457 ], [ -44.627464299999986, -22.966163199321468 ], [ -44.627121100000018, -22.966057899321488 ], [ -44.6267398, -22.966022799321504 ], [ -44.626396699999979, -22.965917499321471 ], [ -44.626015400000021, -22.965847299321496 ], [ -44.625634100000021, -22.965882399321483 ], [ -44.625329099999988, -22.966092999321479 ], [ -44.624947799999973, -22.966198299321455 ], [ -44.6246046, -22.966303699321497 ], [ -44.624223299999983, -22.966198299321455 ], [ -44.623880199999974, -22.966092999321479 ], [ -44.623537, -22.965952599321458 ], [ -44.623155699999977, -22.965882399321483 ], [ -44.622774400000026, -22.965847299321496 ], [ -44.622393199999976, -22.965847299321496 ], [ -44.622011900000018, -22.965812199321498 ], [ -44.621668699999979, -22.965706899321475 ], [ -44.6213255, -22.965531299321498 ], [ -44.6209824, -22.965425999321472 ], [ -44.6206011, -22.965425999321472 ], [ -44.6203342, -22.965671699321462 ], [ -44.61995289999998, -22.965706899321475 ], [ -44.619609700000012, -22.965566399321485 ], [ -44.6192666, -22.965390899321473 ], [ -44.618923400000028, -22.965250499321513 ], [ -44.618542100000013, -22.965215399321476 ], [ -44.61823709999998, -22.965390899321473 ], [ -44.618008299999978, -22.965671699321462 ], [ -44.617779600000013, -22.965952599321458 ], [ -44.617512700000027, -22.966198299321455 ], [ -44.617283900000011, -22.966479199321448 ], [ -44.6170932, -22.966795199321435 ], [ -44.616750099999983, -22.966935599321452 ], [ -44.616368799999968, -22.966935599321463 ], [ -44.615987500000017, -22.966935599321463 ], [ -44.6156062, -22.966830299321501 ], [ -44.615301199999969, -22.966619599321454 ], [ -44.614958, -22.966514299321449 ], [ -44.614462399999979, -22.966479199321448 ], [ -44.614081100000014, -22.966479199321448 ], [ -44.6136998, -22.96640899932147 ], [ -44.613356599999975, -22.966268599321474 ], [ -44.6130516, -22.966092999321479 ], [ -44.612746599999973, -22.965882399321483 ], [ -44.6124034, -22.965777099321514 ], [ -44.612098399999972, -22.965601499321483 ], [ -44.611717100000028, -22.965531299321498 ], [ -44.6113358, -22.965531299321498 ], [ -44.610992599999975, -22.965636599321464 ], [ -44.6106113, -22.965706899321475 ], [ -44.610230100000017, -22.965636599321464 ], [ -44.609886899999985, -22.965531299321498 ], [ -44.60950559999997, -22.965566399321485 ], [ -44.6092006, -22.965777099321514 ], [ -44.608857399999977, -22.965882399321483 ], [ -44.608476100000011, -22.965952599321458 ], [ -44.608133, -22.966057899321488 ], [ -44.607751699999987, -22.966057899321488 ], [ -44.607370399999979, -22.966128099321473 ], [ -44.606989100000021, -22.966128099321473 ], [ -44.606645899999982, -22.96598769932152 ], [ -44.60630279999998, -22.965847299321496 ], [ -44.606035899999988, -22.965601499321483 ], [ -44.605769, -22.965355799321493 ], [ -44.605502100000024, -22.965109999321474 ], [ -44.605082700000025, -22.964846699321509 ], [ -44.6047395, -22.964618499321485 ], [ -44.604434500000018, -22.964407899321547 ], [ -44.604091299999986, -22.964267499321512 ], [ -44.60371, -22.964267499321537 ], [ -44.603366900000026, -22.964372799321492 ], [ -44.6030237, -22.964548299321507 ], [ -44.602642399999986, -22.964478099321521 ], [ -44.602261100000021, -22.96444299932153 ], [ -44.6018798, -22.964407899321547 ], [ -44.6014986, -22.964232399321528 ], [ -44.601231700000014, -22.963951499321542 ], [ -44.601079099999986, -22.963635499321544 ], [ -44.6008504, -22.963354699321567 ], [ -44.6004691, -22.963319599321522 ], [ -44.6001259, -22.963459999321536 ], [ -44.5998209, -22.963635499321544 ], [ -44.599515899999965, -22.963811099321529 ], [ -44.5991346, -22.963846199321502 ], [ -44.598829500000022, -22.963635499321544 ], [ -44.598638900000012, -22.963354699321567 ], [ -44.598372, -22.963073799321567 ], [ -44.5980288, -22.96293339932155 ], [ -44.597761900000023, -22.962687599321544 ], [ -44.5976475, -22.962371699321569 ], [ -44.597609400000017, -22.962020599321598 ], [ -44.59760940000001, -22.961669499321594 ], [ -44.597495, -22.961318399321566 ], [ -44.59719, -22.961037599321592 ], [ -44.59684679999998, -22.960897099321617 ], [ -44.596465599999981, -22.960897099321603 ], [ -44.596084299999966, -22.960897099321603 ], [ -44.595664800000016, -22.960826899321582 ], [ -44.5955505, -22.960510999321599 ], [ -44.595588599999978, -22.960159899321621 ], [ -44.595626700000025, -22.959808799321646 ], [ -44.5953217, -22.959598099321628 ], [ -44.594940399999977, -22.959527899321643 ], [ -44.594521, -22.959492799321648 ], [ -44.5941778, -22.959352399321627 ], [ -44.593987200000015, -22.959036399321651 ], [ -44.593720299999973, -22.958790699321657 ], [ -44.593339, -22.958720399321646 ], [ -44.592995799999976, -22.958825799321648 ], [ -44.5926908, -22.959036399321651 ], [ -44.592423899999972, -22.959282199321656 ], [ -44.592157, -22.959527899321643 ], [ -44.5918901, -22.959773699321662 ], [ -44.591585099999975, -22.959984299321587 ], [ -44.59128, -22.96023009932161 ], [ -44.590898700000025, -22.960300299321588 ], [ -44.590517499999976, -22.960370499321627 ], [ -44.590212399999984, -22.960546099321601 ], [ -44.589831100000026, -22.96058119932157 ], [ -44.589488, -22.960475799321582 ], [ -44.5892973, -22.960194999321605 ], [ -44.5890304, -22.959914099321605 ], [ -44.58876350000002, -22.95963329932162 ], [ -44.588458499999987, -22.959457699321604 ], [ -44.588077199999987, -22.959422599321613 ], [ -44.587695900000028, -22.959387499321622 ], [ -44.587314600000013, -22.959422599321613 ], [ -44.5868952, -22.959457699321604 ], [ -44.58639950000002, -22.959457699321604 ], [ -44.586018299999978, -22.959457699321604 ], [ -44.585598800000014, -22.959475299321628 ], [ -44.5852557, -22.959317299321636 ], [ -44.5848744, -22.959247099321669 ], [ -44.584531200000015, -22.959141699321609 ], [ -44.5841881, -22.958966199321651 ], [ -44.5839593, -22.958685299321662 ], [ -44.583844899999974, -22.958369299321678 ], [ -44.5837687, -22.958018299321662 ], [ -44.5838068, -22.957667199321669 ], [ -44.583883, -22.957316099321698 ], [ -44.583730499999987, -22.957000099321704 ], [ -44.583425499999976, -22.956754299321698 ], [ -44.5831205, -22.956543699321699 ], [ -44.582815400000015, -22.956368099321725 ], [ -44.5825104, -22.956192599321707 ], [ -44.582167200000015, -22.956052199321697 ], [ -44.5820147, -22.955736199321709 ], [ -44.581976600000012, -22.955385099321713 ], [ -44.5817478, -22.955104199321724 ], [ -44.5814428, -22.954893599321725 ], [ -44.581099600000016, -22.954682899321771 ], [ -44.5807565, -22.954577599321734 ], [ -44.580413299999961, -22.954472199321756 ], [ -44.580032, -22.954366899321766 ], [ -44.5796507, -22.954331799321725 ], [ -44.5792313, -22.954296699321741 ], [ -44.5788119, -22.954296699321727 ], [ -44.5784306, -22.954296699321727 ], [ -44.578049299999968, -22.954296699321741 ], [ -44.577668, -22.954296699321741 ], [ -44.577286800000024, -22.954296699321741 ], [ -44.5769055, -22.954191399321775 ], [ -44.5765242, -22.954191399321775 ], [ -44.576142899999979, -22.954191399321775 ], [ -44.575761600000021, -22.954085999321773 ], [ -44.575456599999988, -22.953875399321795 ], [ -44.575113400000014, -22.953734899321745 ], [ -44.5747321, -22.953629599321758 ], [ -44.574350799999984, -22.953559399321783 ], [ -44.574045800000022, -22.953348699321754 ], [ -44.573740799999989, -22.953138099321759 ], [ -44.573588299999983, -22.952822099321768 ], [ -44.5734357, -22.952506099321788 ], [ -44.573168800000019, -22.952260299321775 ], [ -44.572940099999983, -22.951979399321825 ], [ -44.572787600000026, -22.951663399321777 ], [ -44.572767899999967, -22.951307099321831 ] ] ] } },
{ "type": "Feature", "properties": { "NUCOMPTREC": 37.094, "NUDISTBACT": 0.0, "NUDISTCDAG": 0.0, "NUAREACONT": 197.037, "NUAREAMONT": 197.037, "NUDISTBACC": 0.0, "NUAREABACC": 197.037, "NUCOMPCDA": 37.094, "Shape__Len": 0, "OBJECTID": 5952, "ID": 74857, "COTRECHO": 74857, "COCURSODAG": "7793918", "COBACIA": "7793918", "NOGENERICO": "Rio", "NOLIGACAO": null, "NOESPECIF": "Bracuí", "NORIOCOMP": "Rio Bracuí", "NOORIGINAL": "Rio Bracuí", "COCDADESAG": null, "NUTRJUS": 111838, "NUORDEMCDA": 1, "NUNIVOTTO": 7, "NUNIVOTCDA": 7, "NUSTRAHLER": 1, "DEDOMINIAL": "Federal", "DSVERSAO": "BHO bho_2017_v_01_05_50k de 2018-06-22" }, "geometry": { "type": "MultiLineString", "coordinates": [ [ [ -44.461224934607856, -22.750510820964319 ], [ -44.461479399999973, -22.750695199326422 ], [ -44.46192180000002, -22.751021599326435 ], [ -44.462364200000017, -22.75134799932642 ], [ -44.462718199999976, -22.751511199326394 ], [ -44.462895100000026, -22.751878399326408 ], [ -44.463204800000035, -22.75253109932639 ], [ -44.463470299999976, -22.752939099326369 ], [ -44.463691499999982, -22.753306299326393 ], [ -44.463824199999976, -22.753591899326363 ], [ -44.463824199999962, -22.753918299326358 ], [ -44.46377990000002, -22.754366999326351 ], [ -44.463558700000014, -22.754734199326315 ], [ -44.463290799999982, -22.755524499326309 ], [ -44.46321219999998, -22.756104699326283 ], [ -44.4627403, -22.756539899326313 ], [ -44.4621897, -22.756902499326305 ], [ -44.4619538, -22.757120099326276 ], [ -44.4617965, -22.757555299326253 ], [ -44.461481900000024, -22.757772799326261 ], [ -44.4611673, -22.75799039932625 ], [ -44.460774, -22.758643199326244 ], [ -44.46014480000003, -22.758715699326224 ], [ -44.459594299999985, -22.758933299326266 ], [ -44.458886399999976, -22.75900579932626 ], [ -44.4581786, -22.758280499326265 ], [ -44.457628, -22.757772799326276 ], [ -44.4568415, -22.757700299326281 ], [ -44.456291, -22.75799039932625 ], [ -44.4562123, -22.758715699326224 ], [ -44.4559764, -22.759150899326261 ], [ -44.455504500000011, -22.759440999326202 ], [ -44.455111199999976, -22.759948599326187 ], [ -44.455111199999976, -22.760746399326216 ], [ -44.455268499999981, -22.761399199326213 ], [ -44.455583100000013, -22.761689299326189 ], [ -44.455583100000013, -22.761979399326144 ], [ -44.455347099999983, -22.762486999326175 ], [ -44.455111199999976, -22.762777099326144 ], [ -44.4548752, -22.763067199326173 ], [ -44.454482, -22.763574899326123 ], [ -44.454403300000017, -22.7641550993261 ], [ -44.454246, -22.764735299326095 ], [ -44.454324699999958, -22.765387999326055 ], [ -44.4548752, -22.766040699326108 ], [ -44.4550325, -22.766620899326085 ], [ -44.4555044, -22.767346099326041 ], [ -44.4561336, -22.76749109932603 ], [ -44.45668419999997, -22.767563699326026 ], [ -44.457077500000018, -22.768288899326041 ], [ -44.45715610000002, -22.768651499325994 ], [ -44.456920200000013, -22.76937669932602 ], [ -44.4567629, -22.769956899325997 ], [ -44.456920200000013, -22.770391999325987 ], [ -44.457313399999975, -22.77068209932596 ], [ -44.457392099999979, -22.77104469932598 ], [ -44.457077500000018, -22.771407299325965 ], [ -44.4568415, -22.771697399325948 ], [ -44.4567629, -22.772349999325943 ], [ -44.457077500000018, -22.773002699325911 ], [ -44.45715610000002, -22.773582899325909 ], [ -44.456831700000016, -22.773872899325912 ], [ -44.4568317, -22.774144899325901 ], [ -44.456949599999959, -22.774525599325884 ], [ -44.457303599999989, -22.774743199325876 ], [ -44.4575395, -22.77490629932586 ], [ -44.457775500000032, -22.775178299325859 ], [ -44.458011399999975, -22.775558999325845 ], [ -44.4583654, -22.775830899325868 ], [ -44.458542299999969, -22.775994099325835 ], [ -44.4586013, -22.776483599325836 ], [ -44.4582474, -22.776864299325837 ], [ -44.4580704, -22.777190599325806 ], [ -44.458011399999968, -22.777571399325822 ], [ -44.457893399999975, -22.778006499325794 ], [ -44.457303599999989, -22.778332799325796 ], [ -44.45700859999998, -22.778550299325801 ], [ -44.4566547, -22.778985399325787 ], [ -44.4564777, -22.779311699325781 ], [ -44.4563008, -22.779801199325767 ], [ -44.456182800000015, -22.780127499325747 ], [ -44.456064799999979, -22.780453899325742 ], [ -44.455828899999972, -22.780671399325747 ], [ -44.455651900000014, -22.781160899325691 ], [ -44.455533899999978, -22.781541599325745 ], [ -44.455128399999971, -22.782190699325707 ], [ -44.455128399999971, -22.782516999325683 ], [ -44.455128399999971, -22.782924899325685 ], [ -44.455128399999971, -22.783373599325682 ], [ -44.45490719999998, -22.783822299325657 ], [ -44.454509, -22.784270899325684 ], [ -44.454509, -22.784882799325629 ], [ -44.4545533, -22.785372199325614 ], [ -44.45508419999998, -22.785657699325625 ], [ -44.455792, -22.785780099325621 ], [ -44.456455600000027, -22.785820899325589 ], [ -44.45694229999998, -22.785943299325609 ], [ -44.4573404, -22.786351099325604 ], [ -44.457473199999974, -22.78667739932558 ], [ -44.457561600000012, -22.787003699325602 ], [ -44.458402200000023, -22.787370799325625 ], [ -44.458800399999966, -22.78769709932558 ], [ -44.459110099999975, -22.788227399325546 ], [ -44.45924280000002, -22.78875759932555 ], [ -44.459906400000023, -22.789043099325561 ], [ -44.460304599999979, -22.78928779932556 ], [ -44.460437300000017, -22.789858899325544 ], [ -44.4607027, -22.790348299325515 ], [ -44.4610124, -22.790796999325508 ], [ -44.461056699999965, -22.791449499325481 ], [ -44.461543300000017, -22.791816599325486 ], [ -44.462206900000012, -22.79230609932549 ], [ -44.4627378, -22.792877099325452 ], [ -44.463003300000025, -22.79336649932544 ], [ -44.4634014, -22.793855899325422 ], [ -44.4637553, -22.794019099325443 ], [ -44.463888100000027, -22.794263799325432 ], [ -44.464065, -22.794630899325441 ], [ -44.464065, -22.795079499325396 ], [ -44.463976600000017, -22.795446599325377 ], [ -44.463666900000014, -22.795691299325384 ], [ -44.463445700000022, -22.796099099325378 ], [ -44.4633129, -22.796629299325378 ], [ -44.463357200000011, -22.797118799325375 ], [ -44.463357200000011, -22.797648999325325 ], [ -44.462826300000017, -22.798301499325301 ], [ -44.4626493, -22.798709399325329 ], [ -44.4625166, -22.799239599325336 ], [ -44.4625166, -22.799769699325317 ], [ -44.4625166, -22.800095999325293 ], [ -44.4623396, -22.800463099325288 ], [ -44.461941500000023, -22.800789299325299 ], [ -44.4616318, -22.800993299325292 ], [ -44.461189400000031, -22.801360299325268 ], [ -44.4602603, -22.802012899325273 ], [ -44.459906400000023, -22.802502299325244 ], [ -44.459596700000027, -22.803195599325218 ], [ -44.4591985, -22.803807299325221 ], [ -44.4589677, -22.804004899325189 ], [ -44.458579199999974, -22.804337499325165 ], [ -44.45769439999998, -22.804745299325166 ], [ -44.457119200000015, -22.80494919932519 ], [ -44.456588300000021, -22.805316299325181 ], [ -44.456101699999969, -22.805724099325179 ], [ -44.455438099999988, -22.806213499325153 ], [ -44.45415509999998, -22.806498899325153 ], [ -44.453447200000021, -22.806702899325142 ], [ -44.452916300000027, -22.80711069932514 ], [ -44.4523855, -22.807477699325098 ], [ -44.452075799999989, -22.807844699325088 ], [ -44.451633399999984, -22.808741899325071 ], [ -44.4514564, -22.810413999325039 ], [ -44.451323699999989, -22.81171889932504 ], [ -44.451146699999981, -22.812249099324987 ], [ -44.451146699999981, -22.812575299325001 ], [ -44.45105819999997, -22.813023899325021 ], [ -44.450792799999981, -22.813513299324999 ], [ -44.450748499999975, -22.813961899324951 ], [ -44.4508813, -22.814369599324987 ], [ -44.451102499999983, -22.814981299324948 ], [ -44.451146699999981, -22.815470699324923 ], [ -44.451279399999983, -22.816041599324926 ], [ -44.451323699999989, -22.816367799324933 ], [ -44.4514564, -22.816775599324934 ], [ -44.4514564, -22.817631999324885 ], [ -44.4514564, -22.818121299324844 ], [ -44.451412199999986, -22.818610699324879 ], [ -44.451677599999989, -22.819018499324891 ], [ -44.451943, -22.819303899324883 ], [ -44.452252699999967, -22.819997099324858 ], [ -44.452031499999975, -22.820445699324821 ], [ -44.451677599999989, -22.820690399324807 ], [ -44.451279399999976, -22.821138899324794 ], [ -44.451191, -22.821628199324817 ], [ -44.4514564, -22.821954499324789 ], [ -44.451721799999973, -22.82207679932478 ], [ -44.451854599999976, -22.822484599324774 ], [ -44.452186400000016, -22.822871899324767 ], [ -44.452650899999988, -22.822973899324786 ], [ -44.452960599999983, -22.823055399324726 ], [ -44.453403, -22.823300099324737 ], [ -44.453624199999972, -22.823585499324732 ], [ -44.453801199999987, -22.823993299324709 ], [ -44.453845399999977, -22.824319499324737 ], [ -44.454287799999975, -22.824564199324726 ], [ -44.45459749999997, -22.824808799324764 ], [ -44.454730199999972, -22.825175799324718 ], [ -44.454730199999972, -22.825501999324686 ], [ -44.4545533, -22.825868999324708 ], [ -44.454464799999975, -22.826276799324702 ], [ -44.454509, -22.826602999324656 ], [ -44.454774499999985, -22.82680689932468 ], [ -44.454995699999984, -22.82717389932467 ], [ -44.455357, -22.828415299324647 ], [ -44.455357, -22.829140199324602 ], [ -44.45519969999998, -22.829647599324588 ], [ -44.4549637, -22.830299999324616 ], [ -44.454934200000018, -22.830825499324593 ], [ -44.454816199999982, -22.831314799324545 ], [ -44.4546393, -22.831477899324565 ], [ -44.4548752, -22.832075899324554 ], [ -44.4554061, -22.832347799324531 ], [ -44.4555241, -22.832891399324531 ], [ -44.4555241, -22.83332629932454 ], [ -44.454897300000027, -22.833829199324537 ], [ -44.454322199999972, -22.833829199324537 ], [ -44.453658599999976, -22.833869999324513 ], [ -44.453039199999971, -22.833951499324527 ], [ -44.452464099999979, -22.834359299324522 ], [ -44.452287099999971, -22.834848599324477 ], [ -44.452242899999987, -22.835337799324471 ], [ -44.452242899999987, -22.835867899324441 ], [ -44.4519774, -22.836316399324442 ], [ -44.451712, -22.836560999324472 ], [ -44.451667799999989, -22.83709109932445 ], [ -44.4520217, -22.837621099324402 ], [ -44.452375599999982, -22.838069599324399 ], [ -44.4525526, -22.838314299324399 ], [ -44.4528623, -22.838721999324431 ], [ -44.452818, -22.839088899324363 ], [ -44.452729499999968, -22.839578199324379 ], [ -44.4528623, -22.840108299324374 ], [ -44.453171899999965, -22.840352899324404 ], [ -44.453614399999985, -22.840515999324349 ], [ -44.454101, -22.84059749932436 ], [ -44.454631899999974, -22.840719799324344 ], [ -44.454941599999984, -22.840964499324329 ], [ -44.4555236, -22.841226899324337 ], [ -44.4559964, -22.841226899324337 ], [ -44.456295099999977, -22.841249899324332 ], [ -44.456519, -22.841341599324359 ], [ -44.456643499999977, -22.841662699324306 ], [ -44.456469299999981, -22.841983699324338 ], [ -44.4561458, -22.84237359932429 ], [ -44.4555236, -22.842786399324332 ], [ -44.454926399999984, -22.842901099324315 ], [ -44.4542545, -22.842901099324315 ], [ -44.453806499999985, -22.843153399324319 ], [ -44.45360740000001, -22.843405599324289 ], [ -44.453263199999981, -22.843735199324321 ], [ -44.452820799999984, -22.844020599324313 ], [ -44.452378399999986, -22.844265199324269 ], [ -44.452068699999984, -22.8444690993243 ], [ -44.451891699999976, -22.845039899324277 ], [ -44.451891699999976, -22.845529099324271 ], [ -44.452112899999968, -22.845895999324224 ], [ -44.45242259999997, -22.846222199324224 ], [ -44.452909299999988, -22.846466799324187 ], [ -44.453263199999981, -22.846629899324213 ], [ -44.453617099999967, -22.84687449932423 ], [ -44.45401529999998, -22.847241499324205 ], [ -44.454634699999986, -22.847771499324228 ], [ -44.454811600000021, -22.848301499324176 ], [ -44.454634699999978, -22.849035299324186 ], [ -44.454280700000027, -22.849687599324131 ], [ -44.454103799999984, -22.850054499324148 ], [ -44.45401529999998, -22.850584499324167 ], [ -44.453617099999967, -22.850829199324149 ], [ -44.453263199999981, -22.851155299324141 ], [ -44.453219, -22.85152219932408 ], [ -44.453263199999981, -22.85188909932409 ], [ -44.453440199999982, -22.852378399324117 ], [ -44.453351699999978, -22.852826799324088 ], [ -44.453263199999981, -22.853234499324056 ], [ -44.453395899999975, -22.853519899324041 ], [ -44.453617099999967, -22.853805199324068 ], [ -44.453838299999973, -22.854090599324056 ], [ -44.454148, -22.854579799324039 ], [ -44.454325, -22.855313599324017 ], [ -44.454325, -22.855802899324022 ], [ -44.453971, -22.856088199324002 ], [ -44.452865, -22.855639799324027 ], [ -44.452201399999971, -22.855395199324001 ], [ -44.451582, -22.855354399324032 ], [ -44.450697199999986, -22.855721299324035 ], [ -44.4502991, -22.855965899324008 ], [ -44.449900899999982, -22.856292099324019 ], [ -44.449723899999981, -22.856862799323977 ], [ -44.449812399999985, -22.85755579932399 ], [ -44.450122099999987, -22.858208099323964 ], [ -44.4504318, -22.858738099323919 ], [ -44.4510512, -22.859879499323899 ], [ -44.45167049999997, -22.8609393993239 ], [ -44.451759, -22.861591699323895 ], [ -44.451626299999987, -22.862040099323874 ], [ -44.451228099999973, -22.862406999323873 ], [ -44.450829899999967, -22.862610799323882 ], [ -44.450476, -22.86305919932385 ], [ -44.450077899999989, -22.863426099323856 ], [ -44.450077799999981, -22.864078399323802 ], [ -44.450343299999979, -22.864363699323818 ], [ -44.450653, -22.864730599323778 ], [ -44.450564499999984, -22.865219799323761 ], [ -44.4501221, -22.865708899323796 ], [ -44.4499894, -22.865994299323795 ], [ -44.450077799999981, -22.866483499323785 ], [ -44.4504318, -22.866891099323723 ], [ -44.4505203, -22.867339499323748 ], [ -44.4505203, -22.867991699323731 ], [ -44.450918399999978, -22.868399299323734 ], [ -44.451405099999981, -22.869173899323716 ], [ -44.4515378, -22.86941839932366 ], [ -44.451582, -22.869826099323692 ], [ -44.451095399999978, -22.870111399323651 ], [ -44.450653, -22.870437499323661 ], [ -44.450033599999983, -22.870804399323664 ], [ -44.4493258, -22.871008199323661 ], [ -44.4483525, -22.871171199323651 ], [ -44.447113699999981, -22.871293499323656 ], [ -44.446582799999987, -22.871782699323624 ], [ -44.445830699999988, -22.872067999323658 ], [ -44.445299799999979, -22.8724755993236 ], [ -44.4451671, -22.872923999323625 ], [ -44.4456538, -22.873290899323575 ], [ -44.4461404, -22.873494699323565 ], [ -44.446582799999987, -22.873698499323577 ], [ -44.446671299999984, -22.873943099323611 ], [ -44.4463174, -22.874024599323583 ], [ -44.4459635, -22.874432199323582 ], [ -44.445830699999988, -22.874717499323545 ], [ -44.445830699999973, -22.8750435993236 ], [ -44.4454326, -22.875410499323529 ], [ -44.4449902, -22.875614299323551 ], [ -44.444724699999988, -22.875940399323532 ], [ -44.444149599999989, -22.876062699323519 ], [ -44.4436187, -22.875940399323532 ], [ -44.4431763, -22.876103399323519 ], [ -44.442815, -22.877058999323481 ], [ -44.442579, -22.877783699323516 ], [ -44.441949799999968, -22.878435799323469 ], [ -44.4416352, -22.878870599323513 ], [ -44.4413993, -22.879450299323445 ], [ -44.4413993, -22.879957599323458 ], [ -44.441242, -22.880537299323453 ], [ -44.4408487, -22.881044499323398 ], [ -44.440691399999984, -22.881624199323387 ], [ -44.4406128, -22.88220389932339 ], [ -44.440140900000031, -22.882638599323393 ], [ -44.439433, -22.883290799323376 ], [ -44.439039799999989, -22.883797999323384 ], [ -44.4386465, -22.884450099323331 ], [ -44.438253299999985, -22.885247199323306 ], [ -44.437938700000018, -22.885826899323302 ], [ -44.437388100000021, -22.886334099323314 ], [ -44.4364443, -22.886623899323315 ], [ -44.436129699999974, -22.887203599323318 ], [ -44.4356578, -22.888145499323272 ], [ -44.43534319999997, -22.88944979932327 ], [ -44.4349499, -22.890319299323206 ], [ -44.434556699999966, -22.891188699323177 ], [ -44.433848800000021, -22.892203099323197 ], [ -44.432942299999979, -22.893354799323134 ], [ -44.4324466, -22.893284599323163 ], [ -44.4320844, -22.893425099323139 ], [ -44.431779399999968, -22.893600699323116 ], [ -44.43155059999998, -22.893881699323149 ], [ -44.431131199999975, -22.89395189932312 ], [ -44.430788, -22.894092399323107 ], [ -44.430521100000021, -22.894338299323138 ], [ -44.430254199999972, -22.894584199323116 ], [ -44.430063599999983, -22.894865199323121 ], [ -44.4297967, -22.895111099323113 ], [ -44.429415399999982, -22.895251599323085 ], [ -44.428957799999978, -22.895321799323078 ], [ -44.42857650000002, -22.895356999323084 ], [ -44.4282334, -22.895462299323128 ], [ -44.427928300000026, -22.895637899323084 ], [ -44.427814, -22.895954099323067 ], [ -44.4277758, -22.896305299323075 ], [ -44.427661399999984, -22.896656599323034 ], [ -44.42747079999998, -22.896972699323051 ], [ -44.4272039, -22.897253699323066 ], [ -44.426898900000012, -22.897464399323042 ], [ -44.426593799999985, -22.897639999323058 ], [ -44.426326899999978, -22.897885899323057 ], [ -44.426021900000023, -22.898131799323032 ], [ -44.4257169, -22.898307399323041 ], [ -44.425335599999983, -22.89837769932306 ], [ -44.424916199999977, -22.89837769932306 ], [ -44.424534900000019, -22.89837769932306 ], [ -44.4241536, -22.89837769932306 ], [ -44.423848599999978, -22.898553299323037 ], [ -44.423657900000016, -22.898834299322992 ], [ -44.4233148, -22.898974799323046 ], [ -44.4229335, -22.899009899323026 ], [ -44.422514099999987, -22.899044999323035 ], [ -44.422094599999973, -22.899044999323035 ], [ -44.421751500000028, -22.899150399323013 ], [ -44.421484599999978, -22.899396299322991 ], [ -44.42137020000002, -22.899712399322997 ], [ -44.421255799999976, -22.900028499323007 ], [ -44.4209889, -22.900274299322991 ], [ -44.420683899999979, -22.900449999322959 ], [ -44.4203407, -22.900555299322992 ], [ -44.420035700000035, -22.900730999322985 ], [ -44.419768799999979, -22.901047099322994 ], [ -44.419425600000011, -22.901152399322985 ], [ -44.419044299999982, -22.901152399322985 ], [ -44.418739300000027, -22.900941699322946 ], [ -44.418319899999972, -22.900941699322946 ], [ -44.417938600000014, -22.900906599322958 ], [ -44.417595399999982, -22.901011899322981 ], [ -44.417176, -22.901082199322982 ], [ -44.416756599999978, -22.901117299322966 ], [ -44.416375300000027, -22.901152399322985 ], [ -44.415955899999986, -22.901222699322968 ], [ -44.4156127, -22.90132809932296 ], [ -44.415269599999988, -22.901468499322988 ], [ -44.414888299999966, -22.901468499322988 ], [ -44.414507, -22.901468499322988 ], [ -44.4141257, -22.901538799322978 ], [ -44.413782599999983, -22.90164419932298 ], [ -44.413439400000016, -22.901784699322967 ], [ -44.4131344, -22.901960299322937 ], [ -44.4128293, -22.902135899322964 ], [ -44.412600600000012, -22.902416899322933 ], [ -44.4124099, -22.902697899322948 ], [ -44.4124099, -22.903049099322907 ], [ -44.412219300000011, -22.903330099322915 ], [ -44.412143, -22.903681299322926 ], [ -44.4120858, -22.904120299322898 ], [ -44.412028599999971, -22.90448909932288 ], [ -44.411952400000011, -22.904840299322856 ], [ -44.411838, -22.905191599322894 ], [ -44.4117236, -22.905507699322854 ], [ -44.411456699999974, -22.905753499322866 ], [ -44.411227899999965, -22.906034499322814 ], [ -44.4109229, -22.906280399322867 ], [ -44.4106941, -22.906561299322878 ], [ -44.410579700000028, -22.906877399322831 ], [ -44.410427200000015, -22.907228599322828 ], [ -44.410351, -22.907579899322791 ], [ -44.410389099999961, -22.907931099322806 ], [ -44.410427200000022, -22.908282299322796 ], [ -44.410427200000015, -22.9086334993228 ], [ -44.4104653, -22.908984699322804 ], [ -44.4105035, -22.909335899322752 ], [ -44.4105035, -22.909687199322786 ], [ -44.4105035, -22.910038399322787 ], [ -44.410198400000013, -22.910213999322767 ], [ -44.40981720000002, -22.910249099322733 ], [ -44.4094359, -22.910143699322752 ], [ -44.4090546, -22.910073499322788 ], [ -44.4087114, -22.909897899322743 ], [ -44.4083301, -22.909897899322743 ], [ -44.408063200000015, -22.910178899322766 ], [ -44.407948799999971, -22.91049489932275 ], [ -44.407834499999964, -22.910810999322774 ], [ -44.406766800000014, -22.911636399322767 ], [ -44.406576200000011, -22.911969999322721 ], [ -44.406385600000021, -22.91225099932274 ], [ -44.406233, -22.912567099322697 ], [ -44.406042399999983, -22.9128479993227 ], [ -44.4057755, -22.91312899932273 ], [ -44.4055849, -22.913409999322678 ], [ -44.405279800000017, -22.913725999322676 ], [ -44.404974799999984, -22.913971899322654 ], [ -44.4047079, -22.91421769932267 ], [ -44.40440289999998, -22.914428399322684 ], [ -44.404136, -22.914674299322666 ], [ -44.403869100000016, -22.914920099322671 ], [ -44.403525899999977, -22.915060599322654 ], [ -44.403144600000019, -22.915201099322633 ], [ -44.402801399999987, -22.915341499322651 ], [ -44.402458299999978, -22.915446899322646 ], [ -44.4021533, -22.915657599322611 ], [ -44.4019245, -22.915938599322626 ], [ -44.401810099999977, -22.916254699322646 ], [ -44.401733799999981, -22.916605899322594 ], [ -44.401657600000014, -22.916956999322636 ], [ -44.401543199999978, -22.917273099322589 ], [ -44.4012763, -22.917518999322628 ], [ -44.401104700000026, -22.918080899322593 ], [ -44.400895, -22.918432099322587 ], [ -44.4004756, -22.918467199322578 ], [ -44.400094299999985, -22.918502299322565 ], [ -44.399713, -22.918467199322578 ], [ -44.3993317, -22.918467199322578 ], [ -44.3989504, -22.918467199322578 ], [ -44.398569099999975, -22.91839689932258 ], [ -44.3982641, -22.918221299322592 ], [ -44.397921, -22.918115999322584 ], [ -44.397539699999982, -22.918186199322555 ], [ -44.3972346, -22.918431999322561 ], [ -44.396891499999988, -22.918642799322569 ], [ -44.3965483, -22.918783199322583 ], [ -44.396281400000021, -22.919064199322531 ], [ -44.395976399999981, -22.919309999322543 ], [ -44.395671400000019, -22.919520699322554 ], [ -44.395442600000024, -22.91980169932253 ], [ -44.395175699999982, -22.920047499322543 ], [ -44.3949088, -22.920293299322562 ], [ -44.3946037, -22.920468899322529 ], [ -44.394375, -22.920749899322502 ], [ -44.394069899999977, -22.920925499322525 ], [ -44.393803, -22.921206399322521 ], [ -44.393498, -22.921452199322488 ], [ -44.393231099999973, -22.921698099322509 ], [ -44.392926100000011, -22.921873699322475 ], [ -44.392621, -22.922084399322497 ], [ -44.392316, -22.922259999322467 ], [ -44.3920491, -22.92250579932249 ], [ -44.391744099999983, -22.922751599322503 ], [ -44.391515299999973, -22.923032599322468 ], [ -44.3914009, -22.923348599322463 ], [ -44.391553400000021, -22.923664699322469 ], [ -44.391896599999988, -22.923769999322445 ], [ -44.392277900000018, -22.923769999322445 ], [ -44.392659200000026, -22.923840299322446 ], [ -44.393002299999971, -22.923945599322472 ], [ -44.393307400000019, -22.924121199322439 ], [ -44.393726800000017, -22.924560199322404 ], [ -44.3938412, -22.924893799322433 ], [ -44.393879299999973, -22.925244999322441 ], [ -44.393879299999973, -22.925596099322412 ], [ -44.3938412, -22.92594729932242 ], [ -44.393803, -22.926298499322364 ], [ -44.393879299999973, -22.926649599322399 ], [ -44.3939937, -22.926965699322366 ], [ -44.3941843, -22.927246599322356 ], [ -44.394375, -22.927527499322377 ], [ -44.3946037, -22.927808499322381 ], [ -44.3948706, -22.928089399322324 ], [ -44.395023200000026, -22.928405499322334 ], [ -44.395328199999987, -22.928616199322363 ], [ -44.3957095, -22.928510799322371 ], [ -44.395976399999981, -22.928264999322362 ], [ -44.396243299999988, -22.92801919932235 ], [ -44.3965483, -22.927843599322376 ], [ -44.396891499999988, -22.927738199322377 ], [ -44.397272799999989, -22.927808499322381 ], [ -44.397539699999982, -22.928054299322334 ], [ -44.397539699999982, -22.928405499322334 ], [ -44.3973871, -22.928721499322332 ], [ -44.397310899999972, -22.929072699322344 ], [ -44.397310899999972, -22.929423799322315 ], [ -44.3974253, -22.929739899322321 ], [ -44.3976159, -22.930020799322325 ], [ -44.397921, -22.930231499322296 ], [ -44.3980353, -22.930547499322284 ], [ -44.3980735, -22.930898699322281 ], [ -44.3981116, -22.931249899322285 ], [ -44.3980353, -22.931600999322264 ], [ -44.397959099999973, -22.931952199322286 ], [ -44.3978447, -22.932268199322266 ], [ -44.397730299999964, -22.932584199322257 ], [ -44.397539699999982, -22.932865199322212 ], [ -44.397310899999979, -22.933146099322215 ], [ -44.397196500000014, -22.933620099322205 ], [ -44.397044, -22.933953699322245 ], [ -44.3967771, -22.934199499322187 ], [ -44.39643389999997, -22.934339999322233 ], [ -44.396090800000017, -22.934445299322189 ], [ -44.395785699999976, -22.934620899322223 ], [ -44.395442600000017, -22.934726299322218 ], [ -44.395099399999985, -22.934831599322195 ], [ -44.3948706, -22.935112499322194 ], [ -44.39471809999997, -22.935428599322204 ], [ -44.39471809999997, -22.9357796993222 ], [ -44.39471809999997, -22.936130799322154 ], [ -44.39468, -22.936481999322162 ], [ -44.3947563, -22.936833099322151 ], [ -44.3948325, -22.937184299322148 ], [ -44.395023200000026, -22.937465199322148 ], [ -44.395175699999982, -22.937781199322146 ], [ -44.395328199999987, -22.938097199322144 ], [ -44.395404400000018, -22.938448399322144 ], [ -44.3955188, -22.938764399322135 ], [ -44.39559509999998, -22.939115499322106 ], [ -44.39559509999998, -22.939466699322107 ], [ -44.395785699999976, -22.939782699322116 ], [ -44.395812499999984, -22.940297499322057 ], [ -44.396079400000012, -22.940543299322062 ], [ -44.3965172, -22.940891099322045 ], [ -44.3967417, -22.941019899322068 ], [ -44.3969118, -22.941235199322037 ], [ -44.3971965, -22.941362799322025 ], [ -44.397501499999983, -22.941608599322027 ], [ -44.397806600000017, -22.941819199322026 ], [ -44.398091599999987, -22.942121199322006 ], [ -44.398497399999982, -22.942374999322059 ], [ -44.398923200000013, -22.942466499322048 ], [ -44.399221500000017, -22.942528699322054 ], [ -44.399801, -22.942615199321981 ], [ -44.4003283, -22.942770099322029 ], [ -44.401024099999972, -22.942975999321998 ], [ -44.401678199999985, -22.943342499322025 ], [ -44.402055599999969, -22.943648599322003 ], [ -44.402015399999982, -22.943973399321983 ], [ -44.4014247, -22.943977199321985 ], [ -44.4007863, -22.944013299321977 ], [ -44.400599100000022, -22.944288899321997 ], [ -44.400444, -22.944658499321978 ], [ -44.400284899999974, -22.945014499321971 ], [ -44.400361200000013, -22.945365599321953 ], [ -44.40032309999998, -22.945716699321938 ], [ -44.400236800000016, -22.946154399321951 ], [ -44.399997400000011, -22.946498499321951 ], [ -44.399573, -22.946571299321931 ], [ -44.398956199999979, -22.946609299321899 ], [ -44.398602700000019, -22.946815899321912 ], [ -44.398408800000027, -22.947145599321914 ], [ -44.398320800000015, -22.947502799321899 ], [ -44.398259699999983, -22.947643399321905 ], [ -44.3982047, -22.947873199321901 ], [ -44.3981844, -22.94807459932186 ], [ -44.398308900000011, -22.948304199321885 ], [ -44.398617699999988, -22.948458499321891 ], [ -44.3989876, -22.948472199321905 ], [ -44.3994351, -22.948565499321848 ], [ -44.3998274, -22.948701199321892 ], [ -44.400002700000016, -22.948924499321844 ], [ -44.399966899999981, -22.949213199321832 ], [ -44.399773799999984, -22.949360699321861 ], [ -44.3994449, -22.949368799321864 ], [ -44.3990645, -22.949263099321858 ], [ -44.398634099999981, -22.94920769932185 ], [ -44.3982896, -22.949342099321896 ], [ -44.3980181, -22.949592199321849 ], [ -44.397996499999969, -22.950119299321837 ], [ -44.398010699999979, -22.950357599321858 ], [ -44.3983404, -22.95084299932185 ], [ -44.398726300000028, -22.951256499321826 ], [ -44.399058500000024, -22.951724799321838 ], [ -44.3993997, -22.952205699321784 ], [ -44.399821799999984, -22.953063199321743 ] ] ] } },
{ "type": "Feature", "properties": { "NUCOMPTREC": 23.324, "NUDISTBACT": 484.945, "NUDISTCDAG": 28.413, "NUAREACONT": 106.648, "NUAREAMONT": 106.648, "NUDISTBACC": 456.532, "NUAREABACC": 521.89, "NUCOMPCDA": 51.737, "Shape__Len": 0, "OBJECTID": 30324, "ID": 10562, "COTRECHO": 10562, "COCURSODAG": "77894", "COBACIA": "778947", "NOGENERICO": "Rio", "NOLIGACAO": "do", "NOESPECIF": "Bananal", "NORIOCOMP": "Rio do Bananal", "NOORIGINAL": "Rio do Bananal", "COCDADESAG": "778", "NUTRJUS": 1118, "NUORDEMCDA": 2, "NUNIVOTTO": 6, "NUNIVOTCDA": 5, "NUSTRAHLER": 1, "DEDOMINIAL": "Federal", "DSVERSAO": "BHO bho_2017_v_01_05_50k de 2018-06-22" }, "geometry": { "type": "MultiLineString", "coordinates": [ [ [ -44.4057998, -22.795833699325389 ], [ -44.406337800000017, -22.795303199325385 ], [ -44.406602899999982, -22.794933199325421 ], [ -44.406684900000016, -22.794753899325407 ], [ -44.406801200000011, -22.794057699325421 ], [ -44.406929, -22.793544599325454 ], [ -44.407123599999977, -22.79309259932548 ], [ -44.407449699999972, -22.792592799325487 ], [ -44.4076634, -22.792155999325455 ], [ -44.407657599999986, -22.791789799325482 ], [ -44.407560400000015, -22.791496099325503 ], [ -44.4072228, -22.791133699325492 ], [ -44.4069596, -22.790937199325466 ], [ -44.406213799999982, -22.790601599325512 ], [ -44.4059353, -22.790378399325533 ], [ -44.4057884, -22.790124699325499 ], [ -44.405715900000011, -22.790012199325496 ], [ -44.405605299999976, -22.789930199325539 ], [ -44.405498500000014, -22.789830999325527 ], [ -44.405260100000014, -22.789712699325523 ], [ -44.405117, -22.789630699325507 ], [ -44.404756500000019, -22.789285499325551 ], [ -44.404628800000012, -22.789050899325566 ], [ -44.404569599999988, -22.788783799325532 ], [ -44.4045105, -22.78864279932554 ], [ -44.404512399999973, -22.788512999325583 ], [ -44.404531500000012, -22.788057099325567 ], [ -44.4045868, -22.787721499325542 ], [ -44.404588699999977, -22.787364799325562 ], [ -44.404462799999976, -22.787076799325614 ], [ -44.404186200000019, -22.786681899325618 ], [ -44.40368460000002, -22.786327199325623 ], [ -44.403333599999989, -22.78597809932565 ], [ -44.4029102, -22.785344899325619 ], [ -44.402593599999982, -22.784936699325645 ], [ -44.402065199999974, -22.784383599325665 ], [ -44.401353799999981, -22.783635899325652 ], [ -44.4008789, -22.783078999325674 ], [ -44.40032, -22.782340799325684 ], [ -44.400110199999965, -22.782190099325678 ], [ -44.3995972, -22.781907899325734 ], [ -44.3992159, -22.781699399325692 ], [ -44.399108800000015, -22.781640799325707 ], [ -44.3984165, -22.781213599325721 ], [ -44.3981132, -22.780881699325743 ], [ -44.397935800000013, -22.78044869932576 ], [ -44.3977489, -22.779855499325752 ], [ -44.397655400000019, -22.779660999325746 ], [ -44.397523799999988, -22.779489299325796 ], [ -44.39719, -22.779206999325758 ], [ -44.397022199999974, -22.778966699325778 ], [ -44.396938200000022, -22.778709199325775 ], [ -44.396907699999971, -22.77845739932577 ], [ -44.3969096, -22.777982499325802 ], [ -44.39682, -22.777679199325831 ], [ -44.3965339, -22.777213899325812 ], [ -44.396402299999977, -22.777049899325831 ], [ -44.396413699999989, -22.776666399325848 ], [ -44.39640229999997, -22.776639699325813 ], [ -44.3962745, -22.776303999325815 ], [ -44.3956832, -22.775651699325888 ], [ -44.39547529999998, -22.77531599932583 ], [ -44.395383700000018, -22.774707599325879 ], [ -44.3954162, -22.774236499325859 ], [ -44.395387500000034, -22.7740247993259 ], [ -44.395202499999989, -22.773553599325918 ], [ -44.3950595, -22.773160699325921 ], [ -44.394952699999983, -22.772939499325933 ], [ -44.394672300000025, -22.772828799325918 ], [ -44.394466299999976, -22.772765899325954 ], [ -44.394296499999989, -22.772720099325934 ], [ -44.3941878, -22.772628599325945 ], [ -44.3941325, -22.772533199325924 ], [ -44.394117199999982, -22.772416899325918 ], [ -44.393987499999973, -22.772298599325932 ], [ -44.3939017, -22.772235699325933 ], [ -44.393758600000012, -22.772153599325968 ], [ -44.393485899999966, -22.772075399325946 ], [ -44.393348600000024, -22.772010599325931 ], [ -44.3932494, -22.771943799325911 ], [ -44.393159700000012, -22.771848499325923 ], [ -44.3929099, -22.771363999325967 ], [ -44.39260280000002, -22.771001599325942 ], [ -44.392478799999985, -22.770517099325982 ], [ -44.3924197, -22.769618799325993 ], [ -44.392349099999983, -22.769328899326009 ], [ -44.392162199999966, -22.768899699326028 ], [ -44.391956199999981, -22.768605999326002 ], [ -44.391635699999981, -22.76832749932602 ], [ -44.391202799999974, -22.768100499326025 ], [ -44.390874699999976, -22.767991799326047 ], [ -44.3904151, -22.767921299326041 ], [ -44.3897055, -22.767621799326022 ], [ -44.3895605, -22.767547499326025 ], [ -44.389320199999979, -22.767307099326032 ], [ -44.389047399999974, -22.766973299326082 ], [ -44.38893680000001, -22.76679209932604 ], [ -44.3888529, -22.766601299326055 ], [ -44.3888033, -22.766406799326099 ], [ -44.388709800000015, -22.766235099326092 ], [ -44.3886774, -22.765964299326072 ], [ -44.388671699999968, -22.765571399326088 ], [ -44.388749899999979, -22.765218499326092 ], [ -44.3888872, -22.764808399326089 ], [ -44.389047399999974, -22.76447849932611 ], [ -44.3891428, -22.764299199326093 ], [ -44.3892096, -22.764096999326117 ], [ -44.389285900000012, -22.763717399326151 ], [ -44.389274399999969, -22.76322529932613 ], [ -44.389304900000013, -22.763061299326154 ], [ -44.389308700000015, -22.76239749932618 ], [ -44.3893393, -22.762208699326141 ], [ -44.389345, -22.761214999326178 ], [ -44.389314500000012, -22.760759099326165 ], [ -44.38928779999997, -22.760627499326187 ], [ -44.389236299999986, -22.76051879932621 ], [ -44.38925339999998, -22.760284199326229 ], [ -44.38921340000001, -22.760026699326243 ], [ -44.389173299999975, -22.759864599326232 ], [ -44.3890875, -22.759633799326235 ], [ -44.3890513, -22.759429699326226 ], [ -44.388982600000013, -22.759360999326237 ], [ -44.3889254, -22.759252299326249 ], [ -44.388780399999973, -22.758905199326261 ], [ -44.3887575, -22.758535099326274 ], [ -44.388877700000016, -22.757640599326258 ], [ -44.388858599999985, -22.757251599326288 ], [ -44.3887709, -22.75699019932631 ], [ -44.3884695, -22.756591599326271 ], [ -44.388139500000023, -22.756292099326295 ], [ -44.3873327, -22.755687499326335 ], [ -44.38718010000003, -22.755511999326334 ], [ -44.387019899999984, -22.755185799326327 ], [ -44.386962700000019, -22.754380899326353 ], [ -44.386922599999984, -22.754182599326331 ], [ -44.386836800000026, -22.754041399326365 ], [ -44.3867262, -22.753955599326336 ], [ -44.38591550000001, -22.753667599326388 ], [ -44.38579349999997, -22.753650399326375 ], [ -44.385661799999966, -22.753617999326398 ], [ -44.385562400000033, -22.753562099326366 ], [ -44.3855016, -22.753436799326341 ], [ -44.3854215, -22.753286099326399 ], [ -44.38537, -22.753173599326388 ], [ -44.38527850000002, -22.75308199932638 ], [ -44.384870299999989, -22.752805499326399 ], [ -44.384753900000014, -22.752565099326411 ], [ -44.3846929, -22.752109299326378 ], [ -44.38450790000001, -22.751739199326391 ], [ -44.384351499999973, -22.751538999326389 ], [ -44.384143600000016, -22.751384499326392 ], [ -44.3838174, -22.751081199326407 ], [ -44.383803069441569, -22.75106088089402 ] ] ] } },
{ "type": "Feature", "properties": { "NUCOMPTREC": 1.739, "NUDISTBACT": 490.825, "NUDISTCDAG": 89.931, "NUAREACONT": 1.476, "NUAREAMONT": 188.343, "NUDISTBACC": 400.894, "NUAREABACC": 1125.188, "NUCOMPCDA": 130.094, "Shape__Len": 0, "OBJECTID": 31929, "ID": 54966, "COTRECHO": 54966, "COCURSODAG": "77892", "COBACIA": "778925", "NOGENERICO": "Rio", "NOLIGACAO": "do", "NOESPECIF": "Braço", "NORIOCOMP": "Rio do Braço", "NOORIGINAL": "Rio do Braço", "COCDADESAG": "778", "NUTRJUS": 20457, "NUORDEMCDA": 2, "NUNIVOTTO": 6, "NUNIVOTCDA": 5, "NUSTRAHLER": 2, "DEDOMINIAL": "Federal", "DSVERSAO": "BHO bho_2017_v_01_05_50k de 2018-06-22" }, "geometry": { "type": "MultiLineString", "coordinates": [ [ [ -44.184443900000012, -22.7823463993257 ], [ -44.1843465, -22.782290799325708 ], [ -44.1842105, -22.782231799325675 ], [ -44.1841946, -22.782224899325708 ], [ -44.18412180912874, -22.782199489509164 ] ], [ [ -44.176182008592946, -22.78950909340184 ], [ -44.176244199999978, -22.789605499325535 ], [ -44.176330599999972, -22.789719399325556 ], [ -44.176407499999975, -22.789823599325512 ], [ -44.176453200000026, -22.789883199325541 ], [ -44.176502, -22.789951899325526 ], [ -44.176558899999975, -22.790058699325492 ], [ -44.176601100000013, -22.790141099325549 ], [ -44.176632299999987, -22.790253799325541 ], [ -44.176670899999976, -22.790472599325504 ], [ -44.1767029, -22.790669899325508 ], [ -44.176739199999986, -22.790974399325485 ], [ -44.176754099999989, -22.791092599325506 ], [ -44.176765, -22.791217899325481 ], [ -44.176765699999976, -22.791336099325513 ], [ -44.176737300000021, -22.791404599325514 ], [ -44.1766942, -22.791448599325516 ], [ -44.176641299999972, -22.7914833993255 ], [ -44.176603, -22.79150999932552 ], [ -44.176550299999974, -22.791557699325491 ], [ -44.17648939999998, -22.791594699325515 ], [ -44.176427499999981, -22.791621099325472 ], [ -44.176362499999975, -22.791638899325488 ], [ -44.176256200000012, -22.791667999325494 ], [ -44.176089600000012, -22.791703999325478 ], [ -44.1759308, -22.791716199325485 ], [ -44.175841900000016, -22.791718999325493 ] ] ] } },
{ "type": "Feature", "properties": { "NUCOMPTREC": 24.555, "NUDISTBACT": 0.0, "NUDISTCDAG": 0.0, "NUAREACONT": 69.06, "NUAREAMONT": 69.06, "NUDISTBACC": 0.0, "NUAREABACC": 69.06, "NUCOMPCDA": 24.555, "Shape__Len": 0, "OBJECTID": 32427, "ID": 55349, "COTRECHO": 55349, "COCURSODAG": "77939174", "COBACIA": "77939174", "NOGENERICO": "Rio", "NOLIGACAO": null, "NOESPECIF": "Ariró", "NORIOCOMP": "Rio Ariró", "NOORIGINAL": "Rio Ariró", "COCDADESAG": null, "NUTRJUS": 11570, "NUORDEMCDA": 1, "NUNIVOTTO": 8, "NUNIVOTCDA": 8, "NUSTRAHLER": 1, "DEDOMINIAL": "Federal", "DSVERSAO": "BHO bho_2017_v_01_05_50k de 2018-06-22" }, "geometry": { "type": "MultiLineString", "coordinates": [ [ [ -44.403063200000013, -22.807012499325126 ], [ -44.403594100000021, -22.807773799325119 ], [ -44.404066, -22.807936899325124 ], [ -44.4043019, -22.808208799325072 ], [ -44.4045969, -22.808534999325101 ], [ -44.404891799999973, -22.808861299325088 ], [ -44.4051278, -22.80918749932508 ], [ -44.405304699999981, -22.809622499325073 ], [ -44.405481699999989, -22.810111899325033 ], [ -44.4058946, -22.810492499325065 ], [ -44.4062485, -22.81070999932502 ], [ -44.406720399999983, -22.81103619932502 ], [ -44.4068974, -22.811416899325021 ], [ -44.4070744, -22.811960599325065 ], [ -44.407369300000028, -22.812341199325004 ], [ -44.407487300000014, -22.812884999324993 ], [ -44.4076053, -22.813483099324973 ], [ -44.407841200000014, -22.813809299324976 ], [ -44.4081951, -22.814026799324985 ], [ -44.408431099999973, -22.81451619932497 ], [ -44.408431099999973, -22.81538609932495 ], [ -44.408490099999987, -22.815929799324927 ], [ -44.40943390000001, -22.817452299324909 ], [ -44.409374899999989, -22.817778499324856 ], [ -44.409021, -22.818430899324881 ], [ -44.408726, -22.818702799324836 ], [ -44.4083721, -22.818974699324865 ], [ -44.408018200000015, -22.819246499324876 ], [ -44.407782199999971, -22.819518399324821 ], [ -44.407251299999977, -22.819681499324847 ], [ -44.406838400000019, -22.819898999324863 ], [ -44.406484499999983, -22.820170799324853 ], [ -44.406130599999976, -22.820442699324829 ], [ -44.405776600000017, -22.820768899324836 ], [ -44.405481699999989, -22.821203799324774 ], [ -44.4051278, -22.821856299324782 ], [ -44.4050098, -22.8225086993248 ], [ -44.404537899999966, -22.823106799324766 ], [ -44.4037121, -22.82370479932473 ], [ -44.4033581, -22.823976699324739 ], [ -44.402178400000018, -22.824085399324737 ], [ -44.401529499999974, -22.824194199324758 ], [ -44.4010576, -22.824357299324703 ], [ -44.400821699999987, -22.824737899324731 ], [ -44.400585700000022, -22.825281499324728 ], [ -44.400467699999972, -22.826042699324713 ], [ -44.400585700000022, -22.826640799324686 ], [ -44.400585700000022, -22.827238799324629 ], [ -44.400585700000022, -22.827673699324649 ], [ -44.400349800000015, -22.828108699324616 ], [ -44.400113799999971, -22.828326099324659 ], [ -44.399759899999985, -22.828869799324622 ], [ -44.399759899999978, -22.829630999324618 ], [ -44.399877899999964, -22.830065899324619 ], [ -44.399877899999979, -22.830826999324582 ], [ -44.399818900000014, -22.831588099324541 ], [ -44.399700900000028, -22.832349299324516 ], [ -44.3995239, -22.83316479932455 ], [ -44.399818900000014, -22.833817099324495 ], [ -44.400290799999986, -22.834360799324514 ], [ -44.4004087, -22.835393699324481 ], [ -44.4004751, -22.836698499324466 ], [ -44.400511, -22.837873199324424 ], [ -44.4009977, -22.838607099324406 ], [ -44.4015728, -22.839218699324395 ], [ -44.401794, -22.839626399324366 ], [ -44.401794, -22.84019719932434 ], [ -44.4014401, -22.840564199324373 ], [ -44.400865, -22.840768099324347 ], [ -44.4004668, -22.840890399324337 ], [ -44.400002299999976, -22.84103309932436 ], [ -44.3997147, -22.841624299324312 ], [ -44.3997147, -22.841991199324315 ], [ -44.3997147, -22.842561999324317 ], [ -44.3999802, -22.843051299324319 ], [ -44.4004668, -22.843458999324302 ], [ -44.4009977, -22.843785099324272 ], [ -44.40117470000002, -22.844070499324257 ], [ -44.401174700000013, -22.84455979932428 ], [ -44.40117470000002, -22.84504899932428 ], [ -44.4011304, -22.845538299324232 ], [ -44.4010862, -22.845986699324261 ], [ -44.4007322, -22.84610899932424 ], [ -44.4004226, -22.846149799324209 ], [ -44.399891700000012, -22.846149799324209 ], [ -44.3991396, -22.846149799324209 ], [ -44.39882990000001, -22.846231399324243 ], [ -44.3985202, -22.846435199324191 ], [ -44.3982105, -22.846516699324216 ], [ -44.397812400000021, -22.846353699324244 ], [ -44.3973257, -22.846353699324226 ], [ -44.3969275, -22.846557499324231 ], [ -44.396573600000011, -22.846720599324247 ], [ -44.39604270000001, -22.846924399324202 ], [ -44.395600300000012, -22.846883699324199 ], [ -44.395025200000021, -22.846679799324225 ], [ -44.39378640000001, -22.846557499324231 ], [ -44.3932555, -22.846516699324216 ], [ -44.392768900000014, -22.846435199324191 ], [ -44.392415, -22.846435199324191 ], [ -44.392105300000033, -22.846679799324225 ], [ -44.391751399999976, -22.8470467993242 ], [ -44.391441699999973, -22.847087499324186 ], [ -44.391132, -22.847128299324218 ], [ -44.390822300000018, -22.847576799324212 ], [ -44.390158699999965, -22.847862099324178 ], [ -44.389716299999961, -22.847862099324175 ], [ -44.389318100000011, -22.847862099324175 ], [ -44.388919900000012, -22.848065999324213 ], [ -44.38869870000002, -22.84839219932417 ], [ -44.38869870000002, -22.848799799324162 ], [ -44.388610299999982, -22.849166799324131 ], [ -44.388167899999971, -22.849452199324144 ], [ -44.387725400000022, -22.849411399324168 ], [ -44.387327299999974, -22.849574499324167 ], [ -44.387150299999973, -22.849941399324113 ], [ -44.386929099999968, -22.850104499324132 ], [ -44.3866637, -22.850267499324122 ], [ -44.3862876, -22.850308299324134 ], [ -44.3857789, -22.850715999324109 ], [ -44.385513399999979, -22.850960599324122 ], [ -44.385071, -22.851001399324105 ], [ -44.384849799999976, -22.85091979932411 ], [ -44.384495899999983, -22.850797499324123 ], [ -44.384141899999975, -22.850634499324151 ], [ -44.383876499999978, -22.850389799324148 ], [ -44.383168599999969, -22.84981909932414 ], [ -44.3826378, -22.84969679932416 ], [ -44.381952, -22.849615199324173 ], [ -44.381310499999984, -22.849574499324167 ], [ -44.380956599999983, -22.849533699324155 ], [ -44.380276400000014, -22.849304399324158 ], [ -44.3799778, -22.848922199324164 ], [ -44.379612800000011, -22.848677499324189 ], [ -44.379247799999973, -22.848677499324189 ], [ -44.378982399999984, -22.848677499324189 ], [ -44.3786837, -22.848708099324181 ], [ -44.37858419999997, -22.848922199324164 ], [ -44.3783851, -22.849304399324158 ], [ -44.3780201, -22.849350199324178 ], [ -44.37765510000002, -22.849166799324131 ], [ -44.377356500000012, -22.848830399324161 ], [ -44.3771906, -22.848646999324206 ], [ -44.376941699999975, -22.848509399324172 ], [ -44.3765934, -22.848341199324178 ], [ -44.3762615, -22.848188299324192 ], [ -44.376095599999985, -22.848004799324215 ], [ -44.375672, -22.847718599324207 ], [ -44.3751853, -22.847596299324227 ], [ -44.374787200000014, -22.84747399932418 ], [ -44.3745217, -22.847310899324238 ], [ -44.3743005, -22.84710709932423 ], [ -44.374212, -22.846740099324183 ], [ -44.374035100000022, -22.846373199324248 ], [ -44.3736369, -22.846087799324255 ], [ -44.3733272, -22.845843199324221 ], [ -44.372752100000014, -22.845557799324236 ], [ -44.372, -22.845557799324236 ], [ -44.3716903, -22.845720899324245 ], [ -44.3715133, -22.846087799324255 ], [ -44.371336400000018, -22.846332399324215 ], [ -44.3710267, -22.846536299324249 ], [ -44.37067280000003, -22.846576999324252 ], [ -44.370363100000013, -22.846576999324252 ], [ -44.370141900000021, -22.846740099324183 ], [ -44.370141900000021, -22.847025499324179 ], [ -44.370186100000012, -22.847514799324195 ], [ -44.370495800000015, -22.847840899324186 ], [ -44.370894, -22.84816709932419 ], [ -44.371336400000025, -22.848656299324194 ], [ -44.37118149999997, -22.849063999324169 ], [ -44.370954200000021, -22.849516299324158 ], [ -44.370733, -22.849883199324172 ], [ -44.370334899999989, -22.849883199324172 ], [ -44.369848199999979, -22.849883199324172 ], [ -44.36945, -22.84980169932415 ], [ -44.369273099999987, -22.849557099324169 ], [ -44.369007599999975, -22.84910859932419 ], [ -44.368476699999974, -22.848578599324171 ], [ -44.367990099999986, -22.848333999324201 ], [ -44.367503399999975, -22.848293199324189 ], [ -44.366928299999984, -22.848170899324185 ], [ -44.3662205, -22.848130199324203 ], [ -44.365866499999989, -22.848170899324185 ], [ -44.3651587, -22.848333999324201 ], [ -44.364849, -22.848578599324171 ], [ -44.3644951, -22.848782499324209 ], [ -44.3642739, -22.849149399324158 ], [ -44.3640527, -22.849312499324153 ], [ -44.3638757, -22.849720199324132 ], [ -44.3638315, -22.850005499324144 ], [ -44.3639642, -22.850290899324143 ], [ -44.3639642, -22.850657799324143 ], [ -44.3637872, -22.850983999324111 ], [ -44.363743, -22.851310099324092 ], [ -44.363875699999987, -22.851554799324088 ], [ -44.3640969, -22.851880899324126 ], [ -44.364008399999982, -22.852288599324105 ], [ -44.363848, -22.852716699324045 ], [ -44.363798299999985, -22.853068299324097 ], [ -44.3636158, -22.853419899324081 ], [ -44.3632508, -22.853756199324089 ], [ -44.362885800000015, -22.853817399324075 ], [ -44.36252080000002, -22.853572799324063 ], [ -44.362089500000017, -22.853328199324096 ], [ -44.361624899999981, -22.853266999324084 ], [ -44.361326299999973, -22.853481099324075 ], [ -44.3612268, -22.853878499324061 ], [ -44.3608286, -22.854061999324045 ], [ -44.3605632, -22.853939699324073 ], [ -44.360297699999983, -22.853756199324089 ], [ -44.359766799999989, -22.853572799324063 ], [ -44.359534600000018, -22.853633899324038 ], [ -44.3592028, -22.853695099324035 ], [ -44.35893729999998, -22.853542199324057 ], [ -44.359003700000024, -22.853297599324087 ], [ -44.359103199999986, -22.85305299932406 ], [ -44.3588378, -22.852655499324111 ], [ -44.3584396, -22.852624899324102 ], [ -44.3580414, -22.852624899324102 ], [ -44.3577428, -22.852624899324102 ], [ -44.3574774, -22.852502599324065 ], [ -44.357377799999988, -22.852227399324089 ], [ -44.35717870000002, -22.851921699324102 ], [ -44.356880100000012, -22.851921699324091 ], [ -44.3562829, -22.852074499324118 ], [ -44.355984200000023, -22.852135699324112 ], [ -44.3556193, -22.852471999324074 ], [ -44.355718799999984, -22.852777799324095 ], [ -44.355884699999983, -22.853144699324059 ], [ -44.355884699999983, -22.853511599324055 ], [ -44.355685600000015, -22.853725699324034 ], [ -44.355453399999988, -22.853817399324075 ], [ -44.355420200000026, -22.854214899324031 ], [ -44.3555197, -22.854673499324033 ], [ -44.3553708, -22.855251699324018 ], [ -44.3552183, -22.855673299323989 ], [ -44.354557399999976, -22.856001199323988 ], [ -44.354150699999984, -22.856422799324005 ], [ -44.353947300000016, -22.856797599323976 ], [ -44.353744, -22.857219199323954 ], [ -44.353388100000011, -22.857828199323937 ], [ -44.3527272, -22.858156199323947 ], [ -44.352066299999976, -22.85834349932394 ], [ -44.351456199999966, -22.85848409932396 ], [ -44.350846199999971, -22.858718299323971 ], [ -44.3502869, -22.859186799323911 ], [ -44.349880199999973, -22.859514699323885 ], [ -44.349473499999974, -22.860170499323885 ], [ -44.349016, -22.860592099323917 ], [ -44.3485584, -22.861201099323896 ], [ -44.348202599999979, -22.861341699323916 ], [ -44.34744, -22.861341699323916 ], [ -44.347033300000021, -22.861528999323909 ], [ -44.346423200000011, -22.861810099323886 ], [ -44.3452031, -22.861810099323886 ], [ -44.3443388, -22.861810099323886 ], [ -44.343576299999981, -22.861810099323886 ], [ -44.34316960000001, -22.861950599323869 ], [ -44.3426103, -22.862044299323838 ], [ -44.3414919, -22.861903799323862 ], [ -44.3405768, -22.861997499323842 ], [ -44.339458400000012, -22.862184899323854 ], [ -44.3383908, -22.862231699323857 ], [ -44.337577300000021, -22.862465899323862 ], [ -44.336611399999981, -22.862606499323881 ], [ -44.3357472, -22.863402799323847 ], [ -44.3352896, -22.864105499323806 ], [ -44.334832100000028, -22.864386499323835 ], [ -44.333917, -22.864527099323784 ], [ -44.3336119, -22.864714399323841 ], [ -44.333459399999981, -22.865229699323777 ], [ -44.333459399999967, -22.865791799323791 ], [ -44.3335103, -22.866588199323786 ], [ -44.333052699999989, -22.86715029932375 ], [ -44.3326968, -22.867759299323723 ], [ -44.332646, -22.868649299323732 ], [ -44.332595200000021, -22.869258199323692 ], [ -44.332341, -22.869586099323683 ], [ -44.33213760000001, -22.870616599323672 ], [ -44.3320868, -22.871881399323645 ], [ -44.331883399999988, -22.872911899323636 ], [ -44.3318326, -22.873708199323612 ], [ -44.331730900000011, -22.874457599323609 ], [ -44.331527600000015, -22.874832299323558 ], [ -44.331171700000027, -22.875253899323575 ], [ -44.33107, -22.87567549932356 ], [ -44.331527600000015, -22.876190699323544 ], [ -44.331375, -22.876518599323528 ], [ -44.33107, -22.876752799323558 ], [ -44.3305108, -22.877033799323506 ], [ -44.3302566, -22.877408499323518 ], [ -44.3298499, -22.878111099323512 ], [ -44.32959570000002, -22.878766899323505 ], [ -44.32959570000002, -22.879563099323455 ], [ -44.3293923, -22.879937799323464 ], [ -44.329036499999965, -22.880171999323483 ], [ -44.3288331, -22.880499899323464 ], [ -44.328884, -22.880874599323473 ], [ -44.3293923, -22.881249299323397 ], [ -44.329799, -22.881483499323409 ], [ -44.330256599999977, -22.881858199323418 ], [ -44.3304091, -22.882232899323416 ], [ -44.3305108, -22.882560799323411 ], [ -44.3308667, -22.882935499323352 ], [ -44.3315784, -22.883263299323392 ], [ -44.332290100000016, -22.883591199323384 ], [ -44.332900199999983, -22.884153199323368 ], [ -44.333357700000015, -22.884715299323336 ], [ -44.333967799999982, -22.885511499323343 ], [ -44.33432370000002, -22.886213999323299 ], [ -44.334222, -22.886776099323331 ], [ -44.3341203, -22.887384999323274 ], [ -44.333815300000012, -22.887946999323258 ], [ -44.333866100000023, -22.888789999323215 ], [ -44.334018599999979, -22.889258399323275 ], [ -44.33432370000002, -22.889679899323209 ], [ -44.334476199999983, -22.89019509932325 ], [ -44.3346795, -22.890616599323195 ], [ -44.334984599999984, -22.891553299323174 ], [ -44.3351879, -22.892208999323152 ], [ -44.3351879, -22.893473499323175 ], [ -44.335086199999964, -22.895346799323136 ], [ -44.334882900000018, -22.896423999323101 ], [ -44.3351879, -22.896564499323087 ], [ -44.335594599999979, -22.896377199323108 ], [ -44.336103, -22.896236699323058 ], [ -44.3365606, -22.896189799323082 ], [ -44.336967300000026, -22.896423999323101 ], [ -44.3368656, -22.896892299323063 ], [ -44.336611399999981, -22.897407499323027 ], [ -44.3362555, -22.897688499323049 ], [ -44.3358488, -22.898109999323005 ], [ -44.3356963, -22.898718799323017 ], [ -44.3356963, -22.899280799322991 ], [ -44.335442100000023, -22.899468099322977 ], [ -44.334730400000012, -22.89979589932301 ], [ -44.3346287, -22.900404699323001 ], [ -44.3346795, -22.901060399322976 ], [ -44.3347812, -22.901575499322931 ], [ -44.33498459999997, -22.901996999322943 ], [ -44.3349337, -22.902512099322951 ], [ -44.334476199999983, -22.903167799322919 ], [ -44.333917, -22.903401899322926 ], [ -44.3335611, -22.903495599322905 ], [ -44.333256100000028, -22.90377659932291 ], [ -44.333256100000028, -22.904057499322924 ], [ -44.333510199999978, -22.904525799322887 ], [ -44.3334683, -22.905221799322863 ], [ -44.333454099999983, -22.905456099322841 ], [ -44.332900199999983, -22.905556099322872 ], [ -44.332646, -22.906164899322874 ], [ -44.332747700000027, -22.90663319932283 ], [ -44.333052699999989, -22.906867299322826 ], [ -44.333052699999989, -22.907335599322845 ], [ -44.332857100000012, -22.907736299322838 ], [ -44.3324377, -22.908122599322809 ], [ -44.3318276, -22.90843869932278 ], [ -44.331370100000015, -22.908754799322796 ], [ -44.3305694, -22.909703099322773 ], [ -44.329616199999968, -22.910159599322739 ], [ -44.32923490000001, -22.910264999322738 ], [ -44.328510400000013, -22.910826899322771 ], [ -44.327214, -22.912161499322739 ], [ -44.3248501, -22.915146699322619 ], [ -44.3238968, -22.916130099322601 ], [ -44.323671199999971, -22.917330399322619 ], [ -44.323172699999979, -22.917998399322563 ], [ -44.322699, -22.918468099322567 ], [ -44.32232879999998, -22.918983099322553 ], [ -44.3223898, -22.919371399322532 ], [ -44.3225827, -22.919752899322532 ], [ -44.3228396, -22.920322399322515 ], [ -44.3230064, -22.920738099322506 ], [ -44.323109699999975, -22.920995499322522 ], [ -44.3232782, -22.921363499322482 ], [ -44.323720200000018, -22.921675399322517 ], [ -44.324121199999979, -22.921965599322515 ], [ -44.324370900000019, -22.922242599322498 ], [ -44.324642200000021, -22.922521399322477 ], [ -44.324838199999988, -22.922702599322449 ], [ -44.325304899999985, -22.922815999322488 ], [ -44.325650900000021, -22.922845999322448 ], [ -44.3261519, -22.92303529932245 ], [ -44.3268096, -22.923019399322445 ], [ -44.327533, -22.922826799322472 ], [ -44.327847, -22.922762799322467 ], [ -44.328145199999987, -22.92282509932248 ], [ -44.328408299999971, -22.922993799322445 ], [ -44.329018299999966, -22.923010199322491 ], [ -44.329454399999975, -22.923193899322463 ], [ -44.329826500000017, -22.923189699322485 ], [ -44.330323299999968, -22.922886199322466 ], [ -44.330850899999973, -22.922774299322494 ], [ -44.3311756, -22.922887099322498 ], [ -44.3313627, -22.923140499322447 ], [ -44.331329, -22.923411099322472 ], [ -44.331197599999989, -22.923764499322466 ], [ -44.3309625, -22.924072399322458 ], [ -44.330882499999973, -22.924704099322419 ], [ -44.330514600000015, -22.92503669932244 ], [ -44.3301229, -22.92554989932243 ], [ -44.330269699999974, -22.925852399322391 ], [ -44.330578100000025, -22.926282499322394 ], [ -44.3312603, -22.92659689932238 ], [ -44.331700099999971, -22.926926899322385 ], [ -44.3318327, -22.927266599322373 ], [ -44.332117799999985, -22.928312699322341 ], [ -44.33267080000001, -22.929306299322327 ] ] ] } },
{ "type": "Feature", "properties": { "NUCOMPTREC": 20.523, "NUDISTBACT": 0.0, "NUDISTCDAG": 0.0, "NUAREACONT": 151.399, "NUAREAMONT": 734.523, "NUDISTBACC": 0.0, "NUAREABACC": 734.523, "NUCOMPCDA": 71.245, "Shape__Len": 0, "OBJECTID": 33409, "ID": 20818, "COTRECHO": 20818, "COCURSODAG": "779392", "COBACIA": "7793921", "NOGENERICO": "Rio", "NOLIGACAO": null, "NOESPECIF": "Mambucaba", "NORIOCOMP": "Rio Mambucaba", "NOORIGINAL": "Rio Mambucaba", "COCDADESAG": null, "NUTRJUS": 111844, "NUORDEMCDA": 1, "NUNIVOTTO": 7, "NUNIVOTCDA": 6, "NUSTRAHLER": 2, "DEDOMINIAL": "Federal", "DSVERSAO": "BHO bho_2017_v_01_05_50k de 2018-06-22" }, "geometry": { "type": "MultiLineString", "coordinates": [ [ [ -44.572767899999967, -22.951307099321831 ], [ -44.5723961, -22.951333399321825 ], [ -44.571995800000025, -22.951333399321825 ], [ -44.571624, -22.951307099321831 ], [ -44.571252300000019, -22.951307099321831 ], [ -44.57085189999998, -22.951307099321831 ], [ -44.5704801, -22.951359699321831 ], [ -44.570165599999989, -22.951543999321814 ], [ -44.569851, -22.95172839932178 ], [ -44.568900199999973, -22.952745499321775 ], [ -44.5686106, -22.952992299321792 ], [ -44.56833180000001, -22.953229299321745 ], [ -44.568031599999983, -22.953446599321779 ], [ -44.5676884, -22.953545299321732 ], [ -44.567302299999987, -22.953802099321784 ], [ -44.5670235, -22.954039099321751 ], [ -44.5666804, -22.954137799321774 ], [ -44.566315799999984, -22.954177299321774 ], [ -44.5659726, -22.954354999321762 ], [ -44.56565089999998, -22.954552499321732 ], [ -44.565350599999981, -22.954749999321731 ], [ -44.565007499999979, -22.954967299321762 ], [ -44.564642900000024, -22.955026499321697 ], [ -44.564171, -22.955046299321737 ], [ -44.563806399999976, -22.955026499321697 ], [ -44.563420399999984, -22.955006799321716 ], [ -44.5630557, -22.954967299321762 ], [ -44.5627126, -22.954769799321742 ], [ -44.562390900000025, -22.954591999321721 ], [ -44.562026300000014, -22.954512999321764 ], [ -44.561661699999988, -22.95457229932174 ], [ -44.5614901, -22.95486849932173 ], [ -44.5614686, -22.955204299321707 ], [ -44.5614686, -22.955539999321704 ], [ -44.5613828, -22.955875699321691 ], [ -44.561318500000034, -22.956211399321678 ], [ -44.561318500000034, -22.95654719932169 ], [ -44.561318500000034, -22.95688289932167 ], [ -44.5615651, -22.957248299321684 ], [ -44.561683099999982, -22.957574099321654 ], [ -44.5617689, -22.95792959932167 ], [ -44.5617689, -22.958265299321649 ], [ -44.5617474, -22.958620799321658 ], [ -44.5616617, -22.958956499321634 ], [ -44.5614686, -22.959252699321613 ], [ -44.5612327, -22.959509499321651 ], [ -44.5609968, -22.959766199321614 ], [ -44.560675100000026, -22.959983399321626 ], [ -44.5603319, -22.960101899321611 ], [ -44.560031700000025, -22.960299399321617 ], [ -44.5596885, -22.96043759932159 ], [ -44.559323899999981, -22.960496899321612 ], [ -44.5589807, -22.960654899321625 ], [ -44.5586376, -22.960773399321582 ], [ -44.558273, -22.96095109932158 ], [ -44.557972699999986, -22.961148599321593 ], [ -44.557693900000011, -22.961365799321605 ], [ -44.557522300000016, -22.961661999321571 ], [ -44.557436499999987, -22.961997699321568 ], [ -44.557350699999972, -22.962333499321563 ], [ -44.55734, -22.962777799321575 ], [ -44.557329299999985, -22.963123399321507 ], [ -44.557372199999975, -22.963459099321565 ], [ -44.557479399999977, -22.963794799321544 ], [ -44.557608099999982, -22.964110799321539 ], [ -44.5578226, -22.964426699321503 ], [ -44.557972699999986, -22.964742699321487 ], [ -44.55818720000002, -22.965019199321475 ], [ -44.5583587, -22.965315399321504 ], [ -44.558508899999985, -22.965631299321473 ], [ -44.558723400000019, -22.965927599321478 ], [ -44.558959300000026, -22.966184299321487 ], [ -44.559195199999976, -22.966460699321495 ], [ -44.559409699999989, -22.966737199321472 ], [ -44.559602700000028, -22.967072899321469 ], [ -44.5596456, -22.967428399321474 ], [ -44.559667, -22.967764099321453 ], [ -44.5596885, -22.968099799321447 ], [ -44.559913699999974, -22.968603299321405 ], [ -44.560096, -22.968909399321394 ], [ -44.560310500000021, -22.969205599321423 ], [ -44.560546400000028, -22.9694820993214 ], [ -44.560675100000026, -22.969817799321365 ], [ -44.560632199999986, -22.970153399321401 ], [ -44.5604391, -22.970449699321399 ], [ -44.560396299999979, -22.970824799321367 ], [ -44.5605249, -22.971140799321361 ], [ -44.560632199999986, -22.971456699321323 ], [ -44.5605249, -22.971772699321306 ], [ -44.5601603, -22.971910899321358 ], [ -44.5597957, -22.971970099321371 ], [ -44.559409699999989, -22.971910899321358 ], [ -44.559023599999989, -22.971930699321302 ], [ -44.558701900000017, -22.972088599321349 ], [ -44.5583587, -22.972226899321353 ], [ -44.557994099999974, -22.972286099321348 ], [ -44.557629500000012, -22.972286099321348 ], [ -44.5572649, -22.972226899321353 ], [ -44.556900299999988, -22.972128099321353 ], [ -44.556578600000023, -22.971910899321358 ], [ -44.556214, -22.97179239932137 ], [ -44.5558279, -22.971733199321385 ], [ -44.555463299999985, -22.971733199321385 ], [ -44.555077299999979, -22.971871399321344 ], [ -44.554777, -22.97206889932135 ], [ -44.554584, -22.972365099321326 ], [ -44.5545411, -22.972720499321309 ], [ -44.554498200000012, -22.973056199321292 ], [ -44.554476799999968, -22.973391899321342 ], [ -44.554605400000014, -22.9737077993213 ], [ -44.554884300000019, -22.973924999321305 ], [ -44.555098699999974, -22.974201499321296 ], [ -44.555184499999989, -22.974537199321265 ], [ -44.555270300000018, -22.974872899321269 ], [ -44.5553132, -22.975228299321298 ], [ -44.555098699999974, -22.975524499321256 ], [ -44.554819899999977, -22.975741699321276 ], [ -44.554476799999968, -22.975860199321257 ], [ -44.5541121, -22.975800899321275 ], [ -44.553811900000021, -22.975603499321235 ], [ -44.553533099999974, -22.975366499321265 ], [ -44.553318600000011, -22.975090099321264 ], [ -44.553147, -22.974774099321287 ], [ -44.552954, -22.974477899321304 ], [ -44.5526752, -22.974260699321302 ], [ -44.552439199999981, -22.974003999321273 ], [ -44.552246200000013, -22.9737077993213 ], [ -44.552181899999987, -22.97337209932131 ], [ -44.551924499999977, -22.973115399321298 ], [ -44.551688599999977, -22.972858699321343 ], [ -44.5514741, -22.972582299321335 ], [ -44.551109499999988, -22.97252299932136 ], [ -44.550744899999977, -22.97252299932136 ], [ -44.550380299999965, -22.972582299321335 ], [ -44.5501873, -22.972878499321304 ], [ -44.5501658, -22.97323389932134 ], [ -44.5501658, -22.973569599321323 ], [ -44.550122900000019, -22.973905299321316 ], [ -44.550015700000017, -22.974221199321281 ], [ -44.549908399999978, -22.974537199321265 ], [ -44.5497583, -22.974853099321304 ], [ -44.5495224, -22.975129599321274 ], [ -44.549265, -22.975366499321265 ], [ -44.548943300000012, -22.975524499321256 ], [ -44.548621599999976, -22.975682499321262 ], [ -44.5484715, -22.975998399321234 ], [ -44.548428600000015, -22.97633409932121 ], [ -44.5485787, -22.976649999321243 ], [ -44.5488575, -22.976867199321248 ], [ -44.549114900000014, -22.977104199321207 ], [ -44.5493937, -22.977321399321209 ], [ -44.549479500000011, -22.977656999321237 ], [ -44.5494152, -22.977992699321224 ], [ -44.549072, -22.978130899321197 ], [ -44.5487074, -22.978130899321197 ], [ -44.548364199999973, -22.978288899321196 ], [ -44.548128299999966, -22.978585099321172 ], [ -44.547870900000014, -22.978821999321177 ], [ -44.5475278, -22.978940499321201 ], [ -44.5471632, -22.978979999321158 ], [ -44.5468629, -22.978782499321209 ], [ -44.546691300000013, -22.978486399321206 ], [ -44.546412499999974, -22.978269199321211 ], [ -44.546026499999982, -22.978308599321192 ], [ -44.54574760000002, -22.978545599321212 ], [ -44.545919200000014, -22.978841799321181 ], [ -44.546005, -22.979177499321189 ], [ -44.5458549, -22.979493399321193 ], [ -44.545597499999985, -22.979750099321162 ], [ -44.5452972, -22.979947499321142 ], [ -44.544997, -22.980144999321144 ], [ -44.544750299999976, -22.980401699321174 ], [ -44.5445037, -22.980638599321175 ], [ -44.544310699999983, -22.98093479932113 ], [ -44.544289199999973, -22.981270499321138 ], [ -44.5442678, -22.981645599321109 ], [ -44.544310699999983, -22.981981299321085 ], [ -44.5445466, -22.982257699321114 ], [ -44.544868300000012, -22.982474899321105 ], [ -44.54519, -22.982632899321086 ], [ -44.545415199999979, -22.982850099321112 ], [ -44.54551170000002, -22.983185699321066 ], [ -44.545383, -22.983501699321071 ], [ -44.545061299999986, -22.983699099321097 ], [ -44.5447396, -22.983876799321092 ], [ -44.544417899999985, -22.984054499321072 ], [ -44.5441176, -22.984271699321091 ], [ -44.543817400000023, -22.98446919932104 ], [ -44.54356, -22.984725799321033 ], [ -44.543345499999987, -22.985002299321071 ], [ -44.543281200000024, -22.985357699321039 ], [ -44.543281200000024, -22.985752599321049 ], [ -44.543281200000017, -22.986088199321006 ], [ -44.543259700000021, -22.986423899320997 ], [ -44.543281200000024, -22.986759499321014 ], [ -44.543388400000019, -22.987075399320979 ], [ -44.543495600000021, -22.987430799321025 ], [ -44.54356, -22.987766499320998 ], [ -44.543753, -22.988062699320981 ], [ -44.5440104, -22.988319299320967 ], [ -44.544332100000013, -22.988536499320976 ], [ -44.544589499999979, -22.988773399320976 ], [ -44.5447396, -22.989089399320971 ], [ -44.544825399999979, -22.989424999320928 ], [ -44.544997, -22.989740899320942 ], [ -44.5453187, -22.990422099320917 ], [ -44.545490299999983, -22.990728099320936 ], [ -44.545597499999985, -22.991043999320901 ], [ -44.545618900000015, -22.991379599320918 ], [ -44.545640400000018, -22.991715299320891 ], [ -44.545618900000022, -22.992050899320869 ], [ -44.545597499999985, -22.992386599320845 ], [ -44.545490299999983, -22.992702499320881 ], [ -44.545232899999966, -22.992959099320871 ], [ -44.544932599999989, -22.993156599320873 ], [ -44.5445466, -22.993196099320841 ], [ -44.544182, -22.993196099320841 ], [ -44.543795900000013, -22.993176299320876 ], [ -44.5434313, -22.993038099320831 ], [ -44.54310959999998, -22.992880199320883 ], [ -44.542745, -22.992840699320862 ], [ -44.542358900000011, -22.992840699320862 ], [ -44.5419943, -22.992840699320862 ], [ -44.541779799999965, -22.99311709932087 ], [ -44.541694099999972, -22.993452699320827 ], [ -44.541672600000027, -22.993788399320874 ], [ -44.5417584, -22.994143699320833 ], [ -44.542037199999982, -22.994380699320867 ], [ -44.5423804, -22.994518899320848 ], [ -44.542702099999971, -22.994676799320793 ], [ -44.543002399999978, -22.994874199320851 ], [ -44.543281200000024, -22.995091399320792 ], [ -44.54356, -22.995308599320797 ], [ -44.5438603, -22.995525799320806 ], [ -44.5440104, -22.995841699320813 ], [ -44.543988899999988, -22.996206899320804 ], [ -44.543774499999984, -22.99649319932076 ], [ -44.543409899999972, -22.996552399320766 ], [ -44.5430667, -22.996433999320804 ], [ -44.5427664, -22.996236499320808 ], [ -44.542466199999978, -22.996039099320811 ], [ -44.542165899999986, -22.995841699320813 ], [ -44.5418871, -22.995624499320815 ], [ -44.541543900000015, -22.995486299320792 ], [ -44.5411793, -22.995486299320792 ], [ -44.5408362, -22.995624499320815 ], [ -44.5406646, -22.99592059932078 ], [ -44.540728899999969, -22.996275999320801 ], [ -44.540900500000028, -22.996591899320787 ], [ -44.541115, -22.996887999320776 ], [ -44.5412222, -22.997203899320755 ], [ -44.541286599999978, -22.997539599320739 ], [ -44.541308, -22.99787519932076 ], [ -44.541308, -22.998210799320727 ], [ -44.541501, -22.998506999320757 ], [ -44.5418656, -22.998585899320755 ], [ -44.5422302, -22.998526699320745 ], [ -44.5426377, -22.998506999320757 ], [ -44.542959499999988, -22.998329299320773 ], [ -44.5432383, -22.998112099320767 ], [ -44.54356, -22.997934399320766 ], [ -44.543946, -22.997914699320766 ], [ -44.544310600000017, -22.997993599320715 ], [ -44.544568, -22.998230599320745 ], [ -44.5444822, -22.998566199320763 ], [ -44.544332100000013, -22.998882099320728 ], [ -44.5440962, -22.999158499320753 ], [ -44.543795900000013, -22.999375599320725 ], [ -44.5434742, -22.999573099320745 ], [ -44.543056, -22.999819799320722 ], [ -44.542680599999976, -22.999908699320692 ], [ -44.542316, -22.999908699320692 ], [ -44.5419514, -22.999908699320692 ], [ -44.5415868, -22.999987599320708 ], [ -44.541447399999981, -23.000391099320691 ], [ -44.5418752, -23.00087929932069 ], [ -44.542163099999982, -23.001295199320683 ], [ -44.5421311, -23.001615099320652 ], [ -44.5423551, -23.001966999320636 ], [ -44.54296290000002, -23.001966999320636 ], [ -44.543506799999982, -23.001391099320642 ], [ -44.543890700000013, -23.001007199320682 ], [ -44.54430660000002, -23.000478599320701 ], [ -44.544500299999982, -23.000326799320675 ], [ -44.544798300000018, -23.000311899320668 ], [ -44.545010400000024, -23.000478599320701 ], [ -44.545010400000024, -23.000815299320674 ], [ -44.545010400000024, -23.001167199320669 ], [ -44.544946400000015, -23.001423099320675 ], [ -44.544562499999984, -23.001774999320666 ], [ -44.544146599999969, -23.001966999320636 ], [ -44.543858699999987, -23.002158899320634 ], [ -44.543474800000013, -23.002606799320667 ], [ -44.543154899999983, -23.002862799320635 ], [ -44.54293089999998, -23.003214699320619 ], [ -44.5428989, -23.0035985993206 ], [ -44.5429949, -23.004046499320619 ], [ -44.543474800000013, -23.004174399320618 ], [ -44.5439867, -23.003982499320621 ], [ -44.544498499999968, -23.003694499320616 ], [ -44.54485039999998, -23.003214699320619 ], [ -44.545138399999985, -23.003118699320645 ], [ -44.545490299999983, -23.003214699320619 ], [ -44.545842199999981, -23.003438599320603 ], [ -44.5459222, -23.003934499320629 ], [ -44.5455223, -23.004398399320614 ], [ -44.5448184, -23.004654299320627 ], [ -44.54430660000002, -23.00491019932057 ], [ -44.544210599999978, -23.005134199320569 ], [ -44.544210599999978, -23.005486099320567 ], [ -44.544370599999979, -23.005869999320602 ], [ -44.544498499999968, -23.006125899320534 ], [ -44.544658500000011, -23.006317899320553 ], [ -44.5451064, -23.006477799320589 ], [ -44.545618199999964, -23.006445799320549 ], [ -44.546098099999988, -23.005965999320562 ], [ -44.546258099999974, -23.005326099320566 ], [ -44.546354, -23.004750299320591 ], [ -44.546674, -23.004238399320627 ], [ -44.547249799999975, -23.003822499320631 ], [ -44.5476337, -23.0035985993206 ], [ -44.5479216, -23.003694499320616 ], [ -44.548081599999982, -23.004110399320616 ], [ -44.548241599999983, -23.004622299320602 ], [ -44.548305500000019, -23.005262099320568 ], [ -44.548305500000019, -23.005677999320557 ], [ -44.548305500000019, -23.006093899320565 ], [ -44.547985600000011, -23.006445799320549 ], [ -44.547601699999973, -23.006573799320552 ], [ -44.5470899, -23.006637799320572 ], [ -44.546514, -23.006669799320548 ], [ -44.546386, -23.006957699320534 ], [ -44.546482, -23.007437599320532 ], [ -44.54661, -23.007885499320516 ], [ -44.546706, -23.008301399320512 ], [ -44.54645, -23.008557299320508 ], [ -44.54597009999997, -23.008653299320486 ], [ -44.5454583, -23.008493299320509 ], [ -44.5451064, -23.008141399320518 ], [ -44.544754500000018, -23.007629499320533 ], [ -44.544082600000024, -23.007533599320514 ], [ -44.543634800000014, -23.007917499320527 ], [ -44.543474800000013, -23.008333299320519 ], [ -44.543378800000028, -23.008909199320495 ], [ -44.543378800000028, -23.009293099320484 ], [ -44.5435708, -23.009644999320461 ], [ -44.544210599999978, -23.009868899320498 ], [ -44.544722499999978, -23.010028899320478 ], [ -44.545202300000028, -23.010156899320506 ], [ -44.545714200000013, -23.010252799320469 ], [ -44.5461621, -23.010412799320456 ], [ -44.54645, -23.010636699320479 ], [ -44.546546, -23.010892699320458 ], [ -44.546514, -23.011308599320451 ], [ -44.5462261, -23.011628499320409 ], [ -44.5458102, -23.011788499320453 ], [ -44.545362300000029, -23.011980399320464 ], [ -44.544786499999987, -23.012300299320426 ], [ -44.5446265, -23.01258819932039 ], [ -44.544594500000017, -23.013036099320438 ], [ -44.544658500000018, -23.013579999320381 ], [ -44.5449784, -23.013931899320369 ], [ -44.545266299999973, -23.014187799320375 ], [ -44.545650200000011, -23.014315799320396 ], [ -44.546418, -23.014283799320356 ], [ -44.546961899999978, -23.01402789932035 ], [ -44.547473799999977, -23.01412379932038 ], [ -44.5477937, -23.01447579932038 ], [ -44.5477937, -23.014827699320374 ], [ -44.547473799999977, -23.015275499320325 ], [ -44.5470899, -23.015467499320348 ], [ -44.546737899999975, -23.015595499320362 ], [ -44.5463221, -23.015659399320352 ], [ -44.54558620000001, -23.015819399320328 ], [ -44.545010400000024, -23.015947399320357 ], [ -44.544722499999978, -23.016107299320332 ], [ -44.544498499999968, -23.016523199320329 ], [ -44.5445305, -23.016875099320298 ], [ -44.5446905, -23.017163099320314 ], [ -44.5449784, -23.017770899320308 ], [ -44.545138399999985, -23.018250799320267 ], [ -44.545362300000015, -23.018826599320292 ], [ -44.5455862, -23.019178499320265 ], [ -44.545938200000023, -23.019402499320261 ], [ -44.5464526, -23.019938899320238 ], [ -44.546681700000022, -23.020744799320219 ], [ -44.546241599999966, -23.021322699320201 ], [ -44.545624599999982, -23.021338399320207 ], [ -44.544987699999972, -23.021181399320206 ], [ -44.544565299999981, -23.021282099320224 ], [ -44.544353100000023, -23.021674199320202 ], [ -44.544486300000017, -23.02192499932022 ], [ -44.544907500000022, -23.022148099320184 ], [ -44.545381299999967, -23.022650999320188 ], [ -44.545262700000023, -23.022948599320184 ], [ -44.544672800000015, -23.02341109932015 ], [ -44.54408380000001, -23.023531699320138 ], [ -44.543311800000019, -23.023807699320177 ], [ -44.5426375, -23.023955199320152 ], [ -44.542024599999984, -23.023937099320172 ], [ -44.541411700000026, -23.023918899320172 ], [ -44.5407343, -23.023758499320149 ], [ -44.5401463, -23.023537299320157 ], [ -44.539541699999965, -23.023451399320159 ], [ -44.5389164, -23.023534799320167 ], [ -44.538440799999989, -23.023733499320141 ], [ -44.5379643, -23.024273999320155 ], [ -44.537816599999985, -23.024808399320129 ], [ -44.5374337, -23.025254399320119 ], [ -44.5371205, -23.025466899320151 ], [ -44.536381699999986, -23.025472199320145 ], [ -44.535586700000017, -23.025267499320112 ], [ -44.534855100000023, -23.024213499320119 ], [ -44.534517100000016, -23.022889599320163 ], [ -44.533909, -23.021867899320224 ], [ -44.5335013, -23.021366199320198 ], [ -44.532867399999986, -23.021034799320208 ], [ -44.5321619, -23.02076939932024 ], [ -44.53135020000002, -23.020699999320211 ], [ -44.5307904, -23.020583799320235 ], [ -44.5299736, -23.020889999320236 ], [ -44.5295251, -23.021535499320244 ], [ -44.529381600000015, -23.022036099320172 ], [ -44.5293514, -23.022614699320215 ], [ -44.5293327, -23.023433699320162 ], [ -44.529155800000012, -23.024204999320155 ], [ -44.528679300000022, -23.024745499320137 ], [ -44.528057, -23.025136799320119 ], [ -44.527357699999968, -23.02548729932014 ], [ -44.526549199999977, -23.025725799320099 ], [ -44.525826, -23.025937499320097 ], [ -44.5249935, -23.026037299320102 ], [ -44.524132899999984, -23.026032099320126 ], [ -44.523503399999981, -23.026149199320134 ], [ -44.522455499999971, -23.02633309932008 ], [ -44.521642799999988, -23.026605499320102 ], [ -44.521341, -23.027058399320076 ], [ -44.521339899999987, -23.027400199320063 ], [ -44.521257699999971, -23.02773509932004 ], [ -44.5212841, -23.028321999320067 ] ] ] } },
{ "type": "Feature", "properties": { "NUCOMPTREC": 31.108, "NUDISTBACT": 34.661, "NUDISTCDAG": 34.661, "NUAREACONT": 239.663, "NUAREAMONT": 258.483, "NUDISTBACC": 0.0, "NUAREABACC": 734.523, "NUCOMPCDA": 71.245, "Shape__Len": 0, "OBJECTID": 34485, "ID": 7244, "COTRECHO": 7244, "COCURSODAG": "779392", "COBACIA": "7793927", "NOGENERICO": "Rio", "NOLIGACAO": null, "NOESPECIF": "Mambucaba", "NORIOCOMP": "Rio Mambucaba", "NOORIGINAL": "Rio Mambucaba", "COCDADESAG": null, "NUTRJUS": 55338, "NUORDEMCDA": 1, "NUNIVOTTO": 7, "NUNIVOTCDA": 6, "NUSTRAHLER": 2, "DEDOMINIAL": "Federal", "DSVERSAO": "BHO bho_2017_v_01_05_50k de 2018-06-22" }, "geometry": { "type": "MultiLineString", "coordinates": [ [ [ -44.602483012221562, -22.784137874009875 ], [ -44.6024721, -22.784160499325651 ], [ -44.602167099999974, -22.78433629932567 ], [ -44.6018621, -22.784511999325662 ], [ -44.601480799999976, -22.784582299325656 ], [ -44.601061399999985, -22.784582299325656 ], [ -44.600680099999977, -22.784511999325662 ], [ -44.600222499999973, -22.784301099325646 ], [ -44.59995559999998, -22.784054999325697 ], [ -44.5998412, -22.783738599325655 ], [ -44.599734339138465, -22.783626013129744 ] ], [ [ -44.594253375358804, -22.782605336381785 ], [ -44.594236299999984, -22.782683999325705 ], [ -44.594160100000011, -22.7830355993257 ], [ -44.594236299999984, -22.783422299325654 ], [ -44.5945413, -22.78359799932565 ], [ -44.594846399999987, -22.783773799325665 ], [ -44.5951895, -22.783949599325691 ], [ -44.595532699999971, -22.784054999325697 ], [ -44.595761499999973, -22.784336199325647 ], [ -44.596028400000016, -22.78461749932567 ], [ -44.596142799999988, -22.784933899325637 ], [ -44.5963334, -22.785215099325644 ], [ -44.5964859, -22.785724799325649 ], [ -44.596676600000016, -22.786023599325642 ], [ -44.596829099999987, -22.786339999325598 ], [ -44.596943500000016, -22.786656399325633 ], [ -44.597019699999969, -22.787043099325594 ], [ -44.597057800000016, -22.787394599325623 ], [ -44.597057800000016, -22.787746099325567 ], [ -44.597057800000016, -22.788097599325589 ], [ -44.5971341, -22.788449199325566 ], [ -44.597286600000025, -22.788765499325574 ], [ -44.5973629, -22.789117099325551 ], [ -44.597248499999971, -22.789468599325552 ], [ -44.5971341, -22.789784899325504 ], [ -44.59686720000002, -22.790030999325534 ], [ -44.59656219999998, -22.790206799325528 ], [ -44.596180899999972, -22.790241899325533 ], [ -44.5958377, -22.790382499325531 ], [ -44.595532699999971, -22.790558299325507 ], [ -44.595265799999986, -22.79080439932552 ], [ -44.594922600000025, -22.790980099325527 ], [ -44.5945795, -22.791120699325518 ], [ -44.594198199999987, -22.791190999325522 ], [ -44.593816899999972, -22.791296499325483 ], [ -44.59351190000001, -22.791472199325472 ], [ -44.593245, -22.791718299325499 ], [ -44.5930162, -22.791999499325446 ], [ -44.5928637, -22.792315899325477 ], [ -44.59278740000002, -22.792667399325495 ], [ -44.59278740000002, -22.79301889932545 ], [ -44.59278740000002, -22.793370399325479 ], [ -44.5926349, -22.793686799325421 ], [ -44.5922536, -22.79372189932543 ], [ -44.591872299999963, -22.793616499325427 ], [ -44.591491, -22.793247399325445 ], [ -44.5914148, -22.792878299325444 ], [ -44.591529200000025, -22.792561899325481 ], [ -44.591643499999975, -22.792245599325479 ], [ -44.5916054, -22.791894099325457 ], [ -44.5914148, -22.791612799325481 ], [ -44.59103349999998, -22.791612799325481 ], [ -44.590728500000012, -22.791858899325504 ], [ -44.590575899999969, -22.792175299325475 ], [ -44.590461600000026, -22.792526799325483 ], [ -44.590194699999984, -22.792772899325445 ], [ -44.5898515, -22.792878299325444 ], [ -44.5894702, -22.792878299325444 ], [ -44.589088899999979, -22.792913499325458 ], [ -44.5887839, -22.793089199325443 ], [ -44.588745800000019, -22.793440699325465 ], [ -44.58886009999997, -22.793792199325409 ], [ -44.5892033, -22.793932799325436 ], [ -44.589584600000023, -22.793932799325436 ], [ -44.589965899999982, -22.79403829932544 ], [ -44.5902709, -22.794214099325401 ], [ -44.5905378, -22.794460099325399 ], [ -44.590766599999988, -22.794741299325413 ], [ -44.590804699999978, -22.795092799325428 ], [ -44.590842800000011, -22.795444299325379 ], [ -44.590804699999978, -22.795795799325393 ], [ -44.590728500000012, -22.796147299325359 ], [ -44.590461600000026, -22.796393399325371 ], [ -44.590156499999978, -22.796569199325404 ], [ -44.5898515, -22.796744899325404 ], [ -44.589699, -22.79706129932536 ], [ -44.589432100000018, -22.797307299325357 ], [ -44.589127, -22.797483099325383 ], [ -44.588974500000013, -22.797799399325321 ], [ -44.588898299999975, -22.798150899325343 ], [ -44.588783900000017, -22.798467299325356 ], [ -44.5886314, -22.798783599325308 ], [ -44.588478899999984, -22.799099999325332 ], [ -44.588212, -22.799345999325308 ], [ -44.587830699999984, -22.799345999325308 ], [ -44.5876781, -22.799029699325317 ], [ -44.58764, -22.798678199325312 ], [ -44.58764, -22.798326699325347 ], [ -44.587601899999981, -22.79793999932533 ], [ -44.587335, -22.797693999325332 ], [ -44.58714429999997, -22.797412799325368 ], [ -44.58703, -22.797096399325348 ], [ -44.586991800000021, -22.796744899325404 ], [ -44.586686799999988, -22.796533999325376 ], [ -44.58630549999998, -22.796463699325379 ], [ -44.585924200000015, -22.796463699325379 ], [ -44.5855811, -22.796358199325358 ], [ -44.58531420000002, -22.796112199325361 ], [ -44.585047299999985, -22.795866099325409 ], [ -44.584589699999974, -22.795901299325411 ], [ -44.58439909999997, -22.79621759932536 ], [ -44.584360899999979, -22.796569099325374 ], [ -44.584360899999979, -22.796920699325359 ], [ -44.5840559, -22.797096399325348 ], [ -44.583712699999978, -22.79727219932537 ], [ -44.5834077, -22.797447899325363 ], [ -44.583331499999979, -22.797799399325321 ], [ -44.58321710000002, -22.798115799325348 ], [ -44.5832171, -22.798467299325356 ], [ -44.5832171, -22.798818799325318 ], [ -44.583553900000027, -22.799053099325278 ], [ -44.583935199999978, -22.799193699325297 ], [ -44.584189400000014, -22.799427999325285 ], [ -44.584341900000027, -22.799756099325325 ], [ -44.584291, -22.800130999325319 ], [ -44.5840877, -22.800412199325265 ], [ -44.583782699999965, -22.800599699325307 ], [ -44.583477599999981, -22.800787099325255 ], [ -44.58332510000001, -22.801115199325292 ], [ -44.58332510000001, -22.801490099325274 ], [ -44.583375900000021, -22.801818199325261 ], [ -44.5837318, -22.801911899325248 ], [ -44.5840877, -22.801958799325266 ], [ -44.584443599999986, -22.802005599325227 ], [ -44.584748600000012, -22.802193099325255 ], [ -44.584901100000025, -22.802521199325248 ], [ -44.585002799999977, -22.802849199325266 ], [ -44.585002799999977, -22.803270999325214 ], [ -44.585002799999977, -22.8036458993252 ], [ -44.585002799999977, -22.80402079932519 ], [ -44.585053599999981, -22.804348899325174 ], [ -44.585409500000026, -22.804489499325165 ], [ -44.5857653, -22.804536399325201 ], [ -44.5862229, -22.804583199325208 ], [ -44.586578799999977, -22.804630099325188 ], [ -44.58688380000001, -22.804817499325193 ], [ -44.587138, -22.805051899325196 ], [ -44.587290499999988, -22.805379899325157 ], [ -44.587443, -22.805707999325147 ], [ -44.587392200000011, -22.806035999325168 ], [ -44.587392200000011, -22.806410899325147 ], [ -44.5873413, -22.806738999325137 ], [ -44.587544700000016, -22.807020099325122 ], [ -44.587748, -22.807301299325125 ], [ -44.5879514, -22.807582499325161 ], [ -44.588205599999974, -22.807816799325128 ], [ -44.5884089, -22.808097999325081 ], [ -44.5885106, -22.808426099325118 ], [ -44.588612300000023, -22.808754099325085 ], [ -44.5888157, -22.8090352993251 ], [ -44.5890698, -22.80926959932507 ], [ -44.5893749, -22.809456999325082 ], [ -44.589679900000029, -22.809738199325089 ], [ -44.5899849, -22.809925699325074 ], [ -44.590137500000019, -22.810253699325035 ], [ -44.590340799999979, -22.810698899325025 ], [ -44.590442499999988, -22.811050399325037 ], [ -44.590239100000019, -22.811331499325032 ], [ -44.5898833, -22.811472099325027 ], [ -44.5895274, -22.811612699325039 ], [ -44.589222399999976, -22.81180019932501 ], [ -44.5890698, -22.812128199325031 ], [ -44.5889682, -22.812456199324988 ], [ -44.5889682, -22.812831099324985 ], [ -44.588764799999979, -22.813112299324985 ], [ -44.5884598, -22.813299699325 ], [ -44.588103900000021, -22.813440299325013 ], [ -44.587748, -22.813346599324969 ], [ -44.587392200000011, -22.813299699325 ], [ -44.5870871, -22.813112299324985 ], [ -44.5869346, -22.812784299324971 ], [ -44.58688380000001, -22.812456199324988 ], [ -44.586833, -22.812128199325031 ], [ -44.5867313, -22.811800199325013 ], [ -44.586477100000018, -22.811565799325013 ], [ -44.586121199999972, -22.811378399325069 ], [ -44.5857653, -22.811331499325032 ], [ -44.5853078, -22.811331499325032 ], [ -44.584951900000014, -22.811378399325069 ], [ -44.5845961, -22.811425299325027 ], [ -44.584189400000014, -22.811425299325027 ], [ -44.5837826, -22.811425299325027 ], [ -44.583426799999984, -22.811472099325027 ], [ -44.5830201, -22.811472099325027 ], [ -44.582816700000024, -22.811190899325009 ], [ -44.582460799999978, -22.811144099325023 ], [ -44.5821558, -22.811331499325032 ], [ -44.582105, -22.811659599325012 ], [ -44.5819525, -22.811987599325029 ], [ -44.581749100000025, -22.812268799325043 ], [ -44.58139319999998, -22.812409399324974 ], [ -44.5810374, -22.812549899325035 ], [ -44.580681500000019, -22.812690499324972 ], [ -44.580325599999966, -22.812784299324971 ], [ -44.580020600000012, -22.812971699324994 ], [ -44.579664700000016, -22.813159099324999 ], [ -44.579563099999966, -22.813487199324982 ], [ -44.579563099999966, -22.813862099324965 ], [ -44.579512200000011, -22.814190099324996 ], [ -44.579461400000014, -22.814518099324943 ], [ -44.579512200000011, -22.814892999324933 ], [ -44.579766399999976, -22.815127299324917 ], [ -44.579918899999988, -22.815455299324938 ], [ -44.579918899999988, -22.815830199324914 ], [ -44.579918899999988, -22.816205099324911 ], [ -44.5799698, -22.816533099324928 ], [ -44.5799698, -22.816907999324915 ], [ -44.579817199999972, -22.817235999324865 ], [ -44.579613900000027, -22.81751719932489 ], [ -44.579258, -22.817610899324862 ], [ -44.578953, -22.817798399324889 ], [ -44.578698799999984, -22.818032699324878 ], [ -44.5784446, -22.818266999324862 ], [ -44.578037900000027, -22.818266999324862 ], [ -44.5772245, -22.818243499324872 ], [ -44.576970300000021, -22.817985799324862 ], [ -44.5766653, -22.817798399324889 ], [ -44.576233100000017, -22.81751719932489 ], [ -44.5758518, -22.817423499324907 ], [ -44.575343499999974, -22.817845199324914 ], [ -44.575623099999966, -22.818454399324878 ], [ -44.575953500000026, -22.81864179932489 ], [ -44.57625860000001, -22.818829299324864 ], [ -44.5763602, -22.819157299324836 ], [ -44.576411099999973, -22.819485299324839 ], [ -44.576411099999973, -22.819860199324825 ], [ -44.576309400000014, -22.820188199324853 ], [ -44.576411099999973, -22.820516199324807 ], [ -44.5766653, -22.820797399324825 ], [ -44.5768686, -22.821078499324813 ], [ -44.576970300000021, -22.821406499324834 ], [ -44.576970300000021, -22.821781399324816 ], [ -44.576970300000021, -22.822156299324817 ], [ -44.576970300000021, -22.82253109932477 ], [ -44.576970300000021, -22.822905999324753 ], [ -44.576919499999974, -22.823233999324771 ], [ -44.576919499999974, -22.823608899324771 ], [ -44.576873400000011, -22.82416379932474 ], [ -44.576902, -22.824519699324732 ], [ -44.576730399999967, -22.824835999324716 ], [ -44.576473, -22.825073199324738 ], [ -44.576501599999979, -22.825415799324677 ], [ -44.576759, -22.825652999324699 ], [ -44.5768448, -22.82602199932473 ], [ -44.5768448, -22.826364699324696 ], [ -44.5768162, -22.826707299324681 ], [ -44.576616, -22.826997199324683 ], [ -44.576244299999985, -22.826997199324683 ], [ -44.5758725, -22.826997199324683 ], [ -44.57547210000002, -22.827208099324675 ], [ -44.5753292, -22.827524399324684 ], [ -44.5753292, -22.827866999324673 ], [ -44.575043199999982, -22.828104199324638 ], [ -44.5746714, -22.828183299324625 ], [ -44.57444270000002, -22.828446899324643 ], [ -44.574414100000013, -22.828789499324664 ], [ -44.574642799999985, -22.82907939932463 ], [ -44.574986, -22.829263899324612 ], [ -44.5753578, -22.829422099324596 ], [ -44.575529300000028, -22.829738299324582 ], [ -44.575557899999978, -22.830080999324618 ], [ -44.575557899999978, -22.830423599324607 ], [ -44.575557899999978, -22.830766199324611 ], [ -44.575963100000031, -22.831091299324594 ], [ -44.5762871, -22.831266999324594 ], [ -44.576477800000021, -22.831548099324593 ], [ -44.576706600000016, -22.831864399324534 ], [ -44.576859099999972, -22.832180699324546 ], [ -44.577126, -22.832426699324522 ], [ -44.577621700000016, -22.832321199324571 ], [ -44.577964800000018, -22.832215799324519 ], [ -44.578308, -22.832110399324531 ], [ -44.5787274, -22.832040099324526 ], [ -44.5791087, -22.832040099324526 ], [ -44.579413699999968, -22.832286099324524 ], [ -44.5795281, -22.832602399324522 ], [ -44.579642499999977, -22.832918599324568 ], [ -44.5797569, -22.833234899324513 ], [ -44.579833099999973, -22.833586299324498 ], [ -44.5797187, -22.833902599324492 ], [ -44.5793756, -22.834043199324508 ], [ -44.578994299999977, -22.834113399324501 ], [ -44.578613, -22.834078299324506 ], [ -44.578308, -22.83386739932449 ], [ -44.5780029, -22.833656599324499 ], [ -44.5776598, -22.833797199324497 ], [ -44.5773929, -22.834078299324506 ], [ -44.5772404, -22.834394599324494 ], [ -44.577049699999968, -22.83471079932448 ], [ -44.5766451, -22.835015399324465 ], [ -44.576244799999976, -22.835050499324502 ], [ -44.5759016, -22.835261399324462 ], [ -44.575672899999965, -22.835542499324458 ], [ -44.575596599999983, -22.835893899324443 ], [ -44.5754822, -22.836210099324479 ], [ -44.5752534, -22.836491299324432 ], [ -44.574948399999982, -22.83670209932448 ], [ -44.5746052, -22.836842699324418 ], [ -44.5744909, -22.837158899324461 ], [ -44.5744146, -22.83751029932446 ], [ -44.5746052, -22.837791399324452 ], [ -44.5749103, -22.838002299324426 ], [ -44.5752916, -22.838037399324445 ], [ -44.5756728, -22.838107699324443 ], [ -44.5759016, -22.838388799324434 ], [ -44.576130400000011, -22.838669899324422 ], [ -44.576321, -22.839021299324411 ], [ -44.576511700000019, -22.839302499324361 ], [ -44.576893, -22.839478199324368 ], [ -44.577236099999986, -22.839618699324401 ], [ -44.577617400000015, -22.839688999324387 ], [ -44.577960599999983, -22.839794399324397 ], [ -44.5782656, -22.840005199324391 ], [ -44.5783037, -22.840356599324373 ], [ -44.5782656, -22.840707999324366 ], [ -44.577960599999983, -22.840953999324366 ], [ -44.577617400000015, -22.841129699324348 ], [ -44.577617400000015, -22.841481099324337 ], [ -44.577655499999977, -22.841832499324337 ], [ -44.577884299999987, -22.842113599324325 ], [ -44.578227500000018, -22.842289299324328 ], [ -44.578570599999978, -22.842429799324311 ], [ -44.578951899999986, -22.842640699324317 ], [ -44.579257, -22.842886599324288 ], [ -44.579562, -22.843062299324298 ], [ -44.579905100000019, -22.84316769932429 ], [ -44.5802483, -22.843273099324271 ], [ -44.5806296, -22.84323799932428 ], [ -44.581010900000024, -22.84299199932428 ], [ -44.581354, -22.842886599324288 ], [ -44.5816972, -22.843027199324297 ], [ -44.5819641, -22.843308299324299 ], [ -44.5819641, -22.843659699324281 ], [ -44.5817735, -22.84397589932426 ], [ -44.5817735, -22.844327299324267 ], [ -44.5821166, -22.844467799324295 ], [ -44.582497900000021, -22.844502999324249 ], [ -44.582879199999979, -22.844502999324249 ], [ -44.5832605, -22.844538099324289 ], [ -44.583374900000024, -22.844854399324237 ], [ -44.583374900000024, -22.845205699324254 ], [ -44.583470200000015, -22.845732799324256 ], [ -44.583718, -22.846013899324234 ], [ -44.583908699999988, -22.846294999324218 ], [ -44.584213700000021, -22.846540999324233 ], [ -44.5845187, -22.846751799324199 ], [ -44.584823799999981, -22.846927499324224 ], [ -44.5851288, -22.84713829932419 ], [ -44.5853576, -22.847419399324178 ], [ -44.585433799999976, -22.84777079932417 ], [ -44.585433799999976, -22.848122199324173 ], [ -44.585395699999985, -22.848473499324193 ], [ -44.585395699999985, -22.848824899324182 ], [ -44.585586299999981, -22.849105999324181 ], [ -44.585815099999984, -22.849387099324154 ], [ -44.5861201, -22.849633099324166 ], [ -44.586463299999984, -22.849808699324129 ], [ -44.5868446, -22.849949299324148 ], [ -44.587149599999961, -22.850124999324134 ], [ -44.587454700000016, -22.850370899324112 ], [ -44.58816719999998, -22.850823299324134 ], [ -44.588152900000011, -22.851205399324151 ], [ -44.588009899999975, -22.851521599324119 ], [ -44.5879241, -22.851890599324083 ], [ -44.588038499999982, -22.852206799324073 ], [ -44.588210100000019, -22.852522999324115 ], [ -44.588496, -22.852760199324052 ], [ -44.5888392, -22.852865599324051 ], [ -44.589211, -22.852918299324077 ], [ -44.58958269999998, -22.852997399324071 ], [ -44.589782899999989, -22.853313599324036 ], [ -44.5898401, -22.853656199324057 ], [ -44.5900403, -22.853945999324061 ], [ -44.590240400000027, -22.854235899324042 ], [ -44.590526399999987, -22.854446699324029 ], [ -44.5907838, -22.854683899324034 ], [ -44.5910697, -22.85489469932401 ], [ -44.5913557, -22.855105499324004 ], [ -44.591613100000011, -22.855342699324016 ], [ -44.5920992, -22.856014599323995 ], [ -44.5922994, -22.856317699323974 ], [ -44.592499599999989, -22.856607499323982 ], [ -44.592585400000019, -22.856950099323996 ], [ -44.592785499999984, -22.857266299323975 ], [ -44.592928500000028, -22.857608899323981 ], [ -44.5930143, -22.857951399323948 ], [ -44.592985699999986, -22.858293999323944 ], [ -44.5930143, -22.858636499323936 ], [ -44.593357500000025, -22.858768299323945 ], [ -44.593729199999977, -22.858768299323945 ], [ -44.594101, -22.858610199323941 ], [ -44.594472699999983, -22.858583799323952 ], [ -44.594844500000015, -22.858662899323956 ], [ -44.595101899999968, -22.858900099323964 ], [ -44.595445, -22.859058199323925 ], [ -44.595731, -22.859268999323916 ], [ -44.596017, -22.859532499323915 ], [ -44.596188499999982, -22.859874999323893 ], [ -44.596388699999977, -22.860164899323877 ], [ -44.596588899999965, -22.860454699323892 ], [ -44.596646099999987, -22.860797299323888 ], [ -44.59664609999998, -22.861139899323906 ], [ -44.596932, -22.861350699323875 ], [ -44.597218, -22.861587799323875 ], [ -44.5974754, -22.862101599323879 ], [ -44.5974754, -22.86245739932383 ], [ -44.5972466, -22.862720899323843 ], [ -44.597418199999986, -22.863037099323822 ], [ -44.597732800000017, -22.863221499323846 ], [ -44.598018700000011, -22.863458699323861 ], [ -44.598361899999979, -22.863643099323816 ], [ -44.59861919999998, -22.863880299323824 ], [ -44.598819400000025, -22.864170099323839 ], [ -44.599019600000013, -22.864459999323824 ], [ -44.599277, -22.864697099323799 ], [ -44.599620099999981, -22.864802499323797 ], [ -44.59999190000002, -22.86485519932382 ], [ -44.60036359999998, -22.864881499323829 ], [ -44.600735400000012, -22.864881499323808 ], [ -44.60105, -22.865065999323814 ], [ -44.6012215, -22.865382199323797 ], [ -44.6012501, -22.865724699323778 ], [ -44.6012501, -22.866067299323767 ], [ -44.6012215, -22.866409799323762 ], [ -44.601021399999979, -22.866699699323792 ], [ -44.60082119999997, -22.867015799323742 ], [ -44.600764, -22.867358399323738 ], [ -44.600849799999985, -22.867700899323722 ], [ -44.601121400000011, -22.867938099323741 ], [ -44.601507500000018, -22.867938099323741 ], [ -44.601907900000015, -22.867964399323739 ], [ -44.602308199999982, -22.868148899323721 ], [ -44.6025656, -22.86838599932371 ], [ -44.60268, -22.868728499323687 ], [ -44.602794399999986, -22.869044699323727 ], [ -44.603080299999988, -22.869255499323724 ], [ -44.6033377, -22.869518999323724 ], [ -44.603537899999985, -22.869808799323675 ], [ -44.603738, -22.870098699323709 ], [ -44.603823799999979, -22.870441199323697 ], [ -44.604024, -22.870730999323644 ], [ -44.604224199999976, -22.871020899323682 ], [ -44.604510100000027, -22.871231699323683 ], [ -44.60476749999998, -22.87149509932366 ], [ -44.605024899999989, -22.87173229932365 ], [ -44.6052537, -22.872022099323608 ], [ -44.6055968, -22.87218019932363 ], [ -44.605968599999976, -22.872206499323642 ], [ -44.6063689, -22.872285599323632 ], [ -44.606654900000017, -22.872496399323609 ], [ -44.6067979, -22.872812499323626 ], [ -44.606883700000026, -22.873155099323633 ], [ -44.607141, -22.873392199323611 ], [ -44.6073412, -22.873708399323601 ], [ -44.607455599999987, -22.874024599323583 ], [ -44.6079846, -22.874709599323598 ], [ -44.608199099999972, -22.874999399323542 ], [ -44.608570900000011, -22.875052099323582 ], [ -44.608942599999978, -22.875052099323582 ], [ -44.609314400000017, -22.875131199323565 ], [ -44.609628900000011, -22.875394599323567 ], [ -44.609943499999979, -22.875579099323534 ], [ -44.610172299999988, -22.875842499323529 ], [ -44.6102295, -22.876185099323529 ], [ -44.610343899999968, -22.876501199323542 ], [ -44.610429599999975, -22.876843699323523 ], [ -44.610601200000019, -22.877159899323498 ], [ -44.6108014, -22.877449699323517 ], [ -44.611058800000016, -22.877686899323518 ], [ -44.6114305, -22.877765899323492 ], [ -44.611802300000015, -22.877897599323482 ], [ -44.612116800000024, -22.878253299323479 ], [ -44.612317, -22.878582699323459 ], [ -44.612574400000028, -22.878846099323464 ], [ -44.612831799999974, -22.879083199323503 ], [ -44.6129747, -22.879399399323468 ], [ -44.612889, -22.87974189932347 ], [ -44.6126888, -22.880031699323471 ], [ -44.612574400000028, -22.88034789932345 ], [ -44.612831799999974, -22.880584999323432 ], [ -44.613117699999975, -22.880822099323417 ], [ -44.613289300000019, -22.881164599323398 ], [ -44.613289300000019, -22.881507099323446 ], [ -44.613518100000022, -22.881770599323399 ], [ -44.613861199999974, -22.881902299323393 ], [ -44.614233, -22.881902299323393 ], [ -44.6146048, -22.881875999323391 ], [ -44.6149765, -22.881954999323415 ], [ -44.615262499999965, -22.882165799323403 ], [ -44.6153769, -22.88248189932342 ], [ -44.6154055, -22.882824399323393 ], [ -44.6154055, -22.883166899323371 ], [ -44.6153769, -22.883509399323348 ], [ -44.615291099999986, -22.883851899323396 ], [ -44.6152053, -22.88419439932337 ], [ -44.6153483, -22.884510599323335 ], [ -44.6156628, -22.884747699323338 ], [ -44.61597740000002, -22.884958499323329 ], [ -44.61626339999998, -22.885169199323343 ], [ -44.616549299999981, -22.885406299323325 ], [ -44.6169211, -22.885458999323351 ], [ -44.617292799999966, -22.885458999323351 ], [ -44.617664600000012, -22.885458999323351 ], [ -44.618036300000021, -22.885458999323351 ], [ -44.6184081, -22.885458999323351 ], [ -44.618779899999979, -22.885485399323318 ], [ -44.619008599999965, -22.885748799323313 ], [ -44.619037199999987, -22.886091299323287 ], [ -44.619037199999987, -22.886460199323288 ], [ -44.619266, -22.88674999932331 ], [ -44.619580600000013, -22.886934399323263 ], [ -44.619837899999986, -22.887197799323303 ], [ -44.6198951, -22.887540299323295 ], [ -44.620009499999973, -22.887856499323263 ], [ -44.620152500000017, -22.888172599323291 ], [ -44.620467099999985, -22.888383399323274 ], [ -44.620753, -22.888686299323275 ], [ -44.620753, -22.889041999323261 ], [ -44.620724399999965, -22.889384499323256 ], [ -44.6208102, -22.889726999323223 ], [ -44.621010399999989, -22.890016699323208 ], [ -44.6212964, -22.890253799323194 ], [ -44.621668100000015, -22.890306499323231 ], [ -44.622068500000019, -22.890227499323213 ], [ -44.622411600000021, -22.890122099323204 ], [ -44.6227834, -22.890122099323204 ], [ -44.6230122, -22.890385599323221 ], [ -44.622955, -22.890728099323201 ], [ -44.6230122, -22.891070499323217 ], [ -44.6232981, -22.891281299323197 ] ] ] } },
{ "type": "Feature", "properties": { "NUCOMPTREC": 3.994, "NUDISTBACT": 30.667, "NUDISTCDAG": 30.667, "NUAREACONT": 5.51, "NUAREAMONT": 341.876, "NUDISTBACC": 0.0, "NUAREABACC": 734.523, "NUCOMPCDA": 71.245, "Shape__Len": 0, "OBJECTID": 34895, "ID": 55338, "COTRECHO": 55338, "COCURSODAG": "779392", "COBACIA": "7793925", "NOGENERICO": "Rio", "NOLIGACAO": null, "NOESPECIF": "Mambucaba", "NORIOCOMP": "Rio Mambucaba", "NOORIGINAL": "Rio Mambucaba", "COCDADESAG": null, "NUTRJUS": 20798, "NUORDEMCDA": 1, "NUNIVOTTO": 7, "NUNIVOTCDA": 6, "NUSTRAHLER": 2, "DEDOMINIAL": "Federal", "DSVERSAO": "BHO bho_2017_v_01_05_50k de 2018-06-22" }, "geometry": { "type": "MultiLineString", "coordinates": [ [ [ -44.6232981, -22.891281299323197 ], [ -44.623412499999972, -22.891597399323203 ], [ -44.623641299999974, -22.891860899323159 ], [ -44.623927200000018, -22.892071599323184 ], [ -44.624213199999986, -22.8923613993232 ], [ -44.6244992, -22.892624899323142 ], [ -44.6247851, -22.892835599323163 ], [ -44.625099700000021, -22.893046399323165 ], [ -44.625414299999981, -22.893230799323188 ], [ -44.6257574, -22.893441499323146 ], [ -44.626072, -22.893652299323122 ], [ -44.626358, -22.893889399323108 ], [ -44.626615300000026, -22.894126499323164 ], [ -44.626844100000021, -22.894389899323155 ], [ -44.627101499999981, -22.89462699932314 ], [ -44.6273731, -22.894989199323113 ], [ -44.627587600000027, -22.89539099932313 ], [ -44.627644799999985, -22.895759799323102 ], [ -44.627644799999985, -22.896102199323057 ], [ -44.627587600000027, -22.896444699323087 ], [ -44.6274446, -22.896760799323037 ], [ -44.627416, -22.897103299323096 ], [ -44.6274732, -22.897445799323066 ], [ -44.627759200000014, -22.897656499323034 ], [ -44.628130899999967, -22.89770919932306 ], [ -44.6285027, -22.897761899323022 ], [ -44.628845899999988, -22.897893599323019 ], [ -44.629074600000017, -22.898156999323067 ], [ -44.629189, -22.89847309932302 ], [ -44.629160399999982, -22.898841899322996 ], [ -44.6289031, -22.899078999322988 ], [ -44.628617099999978, -22.899316099323023 ], [ -44.628331100000018, -22.899526899323018 ], [ -44.628188099999988, -22.899842999322978 ], [ -44.628159499999981, -22.900185399322979 ], [ -44.628273900000011, -22.900501499323006 ], [ -44.6284741, -22.900791299322965 ], [ -44.628559900000027, -22.901133799322995 ], [ -44.6287315, -22.901449899322952 ], [ -44.629074600000017, -22.901634299322978 ], [ -44.629332, -22.901871399322967 ], [ -44.629589399999972, -22.90218749932297 ], [ -44.629818100000023, -22.902450899322961 ], [ -44.629732400000016, -22.902793299322923 ], [ -44.629589399999986, -22.903109399322933 ], [ -44.6293892, -22.903399199322934 ], [ -44.6292176, -22.903741699322914 ], [ -44.629246200000011, -22.904084099322869 ], [ -44.629475, -22.904400199322893 ], [ -44.629618, -22.904742699322874 ], [ -44.6296466, -22.905308999322855 ], [ -44.6296466, -22.90566459932289 ], [ -44.6298181, -22.905980699322843 ], [ -44.6301899, -22.906059699322871 ], [ -44.630561699999987, -22.906086099322835 ], [ -44.6309048, -22.905954399322859 ], [ -44.631190800000013, -22.905717299322852 ], [ -44.631476700000015, -22.905506599322887 ], [ -44.631734100000017, -22.905243099322874 ], [ -44.632048699999977, -22.905058799322894 ], [ -44.6324204, -22.90503239932286 ], [ -44.632735, -22.905216799322876 ], [ -44.6331068, -22.905243099322874 ], [ -44.633478500000017, -22.905190499322874 ], [ -44.6338503, -22.90516409932286 ], [ -44.6341362, -22.905401199322849 ], [ -44.6343364, -22.905690999322857 ], [ -44.634708199999977, -22.905717299322852 ], [ -44.6351085, -22.905822699322858 ], [ -44.635423100000025, -22.906007099322874 ], [ -44.6355375, -22.906323199322834 ], [ -44.6355661, -22.906665599322835 ], [ -44.63562330000002, -22.90700799932285 ], [ -44.6358234, -22.907324099322818 ], [ -44.6361094, -22.907561199322803 ], [ -44.636395400000012, -22.907771899322817 ], [ -44.6366527, -22.90800899932281 ], [ -44.636967299999981, -22.908219699322817 ], [ -44.637224699999976, -22.908456799322792 ], [ -44.637510599999978, -22.908667499322767 ], [ -44.637839499999984, -22.909075799322768 ], [ -44.638139799999962, -22.909299699322794 ], [ -44.638425700000028, -22.909510399322762 ], [ -44.6387403, -22.909694799322786 ], [ -44.638854700000024, -22.910037299322756 ], [ -44.639054900000012, -22.910353399322762 ], [ -44.639255, -22.910643099322765 ], [ -44.639426599999965, -22.910959199322718 ], [ -44.639626799999974, -22.911248899322707 ], [ -44.639912700000025, -22.911485999322764 ], [ -44.64017009999997, -22.911723099322742 ], [ -44.6402559, -22.912065499322711 ], [ -44.640313100000014, -22.912407899322716 ], [ -44.64039889999998, -22.912750299322717 ], [ -44.64042749999998, -22.913092799322705 ], [ -44.640313100000014, -22.913408899322658 ], [ -44.6401987, -22.913724899322656 ], [ -44.639941299999968, -22.913961999322702 ], [ -44.639598200000016, -22.914067399322693 ], [ -44.639226399999984, -22.914146399322668 ], [ -44.638854700000024, -22.914093699322695 ], [ -44.6385401, -22.914278099322654 ] ] ] } },
{ "type": "Feature", "properties": { "NUCOMPTREC": 36.048, "NUDISTBACT": 492.564, "NUDISTCDAG": 91.67, "NUAREACONT": 138.844, "NUAREAMONT": 143.326, "NUDISTBACC": 400.894, "NUAREABACC": 1125.188, "NUCOMPCDA": 130.094, "Shape__Len": 0, "OBJECTID": 34955, "ID": 11380, "COTRECHO": 11380, "COCURSODAG": "77892", "COBACIA": "778927", "NOGENERICO": "Rio", "NOLIGACAO": "do", "NOESPECIF": "Braço", "NORIOCOMP": "Rio do Braço", "NOORIGINAL": "Rio do Braço", "COCDADESAG": "778", "NUTRJUS": 54966, "NUORDEMCDA": 2, "NUNIVOTTO": 6, "NUNIVOTCDA": 5, "NUSTRAHLER": 2, "DEDOMINIAL": "Federal", "DSVERSAO": "BHO bho_2017_v_01_05_50k de 2018-06-22" }, "geometry": { "type": "MultiLineString", "coordinates": [ [ [ -44.378183200000024, -22.794246699325409 ], [ -44.378152699999987, -22.794481199325428 ], [ -44.378145, -22.794889399325399 ], [ -44.37829, -22.795390999325388 ], [ -44.378295700000024, -22.795827799325384 ], [ -44.378129800000011, -22.796203499325369 ], [ -44.377683499999989, -22.79674709932539 ], [ -44.3775423, -22.79708089932539 ], [ -44.377519399999969, -22.797271599325335 ], [ -44.377534700000012, -22.797492899325349 ], [ -44.3777369, -22.797977399325312 ], [ -44.3777769, -22.798084199325345 ], [ -44.377817, -22.798221499325344 ], [ -44.377721599999987, -22.798496199325314 ], [ -44.3775786, -22.798738399325327 ], [ -44.376977800000027, -22.799554699325284 ], [ -44.3769072, -22.799703499325318 ], [ -44.376830900000016, -22.800041099325274 ], [ -44.376724099999983, -22.800279499325278 ], [ -44.376558100000018, -22.80046069932526 ], [ -44.3762205, -22.800676299325303 ], [ -44.375924899999973, -22.800683899325289 ], [ -44.375099, -22.800517999325297 ], [ -44.3743399, -22.800556099325277 ], [ -44.37391070000001, -22.800504599325286 ], [ -44.373327099999983, -22.800437899325306 ], [ -44.372970399999986, -22.800455099325308 ], [ -44.372711, -22.800504599325286 ], [ -44.37236189999998, -22.800657199325261 ], [ -44.372041500000023, -22.800899399325264 ], [ -44.371856499999971, -22.801154999325259 ], [ -44.3716486, -22.801565099325263 ], [ -44.3713472, -22.801889399325233 ], [ -44.3710249, -22.802114399325234 ], [ -44.3704088, -22.80245009932522 ], [ -44.3701322, -22.802833499325246 ], [ -44.370025399999967, -22.803144399325223 ], [ -44.3699148, -22.8033427993252 ], [ -44.3696726, -22.803617399325216 ], [ -44.3692701, -22.803977899325208 ], [ -44.36912130000001, -22.804288799325192 ], [ -44.369079399999976, -22.804717999325156 ], [ -44.369134700000018, -22.805305399325182 ], [ -44.36946660000001, -22.806295399325162 ], [ -44.369470400000012, -22.806606299325146 ], [ -44.369499, -22.806711199325154 ], [ -44.3694838, -22.80688279932512 ], [ -44.369518099999986, -22.806985799325144 ], [ -44.369539099999983, -22.807041099325126 ], [ -44.369531400000014, -22.807243399325138 ], [ -44.369527600000019, -22.807311999325147 ], [ -44.369464699999973, -22.807500799325123 ], [ -44.369397900000024, -22.807596199325097 ], [ -44.369315899999989, -22.807653399325115 ], [ -44.36922629999998, -22.807685799325125 ], [ -44.368837199999973, -22.807737299325101 ], [ -44.368701699999974, -22.807777399325133 ], [ -44.368593, -22.807832699325132 ], [ -44.3684862, -22.807912799325102 ], [ -44.368413700000019, -22.807985299325097 ], [ -44.3683565, -22.808114999325099 ], [ -44.3683565, -22.808341999325087 ], [ -44.3683985, -22.808490699325091 ], [ -44.368526299999985, -22.808738699325087 ], [ -44.3686598, -22.808925599325097 ], [ -44.369134700000018, -22.809486399325113 ], [ -44.369218600000011, -22.809640899325043 ], [ -44.369220499999976, -22.809726699325065 ], [ -44.369163300000018, -22.809799199325052 ], [ -44.3690641, -22.809829699325082 ], [ -44.368862, -22.809806799325063 ], [ -44.368442300000027, -22.809633199325074 ], [ -44.36836790000001, -22.809633199325074 ], [ -44.368287800000019, -22.809677099325068 ], [ -44.368270699999975, -22.809822099325089 ], [ -44.3683031, -22.809863999325078 ], [ -44.368324099999988, -22.810022299325077 ], [ -44.368303099999984, -22.810142499325057 ], [ -44.368232499999969, -22.810274099325081 ], [ -44.3678625, -22.810634599325066 ], [ -44.3677996, -22.810764299325061 ], [ -44.367812899999983, -22.81099129932505 ], [ -44.367898700000012, -22.811239199325023 ], [ -44.3679045, -22.811569199325028 ], [ -44.367727100000025, -22.811910599325003 ], [ -44.3676603, -22.812118499325013 ], [ -44.36765650000001, -22.81244469932502 ], [ -44.367618400000033, -22.812652599324974 ], [ -44.367439100000013, -22.812841399325013 ], [ -44.367296, -22.812921499325007 ], [ -44.367091899999984, -22.812961599324986 ], [ -44.366968, -22.813018799325018 ], [ -44.366901199999965, -22.813087499324993 ], [ -44.366863, -22.813186599324986 ], [ -44.36672, -22.813276299324965 ], [ -44.366573099999982, -22.813312499324987 ], [ -44.366428199999973, -22.813287699324981 ], [ -44.3659761, -22.813133199324977 ], [ -44.365749100000016, -22.813087499324993 ], [ -44.3654859, -22.813068399325019 ], [ -44.3652437, -22.81310839932496 ], [ -44.364698200000021, -22.813335399325027 ], [ -44.3641298, -22.813514699324969 ], [ -44.3640039, -22.813644399324968 ], [ -44.3640001, -22.813947699325002 ], [ -44.364131699999973, -22.814237599324986 ], [ -44.364185099999986, -22.814552299324959 ], [ -44.3641374, -22.814666699324935 ], [ -44.364095500000026, -22.814737299324943 ], [ -44.363981, -22.814783099324963 ], [ -44.363923800000016, -22.814805999324939 ], [ -44.3633115, -22.814950999324957 ], [ -44.363172299999967, -22.815036799324925 ], [ -44.362966299999968, -22.815271399324921 ], [ -44.362836599999973, -22.815328599324918 ], [ -44.3626592, -22.815332399324923 ], [ -44.362148100000013, -22.815059699324959 ], [ -44.362026, -22.815040599324927 ], [ -44.36174369999997, -22.815067299324955 ], [ -44.36155489999998, -22.815038699324951 ], [ -44.361404199999967, -22.81496619932496 ], [ -44.361257299999963, -22.81487659932494 ], [ -44.361108499999986, -22.814716399324961 ], [ -44.3610132, -22.814636199324951 ], [ -44.3609045, -22.814571399324944 ], [ -44.36075570000002, -22.814502699324947 ], [ -44.3605936, -22.814470399324961 ], [ -44.360461900000011, -22.814516099324962 ], [ -44.360402799999974, -22.814552299324959 ], [ -44.360372299999987, -22.814619099324975 ], [ -44.360353200000013, -22.814723999324958 ], [ -44.360395200000021, -22.815002499324933 ], [ -44.3603857, -22.815107399324926 ], [ -44.3603208, -22.815166499324924 ], [ -44.360233100000016, -22.815193199324955 ], [ -44.360135800000016, -22.815170299324926 ], [ -44.359947, -22.814969999324969 ], [ -44.359876400000012, -22.814943299324938 ], [ -44.359781, -22.814954799324969 ], [ -44.359723799999976, -22.81499669932494 ], [ -44.359710399999976, -22.815149299324915 ], [ -44.359756199999978, -22.815439199324935 ], [ -44.35974479999998, -22.815605199324942 ], [ -44.3596895, -22.81569099932495 ], [ -44.359599800000012, -22.815740599324961 ], [ -44.3595254, -22.815767299324936 ], [ -44.359397600000023, -22.815731099324946 ], [ -44.359290799999989, -22.815675799324936 ], [ -44.3591955, -22.815580399324929 ], [ -44.359184, -22.81537819932494 ], [ -44.3592412, -22.815238999324972 ], [ -44.3592698, -22.815107399324926 ], [ -44.359256500000015, -22.814985299324942 ], [ -44.359180200000011, -22.814857499324965 ], [ -44.3590696, -22.814821299324947 ], [ -44.3589437, -22.814834599324929 ], [ -44.358819700000026, -22.814887999324945 ], [ -44.3587377, -22.814987199324971 ], [ -44.358537399999982, -22.815360999324941 ], [ -44.3583028, -22.81559949932495 ], [ -44.357944200000013, -22.815702499324917 ], [ -44.357578, -22.815727299324916 ], [ -44.3573816, -22.815687199324937 ], [ -44.3571832, -22.815563199324924 ], [ -44.357055399999979, -22.815401099324909 ], [ -44.356990499999988, -22.815130299324967 ], [ -44.3568341, -22.815034899324953 ], [ -44.356683499999967, -22.815046299324955 ], [ -44.3564584, -22.815118799324946 ], [ -44.356138, -22.815311499324949 ], [ -44.355924300000027, -22.815401099324912 ], [ -44.355760299999979, -22.81541449932492 ], [ -44.355686, -22.815381999324938 ], [ -44.3556249, -22.815269499324941 ], [ -44.3555925, -22.814893699324966 ], [ -44.35577360000002, -22.814487499324947 ], [ -44.3557717, -22.814338699324963 ], [ -44.3556878, -22.814243299324961 ], [ -44.3556077, -22.814189899324948 ], [ -44.35548, -22.814125099324983 ], [ -44.355333, -22.814115499324981 ], [ -44.35519, -22.814060199324949 ], [ -44.3551175, -22.813947699325002 ], [ -44.355062200000013, -22.813690199324981 ], [ -44.3549802, -22.813554799325004 ], [ -44.354850500000012, -22.813440299325013 ], [ -44.354743699999979, -22.813404099324984 ], [ -44.3545911, -22.813394599324972 ], [ -44.354369799999965, -22.813470899325015 ], [ -44.354207700000018, -22.813524299324957 ], [ -44.3541219, -22.813550999324995 ], [ -44.354047499999979, -22.813550999324995 ], [ -44.353973100000019, -22.813508999324998 ], [ -44.353925399999973, -22.813459399324984 ], [ -44.3538949, -22.813350699324989 ], [ -44.353986399999989, -22.813161899324999 ], [ -44.353996, -22.813066499324982 ], [ -44.3539407, -22.812999699324969 ], [ -44.353835800000013, -22.812953999324986 ], [ -44.35373850000002, -22.81293109932502 ], [ -44.353471500000012, -22.812965399325002 ], [ -44.353353200000015, -22.812906299325007 ], [ -44.353297899999973, -22.812816599325021 ], [ -44.3532884, -22.812648799324986 ], [ -44.353225399999985, -22.812576299324988 ], [ -44.3531072, -22.812517199325011 ], [ -44.35301370000002, -22.812507699325025 ], [ -44.35272759999998, -22.812650699325005 ], [ -44.352630299999973, -22.812650699325005 ], [ -44.352529199999978, -22.812614499324997 ], [ -44.352475799999965, -22.812568699324991 ], [ -44.3524453, -22.812509599325008 ], [ -44.352380400000015, -22.812337899324987 ], [ -44.3523442, -22.81227499932502 ], [ -44.35225650000001, -22.812160499325014 ], [ -44.35215729999998, -22.81208799932504 ], [ -44.352052399999984, -22.812011699325044 ], [ -44.3518712, -22.811916399324993 ], [ -44.351699499999988, -22.81183429932501 ], [ -44.35151639999998, -22.811815299325005 ], [ -44.3512761, -22.811809599325041 ], [ -44.351026199999971, -22.811866799325049 ], [ -44.350904099999973, -22.811912599325048 ], [ -44.350787799999978, -22.811988899325019 ], [ -44.3505932, -22.812221599324992 ], [ -44.350536, -22.812284499324981 ], [ -44.350469299999979, -22.812334099325 ], [ -44.350394900000026, -22.812356999325019 ], [ -44.350301399999978, -22.812364599325029 ], [ -44.35020609999998, -22.812351299324995 ], [ -44.349981, -22.812255899325038 ], [ -44.349839799999977, -22.812190999324997 ], [ -44.349733, -22.81217389932501 ], [ -44.349639599999982, -22.812181499325028 ], [ -44.3495595, -22.812208199325006 ], [ -44.349485099999974, -22.812307399325007 ], [ -44.349397300000021, -22.812519099324977 ], [ -44.34934770000001, -22.812591599325017 ], [ -44.349237099999982, -22.812664099325008 ], [ -44.349090199999978, -22.81270789932503 ], [ -44.349004400000013, -22.812747999325001 ], [ -44.34889, -22.812833799325013 ], [ -44.348855599999965, -22.812919699325011 ], [ -44.3488461, -22.813018799325 ], [ -44.348914799999989, -22.813144699324994 ], [ -44.348960499999976, -22.813318299324973 ], [ -44.348937700000022, -22.813470899325015 ], [ -44.348880399999985, -22.813533799325 ], [ -44.348767899999984, -22.813596799325005 ], [ -44.3486611, -22.813640599324966 ], [ -44.348457, -22.813676899324996 ], [ -44.348209100000012, -22.813694099324998 ], [ -44.34802209999998, -22.81371499932499 ], [ -44.347614, -22.813804699324969 ], [ -44.347549099999981, -22.81389049932498 ], [ -44.3475396, -22.814062199324994 ], [ -44.347686399999986, -22.814315799324941 ], [ -44.347717, -22.814508499324948 ], [ -44.3475586, -22.814983399324959 ], [ -44.3475358, -22.815185599324945 ], [ -44.3477227, -22.81608589932495 ], [ -44.347707399999983, -22.816188899324931 ], [ -44.3474728, -22.816513099324926 ], [ -44.347366, -22.816738199324867 ], [ -44.347337400000015, -22.816955599324864 ], [ -44.347415599999977, -22.817199799324928 ], [ -44.347711199999985, -22.817539299324913 ], [ -44.347778, -22.817661299324882 ], [ -44.347808499999985, -22.817901699324878 ], [ -44.347732199999982, -22.818126699324861 ], [ -44.3472001, -22.818828599324878 ], [ -44.3471505, -22.819072799324857 ], [ -44.3472039, -22.819385599324818 ], [ -44.347600600000021, -22.82030869932483 ], [ -44.347642599999972, -22.820487999324843 ], [ -44.3476235, -22.82104499932483 ], [ -44.347699799999987, -22.821382599324792 ], [ -44.347850499999986, -22.821758299324792 ], [ -44.3480202, -22.822004399324822 ], [ -44.348115600000028, -22.822238999324796 ], [ -44.348148, -22.822370599324788 ], [ -44.3481481, -22.822486999324806 ], [ -44.3481061, -22.822605199324776 ], [ -44.3480508, -22.822690999324799 ], [ -44.347926799999982, -22.822834099324794 ], [ -44.34781229999998, -22.822879899324747 ], [ -44.347688399999974, -22.822883699324748 ], [ -44.3474347, -22.822822599324763 ], [ -44.347131400000016, -22.822700599324794 ], [ -44.3467766, -22.822481199324805 ], [ -44.346656499999987, -22.822427799324807 ], [ -44.346448599999974, -22.822389699324741 ], [ -44.3460442, -22.822338199324772 ], [ -44.345819100000028, -22.822269499324793 ], [ -44.345527300000022, -22.82199869932478 ], [ -44.345313700000013, -22.821693499324777 ], [ -44.345178299999979, -22.821554299324799 ], [ -44.3448864, -22.821435999324812 ], [ -44.344598399999988, -22.821474099324774 ], [ -44.3443982, -22.821668699324775 ], [ -44.344333300000017, -22.822055899324795 ], [ -44.3440968, -22.822429699324765 ], [ -44.343721099999982, -22.82272159932479 ], [ -44.343553199999967, -22.822910399324783 ], [ -44.343465499999979, -22.823280399324748 ], [ -44.3435971, -22.823854499324717 ], [ -44.343616199999978, -22.824140599324753 ], [ -44.343591399999973, -22.824260799324716 ], [ -44.343507400000021, -22.824428599324701 ], [ -44.3432881, -22.824544999324736 ], [ -44.3430325, -22.824571699324711 ], [ -44.342342, -22.824323699324715 ], [ -44.342197100000014, -22.824277999324739 ], [ -44.342042600000021, -22.82426839932473 ], [ -44.341914799999969, -22.824255099324748 ], [ -44.341602, -22.824180699324739 ], [ -44.341340699999989, -22.824068199324739 ], [ -44.341088899999981, -22.823854499324717 ], [ -44.340898200000019, -22.823722899324746 ], [ -44.3407189, -22.823604699324729 ], [ -44.3405682, -22.823530299324759 ], [ -44.3402496, -22.823448299324745 ], [ -44.3401066, -22.823524599324745 ], [ -44.34003790000002, -22.823646599324761 ], [ -44.339957799999972, -22.824314199324746 ], [ -44.33988729999998, -22.824495399324721 ], [ -44.3397099, -22.824674699324735 ], [ -44.339509599999985, -22.824777699324759 ], [ -44.339162499999979, -22.824831099324705 ], [ -44.33863980000001, -22.824773899324747 ], [ -44.338153499999976, -22.8246689993247 ], [ -44.337331399999982, -22.824384799324758 ], [ -44.3369518, -22.824352399324752 ], [ -44.33670769999997, -22.824422899324741 ], [ -44.336499800000013, -22.824565999324733 ], [ -44.336150700000012, -22.824962699324733 ], [ -44.336021, -22.825052399324719 ], [ -44.335332499999986, -22.825126799324721 ], [ -44.33492050000001, -22.825405199324674 ], [ -44.334766, -22.825403299324716 ], [ -44.334575299999976, -22.825241199324715 ], [ -44.334499, -22.825086699324714 ], [ -44.334521800000012, -22.824766299324736 ], [ -44.3344684, -22.824522099324764 ], [ -44.334396, -22.824394299324723 ], [ -44.334260500000028, -22.824285599324735 ], [ -44.334077400000012, -22.824216999324712 ], [ -44.333545300000026, -22.824152099324738 ], [ -44.333367899999978, -22.824070099324704 ], [ -44.3331695, -22.82393849932474 ], [ -44.3325782, -22.823480699324755 ], [ -44.3324886, -22.823412099324745 ], [ -44.3323894, -22.82337009932473 ], [ -44.332282599999971, -22.823370099324734 ], [ -44.3321891, -22.823406299324748 ], [ -44.33213, -22.823469299324742 ], [ -44.332078500000016, -22.823526499324775 ], [ -44.3320938, -22.82361799932476 ], [ -44.332208200000032, -22.823816399324741 ], [ -44.332275, -22.82393849932474 ], [ -44.332322700000013, -22.824083399324746 ], [ -44.332322700000013, -22.824195999324711 ], [ -44.332290199999989, -22.824287499324754 ], [ -44.332149099999981, -22.824602199324744 ], [ -44.332109, -22.824855899324714 ], [ -44.3321148, -22.825248799324719 ], [ -44.33242180000002, -22.826179599324686 ], [ -44.332442800000024, -22.826314999324712 ], [ -44.3324199, -22.826433299324705 ], [ -44.3323132, -22.82681279932471 ], [ -44.3323608, -22.827282099324673 ], [ -44.332431400000019, -22.827543399324675 ], [ -44.3326088, -22.827938199324652 ], [ -44.333173400000021, -22.828708799324655 ], [ -44.3332954, -22.828979599324644 ], [ -44.3332706, -22.829254299324635 ], [ -44.333205799999966, -22.829372499324606 ], [ -44.3329769, -22.829591899324637 ], [ -44.332563, -22.829671999324621 ], [ -44.3322559, -22.829715899324619 ], [ -44.3321262, -22.829710099324618 ], [ -44.332044199999984, -22.829664399324628 ], [ -44.3319469, -22.829588099324628 ], [ -44.3318764, -22.829465999324654 ], [ -44.3316494, -22.828949099324614 ], [ -44.33155210000001, -22.828832799324619 ], [ -44.3313976, -22.828731699324624 ], [ -44.331225899999986, -22.828699199324653 ], [ -44.3309799, -22.828722099324615 ], [ -44.330821599999979, -22.828765999324595 ], [ -44.330505, -22.828922399324654 ], [ -44.3301826, -22.828985299324632 ], [ -44.329917500000015, -22.828914799324636 ], [ -44.329412, -22.82865159932464 ], [ -44.328754, -22.828382599324634 ], [ -44.328061600000012, -22.828235799324663 ], [ -44.327767900000019, -22.828243399324659 ], [ -44.327586699999976, -22.828277699324644 ], [ -44.327491300000013, -22.828350199324642 ], [ -44.327443599999974, -22.82843599932465 ], [ -44.3274475, -22.82852569932464 ], [ -44.3275428, -22.828638199324633 ], [ -44.327674399999971, -22.828683999324653 ], [ -44.328033, -22.828727899324626 ], [ -44.3281303, -22.828807999324606 ], [ -44.3281417, -22.828926199324638 ], [ -44.328096, -22.82903489932464 ], [ -44.328094099999987, -22.829401199324625 ], [ -44.328044499999983, -22.829494599324587 ], [ -44.327964399999985, -22.829526999324614 ], [ -44.327836600000012, -22.829517499324613 ], [ -44.327619099999986, -22.829412599324616 ], [ -44.327529500000018, -22.82938969932459 ], [ -44.327418799999968, -22.829423999324636 ], [ -44.32736929999998, -22.829500299324618 ], [ -44.327354, -22.829628099324591 ], [ -44.3274227, -22.829902799324625 ], [ -44.32756, -22.830162199324612 ], [ -44.328061600000012, -22.830844999324601 ], [ -44.328139799999974, -22.83098619932456 ], [ -44.328193199999987, -22.83116159932456 ], [ -44.328185599999976, -22.831279899324603 ], [ -44.3281379, -22.831356199324588 ], [ -44.3280502, -22.831400099324565 ], [ -44.327905199999975, -22.831413399324546 ], [ -44.327787, -22.831380999324601 ], [ -44.327670599999969, -22.83129129932454 ], [ -44.3275352, -22.831173099324573 ], [ -44.3271823, -22.830698199324555 ], [ -44.3270832, -22.830574199324587 ], [ -44.3269573, -22.830478799324577 ], [ -44.326781799999978, -22.830383399324621 ], [ -44.326581499999975, -22.830314799324608 ], [ -44.3258834, -22.83014499932461 ], [ -44.325357, -22.829881799324614 ], [ -44.32513, -22.82970439932463 ], [ -44.324428099999977, -22.828743099324633 ], [ -44.3242583, -22.828594399324626 ], [ -44.32402560000002, -22.828479899324631 ], [ -44.323253200000011, -22.828273899324639 ], [ -44.323142500000017, -22.828178599324644 ], [ -44.32304340000001, -22.828001199324671 ], [ -44.323051, -22.827888599324648 ], [ -44.323230299999977, -22.827505299324653 ], [ -44.323171100000017, -22.827234399324666 ], [ -44.3231998, -22.827016999324687 ], [ -44.3234973, -22.826665999324664 ], [ -44.3235717, -22.826562999324697 ], [ -44.32360790000002, -22.826463799324678 ], [ -44.3235393, -22.826309299324681 ], [ -44.323321799999974, -22.826051899324685 ], [ -44.3232074, -22.825878299324692 ], [ -44.323115799999982, -22.825702799324677 ], [ -44.323117700000012, -22.825580699324703 ], [ -44.323154, -22.825445299324709 ], [ -44.323234099999979, -22.8253556993247 ], [ -44.32329320000003, -22.825260299324746 ], [ -44.323264600000016, -22.82514779932475 ], [ -44.323148300000021, -22.825092499324704 ], [ -44.3230014, -22.825065799324722 ], [ -44.3224444, -22.82519349932474 ], [ -44.322221300000024, -22.825206899324737 ], [ -44.322, -22.825178299324737 ], [ -44.321815, -22.825185899324723 ], [ -44.321633799999972, -22.825218299324721 ], [ -44.321246599999988, -22.825563599324717 ], [ -44.321107400000017, -22.825607399324724 ], [ -44.320804099999982, -22.825634099324713 ], [ -44.320499, -22.825605599324724 ], [ -44.320290199999981, -22.825582999324695 ], [ -44.3202872, -22.825582599324722 ], [ -44.3200888, -22.825613199324735 ], [ -44.3199839, -22.825693299324719 ], [ -44.319938200000031, -22.825761899324668 ], [ -44.319907600000022, -22.825874499324698 ], [ -44.319827499999974, -22.826244499324659 ], [ -44.3196997, -22.826496299324656 ], [ -44.3196158, -22.826559199324709 ], [ -44.319444200000021, -22.826608799324667 ], [ -44.3192343, -22.826606899324684 ], [ -44.318769, -22.826515399324695 ], [ -44.3186412, -22.826505799324686 ], [ -44.3185, -22.826532499324674 ], [ -44.3177943, -22.826660299324693 ], [ -44.317512, -22.826645099324683 ], [ -44.317121, -22.826603099324682 ], [ -44.3168807, -22.826620299324674 ], [ -44.3168215, -22.826831999324707 ], [ -44.31676049999998, -22.826963599324689 ], [ -44.316665100000016, -22.82707609932466 ], [ -44.316548800000021, -22.827156199324648 ], [ -44.31638670000001, -22.82719629932469 ], [ -44.3163371, -22.827196299324697 ], [ -44.316236, -22.827196299324697 ], [ -44.3159956, -22.827098999324633 ], [ -44.315787699999987, -22.826931199324662 ], [ -44.3156981, -22.826868199324661 ], [ -44.3156123, -22.826845299324681 ], [ -44.315436799999986, -22.8268395993247 ], [ -44.315310899999986, -22.826889199324643 ], [ -44.315169799999971, -22.827037999324698 ], [ -44.315169799999971, -22.827154299324686 ], [ -44.3152956, -22.827470899324641 ], [ -44.315320400000012, -22.827692199324655 ], [ -44.315228900000022, -22.827886699324676 ], [ -44.3151507, -22.828230099324628 ], [ -44.3151621, -22.828762199324657 ], [ -44.315282299999971, -22.829273399324606 ], [ -44.315583699999983, -22.830038299324613 ], [ -44.315587499999985, -22.830164099324588 ], [ -44.315553099999974, -22.830335799324605 ], [ -44.3154692, -22.830412099324587 ], [ -44.315362400000019, -22.830452099324589 ], [ -44.3151717, -22.830474999324572 ], [ -44.31384989999998, -22.830099299324569 ], [ -44.313621, -22.830083999324611 ], [ -44.31336349999998, -22.830150799324606 ], [ -44.313281500000016, -22.830204199324623 ], [ -44.313178499999985, -22.830349099324579 ], [ -44.313157499999981, -22.830700099324584 ], [ -44.31307930000002, -22.830925199324611 ], [ -44.312947699999988, -22.830997599324565 ], [ -44.312411699999984, -22.83109869932456 ], [ -44.3122305, -22.831234199324566 ], [ -44.31188150000002, -22.831932299324567 ], [ -44.311788, -22.832018099324578 ], [ -44.3116812, -22.832048599324562 ], [ -44.3115439, -22.832044799324567 ], [ -44.311444699999981, -22.832006599324565 ], [ -44.311341700000028, -22.831934199324536 ], [ -44.311210099999983, -22.831794899324542 ], [ -44.311105199999986, -22.831607999324579 ], [ -44.31096789999998, -22.831340999324578 ], [ -44.310750400000018, -22.831192199324555 ], [ -44.310632199999986, -22.831136899324573 ], [ -44.3104662, -22.831094899324562 ], [ -44.309945500000019, -22.831070099324563 ], [ -44.309775800000018, -22.831043399324571 ], [ -44.309487699999977, -22.830909899324567 ], [ -44.309035699999981, -22.830646699324589 ], [ -44.308783899999966, -22.83060089932458 ], [ -44.307904599999972, -22.830564699324615 ], [ -44.307252300000016, -22.830467399324572 ], [ -44.307073, -22.830501699324603 ], [ -44.306979599999977, -22.830579999324584 ], [ -44.3069967, -22.830764999324572 ], [ -44.307397299999984, -22.831194099324595 ], [ -44.307485, -22.831371499324558 ], [ -44.307494500000018, -22.831533599324572 ], [ -44.307355299999976, -22.83191699932453 ], [ -44.307294300000017, -22.832088699324537 ], [ -44.3072093, -22.832432899324566 ], [ -44.307204099999971, -22.832447599324563 ], [ -44.307172900000012, -22.832507999324555 ], [ -44.307142699999979, -22.832550299324524 ], [ -44.307105, -22.83260049932456 ], [ -44.3070735, -22.832642099324534 ], [ -44.30703560000002, -22.832716899324524 ], [ -44.307003599999973, -22.832784999324542 ], [ -44.306955300000027, -22.832951199324562 ], [ -44.306845, -22.833160799324517 ], [ -44.3067881, -22.833235399324504 ], [ -44.306748500000026, -22.833279699324514 ], [ -44.306711399999983, -22.833311099324526 ], [ -44.306647600000019, -22.833353399324555 ], [ -44.306596899999981, -22.833379599324545 ], [ -44.306536199999982, -22.833400399324535 ], [ -44.3064791, -22.833409399324509 ], [ -44.3064248, -22.833406099324499 ], [ -44.306376199999981, -22.8333979993245 ], [ -44.306329300000016, -22.833380899324535 ], [ -44.306276099999984, -22.833351099324545 ], [ -44.306200400000023, -22.833254399324517 ], [ -44.306189099999976, -22.833181399324531 ], [ -44.3061928, -22.833110999324497 ], [ -44.306211, -22.833039399324555 ], [ -44.306231299999972, -22.83296869932451 ], [ -44.306242100000027, -22.832877299324547 ], [ -44.306236800000015, -22.832816799324529 ], [ -44.306231799999971, -22.832759499324556 ], [ -44.306239600000019, -22.832714099324519 ], [ -44.30626239999998, -22.832666499324567 ], [ -44.306292499999969, -22.832621099324513 ], [ -44.3063222, -22.832571899324549 ], [ -44.3063535, -22.832494599324562 ], [ -44.306365099999987, -22.832449099324563 ], [ -44.306367500000015, -22.832387399324571 ], [ -44.3063626, -22.83231739932457 ], [ -44.306350800000018, -22.832249099324557 ], [ -44.306338200000027, -22.832143899324556 ], [ -44.306313699999976, -22.832040599324582 ], [ -44.3062797, -22.831931999324549 ], [ -44.306247, -22.831841499324558 ], [ -44.3062104, -22.831768699324563 ], [ -44.3061667, -22.831702199324578 ], [ -44.306111499999986, -22.83164389932459 ], [ -44.306033899999989, -22.831589099324535 ], [ -44.305937099999987, -22.831535799324559 ], [ -44.30586749999997, -22.831509399324585 ], [ -44.3057683, -22.831474899324547 ], [ -44.30564279999998, -22.831427799324555 ], [ -44.305548499999979, -22.831377299324544 ], [ -44.305432100000019, -22.831324699324554 ], [ -44.3053145, -22.83127439932456 ], [ -44.305218599999982, -22.831238199324556 ], [ -44.3051135, -22.831202299324552 ], [ -44.305003800000016, -22.831162799324581 ], [ -44.304889300000013, -22.831116699324571 ], [ -44.304776100000026, -22.831065799324566 ], [ -44.304698799999983, -22.831033299324584 ], [ -44.3045709, -22.830993999324573 ], [ -44.3044964, -22.830978499324601 ], [ -44.3043967, -22.830962699324573 ], [ -44.304322099999979, -22.830937499324591 ], [ -44.304298, -22.830922799324579 ], [ -44.304274, -22.830908099324567 ], [ -44.304235399999989, -22.830880399324592 ], [ -44.3041791, -22.830841399324587 ], [ -44.304113099999988, -22.830804899324551 ], [ -44.3040454, -22.830774199324591 ], [ -44.303960300000014, -22.830747099324583 ], [ -44.303861900000015, -22.830712499324594 ], [ -44.303766699999976, -22.830690899324562 ], [ -44.303621099999987, -22.830670999324578 ], [ -44.303543199999979, -22.830669199324575 ], [ -44.303424099999965, -22.830673699324571 ], [ -44.30331080000002, -22.830685699324594 ], [ -44.303205699999978, -22.830713699324576 ], [ -44.303123500000019, -22.830730199324591 ], [ -44.3030132, -22.830756099324564 ], [ -44.302908800000012, -22.830766699324613 ], [ -44.302812399999986, -22.830760899324563 ], [ -44.302721399999989, -22.830743599324588 ], [ -44.302637699999984, -22.830731599324555 ], [ -44.302519399999987, -22.830726899324581 ], [ -44.302432300000014, -22.830732999324599 ], [ -44.30235, -22.830751299324561 ], [ -44.302255899999977, -22.830778799324595 ], [ -44.302180899999989, -22.830801399324574 ], [ -44.302109, -22.830824199324585 ], [ -44.302037400000017, -22.830848099324616 ], [ -44.301952799999981, -22.830861199324598 ], [ -44.3018594, -22.830864899324578 ], [ -44.301726299999977, -22.830862099324577 ], [ -44.301411499999972, -22.830763699324567 ], [ -44.301046699999965, -22.830555199324586 ], [ -44.3007121, -22.830368699324598 ], [ -44.3005144, -22.8302675993246 ], [ -44.300359300000025, -22.830146999324608 ], [ -44.300169900000014, -22.829968299324619 ], [ -44.299978899999985, -22.829745299324621 ], [ -44.2997881, -22.829572999324597 ], [ -44.29957910000001, -22.829407999324623 ], [ -44.2993563, -22.829215899324641 ], [ -44.2992132, -22.829107499324643 ], [ -44.299054, -22.829025599324645 ], [ -44.298857899999973, -22.828984099324654 ], [ -44.2986747, -22.82898559932465 ], [ -44.2984692, -22.829040099324608 ], [ -44.298307599999987, -22.829096199324599 ], [ -44.2981474, -22.829092999324626 ], [ -44.297972800000025, -22.829031299324626 ], [ -44.2978063, -22.828926999324651 ], [ -44.2976646, -22.828853599324631 ], [ -44.2974909, -22.828756999324622 ], [ -44.297337200000023, -22.82859789932461 ], [ -44.297258100000022, -22.828419299324654 ], [ -44.297196799999988, -22.828234299324677 ], [ -44.2971319, -22.828039399324673 ], [ -44.2970767, -22.827845099324641 ], [ -44.297040700000032, -22.82767829932466 ], [ -44.2970042, -22.827563499324654 ], [ -44.296922699999982, -22.827387599324677 ], [ -44.296882200000027, -22.827322099324665 ], [ -44.296750700000018, -22.827204199324637 ], [ -44.296616, -22.82712409932466 ], [ -44.296530500000017, -22.827091299324675 ], [ -44.296447800000017, -22.827074099324673 ], [ -44.296346500000027, -22.827073399324679 ], [ -44.296265, -22.827073199324641 ], [ -44.296168799999968, -22.827085599324633 ], [ -44.29606960000001, -22.827124899324659 ], [ -44.2959624, -22.827170099324665 ], [ -44.2958496, -22.827211699324689 ], [ -44.2956345, -22.827325899324666 ], [ -44.295040299999982, -22.827670699324671 ], [ -44.2944918, -22.827896899324632 ], [ -44.2943833, -22.82796499932466 ], [ -44.2941952, -22.828112999324624 ], [ -44.293994100000013, -22.828248899324642 ], [ -44.293908, -22.828309099324649 ], [ -44.293668500000024, -22.828475799324622 ], [ -44.2935289, -22.828494499324606 ], [ -44.293456100000014, -22.828512299324633 ], [ -44.2933751, -22.828563499324609 ], [ -44.2932798, -22.828635299324617 ], [ -44.293196500000015, -22.828703799324664 ], [ -44.293091899999979, -22.828753399324622 ], [ -44.2929345, -22.828795699324623 ], [ -44.292841399999979, -22.828818999324653 ], [ -44.292727800000037, -22.828853999324611 ], [ -44.29264460000001, -22.828874899324649 ], [ -44.292589500000012, -22.828899899324636 ], [ -44.292546800000011, -22.828931299324651 ], [ -44.2924911, -22.828958699324616 ], [ -44.29233, -22.829017099324606 ], [ -44.292158500000028, -22.829093999324602 ], [ -44.292, -22.829157699324629 ], [ -44.29186420000002, -22.829215199324643 ], [ -44.291644299999966, -22.829283999324591 ], [ -44.29148, -22.829341099324644 ], [ -44.291378199999983, -22.829363399324595 ], [ -44.2912695, -22.82937309932462 ], [ -44.291151500000012, -22.829361499324616 ], [ -44.290992, -22.829316799324637 ], [ -44.290726199999988, -22.82920469932461 ], [ -44.290442, -22.829061799324606 ], [ -44.290205, -22.828928199324658 ], [ -44.290007, -22.828803099324649 ], [ -44.28979320000002, -22.828700999324663 ], [ -44.289517199999977, -22.828644399324606 ], [ -44.289238899999987, -22.828606799324618 ], [ -44.288913499999971, -22.828541199324658 ], [ -44.288639400000022, -22.828480599324617 ], [ -44.2883448, -22.828415399324637 ], [ -44.288055499999977, -22.828326199324639 ], [ -44.2878392, -22.828262599324667 ], [ -44.2876402, -22.828252099324629 ], [ -44.287466699999975, -22.828192099324667 ], [ -44.287334499999986, -22.828161899324641 ], [ -44.287175100000013, -22.828200299324632 ], [ -44.2870823, -22.828243599324665 ], [ -44.286999400000013, -22.828315299324618 ], [ -44.2868264, -22.828372599324673 ], [ -44.286635699999977, -22.828370599324668 ], [ -44.2864356, -22.828281499324643 ], [ -44.286359100000027, -22.828239999324644 ], [ -44.286233200000026, -22.828199699324671 ], [ -44.286115600000016, -22.82817789932465 ], [ -44.286020199999989, -22.828159899324643 ], [ -44.28587349999998, -22.828184699324645 ], [ -44.285814, -22.828216199324626 ], [ -44.285714799999987, -22.828302099324617 ], [ -44.285672299999987, -22.828366099324619 ], [ -44.2856276, -22.828452599324631 ], [ -44.285594100000019, -22.82853879932463 ], [ -44.2855781, -22.828637699324634 ], [ -44.285567800000017, -22.828739999324618 ], [ -44.2855473, -22.828833399324633 ], [ -44.285512200000014, -22.8289277993246 ], [ -44.285503399999975, -22.828983199324618 ], [ -44.2855184, -22.829160699324607 ], [ -44.2855358, -22.829324999324601 ], [ -44.285541599999974, -22.829514499324631 ], [ -44.2855482, -22.82972559932464 ], [ -44.2855667, -22.829873199324616 ], [ -44.285605, -22.829973099324619 ], [ -44.285640699999988, -22.830026199324632 ], [ -44.2857242, -22.83010729932462 ], [ -44.285797699999982, -22.830174399324562 ], [ -44.285861899999972, -22.830255299324577 ], [ -44.285905599999964, -22.830338499324579 ], [ -44.285950800000016, -22.830439599324571 ], [ -44.2859927, -22.830547199324602 ], [ -44.286047100000019, -22.830731599324555 ], [ -44.2860728, -22.830860299324566 ], [ -44.28609380000001, -22.830968799324566 ], [ -44.286095199999977, -22.831058199324548 ], [ -44.286095, -22.831134199324591 ], [ -44.2860862, -22.831214299324575 ], [ -44.2860779, -22.831280099324591 ], [ -44.286085399999976, -22.831383099324551 ], [ -44.2861052, -22.831443199324596 ], [ -44.286138, -22.831515499324592 ], [ -44.286180399999985, -22.831569299324574 ], [ -44.2862242, -22.83161919932455 ], [ -44.286285, -22.831668799324561 ], [ -44.2863393, -22.831729899324582 ], [ -44.286367400000024, -22.831771199324553 ], [ -44.2863883, -22.831827899324569 ], [ -44.286399099999983, -22.831890299324566 ], [ -44.28641, -22.831952599324602 ], [ -44.28638560000001, -22.832008999324582 ], [ -44.286307, -22.832133899324536 ], [ -44.2861914, -22.832296699324516 ], [ -44.2860162, -22.832497699324527 ], [ -44.285823900000025, -22.832724699324562 ], [ -44.2856458, -22.83288609932454 ], [ -44.28553440000001, -22.832983499324545 ], [ -44.2854724, -22.8330194993245 ], [ -44.285407599999985, -22.833039099324534 ], [ -44.2853402, -22.833042499324506 ], [ -44.2852378, -22.83303949932451 ], [ -44.285150400000013, -22.833025799324496 ], [ -44.28487610000002, -22.832919599324576 ], [ -44.284741600000018, -22.832870599324508 ], [ -44.284691899999977, -22.832864799324518 ], [ -44.28462050000001, -22.83287559932457 ], [ -44.2845681, -22.83289039932453 ], [ -44.2845405, -22.832916199324533 ], [ -44.2843542, -22.833032799324556 ], [ -44.284254499999975, -22.833088299324526 ], [ -44.284188700000016, -22.833110599324534 ], [ -44.2840885, -22.833128499324513 ], [ -44.2839957, -22.833141699324543 ], [ -44.283910199999973, -22.833131299324528 ], [ -44.2838749, -22.83312009932451 ], [ -44.283819400000027, -22.833100499324534 ], [ -44.283626599999984, -22.832989099324546 ], [ -44.283247300000021, -22.832853999324538 ], [ -44.283034699999973, -22.83278509932456 ], [ -44.28298130000001, -22.83278339932453 ], [ -44.2829435, -22.832795799324519 ], [ -44.282916, -22.832819799324518 ], [ -44.2829013, -22.832857699324521 ], [ -44.282907500000022, -22.832964999324531 ], [ -44.282952700000017, -22.833215699324505 ], [ -44.2829967, -22.833557599324532 ], [ -44.283009400000019, -22.833769599324494 ], [ -44.2830225, -22.833899299324511 ], [ -44.283051, -22.834040599324467 ], [ -44.2830874, -22.834124899324515 ], [ -44.283136, -22.83420779932451 ], [ -44.283205099999975, -22.834313299324535 ], [ -44.283226099999972, -22.834345399324526 ], [ -44.2832467, -22.834370999324477 ], [ -44.2832522, -22.834413299324495 ], [ -44.283252699999984, -22.834458099324497 ], [ -44.283248500000013, -22.834488899324491 ], [ -44.283236400000014, -22.83457619932452 ], [ -44.283234900000018, -22.834663399324516 ], [ -44.2832449, -22.83473679932446 ], [ -44.283268500000027, -22.834804699324504 ], [ -44.2833, -22.834903199324479 ], [ -44.283361899999974, -22.835008199324506 ], [ -44.2834489, -22.835098599324475 ], [ -44.283677899999986, -22.835302499324502 ], [ -44.2837419, -22.835374399324468 ], [ -44.283814, -22.835490799324479 ], [ -44.2838605, -22.835586599324479 ], [ -44.2839765, -22.835935899324454 ], [ -44.284035599999982, -22.836064599324448 ], [ -44.284054, -22.836120799324462 ], [ -44.2840597, -22.836177199324457 ], [ -44.2840552, -22.836233799324464 ], [ -44.284023499999982, -22.836326099324467 ], [ -44.2839811, -22.836380999324472 ], [ -44.283946, -22.836398099324441 ], [ -44.283908, -22.836396499324444 ], [ -44.28381430000001, -22.836379299324435 ], [ -44.2837052, -22.83634129932447 ], [ -44.283631500000013, -22.836304899324492 ], [ -44.283524399999969, -22.836231499324462 ], [ -44.283366300000012, -22.836116499324472 ], [ -44.2831804, -22.836013799324451 ], [ -44.283004399999975, -22.835899099324475 ], [ -44.282535699999983, -22.835669199324467 ], [ -44.282386099999989, -22.83559909932449 ], [ -44.2821791, -22.835502099324462 ], [ -44.281931900000011, -22.835398999324482 ], [ -44.2816125, -22.83523439932447 ], [ -44.281504600000012, -22.835178399324509 ], [ -44.281262099999985, -22.835052399324486 ], [ -44.280819399999984, -22.834835099324508 ], [ -44.2806016, -22.834718099324473 ], [ -44.280216600000024, -22.834516999324499 ], [ -44.2800573, -22.834417799324477 ], [ -44.279882699999973, -22.834318799324503 ], [ -44.279319199999968, -22.834010999324491 ], [ -44.2790958, -22.83391969932455 ], [ -44.278882599999974, -22.83383289932452 ], [ -44.2784236, -22.833666499324515 ], [ -44.27764209999998, -22.833335299324524 ], [ -44.27710860000002, -22.833142299324557 ], [ -44.2767108, -22.832964999324531 ], [ -44.276265500000022, -22.832733399324542 ], [ -44.276042599999982, -22.83259609932454 ], [ -44.275653200000022, -22.832356199324536 ], [ -44.2749966, -22.831997999324535 ], [ -44.274760300000018, -22.831891499324531 ], [ -44.274578799999972, -22.831831899324555 ], [ -44.274426, -22.831791099324523 ], [ -44.2743484, -22.831777799324563 ], [ -44.274281299999984, -22.83177879932456 ], [ -44.274199099999969, -22.831796699324546 ], [ -44.2741145, -22.831833899324561 ], [ -44.2740263, -22.831895199324563 ], [ -44.273956399999975, -22.831943799324531 ], [ -44.2737699, -22.832063799324569 ], [ -44.2736264, -22.832142399324564 ], [ -44.2735237, -22.832179799324557 ], [ -44.2733695, -22.832225199324533 ], [ -44.2731685, -22.83226399932455 ], [ -44.273075600000013, -22.832272899324565 ], [ -44.273049800000017, -22.832275399324562 ], [ -44.272879699999969, -22.832274299324538 ], [ -44.27267089999998, -22.832261799324581 ], [ -44.272476, -22.832238399324542 ], [ -44.27238490000002, -22.83221329932454 ], [ -44.2722467, -22.832162599324537 ], [ -44.272186499999968, -22.832125099324536 ], [ -44.272083899999977, -22.832037899324547 ], [ -44.271914700000032, -22.831853199324577 ], [ -44.271587899999986, -22.831440099324571 ], [ -44.271459900000018, -22.831249799324596 ], [ -44.271396, -22.83116179932459 ], [ -44.271311500000024, -22.831086099324562 ], [ -44.271198299999973, -22.830998799324558 ], [ -44.271022599999974, -22.830907399324587 ], [ -44.2705992, -22.830703499324617 ], [ -44.27028150000001, -22.8305393993246 ], [ -44.269887499999982, -22.83034959932457 ], [ -44.2695741, -22.830208899324614 ], [ -44.269377299999967, -22.830131999324596 ], [ -44.2690412, -22.830008599324582 ], [ -44.268605200000017, -22.829852699324608 ], [ -44.2683225, -22.829735299324582 ], [ -44.268079, -22.829569499324609 ], [ -44.2676308, -22.829244299324653 ], [ -44.26752190000002, -22.829158599324654 ], [ -44.267489899999973, -22.82912519932464 ], [ -44.267484200000013, -22.829105899324631 ], [ -44.267484099999983, -22.829098399324639 ], [ -44.2674839, -22.829086599324611 ], [ -44.267493600000023, -22.829050299324631 ], [ -44.2675062, -22.829028299324616 ], [ -44.2675292, -22.828999099324598 ], [ -44.267560100000019, -22.828976899324612 ], [ -44.267617200000018, -22.828954499324627 ], [ -44.268006500000013, -22.828798699324626 ], [ -44.2681417, -22.828758399324656 ], [ -44.268310499999977, -22.8287055993246 ], [ -44.268424499999981, -22.828658299324605 ], [ -44.268812299999979, -22.828448299324638 ], [ -44.268983, -22.828364099324634 ], [ -44.26905, -22.828317399324643 ], [ -44.2691064, -22.828268399324646 ], [ -44.2691888, -22.828209499324661 ], [ -44.269245399999988, -22.828165299324674 ], [ -44.269307799999972, -22.828109999324624 ], [ -44.269359099999974, -22.82805859932466 ], [ -44.2694176, -22.827980599324643 ], [ -44.26946479999998, -22.827851899324639 ], [ -44.2694952, -22.827667799324626 ], [ -44.269522, -22.827430499324645 ], [ -44.269518, -22.827357999324665 ], [ -44.269506799999988, -22.827319399324701 ], [ -44.2694715, -22.827247299324672 ], [ -44.269354299999975, -22.827129999324683 ], [ -44.269252199999968, -22.82702859932467 ], [ -44.269182600000022, -22.826944599324666 ], [ -44.269123700000016, -22.82687259932468 ], [ -44.269015500000023, -22.826684899324665 ], [ -44.26891569999998, -22.826526099324706 ], [ -44.268779400000021, -22.826379699324701 ], [ -44.268697, -22.826312699324696 ], [ -44.2685819, -22.826232899324662 ], [ -44.2683619, -22.826118099324663 ], [ -44.2679192, -22.825793799324682 ], [ -44.267589400000013, -22.82554949932473 ], [ -44.2674212, -22.825407799324704 ], [ -44.267332800000013, -22.825316299324705 ], [ -44.26730809999998, -22.825265499324715 ], [ -44.267299, -22.825204799324709 ], [ -44.267312600000025, -22.825100099324704 ], [ -44.267355800000011, -22.824637799324744 ], [ -44.267334600000019, -22.824499299324753 ], [ -44.267334199999986, -22.824482299324735 ], [ -44.267289399999981, -22.824343999324718 ], [ -44.2671947, -22.82394819932475 ], [ -44.2671401, -22.82359079932473 ], [ -44.267123700000013, -22.82329869932477 ], [ -44.26713460000002, -22.823057399324746 ], [ -44.267111600000014, -22.822316699324773 ], [ -44.267101500000017, -22.822209399324809 ], [ -44.267081399999988, -22.822124199324804 ], [ -44.267019899999973, -22.821942999324762 ], [ -44.266977899999972, -22.821816399324778 ], [ -44.266855099999987, -22.821604899324811 ], [ -44.266652700000016, -22.821239999324781 ], [ -44.266519800000026, -22.821052699324799 ], [ -44.266423499999974, -22.82085779932482 ], [ -44.2663943, -22.820795099324808 ], [ -44.266332499999983, -22.82066279932479 ], [ -44.266169, -22.820277499324803 ], [ -44.266121199999979, -22.820138299324825 ], [ -44.2660429, -22.81979859932483 ], [ -44.2659433, -22.819366199324833 ], [ -44.265887500000012, -22.819123799324853 ], [ -44.265849399999979, -22.818945099324857 ], [ -44.265824300000013, -22.818879099324857 ], [ -44.265715899999968, -22.818747299324851 ], [ -44.265610200000033, -22.818620299324884 ], [ -44.265470100000016, -22.81849339932489 ], [ -44.2653598, -22.818403199324852 ], [ -44.2653065, -22.818378899324895 ], [ -44.265250599999987, -22.81836199932485 ], [ -44.265166, -22.818362399324883 ], [ -44.2650708, -22.818362799324859 ], [ -44.264954199999977, -22.818348599324846 ], [ -44.264595699999965, -22.818239799324893 ], [ -44.264263500000027, -22.818182299324871 ], [ -44.263990499999977, -22.818134399324894 ], [ -44.263945200000016, -22.818122299324902 ], [ -44.263883099999987, -22.81806849932487 ], [ -44.263822800000014, -22.817977899324891 ], [ -44.263737, -22.817813599324911 ], [ -44.263697499999978, -22.817705599324896 ], [ -44.26367, -22.817540899324875 ], [ -44.263661, -22.817373799324891 ], [ -44.263638599999979, -22.817319699324873 ], [ -44.26350530000002, -22.817052099324908 ], [ -44.263379900000018, -22.816779399324879 ], [ -44.2633103, -22.816636899324905 ], [ -44.2632476, -22.81644259932493 ], [ -44.2631323, -22.816154799324902 ], [ -44.26300220000001, -22.815921099324957 ], [ -44.262957099999987, -22.815805399324915 ], [ -44.262913299999973, -22.81562559932491 ], [ -44.2628952, -22.815413599324948 ], [ -44.262897099999975, -22.815260699324959 ], [ -44.262924199999972, -22.815164499324936 ], [ -44.262988399999976, -22.815065699324943 ], [ -44.2632168, -22.814669999324927 ], [ -44.2632496, -22.814593399324934 ], [ -44.263276399999988, -22.814482299324965 ], [ -44.263330600000018, -22.81428979932495 ], [ -44.263339700000017, -22.814220599324976 ], [ -44.263331900000018, -22.814109599324947 ], [ -44.2632931, -22.81403799932496 ], [ -44.263239, -22.813998599324954 ], [ -44.263206799999971, -22.813986299324974 ], [ -44.263137299999983, -22.813969099324982 ], [ -44.2630567, -22.813932199324984 ], [ -44.262983799999965, -22.81388289932498 ], [ -44.2628573, -22.81378349932497 ], [ -44.262754799999982, -22.813724299324967 ], [ -44.262630899999976, -22.81365769932501 ], [ -44.262472399999979, -22.813593599324967 ], [ -44.2623138, -22.813526999325013 ], [ -44.262211400000012, -22.813475199325005 ], [ -44.262154399999979, -22.813428299324979 ], [ -44.262102700000014, -22.813381299324998 ], [ -44.2620637, -22.813307199324981 ], [ -44.2620281, -22.813146399324982 ], [ -44.2619901, -22.812875699325016 ], [ -44.2619338, -22.812716699325012 ], [ -44.261871400000011, -22.812590999325007 ], [ -44.2618119, -22.81246259932502 ], [ -44.2617555, -22.812339699325005 ], [ -44.261703800000014, -22.812259299325014 ], [ -44.26165, -22.81219439932503 ], [ -44.2616107, -22.81215949932502 ], [ -44.26160220000002, -22.812151899325013 ], [ -44.261562799999979, -22.812100499324998 ], [ -44.261525899999981, -22.812042399325009 ], [ -44.2615065, -22.811996399325015 ], [ -44.261489499999975, -22.81194469932505 ], [ -44.261493499999965, -22.811907299324986 ], [ -44.261500899999987, -22.811897099325041 ], [ -44.261516799999974, -22.81187529932501 ], [ -44.261565, -22.81184349932504 ], [ -44.261630599999982, -22.811795699325025 ], [ -44.261704099999974, -22.811717599325039 ], [ -44.2617353, -22.811635799325003 ], [ -44.2617608, -22.811546899325005 ], [ -44.2617576, -22.811390999325049 ], [ -44.2617601, -22.811300199325043 ], [ -44.261766099999988, -22.81124319932502 ], [ -44.261797300000012, -22.811175599325054 ], [ -44.2618458, -22.811092099325045 ], [ -44.261875299999971, -22.81099499932504 ], [ -44.26187950000002, -22.810929099325062 ], [ -44.2618721, -22.810868499325082 ], [ -44.261843600000027, -22.810804299325024 ], [ -44.261794, -22.810730999325024 ], [ -44.2617578, -22.810646399325051 ], [ -44.2616972, -22.810471599325091 ], [ -44.2616233, -22.810282399325072 ], [ -44.261551199999978, -22.810109199325066 ], [ -44.261421799999987, -22.809806799325063 ], [ -44.261308199999974, -22.809496299325048 ], [ -44.2612075, -22.809204499325105 ], [ -44.261171699999977, -22.809094699325083 ], [ -44.2611741, -22.809010999325078 ], [ -44.261197499999973, -22.80894879932508 ], [ -44.261232300000017, -22.808906199325094 ], [ -44.2612747, -22.808879599325092 ], [ -44.2613306, -22.808862099325086 ], [ -44.26140179999998, -22.808849999325091 ], [ -44.2614941, -22.808836099325088 ], [ -44.2615692, -22.808822199325107 ], [ -44.261598100000015, -22.808802799325107 ], [ -44.261632899999988, -22.808767299325091 ], [ -44.261660099999972, -22.808719299325091 ], [ -44.2616875, -22.808624999325094 ], [ -44.261701599999974, -22.808500399325123 ], [ -44.2616721, -22.808290599325112 ], [ -44.261631099999988, -22.808055299325087 ], [ -44.261615, -22.807888799325106 ], [ -44.2616069, -22.807610899325102 ], [ -44.261588800000027, -22.807400599325135 ], [ -44.2615587, -22.807242899325136 ], [ -44.2615265, -22.807150099325124 ], [ -44.2614638, -22.807017999325165 ], [ -44.261328900000024, -22.806697699325113 ], [ -44.26131, -22.806647799325152 ], [ -44.2612949, -22.806585399325165 ], [ -44.26129150000002, -22.806512299325142 ], [ -44.261293299999977, -22.806494699325114 ], [ -44.261305600000014, -22.80637759932517 ], [ -44.261304100000025, -22.806304599325131 ], [ -44.261279399999978, -22.806252799325133 ], [ -44.261245, -22.806211699325161 ], [ -44.2611895, -22.806173999325154 ], [ -44.26108390000001, -22.806134299325151 ], [ -44.260965, -22.806096399325149 ], [ -44.260828899999971, -22.80602449932513 ], [ -44.2605734, -22.805831899325145 ], [ -44.260312899999967, -22.805648999325189 ], [ -44.26021320000001, -22.805540899325145 ], [ -44.26009670000002, -22.805397899325158 ], [ -44.2599538, -22.805158499325167 ], [ -44.259835399999986, -22.804943299325164 ], [ -44.259706199999982, -22.804666599325206 ], [ -44.259614100000022, -22.804508699325179 ], [ -44.2596001, -22.80448469932518 ], [ -44.259492899999984, -22.804372299325205 ], [ -44.2594047, -22.804325899325157 ], [ -44.259324900000024, -22.804311499325181 ], [ -44.259273099999966, -22.804325299325214 ], [ -44.25923419999998, -22.80434309932518 ], [ -44.2591994, -22.804388899325186 ], [ -44.259171, -22.804460699325169 ], [ -44.259140100000018, -22.804586499325218 ], [ -44.259107299999982, -22.804678299325175 ], [ -44.2590497, -22.804796599325165 ], [ -44.2589931, -22.804894299325174 ], [ -44.258971200000012, -22.804952199325189 ], [ -44.2589666, -22.805010099325191 ], [ -44.2589706, -22.805062099325156 ], [ -44.2589941, -22.805100199325206 ], [ -44.2590521, -22.805215099325164 ], [ -44.2591117, -22.80536329932518 ], [ -44.259124, -22.805479299325167 ], [ -44.259123400000014, -22.805585199325154 ], [ -44.259092599999981, -22.80569099932519 ], [ -44.259072600000025, -22.805715899325147 ], [ -44.258999800000019, -22.805736599325151 ], [ -44.258883299999979, -22.805736099325156 ], [ -44.258744200000017, -22.805735399325162 ], [ -44.2585944, -22.805734699325168 ], [ -44.2584279, -22.805746599325193 ], [ -44.258318299999978, -22.805775899325173 ], [ -44.258228799999969, -22.80581899932514 ], [ -44.258196899999966, -22.805851099325146 ], [ -44.258195199999989, -22.805879099325185 ], [ -44.2582026, -22.805908599325164 ], [ -44.258241600000019, -22.805966199325166 ], [ -44.258274700000015, -22.806014099325193 ], [ -44.2583242, -22.806092799325146 ], [ -44.258365700000013, -22.806193099325121 ], [ -44.258388700000012, -22.806323799325106 ], [ -44.2583894, -22.80647379932514 ], [ -44.258361900000018, -22.80654449932511 ], [ -44.258324300000027, -22.806586799325146 ], [ -44.2582461, -22.806609999325119 ], [ -44.258107100000011, -22.806574699325136 ], [ -44.257930900000012, -22.806501499325176 ], [ -44.257711700000016, -22.806407499325125 ], [ -44.2574968, -22.806293199325175 ], [ -44.2571656, -22.80616639932515 ], [ -44.256851100000013, -22.806055499325172 ], [ -44.2566896, -22.806030999325163 ], [ -44.25658, -22.806034399325135 ], [ -44.2564152, -22.806081699325141 ], [ -44.256059900000018, -22.806201899325167 ], [ -44.2557549, -22.806256899325142 ], [ -44.255459, -22.806331799325164 ], [ -44.255191599999982, -22.806375899325126 ], [ -44.254953899999968, -22.80636919932515 ], [ -44.254731699999979, -22.806328599325123 ], [ -44.254637399999986, -22.806294299325135 ], [ -44.254579799999981, -22.80623749932515 ], [ -44.2545103, -22.80613839932515 ], [ -44.254464700000028, -22.805990899325145 ], [ -44.2544534, -22.805954599325162 ], [ -44.254424, -22.80575399932513 ], [ -44.254419199999973, -22.805458799325159 ], [ -44.2543744, -22.805291999325178 ], [ -44.254314, -22.805209799325173 ], [ -44.254238, -22.805172799325156 ], [ -44.2541101, -22.805160899325152 ], [ -44.2539638, -22.805162999325169 ], [ -44.253784100000018, -22.805156499325193 ], [ -44.2535921, -22.805158399325155 ], [ -44.253326099999974, -22.805102599325185 ], [ -44.253079599999978, -22.805042199325179 ], [ -44.252921300000033, -22.805013199325202 ], [ -44.252750699999979, -22.805015199325183 ], [ -44.2525951, -22.805051199325149 ], [ -44.2522642, -22.805120999325165 ], [ -44.2518984, -22.80515029932516 ], [ -44.251630299999981, -22.805143399325196 ], [ -44.251365500000013, -22.805082899325171 ], [ -44.250989600000018, -22.804956099325203 ], [ -44.250391, -22.804781599325196 ], [ -44.250206100000014, -22.804671899325204 ], [ -44.250073199999967, -22.804588899325203 ], [ -44.250000399999969, -22.804551699325181 ], [ -44.2499472, -22.804532399325208 ], [ -44.249889699999983, -22.804519799325163 ], [ -44.249795600000034, -22.804500699325182 ], [ -44.249656099999982, -22.804460999325194 ], [ -44.249588800000019, -22.804448199325222 ], [ -44.249514700000013, -22.804454099325174 ], [ -44.249395100000015, -22.804467599325196 ], [ -44.2493328, -22.804459499325191 ], [ -44.249271799999974, -22.804447799325178 ], [ -44.2491812, -22.804394399325172 ], [ -44.249126, -22.80433799932517 ], [ -44.2490489, -22.804264299325197 ], [ -44.248926700000027, -22.804142199325202 ], [ -44.248820599999988, -22.804038399325226 ], [ -44.248721, -22.803970099325209 ], [ -44.248622599999976, -22.803917699325208 ], [ -44.2485127, -22.803878799325222 ], [ -44.2484129, -22.803852399325173 ], [ -44.248258599999978, -22.80379119932519 ], [ -44.248075, -22.803708199325218 ], [ -44.24792860000003, -22.803653699325178 ], [ -44.247854599999975, -22.803628299325226 ], [ -44.247789800000021, -22.803616699325225 ], [ -44.2476636, -22.803614499325185 ], [ -44.247555200000022, -22.803617499325167 ], [ -44.247361599999984, -22.803644999325233 ], [ -44.247232199999985, -22.803670799325229 ], [ -44.247184500000017, -22.8036898993252 ], [ -44.247035799999985, -22.803771999325189 ], [ -44.246984199999979, -22.803819299325195 ], [ -44.246909699999989, -22.803885899325198 ], [ -44.2468657, -22.803924399325226 ], [ -44.246825800000011, -22.803947299325205 ], [ -44.2467742, -22.803976799325191 ], [ -44.2466713, -22.80400629932522 ], [ -44.2465952, -22.804023499325222 ], [ -44.2464868, -22.804024799325177 ], [ -44.246405200000019, -22.803994399325209 ], [ -44.2462172, -22.803925399325234 ], [ -44.246090700000025, -22.803851099325183 ], [ -44.245940500000017, -22.803736299325234 ], [ -44.24571450000002, -22.80355419932522 ], [ -44.245384300000012, -22.803300599325219 ], [ -44.245211400000017, -22.803171699325219 ], [ -44.244992599999982, -22.803045499325219 ], [ -44.2447522, -22.80292439932521 ], [ -44.244499299999973, -22.802804299325231 ], [ -44.244168199999983, -22.802615399325205 ], [ -44.2440196, -22.802524399325222 ], [ -44.24378890000002, -22.802359999325258 ], [ -44.2435309, -22.80215399932522 ], [ -44.24338, -22.802002799325273 ], [ -44.243310300000019, -22.80192619932528 ], [ -44.24327779999998, -22.801890499325257 ], [ -44.2431995, -22.801783799325268 ], [ -44.243165, -22.801733199325248 ], [ -44.2431456, -22.801686899325244 ], [ -44.243133699999987, -22.801646199325251 ], [ -44.243134, -22.801594299325227 ], [ -44.243155399999978, -22.801545399325271 ], [ -44.2432124, -22.801506699325259 ], [ -44.24325929999997, -22.801491499325248 ], [ -44.243336600000021, -22.801482099325256 ], [ -44.2434455, -22.801485399325241 ], [ -44.2435317, -22.801487199325258 ], [ -44.243587699999978, -22.801488899325236 ], [ -44.243674, -22.801475299325261 ], [ -44.243709, -22.80144879932525 ], [ -44.243739399999981, -22.801418099325225 ], [ -44.2437714, -22.801379099325278 ], [ -44.243792699999958, -22.801344099325242 ], [ -44.2438143, -22.801282599325237 ], [ -44.243847899999984, -22.801215499325281 ], [ -44.243908, -22.801047799325254 ], [ -44.2439314, -22.8009662993253 ], [ -44.2439549, -22.800884799325281 ], [ -44.2439612, -22.800771199325254 ], [ -44.2439503, -22.800659399325252 ], [ -44.2439117, -22.800506199325252 ], [ -44.243829199999986, -22.800294599325277 ], [ -44.2437933, -22.80022079932526 ], [ -44.24375179999997, -22.800165699325266 ], [ -44.243689599999982, -22.800094099325307 ], [ -44.243594200000018, -22.799992399325298 ], [ -44.2435388, -22.79994609932529 ], [ -44.243507500000021, -22.799906899325308 ], [ -44.243481200000019, -22.799871699325287 ], [ -44.243456499999979, -22.799834499325268 ], [ -44.243412499999977, -22.799795499325313 ], [ -44.243349, -22.799764899325314 ], [ -44.2432832, -22.799745899325295 ], [ -44.243224899999973, -22.799738499325283 ], [ -44.243149599999974, -22.799742399325304 ], [ -44.2431234, -22.799755099325317 ], [ -44.243083300000023, -22.79979329932528 ], [ -44.242999, -22.79986559932529 ], [ -44.242926, -22.799925399325296 ], [ -44.2428246, -22.800006699325287 ], [ -44.242748399999975, -22.800062899325287 ], [ -44.2426595, -22.800117799325289 ], [ -44.2425649, -22.800161999325304 ], [ -44.242453599999969, -22.800189099325308 ], [ -44.242337, -22.80020999932529 ], [ -44.242233899999974, -22.800218399325306 ], [ -44.24215880000002, -22.800210899325315 ], [ -44.2421165, -22.800203599325268 ], [ -44.242056900000016, -22.800178299325314 ], [ -44.242015700000017, -22.800137099325262 ], [ -44.241963399999968, -22.800071899325275 ], [ -44.2419112, -22.799979199325296 ], [ -44.241867300000024, -22.799901899325306 ], [ -44.2418123, -22.799814299325277 ], [ -44.2416938, -22.799669899325334 ], [ -44.2415221, -22.799493499325276 ], [ -44.241466, -22.799449999325283 ], [ -44.2413853, -22.799384699325334 ], [ -44.2413485, -22.799342499325324 ], [ -44.241303399999978, -22.799291399325323 ], [ -44.241262600000027, -22.799228899325318 ], [ -44.241236699999988, -22.799189299325324 ], [ -44.241196, -22.799101299325336 ], [ -44.241146800000024, -22.798978399325332 ], [ -44.241044, -22.798753099325317 ], [ -44.240944300000024, -22.798546699325296 ], [ -44.240856599999979, -22.798405199325334 ], [ -44.2407268, -22.798170299325324 ], [ -44.240676899999976, -22.798058299325319 ], [ -44.2406474, -22.797939399325347 ], [ -44.240645299999976, -22.797833999325359 ], [ -44.2406522, -22.797718199325374 ], [ -44.240655699999984, -22.797687599325354 ], [ -44.2406793, -22.797627299325342 ], [ -44.240713400000011, -22.797580899325371 ], [ -44.2407202, -22.797571499325343 ], [ -44.2407478, -22.797546199325346 ], [ -44.2407953, -22.797509799325361 ], [ -44.2408375, -22.797447499325333 ], [ -44.240873099999988, -22.797367299325366 ], [ -44.240877899999987, -22.797303199325338 ], [ -44.240877500000011, -22.797185599325335 ], [ -44.240865400000018, -22.797113399325365 ], [ -44.2408352, -22.797018399325378 ], [ -44.2408057, -22.796964499325366 ], [ -44.240773100000013, -22.796903399325384 ], [ -44.240737500000016, -22.796829199325359 ], [ -44.2407159, -22.796772499325336 ], [ -44.240714500000017, -22.796730399325376 ], [ -44.2407303, -22.796658399325391 ], [ -44.240768600000017, -22.796592499325349 ], [ -44.240811300000018, -22.796530699325395 ], [ -44.2408516, -22.796495799325378 ], [ -44.240947899999973, -22.796428099325389 ], [ -44.241035099999976, -22.796383099325393 ], [ -44.2412205, -22.796305499325392 ], [ -44.241442199999987, -22.796241999325378 ], [ -44.241502500000024, -22.796227799325383 ], [ -44.2415694, -22.796215799325399 ], [ -44.24169669999997, -22.796183299325389 ], [ -44.241761499999988, -22.796162999325364 ], [ -44.2418508, -22.796126199325386 ], [ -44.241922400000014, -22.796097699325401 ], [ -44.241985100000022, -22.7960483993254 ], [ -44.242016499999977, -22.795981399325409 ], [ -44.242028300000015, -22.795903999325393 ], [ -44.242023, -22.795790299325411 ], [ -44.242001500000015, -22.795691999325363 ], [ -44.2419676, -22.795617199325374 ], [ -44.2419294, -22.795542299325415 ], [ -44.241845500000011, -22.795434099325405 ], [ -44.241730800000028, -22.795326699325379 ], [ -44.241527599999984, -22.795163499325408 ], [ -44.241447600000015, -22.795094599325438 ], [ -44.241372399999982, -22.79502859932543 ], [ -44.2412801, -22.794914299325431 ], [ -44.241194199999988, -22.794735299325428 ], [ -44.2411171, -22.794556899325386 ], [ -44.241061699999982, -22.794446299325436 ], [ -44.240936700000013, -22.794222099325442 ], [ -44.240915799999982, -22.794185999325464 ], [ -44.240882699999986, -22.794140599325416 ], [ -44.240856300000011, -22.794103499325441 ], [ -44.240760500000029, -22.794003599325432 ], [ -44.240667799999983, -22.793910399325434 ], [ -44.2406396, -22.793885899325453 ], [ -44.240581299999967, -22.793821899325447 ], [ -44.240519, -22.793733499325405 ], [ -44.2405031, -22.793682799325438 ], [ -44.24048729999997, -22.793602099325426 ], [ -44.2404826, -22.793508199325462 ], [ -44.240478100000011, -22.793457599325457 ], [ -44.240465200000017, -22.793411599325466 ], [ -44.240437, -22.793354699325462 ], [ -44.240369, -22.793269799325468 ], [ -44.240305200000023, -22.793196899325455 ], [ -44.240275600000018, -22.793139899325485 ], [ -44.240251600000015, -22.793094899325485 ], [ -44.24023, -22.79303989932545 ], [ -44.240223399999984, -22.792994899325461 ], [ -44.240223899999982, -22.792917499325448 ], [ -44.240223, -22.792860999325477 ], [ -44.240228, -22.792786699325472 ], [ -44.240234, -22.792622099325477 ], [ -44.2402313, -22.792558599325485 ], [ -44.240220500000014, -22.792463099325495 ], [ -44.2401969, -22.792411499325478 ], [ -44.2401631, -22.792370299325491 ], [ -44.2401008, -22.792328699325456 ], [ -44.2400139, -22.792247399325472 ], [ -44.2399683, -22.792183299325448 ], [ -44.239888699999987, -22.7920360993255 ], [ -44.239775300000012, -22.791777999325511 ], [ -44.2396688, -22.791509399325495 ], [ -44.239617800000012, -22.791363699325469 ], [ -44.239580199999978, -22.791246899325458 ], [ -44.239555499999987, -22.791170199325496 ], [ -44.2395328, -22.791113099325525 ], [ -44.239516499999979, -22.791035799325478 ], [ -44.239515900000015, -22.791031499325477 ], [ -44.2395103, -22.790994299325526 ], [ -44.2394916, -22.790906299325517 ], [ -44.239471499999979, -22.790839699325502 ], [ -44.2394425, -22.790744599325492 ], [ -44.239390399999984, -22.790566599325484 ], [ -44.239371, -22.790488699325547 ], [ -44.239351199999987, -22.790428199325529 ], [ -44.239329, -22.790389499325517 ], [ -44.239299800000019, -22.790340299325539 ], [ -44.239232300000033, -22.790230099325495 ], [ -44.2392211, -22.790205899325507 ], [ -44.2392115, -22.790157499325538 ], [ -44.239218400000034, -22.790090999325539 ], [ -44.2392466, -22.790018699325543 ], [ -44.2392747, -22.789946299325511 ], [ -44.2393506, -22.789765599325538 ], [ -44.239384299999983, -22.789646599325554 ], [ -44.239395699999982, -22.789566299325529 ], [ -44.239388799999972, -22.789466999325537 ], [ -44.239348800000016, -22.789402099325553 ], [ -44.239275599999985, -22.789330299325556 ], [ -44.2391642, -22.789222499325536 ], [ -44.23906369999996, -22.789104599325519 ], [ -44.2389756, -22.78898949932556 ], [ -44.238900199999989, -22.788879399325548 ], [ -44.2388611, -22.788816899325528 ], [ -44.238795900000014, -22.788723699325537 ], [ -44.238750700000018, -22.788665599325558 ], [ -44.238697600000023, -22.788621999325539 ], [ -44.238648300000023, -22.78857579932555 ], [ -44.238620799999971, -22.788526299325564 ], [ -44.238602399999976, -22.788469899325548 ], [ -44.238589900000022, -22.788452899325542 ], [ -44.238570499999973, -22.788438999325539 ], [ -44.2385441, -22.788433499325553 ], [ -44.238514899999977, -22.788432899325528 ], [ -44.238495399999969, -22.788424799325529 ], [ -44.238472600000016, -22.78840659932554 ], [ -44.238443, -22.788382199325554 ], [ -44.2384014, -22.788347599325576 ], [ -44.2383757, -22.788324299325545 ], [ -44.238347299999987, -22.788292199325568 ], [ -44.238322700000033, -22.788257199325543 ], [ -44.23830329999997, -22.788219499325589 ], [ -44.2382788, -22.788164899325594 ], [ -44.238255499999973, -22.788113899325548 ], [ -44.23824, -22.788079899325577 ], [ -44.238220599999977, -22.788044699325571 ], [ -44.23817780000001, -22.787995599325559 ], [ -44.2381401, -22.787961599325598 ], [ -44.23805, -22.787889099325543 ], [ -44.2380083, -22.787853799325568 ], [ -44.237978399999974, -22.787829399325599 ], [ -44.237929, -22.787770999325591 ], [ -44.237896700000022, -22.787707899325568 ], [ -44.2378746, -22.78765539932559 ], [ -44.23785, -22.787601899325615 ], [ -44.23781630000002, -22.787556999325577 ], [ -44.237783799999988, -22.787510799325592 ], [ -44.237737, -22.787442399325567 ], [ -44.2376903, -22.787363499325618 ], [ -44.2376461, -22.787270099325593 ], [ -44.237636099999975, -22.787236399325568 ], [ -44.237621900000015, -22.787182399325602 ], [ -44.237598100000014, -22.787120599325565 ], [ -44.237580799999989, -22.787090899325595 ], [ -44.237533699999972, -22.787042099325596 ], [ -44.237491, -22.787004199325605 ], [ -44.2374448, -22.78696689932557 ], [ -44.237395699999965, -22.786942299325609 ], [ -44.237358099999987, -22.786929999325572 ], [ -44.237306499999981, -22.786919899325575 ], [ -44.2372467, -22.786911999325575 ], [ -44.2371033, -22.786882999325574 ], [ -44.237005500000016, -22.786862599325602 ], [ -44.236882799999982, -22.786828199325598 ], [ -44.236738800000012, -22.786769099325621 ], [ -44.236589799999983, -22.786692999325616 ], [ -44.2364773, -22.786629399325577 ], [ -44.2364091, -22.786576299325585 ], [ -44.236285399999986, -22.786435799325602 ], [ -44.2361151, -22.786213099325611 ], [ -44.2359503, -22.786010899325618 ], [ -44.235818699999975, -22.785867199325605 ], [ -44.235726, -22.78577479932563 ], [ -44.23555529999998, -22.785636999325636 ], [ -44.2354123, -22.785549799325633 ], [ -44.2353519, -22.785521499325647 ], [ -44.235266599999989, -22.785457199325617 ], [ -44.2351663, -22.785346199325627 ], [ -44.2350004, -22.785122599325668 ], [ -44.234918499999985, -22.785000199325655 ], [ -44.234781100000021, -22.784795099325645 ], [ -44.234704099999981, -22.784704199325674 ], [ -44.23463, -22.784637099325643 ], [ -44.234505899999981, -22.784549699325666 ], [ -44.2343343, -22.78442879932566 ], [ -44.234177100000011, -22.784318999325635 ], [ -44.234061199999985, -22.784235399325667 ], [ -44.2340186, -22.784194399325642 ], [ -44.233901100000018, -22.784057799325673 ], [ -44.2337895, -22.783913499325646 ], [ -44.233709799999986, -22.783818999325668 ], [ -44.23365, -22.783751799325653 ], [ -44.233445599999982, -22.783573899325685 ], [ -44.233410900000031, -22.783546699325655 ], [ -44.233374299999973, -22.783522899325654 ], [ -44.2333329, -22.7835043993257 ], [ -44.2332953, -22.783499799325689 ], [ -44.233251900000027, -22.783498799325688 ], [ -44.233217099999983, -22.78349419932567 ], [ -44.233187, -22.783486199325701 ], [ -44.2331492, -22.78345249932568 ], [ -44.2331193, -22.783413099325688 ], [ -44.233097900000018, -22.78337019932566 ], [ -44.2330793, -22.783328199325709 ], [ -44.233064500000012, -22.783275799325683 ], [ -44.233046499999986, -22.78318799932568 ], [ -44.233031100000012, -22.783101399325709 ], [ -44.2330187, -22.783033699325667 ], [ -44.2329939, -22.782974799325665 ], [ -44.232965499999978, -22.78292699932566 ], [ -44.232924, -22.782861499325719 ], [ -44.232901500000018, -22.782819299325723 ], [ -44.2328814, -22.782780399325688 ], [ -44.232870699999978, -22.782737399325669 ], [ -44.2328561, -22.782641499325717 ], [ -44.2328374, -22.78251369932568 ], [ -44.2328187, -22.782403799325703 ], [ -44.232797300000023, -22.78233839932571 ], [ -44.2327619, -22.782263999325693 ], [ -44.232665699999984, -22.78209999932572 ], [ -44.232581400000015, -22.781968199325703 ], [ -44.232476, -22.781797199325741 ], [ -44.2324534, -22.781766199325709 ], [ -44.2324383, -22.781741399325714 ], [ -44.2324175, -22.781709599325715 ], [ -44.2323854, -22.781667999325741 ], [ -44.2323596, -22.781647099325696 ], [ -44.232308100000012, -22.781627999325728 ], [ -44.232248500000019, -22.781612699325702 ], [ -44.232216, -22.781594899325739 ], [ -44.232195699999963, -22.781575899325716 ], [ -44.232170100000019, -22.781549399325741 ], [ -44.2321175, -22.781489999325732 ], [ -44.232085199999965, -22.7814382993257 ], [ -44.2320365, -22.781372699325754 ], [ -44.232019799999989, -22.78134429932572 ], [ -44.231983300000017, -22.781302999325703 ], [ -44.231960599999979, -22.781268899325717 ], [ -44.231933299999973, -22.781229099325753 ], [ -44.231899899999966, -22.781186399325755 ], [ -44.231850800000018, -22.781125599325726 ], [ -44.2318376, -22.781108699325731 ], [ -44.231822, -22.781087299325755 ], [ -44.231802800000018, -22.781057999325707 ], [ -44.23179440000002, -22.781043399325721 ], [ -44.231778799999965, -22.781004099325742 ], [ -44.231765900000021, -22.780938899325744 ], [ -44.231761300000016, -22.780895099325743 ], [ -44.2317666, -22.780812699325736 ], [ -44.2317728, -22.780746199325758 ], [ -44.231775, -22.780694099325743 ], [ -44.2317656, -22.78064539932576 ], [ -44.2317387, -22.780587799325716 ], [ -44.231688599999984, -22.780531799325747 ], [ -44.231609400000025, -22.780435399325732 ], [ -44.231557399999978, -22.780372199325733 ], [ -44.231516899999967, -22.780319899325743 ], [ -44.2314513, -22.780242199325723 ], [ -44.23137209999998, -22.780131399325768 ], [ -44.231321900000012, -22.78008619932578 ], [ -44.231292900000021, -22.780069899325753 ], [ -44.2312367, -22.780049899325746 ], [ -44.231222, -22.780046499325781 ], [ -44.231157199999977, -22.780031499325769 ], [ -44.2310162, -22.780025399325766 ], [ -44.230971599999961, -22.780021599325771 ], [ -44.230915299999985, -22.780026699325756 ], [ -44.230858899999987, -22.780035399325733 ], [ -44.230796699999985, -22.780047699325777 ], [ -44.230717, -22.780061699325728 ], [ -44.230635399999983, -22.780077499325756 ], [ -44.2305597, -22.780084299325761 ], [ -44.23050139999998, -22.780091299325736 ], [ -44.230398400000013, -22.780097999325765 ], [ -44.2302742, -22.780091999325776 ], [ -44.230183, -22.78008069932574 ], [ -44.2301074, -22.780067799325732 ], [ -44.229962, -22.780020299325763 ], [ -44.2298257, -22.779973799325742 ], [ -44.229675699999966, -22.779923399325721 ], [ -44.2295383, -22.779887199325774 ], [ -44.229280399999986, -22.779825699325766 ], [ -44.229083800000012, -22.779776099325744 ], [ -44.228808, -22.779721499325753 ], [ -44.228703699999976, -22.779687199325782 ], [ -44.228608800000011, -22.779653299325766 ], [ -44.228537099999983, -22.779633199325737 ], [ -44.228495899999984, -22.779621599325747 ], [ -44.228326, -22.779587199325757 ], [ -44.228179399999988, -22.779561999325772 ], [ -44.228046, -22.779547999325747 ], [ -44.2279448, -22.779543099325785 ], [ -44.22788, -22.779547199325783 ], [ -44.227808, -22.779553199325775 ], [ -44.227599699999978, -22.779581899325745 ], [ -44.2275363, -22.779573499325782 ], [ -44.2274226, -22.779570999325731 ], [ -44.227279300000021, -22.779562899325729 ], [ -44.227082900000021, -22.779556099325735 ], [ -44.226792900000021, -22.779566299325765 ], [ -44.226610400000027, -22.779579099325733 ], [ -44.2264083, -22.779594099325767 ], [ -44.226252900000027, -22.779613899325774 ], [ -44.226028400000011, -22.779651599325792 ], [ -44.225905, -22.779685299325745 ], [ -44.2256582, -22.779752599325761 ], [ -44.225422700000017, -22.77982769932574 ], [ -44.225272, -22.779884099325763 ], [ -44.225092, -22.779917399325758 ], [ -44.225003099999974, -22.779937499325779 ], [ -44.224911799999973, -22.779957599325748 ], [ -44.2247663, -22.77998199932577 ], [ -44.2246528, -22.780008899325743 ], [ -44.2246093, -22.780023799325733 ], [ -44.224593500000026, -22.780029099325734 ], [ -44.2243972, -22.780125399325723 ], [ -44.224337900000023, -22.780150199325739 ], [ -44.2242564, -22.780193199325733 ], [ -44.224182199999966, -22.780236199325742 ], [ -44.2240562, -22.780297199325759 ], [ -44.223962299999975, -22.780335499325719 ], [ -44.223898099999985, -22.780348899325713 ], [ -44.2238365, -22.780359999325732 ], [ -44.22375, -22.78039609932576 ], [ -44.223678300000017, -22.780445999325739 ], [ -44.223628700000013, -22.780495999325776 ], [ -44.223534700000016, -22.780563999325771 ], [ -44.223408099999972, -22.780641799325757 ], [ -44.223245, -22.780718599325731 ], [ -44.223160899999982, -22.780768399325741 ], [ -44.223047099999967, -22.780840899325714 ], [ -44.222948, -22.780936299325731 ], [ -44.2228736, -22.781024999325734 ], [ -44.222791599999987, -22.781152399325716 ], [ -44.222712, -22.781282199325734 ], [ -44.2226069, -22.781427399325707 ], [ -44.2225108, -22.781523999325721 ], [ -44.222438, -22.781586399325704 ], [ -44.222365299999971, -22.781633199325693 ], [ -44.222257599999963, -22.781674299325733 ], [ -44.222152699999974, -22.781683699325701 ], [ -44.2220125, -22.781683099325715 ], [ -44.2218924, -22.781666799325706 ], [ -44.2217662, -22.781636199325689 ], [ -44.22169539999998, -22.781604399325712 ], [ -44.2216355, -22.781569899325749 ], [ -44.221491099999973, -22.781497799325731 ], [ -44.2213365, -22.781456999325709 ], [ -44.2211621, -22.781441499325759 ], [ -44.220851, -22.781428599325753 ], [ -44.2206802, -22.781422199325739 ], [ -44.2204721, -22.781409399325685 ], [ -44.220311200000026, -22.781397099325716 ], [ -44.22018759999996, -22.7813643993257 ], [ -44.2201258, -22.781331999325751 ], [ -44.220071599999976, -22.781283599325715 ], [ -44.219997799999973, -22.781202899325706 ], [ -44.219864799999975, -22.781014199325746 ], [ -44.219810199999976, -22.780912799325733 ], [ -44.219742900000028, -22.78076159932575 ], [ -44.219649600000018, -22.780574799325759 ], [ -44.21958080000001, -22.780447999325727 ], [ -44.219504, -22.78036489932574 ], [ -44.2194037, -22.780294399325754 ], [ -44.219258599999982, -22.780239299325753 ], [ -44.219030499999974, -22.780196099325764 ], [ -44.218899099999973, -22.780185099325728 ], [ -44.218776100000021, -22.780163799325788 ], [ -44.218644900000015, -22.780126799325771 ], [ -44.218399099999985, -22.780050499325771 ], [ -44.218293099999975, -22.780008499325774 ], [ -44.218164600000016, -22.779963799325781 ], [ -44.218078199999979, -22.779924499325748 ], [ -44.217989, -22.779856699325734 ], [ -44.217863, -22.779713999325772 ], [ -44.217733899999985, -22.77954169932574 ], [ -44.217628199999972, -22.779413399325779 ], [ -44.217544, -22.779317999325748 ], [ -44.217465899999972, -22.779235099325756 ], [ -44.217354100000016, -22.779158199325764 ], [ -44.217237, -22.779113699325766 ], [ -44.217062600000013, -22.779066699325767 ], [ -44.21687050000002, -22.779058799325757 ], [ -44.2166183, -22.779092199325767 ], [ -44.216503400000022, -22.779121699325806 ], [ -44.2163633, -22.779178799325777 ], [ -44.216223099999979, -22.779256699325789 ], [ -44.216080499999975, -22.779318399325799 ], [ -44.2158756, -22.779375199325763 ], [ -44.215736400000026, -22.779388299325767 ], [ -44.215626499999985, -22.779403899325732 ], [ -44.215491799999988, -22.779405599325777 ], [ -44.215392099999967, -22.779370399325778 ], [ -44.2152752, -22.779316699325754 ], [ -44.215163299999965, -22.779246799325783 ], [ -44.215028899999986, -22.779174399325761 ], [ -44.214847099999986, -22.779124999325798 ], [ -44.214662499999967, -22.779100999325795 ], [ -44.214537800000016, -22.779098099325775 ], [ -44.214395500000016, -22.7791019993258 ], [ -44.2142682, -22.779110599325797 ], [ -44.2141464, -22.779129799325787 ], [ -44.2141259, -22.779132999325785 ], [ -44.213950899999979, -22.779182999325759 ], [ -44.213773600000025, -22.77920759932579 ], [ -44.213587599999983, -22.779237699325783 ], [ -44.21348260000002, -22.77927179932578 ], [ -44.2134125, -22.779306099325758 ], [ -44.2133687, -22.779350599325767 ], [ -44.2133422, -22.779377499325786 ], [ -44.213266799999978, -22.779476499325749 ], [ -44.213166300000012, -22.779600799325781 ], [ -44.213042700000024, -22.779736099325742 ], [ -44.2128571, -22.779899599325788 ], [ -44.212617899999984, -22.780128599325764 ], [ -44.2124784, -22.780298999325762 ], [ -44.212360400000023, -22.780446399325765 ], [ -44.2121457, -22.780617699325724 ], [ -44.211931900000025, -22.780748199325728 ], [ -44.211768099999965, -22.780822999325736 ], [ -44.2116221, -22.780907799325753 ], [ -44.211445099999985, -22.781069399325716 ], [ -44.2112998, -22.78124349932575 ], [ -44.210954599999972, -22.78160999932572 ], [ -44.210835, -22.781725399325744 ], [ -44.210610299999978, -22.781885499325703 ], [ -44.2104777, -22.781948599325727 ], [ -44.210378699999978, -22.781985799325685 ], [ -44.2102573, -22.782018499325709 ], [ -44.210057800000016, -22.782054799325728 ], [ -44.209952400000013, -22.782080899325681 ], [ -44.209870799999976, -22.78210109932569 ], [ -44.209847, -22.782107099325728 ], [ -44.209646, -22.782185199325717 ], [ -44.209476699999989, -22.782267099325715 ], [ -44.209289300000016, -22.782385799325684 ], [ -44.2090695, -22.782509799325698 ], [ -44.2088867, -22.782561399325715 ], [ -44.2086367, -22.782607799325692 ], [ -44.2084221, -22.782655899325697 ], [ -44.208209300000021, -22.782690999325688 ], [ -44.208042700000014, -22.782703299325672 ], [ -44.207893899999981, -22.782697599325708 ], [ -44.2077506, -22.782665699325683 ], [ -44.20761090000002, -22.782622399325682 ], [ -44.207482500000012, -22.782560999325693 ], [ -44.207355399999976, -22.782484899325691 ], [ -44.207223, -22.782397299325726 ], [ -44.2071424, -22.782351599325722 ], [ -44.2071108, -22.782333699325676 ], [ -44.207021, -22.782289499325696 ], [ -44.2069002, -22.782260099325669 ], [ -44.206793, -22.782256299325674 ], [ -44.2067364, -22.782262699325695 ], [ -44.206670299999985, -22.782277199325723 ], [ -44.206576700000021, -22.782305399325686 ], [ -44.2064279, -22.782370999325714 ], [ -44.206235400000018, -22.782467199325684 ], [ -44.2060659, -22.782575399325676 ], [ -44.205850199999986, -22.782714199325682 ], [ -44.2057284, -22.782796999325704 ], [ -44.205690899999972, -22.782822399325688 ], [ -44.205552899999986, -22.782932599325658 ], [ -44.205458, -22.78301519932571 ], [ -44.205344, -22.783076899325707 ], [ -44.205222199999973, -22.783105899325697 ], [ -44.2051037, -22.7831215993257 ], [ -44.2049725, -22.783126899325694 ], [ -44.2048542, -22.783129799325668 ], [ -44.2047637, -22.783136299325712 ], [ -44.204671299999958, -22.783149699325708 ], [ -44.2045928, -22.783170399325698 ], [ -44.204401800000021, -22.783256799325688 ], [ -44.204045099999973, -22.783456099325701 ], [ -44.2038938, -22.783534099325664 ], [ -44.2037338, -22.78363759932569 ], [ -44.2036292, -22.783719699325683 ], [ -44.2035416, -22.783813799325689 ], [ -44.203396100000013, -22.784004499325647 ], [ -44.2032585, -22.784203299325668 ], [ -44.2030555, -22.784528299325629 ], [ -44.2029258, -22.784806199325622 ], [ -44.2028553, -22.784943399325609 ], [ -44.2027969, -22.785074999325637 ], [ -44.202750700000024, -22.785212399325609 ], [ -44.202620599999982, -22.785396899325644 ], [ -44.2024783, -22.78552519932563 ], [ -44.20231050000001, -22.785638399325613 ], [ -44.202245199999986, -22.78568249932562 ], [ -44.2021467, -22.7857293993256 ], [ -44.202050400000012, -22.785770499325618 ], [ -44.2018559, -22.78580669932564 ], [ -44.201695, -22.785838799325635 ], [ -44.201576699999976, -22.785841299325632 ], [ -44.201499, -22.785826799325619 ], [ -44.2014196, -22.785815499325643 ], [ -44.20131989999998, -22.785796199325617 ], [ -44.201164300000016, -22.785809499325651 ], [ -44.2010611, -22.785840199325627 ], [ -44.200999, -22.785864099325654 ], [ -44.200906, -22.785874699325635 ], [ -44.20080589999997, -22.785881899325616 ], [ -44.2007274, -22.785868299325628 ], [ -44.200638200000014, -22.785832499325643 ], [ -44.2005944, -22.785806099325626 ], [ -44.200555099999974, -22.78578249932561 ], [ -44.2003833, -22.785636799325637 ], [ -44.200220300000019, -22.785475699325641 ], [ -44.200046400000012, -22.785300599325659 ], [ -44.1999075, -22.785146499325627 ], [ -44.199747100000017, -22.784974299325622 ], [ -44.199580299999965, -22.784808099325669 ], [ -44.199499, -22.784717699325633 ], [ -44.199409100000025, -22.784644699325646 ], [ -44.1993084, -22.784575999325668 ], [ -44.199278, -22.784557999325653 ], [ -44.199242299999973, -22.784549499325674 ], [ -44.199202899999982, -22.78454199932564 ], [ -44.1991334, -22.784544099325657 ], [ -44.1990869, -22.784550899325652 ], [ -44.1990219, -22.784567899325666 ], [ -44.1989426, -22.784594299325629 ], [ -44.198868, -22.784622899325651 ], [ -44.198745599999988, -22.784671599325673 ], [ -44.198622699999987, -22.784732699325655 ], [ -44.198538699999965, -22.784785399325617 ], [ -44.198492, -22.784833999325642 ], [ -44.198481, -22.784845399325647 ], [ -44.19846519999998, -22.784888499325671 ], [ -44.198455700000011, -22.784925699325605 ], [ -44.198461399999978, -22.78501629932564 ], [ -44.1984956, -22.785158899325634 ], [ -44.1985512, -22.785321999325642 ], [ -44.1985911, -22.785470499325605 ], [ -44.198602900000019, -22.785601399325643 ], [ -44.1985922, -22.785817199325621 ], [ -44.19856, -22.785956599325626 ], [ -44.198509100000017, -22.786078499325587 ], [ -44.198404700000019, -22.78622629932563 ], [ -44.1982263, -22.786435199325641 ], [ -44.198119599999977, -22.786535499325613 ], [ -44.1980719, -22.78656629932561 ], [ -44.197957200000019, -22.786596799325594 ], [ -44.197839900000019, -22.786601399325598 ], [ -44.197703199999971, -22.786574799325596 ], [ -44.197503700000027, -22.786501799325595 ], [ -44.197375799999975, -22.786443799325578 ], [ -44.1972927, -22.78639389932561 ], [ -44.197265599999987, -22.786377699325616 ], [ -44.197168700000013, -22.786307599325589 ], [ -44.197111600000028, -22.786235599325618 ], [ -44.197094400000019, -22.786151499325626 ], [ -44.1970802, -22.785902899325599 ], [ -44.197070399999973, -22.785607099325613 ], [ -44.1970624, -22.785494999325653 ], [ -44.1970473, -22.785433999325633 ], [ -44.197023, -22.785389999325641 ], [ -44.196988, -22.785360499325648 ], [ -44.1969338, -22.785329399325665 ], [ -44.196856799999978, -22.785289899325637 ], [ -44.1966876, -22.78522089932564 ], [ -44.196329600000013, -22.785061099325652 ], [ -44.195943199999988, -22.78490339932566 ], [ -44.19574369999998, -22.78480979932565 ], [ -44.1955663, -22.784734799325673 ], [ -44.195326799999968, -22.784638799325627 ], [ -44.195147099999986, -22.78456999932563 ], [ -44.1949085, -22.784491899325637 ], [ -44.194749, -22.784433099325661 ], [ -44.194653300000027, -22.784386299325647 ], [ -44.19458, -22.784326699325664 ], [ -44.194523100000019, -22.784259899325654 ], [ -44.194432899999967, -22.78412759932564 ], [ -44.194382599999976, -22.784031799325636 ], [ -44.1943486, -22.783947399325651 ], [ -44.1943053, -22.783854399325659 ], [ -44.1942573, -22.783749099325679 ], [ -44.19418150000002, -22.783589099325642 ], [ -44.194093899999984, -22.783400699325696 ], [ -44.194023, -22.783261499325658 ], [ -44.1939668, -22.783188999325656 ], [ -44.193892800000015, -22.78311309932565 ], [ -44.193788, -22.783026599325712 ], [ -44.193666, -22.782953699325695 ], [ -44.193585700000028, -22.782917499325698 ], [ -44.193540499999976, -22.782897199325671 ], [ -44.193439599999969, -22.782865499325698 ], [ -44.193336900000013, -22.78284359932568 ], [ -44.193281899999981, -22.782840099325689 ], [ -44.193228700000013, -22.782847999325686 ], [ -44.193171800000016, -22.782867399325688 ], [ -44.1930633, -22.782921099325701 ], [ -44.192879199999979, -22.782996099325679 ], [ -44.192662499999983, -22.783077199325668 ], [ -44.192533500000025, -22.783130999325707 ], [ -44.1922917, -22.783225599325654 ], [ -44.19218510000001, -22.78325279932568 ], [ -44.192100700000019, -22.78327499932568 ], [ -44.1919952, -22.783303199325658 ], [ -44.19184749999998, -22.783336399325673 ], [ -44.1916764, -22.783376199325691 ], [ -44.191604299999987, -22.783395799325675 ], [ -44.1915469, -22.783407499325683 ], [ -44.1915012, -22.783406699325678 ], [ -44.191470200000019, -22.783402399325674 ], [ -44.1914064, -22.78338509932566 ], [ -44.191341500000014, -22.783366899325657 ], [ -44.1912471, -22.783332099325673 ], [ -44.191141099999982, -22.783296899325666 ], [ -44.19108619999998, -22.783287299325671 ], [ -44.191034899999963, -22.783290599325664 ], [ -44.190966100000011, -22.783306399325706 ], [ -44.190879699999982, -22.783337199325679 ], [ -44.190711899999989, -22.783408899325661 ], [ -44.190549499999975, -22.783499399325652 ], [ -44.1904022, -22.783599399325681 ], [ -44.190206600000018, -22.783743699325679 ], [ -44.1899545, -22.783956399325678 ], [ -44.189818399999979, -22.784074199325691 ], [ -44.189781200000027, -22.784106499325656 ], [ -44.189736700000019, -22.784148899325643 ], [ -44.189586500000019, -22.784292199325638 ], [ -44.189454399999974, -22.784421999325644 ], [ -44.189322300000015, -22.78456049932565 ], [ -44.189201799999985, -22.784690999325662 ], [ -44.189142600000032, -22.784741699325622 ], [ -44.1890295, -22.784806099325671 ], [ -44.188945400000016, -22.784836999325631 ], [ -44.1888551, -22.78486319932566 ], [ -44.1887623, -22.784884799325628 ], [ -44.188679499999978, -22.784904099325654 ], [ -44.1885044, -22.78494989932565 ], [ -44.188299900000011, -22.785001099325623 ], [ -44.1881343, -22.7850419993256 ], [ -44.1879687, -22.785082899325655 ], [ -44.187739500000013, -22.785140899325622 ], [ -44.187625799999971, -22.785154799325614 ], [ -44.187426, -22.785160299325607 ], [ -44.1872427, -22.785157199325656 ], [ -44.187140100000015, -22.785151599325644 ], [ -44.187019099999986, -22.785131299325634 ], [ -44.186837500000017, -22.785096299325655 ], [ -44.18675380000002, -22.785082799325629 ], [ -44.186604400000014, -22.785045799325616 ], [ -44.1865616, -22.785032299325657 ], [ -44.18651569999998, -22.785018699325665 ], [ -44.186449900000014, -22.784997599325646 ], [ -44.186387299999978, -22.784973599325646 ], [ -44.186339799999985, -22.784937999325646 ], [ -44.1863096, -22.784896199325644 ], [ -44.186276599999978, -22.784837099325632 ], [ -44.186251500000026, -22.784785499325647 ], [ -44.1862029, -22.784664499325665 ], [ -44.186155699999958, -22.784541399325665 ], [ -44.186129, -22.784483799325631 ], [ -44.186088199999972, -22.784396699325644 ], [ -44.186036300000019, -22.784288299325674 ], [ -44.185976499999974, -22.784183399325691 ], [ -44.185926, -22.784112499325669 ], [ -44.185882, -22.784034199325667 ], [ -44.1858062, -22.783936299325656 ], [ -44.1857074, -22.783851299325647 ], [ -44.1856313, -22.78378939932567 ], [ -44.1855418, -22.783702899325647 ], [ -44.1854675, -22.783610299325687 ], [ -44.185399500000024, -22.7835316993257 ], [ -44.1853765, -22.783506199325647 ], [ -44.185299499999985, -22.783421199325705 ], [ -44.1852316, -22.783336899325679 ], [ -44.1851383, -22.783210899325656 ], [ -44.185060799999967, -22.783114599325664 ], [ -44.184975500000014, -22.782984199325682 ], [ -44.1849217, -22.782891999325692 ], [ -44.1848617, -22.782797199325699 ], [ -44.184803199999976, -22.782709799325708 ], [ -44.184741599999988, -22.782625299325709 ], [ -44.184683, -22.78254819932571 ], [ -44.1846435, -22.782502699325708 ], [ -44.184542, -22.782419499325712 ], [ -44.184443900000012, -22.7823463993257 ] ] ] } },
{ "type": "Feature", "properties": { "NUCOMPTREC": 80.382, "NUDISTBACT": 410.443, "NUDISTCDAG": 9.549, "NUAREACONT": 564.613, "NUAREAMONT": 897.496, "NUDISTBACC": 400.894, "NUAREABACC": 1125.188, "NUCOMPCDA": 130.094, "Shape__Len": 0, "OBJECTID": 34958, "ID": 20457, "COTRECHO": 20457, "COCURSODAG": "77892", "COBACIA": "778923", "NOGENERICO": "Rio", "NOLIGACAO": null, "NOESPECIF": "Piraí", "NORIOCOMP": "Rio Piraí", "NOORIGINAL": "Rio Piraí", "COCDADESAG": "778", "NUTRJUS": 3351, "NUORDEMCDA": 2, "NUNIVOTTO": 6, "NUNIVOTCDA": 5, "NUSTRAHLER": 2, "DEDOMINIAL": "Federal", "DSVERSAO": "BHO bho_2017_v_01_05_50k de 2018-06-22" }, "geometry": { "type": "MultiLineString", "coordinates": [ [ [ -44.175841900000016, -22.791718999325493 ], [ -44.175815600000028, -22.791719799325495 ], [ -44.1756851, -22.791722699325458 ], [ -44.175573799999988, -22.791713299325519 ], [ -44.1754449, -22.791704699325507 ], [ -44.175310700000011, -22.791692299325515 ], [ -44.175184800000011, -22.791686399325485 ], [ -44.175024, -22.791680299325485 ], [ -44.174895499999984, -22.791686099325485 ], [ -44.174700200000011, -22.791711399325479 ], [ -44.174491300000014, -22.791742599325513 ], [ -44.174286400000028, -22.791773899325491 ], [ -44.1741134, -22.7918077993255 ], [ -44.174032899999986, -22.791830799325488 ], [ -44.173971, -22.791852699325478 ], [ -44.1739088, -22.79187819932547 ], [ -44.173833100000024, -22.791922999325479 ], [ -44.173778, -22.791967699325458 ], [ -44.173738599999972, -22.791999999325444 ], [ -44.173699, -22.792049699325478 ], [ -44.173675800000012, -22.79208829932546 ], [ -44.173664799999983, -22.792134599325479 ], [ -44.173670300000026, -22.792175599325478 ], [ -44.173687299999983, -22.792207599325444 ], [ -44.173729400000013, -22.792247399325472 ], [ -44.1737691, -22.792278999325497 ], [ -44.173862, -22.792353599325484 ], [ -44.1739033, -22.792410999325494 ], [ -44.173979499999966, -22.792516699325482 ], [ -44.174048500000026, -22.792673099325469 ], [ -44.17410610000001, -22.792803599325477 ], [ -44.174149600000021, -22.79293239932543 ], [ -44.1742378, -22.793088499325478 ], [ -44.1743417, -22.793302799325453 ], [ -44.1744438, -22.793513199325453 ], [ -44.1745229, -22.793685599325453 ], [ -44.174588799999981, -22.793831499325446 ], [ -44.1746445, -22.793995999325425 ], [ -44.174668600000018, -22.794155099325437 ], [ -44.174666600000023, -22.794252699325451 ], [ -44.1746268, -22.794523099325421 ], [ -44.174591799999966, -22.794713099325442 ], [ -44.174561299999979, -22.79484499932542 ], [ -44.174509199999989, -22.794973299325395 ], [ -44.174408799999973, -22.795123699325387 ], [ -44.174323300000019, -22.795248799325435 ], [ -44.174183500000019, -22.795382699325398 ], [ -44.174068700000021, -22.795461499325384 ], [ -44.1739675, -22.795512399325407 ], [ -44.173876600000028, -22.795541499325417 ], [ -44.173760099999967, -22.795570499325382 ], [ -44.173653199999983, -22.795592399325368 ], [ -44.1735481, -22.79559579932539 ], [ -44.173485899999989, -22.795586199325403 ], [ -44.173405399999986, -22.795565499325413 ], [ -44.173326200000012, -22.795562899325386 ], [ -44.173233200000027, -22.795562399325394 ], [ -44.173151299999965, -22.795568099325415 ], [ -44.173034, -22.795557199325412 ], [ -44.1729611, -22.795534299325379 ], [ -44.172883899999981, -22.795490899325394 ], [ -44.172813399999988, -22.795439199325379 ], [ -44.172702899999983, -22.7953378993254 ], [ -44.172654500000014, -22.795273999325417 ], [ -44.1726084, -22.7951955993254 ], [ -44.172584599999979, -22.795094799325412 ], [ -44.1725833, -22.7949955993254 ], [ -44.172582900000016, -22.794968599325422 ], [ -44.172615399999984, -22.794824199325394 ], [ -44.1726403, -22.794767399325437 ], [ -44.172681099999963, -22.794705699325423 ], [ -44.172702500000014, -22.794647299325415 ], [ -44.172713400000028, -22.794596899325406 ], [ -44.172721299999978, -22.794450899325437 ], [ -44.172706100000028, -22.794351799325444 ], [ -44.172664600000012, -22.794271099325425 ], [ -44.172612599999972, -22.794198699325417 ], [ -44.172562, -22.794155499325413 ], [ -44.1724962, -22.794115899325433 ], [ -44.1723601, -22.794045999325416 ], [ -44.172153499999979, -22.793951999325429 ], [ -44.171959800000018, -22.793869899325436 ], [ -44.171848899999972, -22.793821199325453 ], [ -44.17176319999998, -22.79379429932543 ], [ -44.171696100000013, -22.793776499325421 ], [ -44.1715446, -22.793761499325452 ], [ -44.1713835, -22.793741099325427 ], [ -44.171260800000034, -22.793717299325461 ], [ -44.1711517, -22.793663499325419 ], [ -44.171046600000011, -22.793598899325442 ], [ -44.1709396, -22.793518399325411 ], [ -44.170852071194396, -22.793441680371565 ] ] ] } },
{ "type": "Feature", "properties": { "NUCOMPTREC": 15.088, "NUDISTBACT": 492.564, "NUDISTCDAG": 0.0, "NUAREACONT": 43.541, "NUAREAMONT": 43.541, "NUDISTBACC": 492.564, "NUAREABACC": 43.541, "NUCOMPCDA": 15.088, "Shape__Len": 0, "OBJECTID": 34967, "ID": 839, "COTRECHO": 839, "COCURSODAG": "778926", "COBACIA": "778926", "NOGENERICO": "Rio", "NOLIGACAO": "da", "NOESPECIF": "Prata", "NORIOCOMP": "Rio da Prata", "NOORIGINAL": "Rio da Prata", "COCDADESAG": "77892", "NUTRJUS": 54966, "NUORDEMCDA": 3, "NUNIVOTTO": 6, "NUNIVOTCDA": 6, "NUSTRAHLER": 1, "DEDOMINIAL": "Federal", "DSVERSAO": "BHO bho_2017_v_01_05_50k de 2018-06-22" }, "geometry": { "type": "MultiLineString", "coordinates": [ [ [ -44.184491300429613, -22.781858490848862 ], [ -44.184533, -22.781913899325716 ], [ -44.184556900000018, -22.782046399325715 ], [ -44.1845353, -22.782177899325728 ], [ -44.184511, -22.782219499325706 ], [ -44.184481100000021, -22.782282799325721 ], [ -44.184443900000012, -22.7823463993257 ] ] ] } },
{ "type": "Feature", "properties": { "NUCOMPTREC": 10.144, "NUDISTBACT": 20.523, "NUDISTCDAG": 20.523, "NUAREACONT": 52.818, "NUAREAMONT": 473.999, "NUDISTBACC": 0.0, "NUAREABACC": 734.523, "NUCOMPCDA": 71.245, "Shape__Len": 0, "OBJECTID": 36825, "ID": 20798, "COTRECHO": 20798, "COCURSODAG": "779392", "COBACIA": "7793923", "NOGENERICO": "Rio", "NOLIGACAO": null, "NOESPECIF": "Mambucaba", "NORIOCOMP": "Rio Mambucaba", "NOORIGINAL": "Rio Mambucaba", "COCDADESAG": null, "NUTRJUS": 20818, "NUORDEMCDA": 1, "NUNIVOTTO": 7, "NUNIVOTCDA": 6, "NUSTRAHLER": 2, "DEDOMINIAL": "Federal", "DSVERSAO": "BHO bho_2017_v_01_05_50k de 2018-06-22" }, "geometry": { "type": "MultiLineString", "coordinates": [ [ [ -44.6385401, -22.914278099322654 ], [ -44.638197, -22.914436099322675 ], [ -44.6378252, -22.914383399322684 ], [ -44.63745340000002, -22.91430439932267 ], [ -44.6371103, -22.914436099322675 ], [ -44.6368529, -22.914673199322642 ], [ -44.636538299999984, -22.914857599322666 ], [ -44.636195199999975, -22.915015599322643 ], [ -44.635837700000025, -22.915173599322646 ], [ -44.635451699999969, -22.915226299322622 ], [ -44.6350799, -22.915173599322646 ], [ -44.634851099999985, -22.914883899322657 ], [ -44.6345938, -22.914646799322679 ], [ -44.634307799999981, -22.914436099322675 ], [ -44.633936100000028, -22.914357099322689 ], [ -44.633564299999975, -22.914383399322684 ], [ -44.6332211, -22.914541499322649 ], [ -44.633021, -22.914831199322634 ], [ -44.632963800000027, -22.915199999322681 ], [ -44.632735, -22.915463399322661 ], [ -44.632506200000023, -22.915726799322645 ], [ -44.6321345, -22.915858499322638 ], [ -44.6316769, -22.916016499322641 ], [ -44.631305199999986, -22.916148199322635 ], [ -44.631019200000026, -22.916385299322627 ], [ -44.6307332, -22.916595999322642 ], [ -44.6304187, -22.916832999322615 ], [ -44.6301327, -22.917070099322586 ], [ -44.6299325, -22.917359799322575 ], [ -44.6297609, -22.9176758993226 ], [ -44.6296466, -22.917991999322606 ], [ -44.629560799999979, -22.918360699322569 ], [ -44.629475, -22.918703099322585 ], [ -44.629503600000014, -22.919045499322543 ], [ -44.629560799999979, -22.919387899322555 ], [ -44.6296752, -22.919703999322554 ], [ -44.629875299999973, -22.920322999322519 ], [ -44.629903899999988, -22.920678499322531 ], [ -44.6297323, -22.920994599322487 ], [ -44.629532200000035, -22.921284299322522 ], [ -44.629274800000012, -22.921574099322488 ], [ -44.6289888, -22.921784799322506 ], [ -44.628760100000022, -22.922048199322504 ], [ -44.628559900000027, -22.922337899322493 ], [ -44.628302500000018, -22.922574899322445 ], [ -44.6280737, -22.922838299322496 ], [ -44.627644799999985, -22.923430899322483 ], [ -44.627530400000012, -22.92376009932244 ], [ -44.627416, -22.924076199322446 ], [ -44.627358800000017, -22.924418599322458 ], [ -44.62718719999998, -22.924734699322421 ], [ -44.62704430000003, -22.925050699322405 ], [ -44.626844100000021, -22.925340399322398 ], [ -44.626615300000026, -22.925630099322387 ], [ -44.626386500000024, -22.925919899322395 ], [ -44.626357900000016, -22.926262199322391 ], [ -44.626386500000024, -22.927381599322366 ], [ -44.6263293, -22.927737099322361 ], [ -44.626129199999973, -22.928053199322378 ], [ -44.625900399999971, -22.928316599322365 ], [ -44.6255572, -22.928500899322358 ], [ -44.6252427, -22.928685299322325 ], [ -44.6249853, -22.928922299322341 ], [ -44.6247851, -22.929211999322334 ], [ -44.624613599999975, -22.929528099322358 ], [ -44.624613599999961, -22.929870499322302 ], [ -44.624670700000024, -22.930212799322295 ], [ -44.6247851, -22.930528899322304 ], [ -44.624899500000026, -22.930844899322295 ], [ -44.624870900000012, -22.931187299322264 ], [ -44.62464210000001, -22.931595499322288 ], [ -44.624585, -22.931951099322248 ], [ -44.624442, -22.932267099322253 ], [ -44.624156, -22.93247779932225 ], [ -44.623812799999982, -22.932688499322225 ], [ -44.6234983, -22.932872799322226 ], [ -44.623240899999971, -22.933109899322208 ], [ -44.623126500000012, -22.933425899322199 ], [ -44.6230407, -22.933768299322221 ], [ -44.622926399999976, -22.934084299322205 ], [ -44.622869200000018, -22.934426699322213 ], [ -44.6225546, -22.93461099932221 ], [ -44.622383, -22.93492709932217 ], [ -44.6222972, -22.935269399322177 ], [ -44.6221542, -22.93558549932218 ], [ -44.622211400000033, -22.935927799322169 ], [ -44.622383, -22.936243899322182 ], [ -44.622411600000021, -22.936586199322182 ], [ -44.622354400000013, -22.93692859932214 ], [ -44.622154200000018, -22.937218299322115 ], [ -44.621896900000017, -22.937455299322149 ], [ -44.621753899999987, -22.937771299322144 ], [ -44.621639500000015, -22.938153199322116 ], [ -44.621467900000027, -22.938482399322108 ], [ -44.621096200000018, -22.938640399322107 ], [ -44.62078159999998, -22.938824699322112 ], [ -44.620552799999984, -22.939088099322099 ], [ -44.6204098, -22.939404099322072 ], [ -44.620152500000025, -22.93966749932207 ], [ -44.619809299999986, -22.939825499322062 ], [ -44.619437600000033, -22.939851799322074 ], [ -44.61906579999998, -22.939851799322074 ], [ -44.618722600000012, -22.939693799322061 ], [ -44.618465300000018, -22.939456799322102 ], [ -44.618236500000016, -22.939193399322125 ], [ -44.6179219, -22.939009099322121 ], [ -44.6175788, -22.938851099322118 ], [ -44.617235600000022, -22.938666699322106 ], [ -44.6168639, -22.938640399322107 ], [ -44.6164921, -22.938640399322107 ], [ -44.616148899999978, -22.938745699322126 ], [ -44.615805799999968, -22.938851099322118 ], [ -44.6154626, -22.938956399322102 ], [ -44.615090899999977, -22.938956399322102 ], [ -44.6147191, -22.938956399322102 ], [ -44.614318799999978, -22.938956399322102 ], [ -44.6140042, -22.938772099322094 ], [ -44.613718199999987, -22.93853499932213 ], [ -44.6134609, -22.938297999322099 ], [ -44.613346499999977, -22.937955699322103 ], [ -44.613346499999977, -22.937613299322148 ], [ -44.613117699999975, -22.937323599322159 ], [ -44.6127174, -22.937270899322137 ], [ -44.612317, -22.937244599322124 ], [ -44.611945199999973, -22.937218299322115 ], [ -44.611659299999978, -22.937428999322144 ], [ -44.6115163, -22.937744999322138 ], [ -44.611401899999969, -22.938060999322133 ], [ -44.6111159, -22.938271699322083 ], [ -44.610858599999958, -22.938508699322096 ], [ -44.610601200000019, -22.938745699322151 ], [ -44.610401, -22.939035399322126 ], [ -44.610258, -22.939351399322124 ], [ -44.610172299999988, -22.939693799322061 ], [ -44.610086500000023, -22.94003619932208 ], [ -44.6097719, -22.940220499322088 ], [ -44.609457299999967, -22.940404799322078 ], [ -44.609142799999972, -22.94058919932203 ], [ -44.60888540000002, -22.940826199322057 ], [ -44.608628, -22.941063199322027 ], [ -44.608542199999988, -22.941405599322032 ], [ -44.608370700000023, -22.94172159932204 ], [ -44.6082563, -22.94203759932202 ], [ -44.607998899999984, -22.942300899322042 ], [ -44.607770099999982, -22.942590599322035 ], [ -44.607455599999987, -22.942722299322035 ], [ -44.6070552, -22.94274859932203 ], [ -44.606683499999974, -22.942774999321998 ], [ -44.606311699999985, -22.942880299322017 ], [ -44.605968599999976, -22.943038299322019 ], [ -44.6055968, -22.943143599321989 ], [ -44.605253600000026, -22.943301699322014 ], [ -44.605024899999989, -22.943564999321975 ], [ -44.604738899999973, -22.943775699321993 ], [ -44.6043957, -22.943933699321995 ], [ -44.604024, -22.944065299321974 ], [ -44.603738, -22.944275999321984 ], [ -44.603509200000012, -22.944539399321968 ], [ -44.603194700000017, -22.94474999932196 ], [ -44.602880099999986, -22.944934399321983 ], [ -44.602537, -22.94509239932199 ], [ -44.6021938, -22.945276699321976 ], [ -44.601822, -22.945381999321945 ], [ -44.601507500000018, -22.945566399321965 ], [ -44.6011643, -22.945671699321931 ], [ -44.60082119999997, -22.945777099321933 ], [ -44.6004494, -22.945829699321926 ], [ -44.6000776, -22.945856099321961 ], [ -44.5997059, -22.945856099321961 ], [ -44.599334100000021, -22.945856099321961 ], [ -44.5989338, -22.945829699321926 ], [ -44.598562, -22.945829699321926 ], [ -44.5981903, -22.945803399321928 ], [ -44.59781850000001, -22.945803399321928 ], [ -44.5974468, -22.945777099321933 ], [ -44.597075, -22.945777099321933 ], [ -44.596674599999972, -22.945856099321954 ], [ -44.596331500000019, -22.945987699321922 ], [ -44.59595969999998, -22.946145699321917 ], [ -44.595673799999986, -22.946382699321944 ], [ -44.595445, -22.946646099321942 ], [ -44.595187599999974, -22.946883099321898 ], [ -44.59493029999998, -22.947120099321921 ], [ -44.594644300000027, -22.947330699321917 ], [ -44.5942725, -22.947357099321884 ], [ -44.593900799999965, -22.947357099321884 ], [ -44.593529, -22.947357099321884 ], [ -44.593128700000015, -22.947357099321884 ], [ -44.592756899999983, -22.947383399321886 ], [ -44.592385200000024, -22.947383399321886 ], [ -44.592013399999978, -22.947330699321917 ], [ -44.59167020000001, -22.947225399321894 ], [ -44.5913843, -22.94701469932194 ], [ -44.591041099999984, -22.946856699321941 ], [ -44.590698, -22.946751399321908 ], [ -44.590311900000017, -22.946830399321943 ], [ -44.589954400000011, -22.946935699321898 ], [ -44.5896113, -22.947067399321881 ], [ -44.589239500000019, -22.947067399321881 ], [ -44.5888392, -22.947067399321881 ], [ -44.588467400000013, -22.947067399321881 ], [ -44.5880957, -22.947093699321893 ], [ -44.5877239, -22.947093699321893 ], [ -44.587323599999984, -22.947120099321921 ], [ -44.5868231, -22.947146399321909 ], [ -44.586494300000027, -22.946962099321933 ], [ -44.586265500000017, -22.946698699321932 ], [ -44.586036700000022, -22.946435399321903 ], [ -44.5857793, -22.946198399321936 ], [ -44.585464800000011, -22.945987699321922 ], [ -44.585264600000016, -22.945698099321969 ], [ -44.584921399999985, -22.945539999321937 ], [ -44.584549700000025, -22.945566399321976 ], [ -44.5842637, -22.945777099321923 ], [ -44.584092100000021, -22.946093099321928 ], [ -44.583863399999984, -22.946356399321942 ], [ -44.583606, -22.946593399321916 ], [ -44.583348600000015, -22.946830399321943 ], [ -44.583119899999978, -22.947093699321893 ], [ -44.582805300000011, -22.94727809932191 ], [ -44.5824907, -22.947462399321907 ], [ -44.582147599999985, -22.94759409932189 ], [ -44.5817758, -22.947673099321893 ], [ -44.581375499999972, -22.947699399321884 ], [ -44.5810037, -22.947725699321875 ], [ -44.580631900000014, -22.947673099321872 ], [ -44.5802888, -22.947567699321883 ], [ -44.580031399999989, -22.947330699321917 ], [ -44.579688299999987, -22.947172699321914 ], [ -44.5793165, -22.947146399321909 ], [ -44.578944700000015, -22.947146399321909 ], [ -44.5786016, -22.947014699321922 ], [ -44.5783442, -22.94672509932191 ], [ -44.5780868, -22.94648809932195 ], [ -44.577858100000014, -22.946224699321942 ], [ -44.577457700000018, -22.946198399321936 ], [ -44.577086, -22.946172099321945 ], [ -44.57674279999997, -22.946277399321918 ], [ -44.576542599999982, -22.946593399321916 ], [ -44.576228099999973, -22.94680409932193 ], [ -44.5759135, -22.947041099321876 ], [ -44.575584600000013, -22.947515099321876 ], [ -44.5753416, -22.947778399321905 ], [ -44.575227199999958, -22.948094399321885 ], [ -44.575198600000022, -22.948436699321892 ], [ -44.575227199999965, -22.948805399321895 ], [ -44.575227199999965, -22.949147699321891 ], [ -44.57517, -22.949490099321853 ], [ -44.575055599999978, -22.949806099321837 ], [ -44.5749126, -22.950122099321835 ], [ -44.5746838, -22.950385399321846 ], [ -44.5743979, -22.950596099321832 ], [ -44.574054699999969, -22.950701399321858 ], [ -44.573711600000024, -22.950806699321816 ], [ -44.5733684, -22.950912099321805 ], [ -44.573111, -22.951149099321835 ], [ -44.572767899999967, -22.951307099321831 ] ] ] } },
{ "type": "Feature", "properties": { "NUCOMPTREC": 2.277, "NUDISTBACT": 528.612, "NUDISTCDAG": 0.0, "NUAREACONT": 1.632, "NUAREAMONT": 1.632, "NUDISTBACC": 528.612, "NUAREABACC": 1.632, "NUCOMPCDA": 2.277, "Shape__Len": 0, "OBJECTID": 37203, "ID": 20458, "COTRECHO": 20458, "COCURSODAG": "778928", "COBACIA": "778928", "NOGENERICO": "Córrego", "NOLIGACAO": "das", "NOESPECIF": "Cobras", "NORIOCOMP": "Córrego das Cobras", "NOORIGINAL": "Córrego das Cobras", "COCDADESAG": "77892", "NUTRJUS": 11380, "NUORDEMCDA": 3, "NUNIVOTTO": 6, "NUNIVOTCDA": 6, "NUSTRAHLER": 1, "DEDOMINIAL": "Federal", "DSVERSAO": "BHO bho_2017_v_01_05_50k de 2018-06-22" }, "geometry": { "type": "MultiLineString", "coordinates": [ [ [ -44.3635807, -22.780807399325745 ], [ -44.363921800000014, -22.781030499325723 ], [ -44.364059100000013, -22.781160199325718 ], [ -44.3644463, -22.781389099325736 ], [ -44.36466, -22.78146159932572 ], [ -44.365417200000017, -22.78162749932574 ], [ -44.36588260000002, -22.781791599325732 ], [ -44.367276899999979, -22.782461099325669 ], [ -44.3681428, -22.783025599325654 ], [ -44.3690355, -22.783700799325683 ], [ -44.370294300000012, -22.784519099325653 ], [ -44.3710401, -22.785127499325625 ], [ -44.371349099999982, -22.785440399325662 ], [ -44.3715894, -22.785608199325647 ], [ -44.372018599999983, -22.785983899325636 ], [ -44.373544499999973, -22.787021499325569 ], [ -44.3745554, -22.787891299325583 ], [ -44.374864399999964, -22.788209799325571 ], [ -44.375064599999973, -22.788493999325578 ], [ -44.375171500000015, -22.788738099325535 ], [ -44.375394599999979, -22.789235999325566 ], [ -44.3756083, -22.789571699325542 ], [ -44.375724600000012, -22.789703299325524 ], [ -44.3758371, -22.789798599325511 ], [ -44.376092700000015, -22.789949299325517 ], [ -44.376924299999985, -22.790136199325531 ], [ -44.3773134, -22.790386099325509 ], [ -44.37763, -22.790784699325528 ], [ -44.377729199999976, -22.791011699325512 ], [ -44.377918099999981, -22.791807099325503 ], [ -44.3779505, -22.792625299325451 ], [ -44.3778742, -22.792823699325446 ], [ -44.377809300000017, -22.793220399325445 ], [ -44.377809300000017, -22.793395899325454 ], [ -44.377807399999988, -22.793632399325421 ], [ -44.3779048, -22.794006299325414 ], [ -44.3780726, -22.794174099325456 ], [ -44.378183200000024, -22.794246699325409 ] ] ] } },
{ "type": "Feature", "properties": { "NUCOMPTREC": 36.644, "NUDISTBACT": null, "NUDISTCDAG": null, "NUAREACONT": 77.355, "NUAREAMONT": 77.355, "NUDISTBACC": null, "NUAREABACC": null, "NUCOMPCDA": null, "Shape__Len": 0, "OBJECTID": 45011, "ID": 111844, "COTRECHO": 111844, "COCURSODAG": null, "COBACIA": "7793919", "NOGENERICO": null, "NOLIGACAO": null, "NOESPECIF": null, "NORIOCOMP": null, "NOORIGINAL": null, "COCDADESAG": null, "NUTRJUS": 111838, "NUORDEMCDA": null, "NUNIVOTTO": 7, "NUNIVOTCDA": null, "NUSTRAHLER": null, "DEDOMINIAL": "Linha de Costa", "DSVERSAO": "BHO bho_2017_v_01_05_50k de 2018-06-22" }, "geometry": { "type": "MultiLineString", "coordinates": [ [ [ -44.5212841, -23.028321999320067 ], [ -44.520500299999973, -23.028488399320072 ], [ -44.518374699999981, -23.027510299320102 ], [ -44.516828700000019, -23.026621099320092 ], [ -44.514896299999968, -23.026176499320123 ], [ -44.5146065, -23.026887899320105 ], [ -44.512963899999981, -23.026709999320069 ], [ -44.5105484, -23.026265399320096 ], [ -44.5090025, -23.026709999320069 ], [ -44.507553200000011, -23.028577399320067 ], [ -44.506587, -23.02973329932 ], [ -44.5059107, -23.030978199319989 ], [ -44.504074899999971, -23.030444699319997 ], [ -44.503108699999984, -23.029466599320017 ], [ -44.503108699999984, -23.028399499320027 ], [ -44.502335800000026, -23.027243599320101 ], [ -44.500693199999986, -23.025731899320096 ], [ -44.4986642, -23.025109499320113 ], [ -44.497311500000023, -23.024309199320165 ], [ -44.4961521, -23.024664899320143 ], [ -44.4950892, -23.02448699932016 ], [ -44.493833199999983, -23.022530699320175 ], [ -44.493350099999986, -23.021374699320244 ], [ -44.4914177, -23.020574299320256 ], [ -44.4904515, -23.020930099320207 ], [ -44.489775099999974, -23.020574399320214 ], [ -44.487069799999972, -23.016483699320318 ], [ -44.487263, -23.015238699320353 ], [ -44.4858137, -23.013726899320389 ], [ -44.4843644, -23.010881099320468 ], [ -44.484557600000024, -23.009013499320471 ], [ -44.482196400000021, -23.007565799320542 ], [ -44.4792435, -23.006434499320573 ], [ -44.4762483, -23.006078699320543 ], [ -44.475765200000012, -23.007590599320555 ], [ -44.4750889, -23.008302099320488 ], [ -44.473736200000019, -23.008924599320501 ], [ -44.471513899999977, -23.009813999320496 ], [ -44.470644400000026, -23.011592599320409 ], [ -44.469291699999985, -23.011503699320428 ], [ -44.4684221, -23.010525399320461 ], [ -44.463406299999974, -23.008436299320529 ], [ -44.4617553, -23.007946399320499 ], [ -44.458856700000013, -23.00963609932051 ], [ -44.458856700000013, -23.010703299320451 ], [ -44.4580838, -23.012215199320426 ], [ -44.4591466, -23.013282299320416 ], [ -44.459436499999974, -23.014349499320357 ], [ -44.4593714, -23.015960999320352 ], [ -44.4597263, -23.017195199320312 ], [ -44.459919599999971, -23.018173399320315 ], [ -44.4585669, -23.016483799320334 ], [ -44.4576007, -23.017106299320339 ], [ -44.455861500000026, -23.017017399320309 ], [ -44.453929099999975, -23.016305899320347 ], [ -44.452383199999979, -23.016572699320317 ], [ -44.4509339, -23.017639899320304 ], [ -44.450933899999988, -23.018973799320303 ], [ -44.450257599999986, -23.020841199320238 ], [ -44.449388, -23.021997299320212 ], [ -44.448904899999988, -23.025554199320123 ], [ -44.4477455, -23.025998799320142 ], [ -44.4467793, -23.026176699320107 ], [ -44.445619799999974, -23.027154799320087 ], [ -44.443977299999972, -23.026799099320105 ], [ -44.441948299999979, -23.027154799320087 ], [ -44.4402091, -23.026621299320091 ], [ -44.439822600000014, -23.024487099320133 ], [ -44.438276700000017, -23.023775799320173 ], [ -44.437117300000018, -23.022797599320175 ], [ -44.4355713, -23.021819399320229 ], [ -44.434315299999973, -23.021997299320212 ], [ -44.4325761, -23.021641599320208 ], [ -44.4314167, -23.02093019932024 ], [ -44.431223400000015, -23.019951999320231 ], [ -44.432286299999987, -23.020218799320244 ], [ -44.4338322, -23.020040899320271 ], [ -44.4346051, -23.019507399320272 ], [ -44.434895, -23.018173499320266 ], [ -44.436054399999982, -23.019062699320269 ], [ -44.436924, -23.02084129932021 ], [ -44.438276700000017, -23.0215526993202 ], [ -44.440499, -23.021107999320257 ], [ -44.4412719, -23.020129799320245 ], [ -44.44136850000001, -23.018618099320303 ], [ -44.44136850000001, -23.01790669932031 ], [ -44.4410042, -23.016390399320315 ], [ -44.4416584, -23.015594499320365 ], [ -44.443687399999988, -23.015327799320374 ], [ -44.444557, -23.01426059932038 ], [ -44.445329899999983, -23.013549199320394 ], [ -44.446489400000011, -23.01292659932043 ], [ -44.446586, -23.012215199320426 ], [ -44.445716399999981, -23.011770499320452 ], [ -44.445136699999978, -23.011147999320443 ], [ -44.445329899999983, -23.010347599320461 ], [ -44.44475019999998, -23.009191499320472 ], [ -44.444073899999985, -23.008924699320517 ], [ -44.443590799999974, -23.008035399320491 ], [ -44.443687399999988, -23.007145999320517 ], [ -44.4429144, -23.005723099320598 ], [ -44.437407099999973, -23.001543099320656 ], [ -44.435474699999979, -23.001276299320647 ], [ -44.4345085, -23.001898799320646 ], [ -44.433445600000027, -23.001809899320683 ], [ -44.433301700000015, -23.00048019932073 ], [ -44.431803100000018, -22.998696999320732 ], [ -44.430547, -22.998696999320732 ], [ -44.429677500000025, -22.999586399320719 ], [ -44.428904499999987, -22.999586399320719 ], [ -44.428324799999984, -23.000031099320712 ], [ -44.4270687, -22.999942199320724 ], [ -44.4259093, -22.998785999320727 ], [ -44.4254262, -22.99771869932076 ], [ -44.4262958, -22.997540799320785 ], [ -44.4274552, -22.997185099320802 ], [ -44.4281315, -22.996473499320757 ], [ -44.428131500000013, -22.995228299320829 ], [ -44.428904499999987, -22.995495199320803 ], [ -44.4295808, -22.994961499320798 ], [ -44.4296774, -22.993805199320846 ], [ -44.430740300000032, -22.993538399320844 ], [ -44.431706500000011, -22.994427799320807 ], [ -44.433059099999973, -22.994338899320827 ], [ -44.434991500000024, -22.994694699320853 ], [ -44.436923900000011, -22.995317299320821 ], [ -44.438566499999965, -22.995761999320813 ], [ -44.440209, -22.995939799320769 ], [ -44.440788699999977, -22.994783599320826 ], [ -44.441078600000026, -22.993805199320846 ], [ -44.44136850000001, -22.992559999320893 ], [ -44.440692099999971, -22.991225799320908 ], [ -44.439242799999981, -22.990692199320929 ], [ -44.4384698, -22.989268999320927 ], [ -44.4372138, -22.989180099320944 ], [ -44.4357645, -22.988646399320967 ], [ -44.43450840000002, -22.985533299321013 ], [ -44.435957700000017, -22.985444299321024 ], [ -44.437020500000017, -22.984910599321037 ], [ -44.4373104, -22.98402109932108 ], [ -44.4367307, -22.983309499321098 ], [ -44.435571200000027, -22.98206419932114 ], [ -44.435667799999983, -22.980640999321132 ], [ -44.435088099999973, -22.979662499321197 ], [ -44.4327692, -22.9797514993212 ], [ -44.4317064, -22.979128799321195 ], [ -44.43141659999997, -22.977705599321201 ], [ -44.432382800000028, -22.977171799321237 ], [ -44.4321895, -22.975926499321272 ], [ -44.433155699999979, -22.975837499321269 ], [ -44.4343152, -22.975748599321239 ], [ -44.4352814, -22.975303799321274 ], [ -44.435861100000018, -22.974236299321269 ], [ -44.436054300000016, -22.973435699321296 ], [ -44.4373104, -22.973880499321307 ], [ -44.437600200000013, -22.973168799321304 ], [ -44.4373104, -22.971745499321354 ], [ -44.436923900000011, -22.970500099321356 ], [ -44.436247499999972, -22.968987799321386 ], [ -44.435941, -22.967915499321428 ], [ -44.435764399999989, -22.967297599321455 ], [ -44.436054300000016, -22.966229999321474 ], [ -44.43547460000002, -22.96436179932153 ], [ -44.434025299999981, -22.96311629932157 ], [ -44.4322861, -22.963027399321536 ], [ -44.430933400000015, -22.96213779932156 ], [ -44.429290900000012, -22.962315699321536 ], [ -44.427938200000028, -22.962493599321576 ], [ -44.428034799999978, -22.963383199321555 ], [ -44.426972, -22.963294299321529 ], [ -44.426005799999977, -22.962493599321576 ], [ -44.426102399999984, -22.961337099321572 ], [ -44.427165199999983, -22.961248099321569 ], [ -44.427744899999986, -22.959735699321648 ], [ -44.428149899999987, -22.958463699321648 ], [ -44.427648299999987, -22.956977699321676 ], [ -44.42658549999998, -22.956799799321701 ], [ -44.424943, -22.956265999321744 ], [ -44.424823399999973, -22.956221999321734 ], [ -44.4234937, -22.955732199321716 ], [ -44.422624100000014, -22.956088099321697 ], [ -44.4220444, -22.955109399321742 ], [ -44.424556499999987, -22.954041799321764 ], [ -44.4250396, -22.95324109932179 ], [ -44.423976700000026, -22.95163959932183 ], [ -44.422817300000027, -22.950482999321853 ], [ -44.420401799999979, -22.948970499321842 ], [ -44.418372799999979, -22.94763589932192 ], [ -44.4179863, -22.945945399321978 ], [ -44.416247100000021, -22.945322499321936 ], [ -44.415426599999982, -22.944433599322 ], [ -44.414604600000018, -22.943542999321973 ], [ -44.412962, -22.942208399322055 ], [ -44.412382299999983, -22.941763499322011 ], [ -44.411319499999983, -22.941674499322016 ], [ -44.410643199999974, -22.942920199322003 ], [ -44.410063499999985, -22.944254799321982 ], [ -44.4098702, -22.945322599321958 ], [ -44.411029699999965, -22.946301299321966 ], [ -44.4107398, -22.947546899321935 ], [ -44.409305500000016, -22.948893399321854 ], [ -44.4088074, -22.949949199321829 ], [ -44.4083243, -22.951194799321833 ], [ -44.409483799999975, -22.951550699321789 ], [ -44.410160099999985, -22.950660999321851 ], [ -44.4104499, -22.949771199321837 ], [ -44.4114161, -22.948881499321896 ], [ -44.412479, -22.948525599321862 ], [ -44.413348499999969, -22.949326399321887 ], [ -44.4155708, -22.950927899321837 ], [ -44.416247199999972, -22.952440399321784 ], [ -44.415764099999983, -22.95395279932179 ], [ -44.414508, -22.954486699321759 ], [ -44.413155300000021, -22.954219799321727 ], [ -44.4102567, -22.954041799321786 ], [ -44.4084209, -22.95324109932179 ], [ -44.406971600000013, -22.953419099321778 ], [ -44.4051359, -22.952885199321816 ], [ -44.404749400000014, -22.952084499321803 ], [ -44.403010199999983, -22.952084499321803 ], [ -44.401850799999963, -22.952796299321772 ], [ -44.399821799999984, -22.953063199321743 ] ] ] } },
{ "type": "Feature", "properties": { "NUCOMPTREC": 24.929, "NUDISTBACT": null, "NUDISTCDAG": null, "NUAREACONT": 36.419, "NUAREAMONT": 36.419, "NUDISTBACC": null, "NUAREABACC": null, "NUCOMPCDA": null, "Shape__Len": 0, "OBJECTID": 45099, "ID": 111846, "COTRECHO": 111846, "COCURSODAG": null, "COBACIA": "77939311", "NOGENERICO": null, "NOLIGACAO": null, "NOESPECIF": null, "NORIOCOMP": null, "NOORIGINAL": null, "COCDADESAG": null, "NUTRJUS": 111844, "NUORDEMCDA": null, "NUNIVOTTO": 8, "NUNIVOTCDA": null, "NUSTRAHLER": null, "DEDOMINIAL": "Linha de Costa", "DSVERSAO": "BHO bho_2017_v_01_05_50k de 2018-06-22" }, "geometry": { "type": "MultiLineString", "coordinates": [ [ [ -44.642137514576405, -23.048226999319592 ], [ -44.639632800000015, -23.048226999319592 ], [ -44.637990199999983, -23.049116099319566 ], [ -44.637313899999981, -23.049916199319558 ], [ -44.637700400000021, -23.050983099319534 ], [ -44.63857, -23.052405599319503 ], [ -44.637990399999978, -23.052885799319512 ], [ -44.6343187, -23.051249799319521 ], [ -44.63006739999998, -23.049827299319578 ], [ -44.6277485, -23.048760499319606 ], [ -44.625429600000018, -23.047071199319632 ], [ -44.6216615, -23.045204199319674 ], [ -44.6185696, -23.044581799319687 ], [ -44.61673380000002, -23.044937399319654 ], [ -44.613738599999969, -23.047071299319651 ], [ -44.614511600000014, -23.04813819931957 ], [ -44.614704800000027, -23.049471799319562 ], [ -44.6143184, -23.050805399319547 ], [ -44.614511600000014, -23.051872199319504 ], [ -44.612675799999977, -23.050627499319571 ], [ -44.611999500000024, -23.049293999319541 ], [ -44.611516400000021, -23.048582699319592 ], [ -44.6103569, -23.048493799319623 ], [ -44.609100899999987, -23.049293999319548 ], [ -44.609487399999971, -23.050005199319543 ], [ -44.608329200000014, -23.050371899319565 ], [ -44.6071685, -23.049382899319593 ], [ -44.60571920000001, -23.049471799319562 ], [ -44.60426990000002, -23.048227099319604 ], [ -44.60224090000002, -23.048315999319609 ], [ -44.59924560000001, -23.047871499319587 ], [ -44.597699700000014, -23.046271099319654 ], [ -44.596830099999977, -23.045826599319657 ], [ -44.595670700000028, -23.045915499319641 ], [ -44.594795, -23.046237799319616 ], [ -44.594221399999981, -23.046448999319644 ], [ -44.593062, -23.047782599319614 ], [ -44.5928687, -23.048760599319568 ], [ -44.591516, -23.049293999319548 ], [ -44.590549800000019, -23.049560699319546 ], [ -44.589970100000016, -23.051249899319544 ], [ -44.5904532, -23.053383599319499 ], [ -44.593641699999978, -23.055428399319414 ], [ -44.593158599999974, -23.057028699319396 ], [ -44.5944147, -23.058362199319344 ], [ -44.595767299999984, -23.058895599319392 ], [ -44.596733500000028, -23.058806699319351 ], [ -44.598182899999983, -23.05987349931932 ], [ -44.599438899999988, -23.061029099319288 ], [ -44.5995355, -23.06191809931931 ], [ -44.600598400000024, -23.062540399319268 ], [ -44.600115300000027, -23.063518299319242 ], [ -44.5990524, -23.063873899319223 ], [ -44.5977964, -23.06396279931926 ], [ -44.5972167, -23.064585099319224 ], [ -44.595864, -23.06414059931922 ], [ -44.59470449999997, -23.063429399319265 ], [ -44.5952843, -23.062807099319254 ], [ -44.5943181, -23.061829199319259 ], [ -44.593448500000015, -23.060584699319314 ], [ -44.591033, -23.059073399319342 ], [ -44.589583699999984, -23.058717799319371 ], [ -44.5886175, -23.059251199319352 ], [ -44.5883276, -23.05987349931932 ], [ -44.586685100000011, -23.059695699319363 ], [ -44.58436619999997, -23.058984499319362 ], [ -44.583883099999987, -23.058362199319344 ], [ -44.58436619999997, -23.05809549931935 ], [ -44.5855256, -23.058095499319361 ], [ -44.585912099999973, -23.057295399319379 ], [ -44.5841729, -23.056939799319398 ], [ -44.582240500000012, -23.056228599319429 ], [ -44.579438599999989, -23.055250599319457 ], [ -44.5779893, -23.054361599319453 ], [ -44.577796, -23.052405699319511 ], [ -44.577023100000019, -23.050538699319571 ], [ -44.57740949999998, -23.049649699319541 ], [ -44.576250099999974, -23.048582799319615 ], [ -44.574221099999988, -23.048493899319581 ], [ -44.572095400000023, -23.048493899319581 ], [ -44.570549500000027, -23.048138299319621 ], [ -44.569100199999973, -23.046982499319636 ], [ -44.56707119999998, -23.044137399319698 ], [ -44.5655253, -23.043603899319695 ], [ -44.564076, -23.04369279931969 ], [ -44.561950299999971, -23.042714799319729 ], [ -44.561757100000023, -23.041558999319754 ], [ -44.5616605, -23.040936599319782 ], [ -44.560404399999975, -23.039425099319821 ], [ -44.5576024, -23.037824599319862 ], [ -44.555863199999969, -23.036846599319855 ], [ -44.554220699999973, -23.037024399319861 ], [ -44.553641, -23.037646799319855 ], [ -44.5523849, -23.038447099319811 ], [ -44.551805199999983, -23.037646799319848 ], [ -44.5497762, -23.036757699319871 ], [ -44.547940400000016, -23.035157199319915 ], [ -44.544558699999975, -23.033378899319946 ], [ -44.5397277, -23.031333799320013 ], [ -44.5333508, -23.028844099320047 ], [ -44.53054880000002, -23.027865999320088 ], [ -44.52794, -23.027154599320102 ], [ -44.5247516, -23.027332399320048 ], [ -44.5217564, -23.028221699320074 ], [ -44.5212841, -23.028321999320067 ] ] ] } },
{ "type": "Feature", "properties": { "NUCOMPTREC": 41.274, "NUDISTBACT": null, "NUDISTCDAG": null, "NUAREACONT": 160.122, "NUAREAMONT": 160.122, "NUDISTBACC": null, "NUAREABACC": null, "NUCOMPCDA": null, "Shape__Len": 0, "OBJECTID": 45139, "ID": 111837, "COTRECHO": 111837, "COCURSODAG": null, "COBACIA": "7793915", "NOGENERICO": null, "NOLIGACAO": null, "NOESPECIF": null, "NORIOCOMP": null, "NOORIGINAL": null, "COCDADESAG": null, "NUTRJUS": 3282, "NUORDEMCDA": null, "NUNIVOTTO": 7, "NUNIVOTCDA": null, "NUSTRAHLER": null, "DEDOMINIAL": "Linha de Costa", "DSVERSAO": "BHO bho_2017_v_01_05_50k de 2018-06-22" }, "geometry": { "type": "MultiLineString", "coordinates": [ [ [ -44.080696400000022, -22.960528399321593 ], [ -44.0804928, -22.959825499321649 ], [ -44.07943, -22.957067499321685 ], [ -44.077497600000015, -22.954754399321761 ], [ -44.077025603235583, -22.954388418321741 ] ] ] } },
{ "type": "Feature", "properties": { "NUCOMPTREC": 26.213, "NUDISTBACT": null, "NUDISTCDAG": null, "NUAREACONT": 35.133, "NUAREAMONT": 35.133, "NUDISTBACC": null, "NUAREABACC": null, "NUCOMPCDA": null, "Shape__Len": 0, "OBJECTID": 45162, "ID": 111838, "COTRECHO": 111838, "COCURSODAG": null, "COBACIA": "77939175", "NOGENERICO": null, "NOLIGACAO": null, "NOESPECIF": null, "NORIOCOMP": null, "NOORIGINAL": null, "COCDADESAG": null, "NUTRJUS": 11570, "NUORDEMCDA": null, "NUNIVOTTO": 8, "NUNIVOTCDA": null, "NUSTRAHLER": null, "DEDOMINIAL": "Linha de Costa", "DSVERSAO": "BHO bho_2017_v_01_05_50k de 2018-06-22" }, "geometry": { "type": "MultiLineString", "coordinates": [ [ [ -44.399821799999984, -22.953063199321743 ], [ -44.400788, -22.954842599321747 ], [ -44.3995319, -22.955643299321743 ], [ -44.397696100000012, -22.95555429932174 ], [ -44.396150200000022, -22.955020499321726 ], [ -44.3922854, -22.954219799321727 ], [ -44.3918989, -22.952084499321803 ], [ -44.389483400000017, -22.952084499321803 ], [ -44.387164499999976, -22.953241199321752 ], [ -44.385328800000025, -22.953863999321761 ], [ -44.384266, -22.955198499321725 ], [ -44.3819471, -22.956355099321698 ], [ -44.3799181, -22.957333699321666 ], [ -44.378275499999965, -22.957956499321682 ], [ -44.3784688, -22.961070299321594 ], [ -44.379724800000012, -22.96213789932159 ], [ -44.381464, -22.965073699321508 ], [ -44.3835896, -22.965518499321469 ], [ -44.3861018, -22.966674999321476 ], [ -44.387454499999983, -22.969610599321413 ], [ -44.3861018, -22.969521699321373 ], [ -44.385908500000021, -22.970589199321381 ], [ -44.385328800000025, -22.972190399321335 ], [ -44.384362599999967, -22.972724199321338 ], [ -44.3835897, -22.972546299321305 ], [ -44.3820437, -22.970500199321386 ], [ -44.381367399999981, -22.968454199321418 ], [ -44.3804978, -22.96729769932147 ], [ -44.379435, -22.968098299321444 ], [ -44.3784688, -22.968987899321409 ], [ -44.3787587, -22.970233399321369 ], [ -44.377212699999973, -22.970411299321416 ], [ -44.376439800000021, -22.968454199321425 ], [ -44.3744107, -22.967653499321418 ], [ -44.373541199999963, -22.966674999321476 ], [ -44.373831, -22.965874299321477 ], [ -44.3748938, -22.965696399321502 ], [ -44.374700599999969, -22.964095099321536 ], [ -44.375280299999979, -22.96284959932159 ], [ -44.3747998, -22.962001299321582 ], [ -44.3744107, -22.960714499321607 ], [ -44.373058, -22.959379999321644 ], [ -44.3717054, -22.958846199321631 ], [ -44.3703527, -22.960269599321617 ], [ -44.3687102, -22.960892399321569 ], [ -44.366777800000023, -22.960803399321573 ], [ -44.365908199999964, -22.959379999321644 ], [ -44.363975799999984, -22.958045499321678 ], [ -44.36329940000001, -22.955643399321701 ], [ -44.362429799999973, -22.955109599321755 ], [ -44.361367, -22.955465499321726 ], [ -44.361367, -22.956444099321697 ], [ -44.360883899999976, -22.957333799321695 ], [ -44.359724500000027, -22.957867599321649 ], [ -44.359144800000017, -22.956799999321671 ], [ -44.357888699999982, -22.95519859932174 ], [ -44.356536, -22.95439779932174 ], [ -44.354507, -22.953419199321765 ], [ -44.3529611, -22.952351499321818 ], [ -44.352767799999967, -22.95083899932181 ], [ -44.354217100000028, -22.950305199321846 ], [ -44.353154300000021, -22.948436799321907 ], [ -44.352091499999972, -22.94754699932189 ], [ -44.3504489, -22.947102199321936 ], [ -44.349676, -22.946034499321932 ], [ -44.350255699999984, -22.945055799321935 ], [ -44.3504489, -22.944165999321967 ], [ -44.352091499999972, -22.944254999321981 ], [ -44.352864399999987, -22.943899099321996 ], [ -44.355407800000023, -22.94439519932196 ], [ -44.3576954, -22.944521899321956 ], [ -44.358951499999982, -22.944165999321967 ], [ -44.3597244, -22.942653399321994 ], [ -44.3611737, -22.941496699322059 ], [ -44.362912900000026, -22.941318699322061 ], [ -44.363975700000026, -22.940873799322077 ], [ -44.365713099999986, -22.941421599322062 ], [ -44.3656183, -22.94229749932202 ], [ -44.364362200000016, -22.942653399321994 ], [ -44.364555399999979, -22.943721099322005 ], [ -44.364555399999979, -22.944966799321943 ], [ -44.365908100000013, -22.945678599321965 ], [ -44.3672608, -22.946479299321947 ], [ -44.365908100000013, -22.946479299321947 ], [ -44.366584499999981, -22.947813899321922 ], [ -44.368033799999971, -22.948525699321891 ], [ -44.3690966, -22.948169799321906 ], [ -44.369579699999967, -22.949059599321867 ], [ -44.370642499999981, -22.948703699321882 ], [ -44.370545900000032, -22.947724999321906 ], [ -44.370062800000028, -22.946212399321912 ], [ -44.369676299999981, -22.944877799321937 ], [ -44.36871009999998, -22.943898999321977 ], [ -44.3689033, -22.942653399321994 ], [ -44.3690643, -22.942431099322036 ], [ -44.369676299999973, -22.941585599322035 ], [ -44.370545900000032, -22.941763599322044 ], [ -44.371705299999974, -22.941585599322035 ], [ -44.372091800000028, -22.940517899322032 ], [ -44.372091800000021, -22.939183199322105 ], [ -44.370545900000025, -22.938115499322098 ], [ -44.3685168, -22.93651379932215 ], [ -44.367067500000012, -22.934467299322197 ], [ -44.364362200000016, -22.934200299322207 ], [ -44.362623, -22.933399499322235 ], [ -44.3616568, -22.932598599322251 ], [ -44.360207499999987, -22.932598599322251 ], [ -44.360497399999979, -22.931975699322273 ], [ -44.3612703, -22.931530799322289 ], [ -44.362912900000026, -22.931530799322289 ], [ -44.364458800000016, -22.931797799322286 ], [ -44.366681099999987, -22.931352799322287 ], [ -44.367164100000018, -22.930107099322278 ], [ -44.3668743, -22.929217199322309 ], [ -44.365231699999974, -22.929128199322303 ], [ -44.363589199999971, -22.929039199322311 ], [ -44.361946699999969, -22.92814939932234 ], [ -44.3617534, -22.927081499322362 ], [ -44.3608838, -22.9260136993224 ], [ -44.3623331, -22.926102699322392 ], [ -44.364072299999968, -22.9260136993224 ], [ -44.364941900000019, -22.925657699322397 ], [ -44.364941900000019, -22.924767799322417 ], [ -44.363589199999971, -22.924233899322417 ], [ -44.362623, -22.924856799322423 ], [ -44.36185, -22.92512379932241 ], [ -44.3613669, -22.924233899322417 ], [ -44.359337900000021, -22.92387799932245 ], [ -44.358565, -22.924856899322439 ], [ -44.358468300000027, -22.926369599322371 ], [ -44.358565, -22.927704499322378 ], [ -44.357308900000028, -22.928683299322334 ], [ -44.355376499999977, -22.929662199322305 ], [ -44.354120500000029, -22.931441899322255 ], [ -44.352671199999975, -22.930907999322276 ], [ -44.3524779, -22.929840099322284 ], [ -44.3526711, -22.928238399322346 ], [ -44.352284699999977, -22.927437499322366 ], [ -44.351221800000026, -22.927170599322388 ], [ -44.349772499999972, -22.92814939932234 ], [ -44.348226599999975, -22.927526499322362 ], [ -44.34813, -22.92592469932239 ], [ -44.347550300000016, -22.924500899322432 ], [ -44.347088199999973, -22.923736399322443 ], [ -44.345521299999966, -22.923433099322466 ], [ -44.3443618, -22.923255099322471 ], [ -44.343299, -22.924144999322458 ], [ -44.3416565, -22.924322999322452 ], [ -44.340013899999974, -22.923788999322447 ], [ -44.338854500000025, -22.924144999322451 ], [ -44.337984899999981, -22.925479799322414 ], [ -44.337501799999977, -22.927259599322394 ], [ -44.336535599999976, -22.92814939932234 ], [ -44.334313399999985, -22.927971499322368 ], [ -44.33267080000001, -22.929306299322327 ] ] ] } },
{ "type": "Feature", "properties": { "NUCOMPTREC": 0.204, "NUDISTBACT": null, "NUDISTCDAG": null, "NUAREACONT": 0.01, "NUAREAMONT": 0.01, "NUDISTBACC": null, "NUAREABACC": null, "NUCOMPCDA": null, "Shape__Len": 0, "OBJECTID": 45392, "ID": 11570, "COTRECHO": 11570, "COCURSODAG": null, "COBACIA": "77939173", "NOGENERICO": null, "NOLIGACAO": null, "NOESPECIF": null, "NORIOCOMP": null, "NOORIGINAL": null, "COCDADESAG": null, "NUTRJUS": 497, "NUORDEMCDA": null, "NUNIVOTTO": 8, "NUNIVOTCDA": null, "NUSTRAHLER": null, "DEDOMINIAL": "Linha de Costa", "DSVERSAO": "BHO bho_2017_v_01_05_50k de 2018-06-22" }, "geometry": { "type": "MultiLineString", "coordinates": [ [ [ -44.33267080000001, -22.929306299322327 ], [ -44.3309317, -22.930196099322298 ] ] ] } },
{ "type": "Feature", "properties": { "NUCOMPTREC": 38.468, "NUDISTBACT": 1120.053, "NUDISTCDAG": 0.0, "NUAREACONT": 135.828, "NUAREAMONT": 135.828, "NUDISTBACC": 1120.053, "NUAREABACC": 135.828, "NUCOMPCDA": 38.468, "Shape__Len": 0, "OBJECTID": 51019, "ID": 74421, "COTRECHO": 74421, "COCURSODAG": "7789998", "COBACIA": "7789998", "NOGENERICO": "Ribeirão", "NOLIGACAO": "das", "NOESPECIF": "Sete", "NORIOCOMP": "Ribeirão das Sete", "NOORIGINAL": "Ribeirão das Sete", "COCDADESAG": "778", "NUTRJUS": 20603, "NUORDEMCDA": 2, "NUNIVOTTO": 7, "NUNIVOTCDA": 7, "NUSTRAHLER": 1, "DEDOMINIAL": "Estadual", "DSVERSAO": "BHO bho_2017_v_01_05_50k de 2018-06-22" }, "geometry": { "type": "MultiLineString", "coordinates": [ [ [ -44.711474200000012, -22.852475599324073 ], [ -44.7110829, -22.852673799324076 ], [ -44.7103257, -22.853245999324081 ], [ -44.709036299999973, -22.85405279932403 ], [ -44.708715799999986, -22.854489599324065 ], [ -44.7086453, -22.854968299324025 ], [ -44.70870630000001, -22.855588199324018 ], [ -44.7089447, -22.855990699324014 ], [ -44.709333800000024, -22.856343499323973 ], [ -44.710373399999987, -22.857094999323998 ], [ -44.7108387, -22.857564199323981 ], [ -44.711203099999977, -22.858220399323937 ], [ -44.711254600000011, -22.858781099323949 ], [ -44.710896, -22.859204599323927 ], [ -44.7107262, -22.859507799323957 ], [ -44.710623199999986, -22.860039999323948 ], [ -44.710646100000012, -22.860320399323871 ], [ -44.710871199999985, -22.860636999323901 ], [ -44.711102, -22.860848699323917 ], [ -44.711344199999985, -22.861134799323874 ], [ -44.711630300000017, -22.861388499323866 ], [ -44.7118954, -22.861563999323874 ], [ -44.7127881, -22.861859599323882 ], [ -44.712942600000019, -22.861932099323848 ], [ -44.713059, -22.862031299323871 ], [ -44.713238600000011, -22.86213739932386 ], [ -44.713594899999975, -22.862347899323836 ], [ -44.714401699999989, -22.863108899323834 ], [ -44.714710700000012, -22.863850899323801 ], [ -44.7155118, -22.864312499323798 ], [ -44.715582400000024, -22.864602399323832 ], [ -44.7164254, -22.86504109932379 ], [ -44.7167134, -22.86523559932381 ], [ -44.717156, -22.865643799323781 ], [ -44.7176194, -22.865992799323784 ], [ -44.718205, -22.866620299323788 ], [ -44.718370900000025, -22.86674239932379 ], [ -44.719088199999987, -22.86709149932376 ], [ -44.720671200000027, -22.868598299323683 ], [ -44.720829499999965, -22.868653599323732 ], [ -44.721066099999966, -22.868838599323706 ], [ -44.7220598, -22.869424099323691 ], [ -44.722183799999982, -22.869468099323711 ], [ -44.722447, -22.869698799323679 ], [ -44.7226339, -22.869813199323694 ], [ -44.7235571, -22.870284399323673 ], [ -44.7240931, -22.870768799323663 ], [ -44.724133100000017, -22.87092709932368 ], [ -44.72440390000002, -22.871356299323661 ], [ -44.724835, -22.872260399323658 ], [ -44.725115399999986, -22.872979399323647 ], [ -44.725393899999979, -22.873399099323571 ], [ -44.7256418, -22.873585999323588 ], [ -44.726139699999976, -22.873826299323618 ], [ -44.726729, -22.874043699323611 ], [ -44.727133400000014, -22.874120099323612 ], [ -44.7280718, -22.874591199323575 ], [ -44.728834800000016, -22.874837199323579 ], [ -44.7291209, -22.875022299323572 ], [ -44.7290903, -22.875272099323578 ], [ -44.7291209, -22.875537199323549 ], [ -44.72922, -22.875695499323562 ], [ -44.729429900000014, -22.875918699323545 ], [ -44.729616799999974, -22.876216199323526 ], [ -44.729771299999982, -22.876717899323541 ], [ -44.729910500000017, -22.877015399323518 ], [ -44.730049800000018, -22.877202299323546 ], [ -44.730608599999975, -22.877749699323495 ], [ -44.730778400000013, -22.877965299323527 ], [ -44.7308489, -22.878222799323499 ], [ -44.730839399999972, -22.878607999323485 ], [ -44.7309634, -22.878888399323468 ], [ -44.731117900000022, -22.879105899323477 ], [ -44.73167669999998, -22.879666599323478 ], [ -44.731941899999974, -22.880013799323422 ], [ -44.732235600000024, -22.880498199323423 ], [ -44.732544599999983, -22.880887299323415 ], [ -44.7328708, -22.881230599323395 ], [ -44.733452600000021, -22.881728499323419 ], [ -44.733490599999982, -22.881945899323412 ], [ -44.7334601, -22.88224349932343 ], [ -44.733240799999976, -22.882649699323387 ], [ -44.733023300000013, -22.882851899323381 ], [ -44.7326266, -22.883023599323373 ], [ -44.73226039999998, -22.883239099323408 ], [ -44.732151699999967, -22.883370699323375 ], [ -44.7321288, -22.883664399323358 ], [ -44.732393899999977, -22.883849399323346 ], [ -44.73365660000001, -22.884511299323336 ], [ -44.734596899999985, -22.885157899323364 ], [ -44.7354037, -22.885764399323349 ], [ -44.735485110175425, -22.885858901912695 ] ] ] } },
{ "type": "Feature", "properties": { "NUCOMPTREC": 2.377, "NUDISTBACT": 528.612, "NUDISTCDAG": 127.718, "NUAREACONT": 2.85, "NUAREAMONT": 2.85, "NUDISTBACC": 400.894, "NUAREABACC": 1125.188, "NUCOMPCDA": 130.094, "Shape__Len": 0, "OBJECTID": 56746, "ID": 107526, "COTRECHO": 107526, "COCURSODAG": "77892", "COBACIA": "778929", "NOGENERICO": null, "NOLIGACAO": null, "NOESPECIF": null, "NORIOCOMP": null, "NOORIGINAL": null, "COCDADESAG": "778", "NUTRJUS": 11380, "NUORDEMCDA": 2, "NUNIVOTTO": 6, "NUNIVOTCDA": 5, "NUSTRAHLER": 1, "DEDOMINIAL": "Estadual", "DSVERSAO": "BHO bho_2017_v_01_05_50k de 2018-06-22" }, "geometry": { "type": "MultiLineString", "coordinates": [ [ [ -44.3969555, -22.799649999325293 ], [ -44.3967189, -22.799192299325327 ], [ -44.3965511, -22.798965299325339 ], [ -44.3961296, -22.79854379932533 ], [ -44.395782399999973, -22.798276799325325 ], [ -44.3947372, -22.797282999325358 ], [ -44.3944816, -22.796996899325379 ], [ -44.3941764, -22.796495299325386 ], [ -44.393993299999977, -22.796254999325356 ], [ -44.393531699999983, -22.795856299325411 ], [ -44.393260899999973, -22.79557019932539 ], [ -44.393148399999966, -22.795411899325373 ], [ -44.392871800000023, -22.79477869932542 ], [ -44.392570400000011, -22.794360999325402 ], [ -44.392143200000014, -22.793916599325417 ], [ -44.391811299999972, -22.793752499325414 ], [ -44.391078900000032, -22.793466399325442 ], [ -44.390621099999969, -22.793359599325427 ], [ -44.3901538, -22.793357699325448 ], [ -44.3893623, -22.793472299325479 ], [ -44.389181, -22.793454999325444 ], [ -44.38873089999997, -22.793460699325472 ], [ -44.3873767, -22.793163199325427 ], [ -44.3865088, -22.793086899325449 ], [ -44.386264700000027, -22.793090699325443 ], [ -44.385974799999971, -22.793140299325451 ], [ -44.3858184, -22.793193699325471 ], [ -44.385631400000022, -22.793197499325469 ], [ -44.3846701, -22.793161299325462 ], [ -44.384202800000025, -22.793136499325453 ], [ -44.383958699999987, -22.79317269932546 ], [ -44.383201499999984, -22.79345879932545 ], [ -44.3828429, -22.793519899325414 ], [ -44.3825797, -22.793519899325414 ], [ -44.382100900000012, -22.79345879932545 ], [ -44.3815935, -22.793308099325451 ], [ -44.3810042, -22.793042999325461 ], [ -44.3804758, -22.792878999325492 ], [ -44.3798769, -22.792758799325455 ], [ -44.37947650000001, -22.792806599325466 ], [ -44.379348600000014, -22.792981999325455 ], [ -44.379100600000015, -22.793199399325442 ], [ -44.3787172, -22.793422599325439 ], [ -44.3785666, -22.793554199325456 ], [ -44.378438800000019, -22.793683899325455 ], [ -44.37829, -22.793927999325433 ], [ -44.378183200000024, -22.794246699325409 ] ] ] } },
{ "type": "Feature", "properties": { "NUCOMPTREC": 29.157, "NUDISTBACT": 490.825, "NUDISTCDAG": 0.0, "NUAREACONT": 144.541, "NUAREAMONT": 144.541, "NUDISTBACC": 490.825, "NUAREABACC": 144.541, "NUCOMPCDA": 29.157, "Shape__Len": 0, "OBJECTID": 59085, "ID": 6753, "COTRECHO": 6753, "COCURSODAG": "778924", "COBACIA": "778924", "NOGENERICO": "Rio", "NOLIGACAO": null, "NOESPECIF": "Piraí", "NORIOCOMP": "Rio Piraí", "NOORIGINAL": "Rio Piraí", "COCDADESAG": "77892", "NUTRJUS": 20457, "NUORDEMCDA": 3, "NUNIVOTTO": 6, "NUNIVOTCDA": 6, "NUSTRAHLER": 1, "DEDOMINIAL": "Estadual", "DSVERSAO": "BHO bho_2017_v_01_05_50k de 2018-06-22" }, "geometry": { "type": "MultiLineString", "coordinates": [ [ [ -44.197124299999977, -22.927322999322385 ], [ -44.197189499999979, -22.927353799322354 ], [ -44.1972546, -22.927384499322379 ], [ -44.1973198, -22.92741529932238 ], [ -44.197385, -22.927445999322345 ], [ -44.197450100000026, -22.927476799322388 ], [ -44.19751530000002, -22.927507599322368 ], [ -44.197580399999985, -22.927538299322347 ], [ -44.197645599999987, -22.927569099322387 ], [ -44.197710799999982, -22.927599799322369 ], [ -44.1977759, -22.927630599322345 ], [ -44.1978411, -22.927661399322339 ], [ -44.1979063, -22.927692099322364 ], [ -44.197971399999972, -22.927722899322347 ], [ -44.1979824, -22.927727999322361 ], [ -44.1980504, -22.92775279932237 ], [ -44.198118500000021, -22.927777599322376 ], [ -44.198186599999985, -22.927802399322381 ], [ -44.1982547, -22.927827199322373 ], [ -44.1983227, -22.927851899322363 ], [ -44.19839080000002, -22.927876699322379 ], [ -44.198446100000012, -22.92789679932234 ], [ -44.198518200000024, -22.92790839932233 ], [ -44.198590299999978, -22.927919899322362 ], [ -44.198662300000017, -22.927931499322355 ], [ -44.198734399999964, -22.927942999322372 ], [ -44.1988065, -22.927954599322373 ], [ -44.198878499999985, -22.927966099322344 ], [ -44.19890620000001, -22.927970599322339 ], [ -44.1989793, -22.927972299322377 ], [ -44.199052400000028, -22.927973999322365 ], [ -44.19912549999998, -22.927975799322368 ], [ -44.1991742, -22.927976899322324 ], [ -44.199245399999988, -22.927961599322352 ], [ -44.1993167, -22.92794629932234 ], [ -44.199332700000014, -22.927942799322317 ], [ -44.199404, -22.92792769932235 ], [ -44.19944229999998, -22.927919599322344 ], [ -44.199515099999985, -22.927926499322375 ], [ -44.199587899999983, -22.927933399322331 ], [ -44.199660600000016, -22.927940299322337 ], [ -44.199685199999969, -22.927942599322343 ], [ -44.199758200000019, -22.927939199322378 ], [ -44.199831300000021, -22.927935899322375 ], [ -44.199904300000021, -22.927932499322349 ], [ -44.1999295, -22.927931399322322 ], [ -44.200002700000027, -22.927929599322383 ], [ -44.200075799999979, -22.927927799322365 ], [ -44.200148899999988, -22.927925999322376 ], [ -44.200222, -22.927924199322362 ], [ -44.2002951, -22.927922399322355 ], [ -44.200368200000014, -22.927920599322356 ], [ -44.200441300000016, -22.927918799322335 ], [ -44.2005145, -22.927917099322368 ], [ -44.2005833, -22.927915399322384 ], [ -44.2006548, -22.927900799322337 ], [ -44.200726200000013, -22.927886199322352 ], [ -44.20079759999998, -22.927871599322359 ], [ -44.200869, -22.927856999322376 ], [ -44.200940399999972, -22.927842399322333 ], [ -44.200948, -22.927840899322337 ], [ -44.2010163, -22.927816899322334 ], [ -44.201084700000017, -22.927792899322341 ], [ -44.201112599999988, -22.927783099322347 ], [ -44.201173900000015, -22.927746099322334 ], [ -44.201235199999978, -22.927709099322378 ], [ -44.2012964, -22.927672099322372 ], [ -44.20135770000001, -22.927635099322341 ], [ -44.201419, -22.927598099322374 ], [ -44.201475, -22.927564299322331 ], [ -44.201541299999967, -22.927535799322357 ], [ -44.201607700000011, -22.927507299322357 ], [ -44.201674, -22.927478799322394 ], [ -44.2017404, -22.927450299322341 ], [ -44.20180670000002, -22.92742179932236 ], [ -44.201825199999966, -22.927413799322366 ], [ -44.201884300000017, -22.927373999322356 ], [ -44.201943500000034, -22.927334099322366 ], [ -44.202002600000021, -22.927294299322398 ], [ -44.202061800000017, -22.927254399322358 ], [ -44.2021209, -22.927214499322357 ], [ -44.20218, -22.927174699322403 ], [ -44.2022392, -22.927134799322349 ], [ -44.2022983, -22.92709489932237 ], [ -44.202357399999975, -22.927055099322391 ], [ -44.202416599999978, -22.927015199322412 ], [ -44.202475699999972, -22.926975399322377 ], [ -44.202534899999975, -22.926935499322379 ], [ -44.202594, -22.926895599322389 ], [ -44.20265310000002, -22.926855799322375 ], [ -44.2026942, -22.926828099322414 ], [ -44.202746199999979, -22.92678049932238 ], [ -44.202798299999984, -22.926732999322404 ], [ -44.202850399999981, -22.92668539932238 ], [ -44.202902499999986, -22.926637899322397 ], [ -44.2029546, -22.926590299322378 ], [ -44.2030067, -22.926542699322411 ], [ -44.203058699999978, -22.926495199322371 ], [ -44.203110799999983, -22.926447599322401 ], [ -44.203162899999988, -22.926400099322411 ], [ -44.203215, -22.926352499322398 ], [ -44.2032671, -22.926304899322385 ], [ -44.203319200000017, -22.926257399322395 ], [ -44.2033361, -22.926241899322363 ], [ -44.2033586, -22.926177499322392 ], [ -44.203381200000017, -22.926112999322392 ], [ -44.203403799999982, -22.926048599322396 ], [ -44.203409599999986, -22.926031999322419 ], [ -44.203424700000021, -22.92596569932239 ], [ -44.203439899999971, -22.92589939932239 ], [ -44.203455099999985, -22.925833099322389 ], [ -44.203460099999972, -22.925811299322426 ], [ -44.203474, -22.925744799322434 ], [ -44.203488, -22.92567829932241 ], [ -44.2035019, -22.925611799322429 ], [ -44.203515900000014, -22.925545299322412 ], [ -44.203527899999983, -22.925487799322404 ], [ -44.2035704, -22.92543259932242 ], [ -44.203615, -22.925374599322407 ], [ -44.203677500000026, -22.925339499322412 ], [ -44.203740100000012, -22.925304399322435 ], [ -44.2037952, -22.925273599322438 ], [ -44.203802699999976, -22.925269399322413 ], [ -44.203817300000019, -22.925261199322446 ], [ -44.203887099999982, -22.925240899322418 ], [ -44.203956899999973, -22.925220599322397 ], [ -44.204026699999979, -22.925200399322428 ], [ -44.2040965, -22.925180099322386 ], [ -44.2041663, -22.925159799322433 ], [ -44.2042361, -22.925139599322438 ], [ -44.204265599999985, -22.925130999322441 ], [ -44.2043299, -22.925098699322394 ], [ -44.2043941, -22.925066299322445 ], [ -44.204458400000014, -22.925033999322398 ], [ -44.204522699999977, -22.925001599322385 ], [ -44.204561300000016, -22.924982199322411 ], [ -44.2045706, -22.92492319932245 ], [ -44.2045802, -22.924861899322416 ], [ -44.204606899999987, -22.924798899322411 ], [ -44.204633600000022, -22.924735799322441 ], [ -44.204660299999986, -22.924672699322404 ], [ -44.204687, -22.924609599322419 ], [ -44.204692299999977, -22.92459699932245 ], [ -44.204703199999976, -22.924571499322447 ], [ -44.20471220000001, -22.924504199322431 ], [ -44.2047212, -22.924436999322442 ], [ -44.204730199999972, -22.924369799322463 ], [ -44.2047392, -22.92430249932244 ], [ -44.204748199999976, -22.924235299322465 ], [ -44.2047519, -22.924207699322452 ], [ -44.20476960000002, -22.924141999322462 ], [ -44.204787300000021, -22.924076199322446 ], [ -44.204805, -22.924010499322453 ], [ -44.2048226, -22.92394469932244 ], [ -44.2048403, -22.923878999322447 ], [ -44.204858, -22.923813299322461 ], [ -44.2048757, -22.923747499322459 ], [ -44.204893299999981, -22.923681799322452 ], [ -44.204911, -22.923616099322462 ], [ -44.204928699999975, -22.923550299322432 ], [ -44.20494630000001, -22.923484599322453 ], [ -44.204964, -22.923418799322427 ], [ -44.204981700000026, -22.923353099322451 ], [ -44.20499940000002, -22.923287399322458 ], [ -44.2050095, -22.92324979932247 ], [ -44.205021699999968, -22.92318299932246 ], [ -44.205034, -22.92311619932245 ], [ -44.205046200000027, -22.92304939932249 ], [ -44.2050585, -22.922982599322481 ], [ -44.205070700000022, -22.922915799322475 ], [ -44.2050752, -22.922891399322499 ], [ -44.205092200000024, -22.922825499322457 ], [ -44.205109199999981, -22.922759699322437 ], [ -44.205126099999966, -22.92269379932247 ], [ -44.205143099999979, -22.922627899322478 ], [ -44.205144599999976, -22.922622299322473 ], [ -44.2051735, -22.922559999322463 ], [ -44.205202299999989, -22.92249779932245 ], [ -44.2052312, -22.922435499322482 ], [ -44.205260099999975, -22.922373299322473 ], [ -44.205289, -22.922311099322492 ], [ -44.2053179, -22.922248799322471 ], [ -44.205329399999975, -22.922223899322493 ], [ -44.205370599999981, -22.922167899322456 ], [ -44.2054117, -22.922111899322481 ], [ -44.205452799999989, -22.922055899322476 ], [ -44.205458799999974, -22.922047799322467 ], [ -44.205509699999986, -22.921999099322491 ], [ -44.2055605, -22.921950399322494 ], [ -44.205611400000024, -22.921901699322468 ], [ -44.205662200000013, -22.921852999322493 ], [ -44.205713100000025, -22.921804299322524 ], [ -44.2057208, -22.921796899322498 ], [ -44.205767299999984, -22.921744599322519 ], [ -44.205813799999987, -22.921692299322515 ], [ -44.205860299999983, -22.921639999322533 ], [ -44.205906799999973, -22.921587699322469 ], [ -44.205953299999969, -22.921535399322483 ], [ -44.205999799999965, -22.921483199322505 ], [ -44.206046300000011, -22.921430899322516 ], [ -44.206092800000015, -22.921378599322534 ], [ -44.2061074, -22.921362199322477 ], [ -44.206152700000018, -22.921308999322513 ], [ -44.206198, -22.921255799322491 ], [ -44.206243299999983, -22.921202599322527 ], [ -44.2062886, -22.921149399322506 ], [ -44.206333799999982, -22.921096199322534 ], [ -44.206379099999985, -22.921042999322509 ], [ -44.206413600000012, -22.921002599322509 ], [ -44.206440499999985, -22.920939599322505 ], [ -44.206467499999974, -22.920876599322497 ], [ -44.2064949, -22.920812399322497 ], [ -44.20651909999998, -22.920748499322521 ], [ -44.2065432, -22.920684499322508 ], [ -44.206567399999976, -22.920620599322529 ], [ -44.2065915, -22.920556599322516 ], [ -44.2066029, -22.920526399322558 ], [ -44.206612899999975, -22.920459299322527 ], [ -44.206622900000013, -22.920392199322503 ], [ -44.206633, -22.920325099322536 ], [ -44.206636, -22.920304899322542 ], [ -44.206643, -22.920257999322519 ], [ -44.206653, -22.920190899322556 ], [ -44.206663, -22.920123799322528 ], [ -44.2066727, -22.920058799322529 ], [ -44.2066719, -22.919991099322537 ], [ -44.206671099999987, -22.919923299322537 ], [ -44.206670200000019, -22.919855599322535 ], [ -44.2066694, -22.919787799322542 ], [ -44.2066686, -22.919720099322554 ], [ -44.206668499999978, -22.919709399322524 ], [ -44.2066969, -22.919646999322545 ], [ -44.206725399999975, -22.919584599322544 ], [ -44.20675, -22.91953069932255 ], [ -44.20679, -22.919473999322534 ], [ -44.206830099999983, -22.919417299322578 ], [ -44.2068701, -22.919360699322585 ], [ -44.206878, -22.919349399322542 ], [ -44.2069113, -22.919289099322569 ], [ -44.206944599999979, -22.919228799322532 ], [ -44.20697790000002, -22.919168499322573 ], [ -44.2070112, -22.91910819932254 ], [ -44.207044499999988, -22.919047799322541 ], [ -44.207065899999975, -22.919009099322551 ], [ -44.207077799999972, -22.918987499322572 ], [ -44.207111100000013, -22.91892719932255 ], [ -44.2071444, -22.918866899322573 ], [ -44.207172800000023, -22.918815599322574 ], [ -44.207199, -22.918752299322545 ], [ -44.2072253, -22.91868909932257 ], [ -44.2072516, -22.918625899322556 ], [ -44.2072779, -22.918562699322557 ], [ -44.2073042, -22.918499399322538 ], [ -44.20731009999998, -22.91848509932257 ], [ -44.207323200000012, -22.918418499322541 ], [ -44.207336199999986, -22.918351799322551 ], [ -44.207349299999969, -22.91828519932259 ], [ -44.2073623, -22.918218499322602 ], [ -44.2073648, -22.918206199322562 ], [ -44.207375399999982, -22.918151899322574 ], [ -44.2073788, -22.918134299322588 ], [ -44.207378399999975, -22.918091699322574 ], [ -44.207378100000014, -22.918066599322561 ], [ -44.207377399999984, -22.917998799322607 ], [ -44.2073767, -22.917931099322562 ], [ -44.207375899999974, -22.917863299322612 ], [ -44.2073752, -22.917795599322563 ], [ -44.2073745, -22.917727799322606 ], [ -44.20737380000002, -22.917660099322578 ], [ -44.207373, -22.917592399322583 ], [ -44.207372299999967, -22.917524599322576 ], [ -44.207371599999988, -22.917456899322573 ], [ -44.207371, -22.917401899322602 ], [ -44.207365, -22.917334399322616 ], [ -44.2073591, -22.91726689932262 ], [ -44.207353099999978, -22.91719939932262 ], [ -44.207347099999986, -22.917131899322623 ], [ -44.2073411, -22.917064399322626 ], [ -44.207335100000023, -22.9169967993226 ], [ -44.2073292, -22.916929299322611 ], [ -44.2073232, -22.916861799322604 ], [ -44.207317199999977, -22.916794299322614 ], [ -44.207316499999983, -22.916785899322594 ], [ -44.2073188, -22.916718199322599 ], [ -44.2073211, -22.916650499322618 ], [ -44.2073234, -22.916582799322633 ], [ -44.20732570000002, -22.916515099322638 ], [ -44.207327599999985, -22.916459599322618 ], [ -44.207353099999978, -22.916396099322604 ], [ -44.20737860000002, -22.91633259932259 ], [ -44.207404100000019, -22.916269099322648 ], [ -44.207429600000012, -22.91620559932263 ], [ -44.207444899999977, -22.916167699322639 ], [ -44.2074847, -22.916110899322604 ], [ -44.207524400000011, -22.916054099322629 ], [ -44.207564199999972, -22.915997199322621 ], [ -44.207604, -22.915940399322643 ], [ -44.207643800000028, -22.915883499322636 ], [ -44.207681, -22.915830499322659 ], [ -44.207733, -22.91578289932264 ], [ -44.207785, -22.915735299322638 ], [ -44.207839299999989, -22.915685599322661 ], [ -44.207898, -22.915645199322601 ], [ -44.2079567, -22.915604799322622 ], [ -44.208015499999981, -22.915564399322623 ], [ -44.2080742, -22.915523999322641 ], [ -44.20813290000001, -22.915483699322614 ], [ -44.208191600000021, -22.915443299322629 ], [ -44.208250299999975, -22.91540289932265 ], [ -44.2082866, -22.915377999322612 ], [ -44.208345300000019, -22.915337599322633 ], [ -44.208351900000018, -22.915333099322645 ], [ -44.2084072, -22.915288799322624 ], [ -44.2084625, -22.915244399322649 ], [ -44.208517799999974, -22.915200099322647 ], [ -44.208573100000031, -22.915155799322626 ], [ -44.2086238, -22.915115299322675 ], [ -44.208675700000015, -22.91506759932264 ], [ -44.2087277, -22.915019899322658 ], [ -44.2087563, -22.914993599322649 ], [ -44.208786799999977, -22.914932099322645 ], [ -44.2088169, -22.914871399322635 ], [ -44.2088342, -22.914805599322683 ], [ -44.2088516, -22.914739699322631 ], [ -44.208868900000027, -22.914673899322676 ], [ -44.208886300000025, -22.91460809932267 ], [ -44.208903599999978, -22.914542299322669 ], [ -44.208906800000015, -22.914530199322666 ], [ -44.208933, -22.91446689932264 ], [ -44.208959199999981, -22.914403699322648 ], [ -44.2089679, -22.914382699322651 ], [ -44.209020399999986, -22.914335499322664 ], [ -44.209052299999989, -22.914306799322695 ], [ -44.209074, -22.914287299322673 ], [ -44.209139100000016, -22.914256399322671 ], [ -44.209204199999988, -22.914225599322677 ], [ -44.20927180000001, -22.914193499322675 ], [ -44.209342900000024, -22.914177699322639 ], [ -44.209414, -22.914161799322656 ], [ -44.2094851, -22.914145999322692 ], [ -44.2095562, -22.914130199322656 ], [ -44.209626399999983, -22.914114499322658 ], [ -44.209699399999963, -22.914110599322683 ], [ -44.20977240000002, -22.914106699322659 ], [ -44.209845400000013, -22.914102799322702 ], [ -44.209918500000015, -22.91409889932266 ], [ -44.2099685, -22.914096199322699 ], [ -44.210037600000014, -22.914118399322685 ], [ -44.210106699999969, -22.914140599322668 ], [ -44.2101758, -22.914162799322654 ], [ -44.210244900000021, -22.91418499932265 ], [ -44.210314, -22.914207199322703 ], [ -44.210334600000024, -22.91421379932271 ], [ -44.2104061, -22.914227899322686 ], [ -44.210477599999983, -22.914241999322666 ], [ -44.21051540000002, -22.914249399322664 ], [ -44.210588499999972, -22.914247899322689 ], [ -44.21066159999998, -22.914246499322665 ], [ -44.210734699999982, -22.914244999322655 ], [ -44.210800099999965, -22.914243599322674 ], [ -44.21087290000002, -22.914237299322693 ], [ -44.210945700000018, -22.914230899322664 ], [ -44.211018500000016, -22.914224599322704 ], [ -44.211091300000021, -22.914218299322687 ], [ -44.211164100000026, -22.91421189932267 ], [ -44.2112333, -22.914205899322678 ], [ -44.2113064, -22.914207799322654 ], [ -44.211379500000028, -22.91420959932266 ], [ -44.211452599999973, -22.914211499322686 ], [ -44.211525699999967, -22.914213399322666 ], [ -44.211581599999988, -22.914214799322693 ], [ -44.2116547, -22.91421769932267 ], [ -44.211674099999982, -22.914218399322646 ], [ -44.211727699999983, -22.914220499322663 ], [ -44.2118008, -22.914223299322678 ], [ -44.2118739, -22.914226099322676 ], [ -44.211946899999987, -22.914228999322649 ], [ -44.21202, -22.91423179932265 ], [ -44.2120931, -22.914234599322665 ], [ -44.2121661, -22.914237399322666 ], [ -44.2122392, -22.914240199322663 ], [ -44.2123123, -22.914243099322693 ], [ -44.21237739999998, -22.914245599322683 ], [ -44.212450199999978, -22.914238599322641 ], [ -44.2125229, -22.914231499322693 ], [ -44.2125957, -22.91422449932266 ], [ -44.21266839999997, -22.914217499322664 ], [ -44.212741100000017, -22.914210399322666 ], [ -44.212813900000015, -22.914203399322687 ], [ -44.2128866, -22.914196399322645 ], [ -44.2129544, -22.914189799322632 ], [ -44.2130224, -22.914164799322648 ], [ -44.213090299999983, -22.914139699322686 ], [ -44.213158299999975, -22.914114599322684 ], [ -44.2132262, -22.91408949932265 ], [ -44.213287799999989, -22.914066799322676 ], [ -44.2133493, -22.914030199322685 ], [ -44.213410800000013, -22.913993499322679 ], [ -44.213472299999971, -22.913956899322702 ], [ -44.2135338, -22.913920199322693 ], [ -44.2135953, -22.913883599322702 ], [ -44.2136244, -22.913866299322681 ], [ -44.213692900000012, -22.913842699322654 ], [ -44.213761499999968, -22.913819099322684 ], [ -44.21383, -22.913795499322664 ], [ -44.2138986, -22.913771999322687 ], [ -44.21391, -22.913767999322694 ], [ -44.213978699999984, -22.913744799322689 ], [ -44.21404740000002, -22.913721499322687 ], [ -44.214116100000012, -22.913698299322714 ], [ -44.2141277, -22.913694399322683 ], [ -44.2142008, -22.913694799322652 ], [ -44.214277700000011, -22.913695199322678 ], [ -44.21431489999997, -22.91369839932268 ], [ -44.214350500000016, -22.913701399322662 ], [ -44.21442339999998, -22.913707599322684 ], [ -44.214434700000027, -22.9137085993227 ], [ -44.214503499999978, -22.913731499322665 ], [ -44.214572299999986, -22.913754399322695 ], [ -44.214641200000024, -22.91377729932266 ], [ -44.214701400000017, -22.913797399322707 ], [ -44.214755599999982, -22.913842799322673 ], [ -44.214809899999977, -22.913888299322675 ], [ -44.2148641, -22.913933699322651 ], [ -44.214918399999981, -22.9139791993227 ], [ -44.2149726, -22.914024599322687 ], [ -44.2150269, -22.914069999322635 ], [ -44.215042700000019, -22.914083299322687 ], [ -44.215095399999981, -22.914130199322649 ], [ -44.21514819999998, -22.914176999322674 ], [ -44.2151503, -22.914178899322696 ], [ -44.215201, -22.914223899322696 ], [ -44.215253800000028, -22.914270799322669 ], [ -44.215296799999969, -22.914308999322664 ], [ -44.215358900000012, -22.914344699322683 ], [ -44.215421100000015, -22.914380399322688 ], [ -44.215483300000017, -22.914415999322678 ], [ -44.2155454, -22.914451699322644 ], [ -44.2156076, -22.914487399322667 ], [ -44.2156253, -22.914497599322662 ], [ -44.215696799999989, -22.914511799322664 ], [ -44.215768299999972, -22.914525999322684 ], [ -44.21582990000001, -22.914538199322646 ], [ -44.21590250000002, -22.914529699322671 ], [ -44.215975, -22.914521099322659 ], [ -44.216047600000024, -22.914512599322677 ], [ -44.216087, -22.914507899322651 ], [ -44.216160100000025, -22.914508299322684 ], [ -44.216216299999985, -22.91450859932263 ], [ -44.2162869, -22.91452609932265 ], [ -44.216318600000022, -22.914533999322664 ], [ -44.2163865, -22.914559099322677 ], [ -44.2164209, -22.914571899322656 ], [ -44.2164821, -22.914609099322668 ], [ -44.2165432, -22.914646299322676 ], [ -44.216604299999972, -22.914683499322685 ], [ -44.216665400000011, -22.914720699322629 ], [ -44.216726499999986, -22.914757899322638 ], [ -44.2167877, -22.914795099322649 ], [ -44.216848799999973, -22.914832299322669 ], [ -44.216870799999981, -22.914845699322658 ], [ -44.216938, -22.914872299322663 ], [ -44.217005200000024, -22.914898899322683 ], [ -44.217061699999988, -22.914921299322653 ], [ -44.217134900000012, -22.914921599322678 ], [ -44.217208, -22.914921999322655 ], [ -44.2172453, -22.914922199322636 ], [ -44.217316200000027, -22.91493869932264 ], [ -44.2173871, -22.914955299322621 ], [ -44.2174086, -22.914960299322676 ], [ -44.217481599999978, -22.914956199322663 ], [ -44.217554600000028, -22.914951999322685 ], [ -44.217612299999985, -22.914948799322627 ], [ -44.2176799, -22.91492279932265 ], [ -44.2177474, -22.914896799322658 ], [ -44.2178149, -22.914870699322663 ], [ -44.217835799999982, -22.914862699322676 ], [ -44.217876100000012, -22.914813099322661 ], [ -44.2179226, -22.914760799322682 ], [ -44.2179691, -22.914708499322675 ], [ -44.217997299999972, -22.914676799322656 ], [ -44.218040299999984, -22.914621999322669 ], [ -44.218077199999982, -22.914575099322636 ], [ -44.2181301, -22.914528299322633 ], [ -44.218183, -22.914481499322694 ], [ -44.218235900000032, -22.914434799322638 ], [ -44.2182593, -22.914414099322649 ], [ -44.21832, -22.914376399322659 ], [ -44.218380799999977, -22.914338599322683 ], [ -44.218441499999983, -22.914300899322662 ], [ -44.2184563, -22.914291699322657 ], [ -44.218502, -22.914263299322684 ], [ -44.218568699999985, -22.914235599322652 ], [ -44.2186355, -22.91420789932268 ], [ -44.218702199999989, -22.914180299322666 ], [ -44.2187578, -22.914157199322659 ], [ -44.218769, -22.914152599322701 ], [ -44.218835800000022, -22.914124899322669 ], [ -44.218902500000013, -22.914097299322666 ], [ -44.218969300000033, -22.914069599322669 ], [ -44.219036, -22.914041899322648 ], [ -44.219102799999973, -22.914014299322687 ], [ -44.2191664, -22.913987899322663 ], [ -44.2192243, -22.913946499322694 ], [ -44.21928209999998, -22.913905099322708 ], [ -44.21934, -22.913863699322661 ], [ -44.219397899999983, -22.913822199322702 ], [ -44.219455700000019, -22.913780799322659 ], [ -44.219513600000028, -22.913739399322676 ], [ -44.219571499999979, -22.913697999322686 ], [ -44.219629399999967, -22.913656599322707 ], [ -44.21968720000001, -22.913615199322663 ], [ -44.219745100000011, -22.913573699322658 ], [ -44.2197539, -22.913567399322663 ], [ -44.219792499999976, -22.913509799322661 ], [ -44.219831, -22.913452299322699 ], [ -44.219869599999974, -22.913394699322716 ], [ -44.2199081, -22.913337099322664 ], [ -44.219946600000014, -22.91327949932268 ], [ -44.219955500000026, -22.913266399322698 ], [ -44.219986399999975, -22.913204999322691 ], [ -44.22001740000001, -22.913143599322702 ], [ -44.220048399999989, -22.913082299322671 ], [ -44.220055899999977, -22.913067399322678 ], [ -44.22007, -22.913000899322675 ], [ -44.220084, -22.912934499322706 ], [ -44.220098, -22.912867999322707 ], [ -44.220112099999987, -22.912801499322704 ], [ -44.220121699999986, -22.912755999322712 ], [ -44.220124800000015, -22.912688299322717 ], [ -44.220128, -22.912620599322722 ], [ -44.2201311, -22.912552899322677 ], [ -44.220134299999984, -22.912485199322695 ], [ -44.2201374, -22.912417599322733 ], [ -44.220140599999972, -22.912349899322688 ], [ -44.2201437, -22.912282199322718 ], [ -44.220145499999987, -22.912244499322696 ], [ -44.220162800000026, -22.912178699322745 ], [ -44.220180200000016, -22.912112899322736 ], [ -44.220197499999983, -22.912047099322713 ], [ -44.220214899999966, -22.91198129932269 ], [ -44.2202322, -22.911915499322738 ], [ -44.220249599999988, -22.911849599322696 ], [ -44.220251599999976, -22.911842099322726 ], [ -44.22026319999997, -22.911775199322744 ], [ -44.2202747, -22.911708299322715 ], [ -44.2202863, -22.911641399322733 ], [ -44.220297800000026, -22.9115744993227 ], [ -44.220309400000012, -22.911507599322725 ], [ -44.220321, -22.911440699322739 ], [ -44.220326699999987, -22.911407299322736 ], [ -44.220343599999971, -22.911341399322765 ], [ -44.220360500000027, -22.911275399322758 ], [ -44.220377400000018, -22.911209499322727 ], [ -44.2203831, -22.911187099322753 ], [ -44.2204158, -22.911126499322766 ], [ -44.220436800000016, -22.911087499322743 ], [ -44.220479099999977, -22.911032199322772 ], [ -44.220521299999966, -22.910976899322719 ], [ -44.2205412, -22.910950799322766 ], [ -44.220595600000031, -22.910905499322748 ], [ -44.22065259999998, -22.910857899322739 ], [ -44.220717299999983, -22.91082619932272 ], [ -44.220777899999973, -22.910796399322734 ], [ -44.2208491, -22.910780999322728 ], [ -44.2209168, -22.910766299322738 ], [ -44.22099, -22.910766799322712 ], [ -44.221063099999974, -22.910767399322747 ], [ -44.2210695, -22.910767499322763 ], [ -44.221141900000021, -22.910777299322756 ], [ -44.221214299999986, -22.910787099322743 ], [ -44.221286599999971, -22.91079689932273 ], [ -44.221359, -22.910806699322769 ], [ -44.221395799999975, -22.91081169932276 ], [ -44.2214689, -22.910811099322739 ], [ -44.221542, -22.910810599322723 ], [ -44.221615199999974, -22.910809999322762 ], [ -44.221688299999983, -22.910809499322781 ], [ -44.221761399999984, -22.910808899322749 ], [ -44.221799299999979, -22.910808599322745 ], [ -44.221871899999989, -22.910800499322743 ], [ -44.2219445, -22.910792499322763 ], [ -44.222009300000025, -22.91078529932274 ], [ -44.2220793, -22.910765499322775 ], [ -44.2221492, -22.910745799322729 ], [ -44.222219199999969, -22.91072609932273 ], [ -44.2222534, -22.910716399322773 ], [ -44.222317799999985, -22.910684299322764 ], [ -44.222382200000027, -22.910652199322755 ], [ -44.222446600000012, -22.910620099322763 ], [ -44.222511, -22.910588099322744 ], [ -44.222578300000016, -22.910554499322746 ], [ -44.222637299999967, -22.910514599322752 ], [ -44.222696400000018, -22.910474599322743 ], [ -44.222755399999976, -22.910434599322734 ], [ -44.22281450000002, -22.910394699322726 ], [ -44.2228735, -22.910354699322784 ], [ -44.222932599999972, -22.910314699322768 ], [ -44.2229913, -22.910274199322771 ], [ -44.223049899999978, -22.910233699322756 ], [ -44.223076699999986, -22.910215299322761 ], [ -44.223108599999989, -22.910193299322753 ], [ -44.223167199999985, -22.910152799322749 ], [ -44.223225899999989, -22.910112299322748 ], [ -44.22328449999997, -22.910071799322797 ], [ -44.223317399999978, -22.910049099322748 ], [ -44.223372, -22.910004099322759 ], [ -44.223426599999968, -22.909958999322789 ], [ -44.223481199999981, -22.909913899322746 ], [ -44.2234876, -22.909908599322765 ], [ -44.2235316, -22.909854499322762 ], [ -44.2235756, -22.909800399322766 ], [ -44.223598700000018, -22.909771999322739 ], [ -44.2236274, -22.909709699322789 ], [ -44.223656100000021, -22.909647399322743 ], [ -44.223659, -22.909641199322785 ], [ -44.2236848, -22.909577799322804 ], [ -44.2237106, -22.909514399322759 ], [ -44.2237364, -22.909451099322784 ], [ -44.22374259999998, -22.909435599322766 ], [ -44.2237705, -22.909372999322787 ], [ -44.2237983, -22.90931029932279 ], [ -44.223826200000012, -22.909247699322759 ], [ -44.223854, -22.909184999322772 ], [ -44.22387, -22.909149099322761 ], [ -44.223881199999987, -22.909082099322763 ], [ -44.223884, -22.90906539932276 ], [ -44.223883699999988, -22.908997699322782 ], [ -44.2238835, -22.908971599322765 ], [ -44.2238693, -22.908905099322823 ], [ -44.22385509999998, -22.908838699322786 ], [ -44.2238428, -22.908780999322772 ], [ -44.223841199999974, -22.908713299322784 ], [ -44.223839699999985, -22.908653199322792 ], [ -44.2238641, -22.908589399322782 ], [ -44.223874, -22.908563399322787 ], [ -44.223918299999987, -22.908509499322786 ], [ -44.2239631, -22.908455099322822 ], [ -44.2240117, -22.908404499322817 ], [ -44.224055099999987, -22.908359399322805 ], [ -44.224104300000022, -22.90831709932278 ], [ -44.2241641, -22.908278099322814 ], [ -44.22422390000002, -22.908239199322828 ], [ -44.224234, -22.90823259932283 ], [ -44.2242971, -22.90823429932281 ], [ -44.224367799999982, -22.908216799322791 ], [ -44.2243725, -22.908215699322831 ], [ -44.2244443, -22.908202699322811 ], [ -44.2245181, -22.90818929932281 ], [ -44.224584900000025, -22.908161799322837 ], [ -44.224592799999975, -22.908158599322789 ], [ -44.224616500000025, -22.90812109932282 ], [ -44.224612900000011, -22.908089599322796 ], [ -44.224582100000021, -22.908038899322822 ], [ -44.2245252, -22.907996399322816 ], [ -44.224513800000011, -22.907987899322833 ], [ -44.2244718, -22.90793239932281 ], [ -44.224465800000011, -22.907924399322837 ], [ -44.2244397, -22.907861199322831 ], [ -44.224413599999984, -22.907797899322805 ], [ -44.224387499999978, -22.907734599322847 ], [ -44.224361400000014, -22.907671299322818 ], [ -44.224335300000014, -22.907607999322806 ], [ -44.224309199999986, -22.907544699322834 ], [ -44.224293699999976, -22.9075070993228 ], [ -44.2242827, -22.907440099322798 ], [ -44.224271699999974, -22.90737309932279 ], [ -44.224260699999988, -22.907306099322859 ], [ -44.224249799999988, -22.90723919932282 ], [ -44.224245600000017, -22.907213999322838 ], [ -44.224232500000028, -22.907147299322865 ], [ -44.22422820000002, -22.9071255993228 ], [ -44.224195399999978, -22.907064999322824 ], [ -44.224183499999967, -22.907043099322838 ], [ -44.2241323, -22.906995399322863 ], [ -44.224128699999987, -22.906992099322864 ], [ -44.2240658, -22.906957599322837 ], [ -44.224046699999967, -22.906947099322863 ], [ -44.223974800000015, -22.906934899322856 ], [ -44.223927300000021, -22.906926899322816 ], [ -44.2238542, -22.906923499322847 ], [ -44.2237812, -22.906919999322849 ], [ -44.2237533, -22.906918699322844 ], [ -44.223681100000022, -22.906929499322807 ], [ -44.223608899999988, -22.90694019932285 ], [ -44.223536700000011, -22.906950899322862 ], [ -44.223464499999977, -22.90696159932283 ], [ -44.2234363, -22.906965799322862 ], [ -44.22336330000001, -22.906970799322846 ], [ -44.2232904, -22.906975799322829 ], [ -44.223217499999969, -22.906980799322824 ], [ -44.2231974, -22.906982199322851 ], [ -44.2231254, -22.906970399322805 ], [ -44.223053400000026, -22.906958599322824 ], [ -44.223013700000031, -22.906952099322847 ], [ -44.2229471, -22.906924099322858 ], [ -44.222880499999967, -22.906896099322815 ], [ -44.2228288, -22.906874399322842 ], [ -44.222773299999965, -22.906830299322856 ], [ -44.2227178, -22.906786099322815 ], [ -44.2226624, -22.90674199932285 ], [ -44.2226069, -22.906697899322825 ], [ -44.222595500000011, -22.906688799322829 ], [ -44.222537100000011, -22.906647899322849 ], [ -44.222478799999976, -22.90660699932285 ], [ -44.2224205, -22.906566099322852 ], [ -44.22236220000002, -22.906525199322829 ], [ -44.222303899999986, -22.906484299322827 ], [ -44.2222456, -22.906443499322879 ], [ -44.222187299999973, -22.906402599322821 ], [ -44.222128600000019, -22.906361499322841 ], [ -44.222097299999973, -22.906300199322832 ], [ -44.22207329999997, -22.906253399322882 ], [ -44.2220615, -22.906186499322843 ], [ -44.222052099999985, -22.906133099322833 ], [ -44.222056099999961, -22.906065399322841 ], [ -44.222060100000014, -22.905997799322876 ], [ -44.222062, -22.905965799322857 ], [ -44.222075299999972, -22.905899199322874 ], [ -44.2220886, -22.905833299322847 ], [ -44.222109400000015, -22.905768399322866 ], [ -44.222129, -22.905707299322881 ], [ -44.2221561, -22.905669699322843 ], [ -44.22219710000001, -22.905657499322892 ], [ -44.222223900000017, -22.905657799322846 ], [ -44.222269, -22.905658299322887 ], [ -44.222338799999989, -22.905678599322851 ], [ -44.2223821, -22.905691299322864 ], [ -44.222450599999988, -22.905714999322843 ], [ -44.2225191, -22.905738799322844 ], [ -44.222532899999969, -22.905743599322861 ], [ -44.2225932, -22.905781999322844 ], [ -44.2226534, -22.905820299322883 ], [ -44.222664599999973, -22.905827499322861 ], [ -44.222729800000018, -22.905858199322875 ], [ -44.2227606, -22.905872799322864 ], [ -44.222825199999988, -22.905904599322835 ], [ -44.222839500000013, -22.90591169932285 ], [ -44.2229107, -22.905927099322842 ], [ -44.222932, -22.905931699322867 ], [ -44.222983100000029, -22.905913299322879 ], [ -44.2230171, -22.905863199322866 ], [ -44.223037799999986, -22.905798199322842 ], [ -44.223058499999965, -22.905733199322846 ], [ -44.223068300000023, -22.905702599322854 ], [ -44.223095199999989, -22.905639599322836 ], [ -44.223122199999978, -22.90557659932287 ], [ -44.223149200000016, -22.905513699322842 ], [ -44.2231767, -22.90544939932288 ], [ -44.223210699999981, -22.905389399322846 ], [ -44.2232447, -22.905329399322895 ], [ -44.2232479, -22.905323599322845 ], [ -44.2233058, -22.905282199322855 ], [ -44.223330499999982, -22.905264499322861 ], [ -44.2233921, -22.905227999322896 ], [ -44.223440499999974, -22.905199299322863 ], [ -44.223511499999965, -22.905182999322889 ], [ -44.223519099999976, -22.905181199322882 ], [ -44.223592199999985, -22.905182099322868 ], [ -44.223614899999966, -22.905182399322879 ], [ -44.2236534, -22.905185999322899 ], [ -44.223718599999977, -22.905205699322899 ], [ -44.2237779, -22.905245299322857 ], [ -44.223824900000018, -22.905276599322843 ], [ -44.223890900000015, -22.905305899322848 ], [ -44.2239568, -22.905335199322892 ], [ -44.224015300000019, -22.90536119932289 ], [ -44.2240878, -22.90536989932286 ], [ -44.224160400000017, -22.905378699322895 ], [ -44.2242329, -22.905387399322862 ], [ -44.2243054, -22.905396199322851 ], [ -44.224377899999979, -22.905404899322896 ], [ -44.224450400000023, -22.905413699322867 ], [ -44.2245248, -22.905422699322838 ], [ -44.224597599999967, -22.90542829932285 ], [ -44.2246705, -22.905433899322862 ], [ -44.224718600000024, -22.905437599322909 ], [ -44.224790499999976, -22.905449799322852 ], [ -44.224819, -22.905454699322885 ], [ -44.224891099999979, -22.905465999322857 ], [ -44.224963199999983, -22.905477199322874 ], [ -44.2250353, -22.905488499322857 ], [ -44.2251074, -22.905499799322854 ], [ -44.225116, -22.905501199322885 ], [ -44.225186, -22.905520899322866 ], [ -44.225255899999979, -22.905540699322898 ], [ -44.2253258, -22.905560499322846 ], [ -44.225350699999979, -22.905567499322888 ], [ -44.225423799999987, -22.905566899322864 ], [ -44.2254969, -22.905566399322872 ], [ -44.225505199999986, -22.905566299322842 ], [ -44.225576699999969, -22.905552099322886 ], [ -44.225602700000017, -22.905546999322887 ], [ -44.225675200000019, -22.905538599322874 ], [ -44.2257478, -22.905530199322854 ], [ -44.225820399999982, -22.905521799322855 ], [ -44.225826, -22.905521099322854 ], [ -44.225899099999985, -22.905523099322846 ], [ -44.2259722, -22.90552509932283 ], [ -44.226045300000017, -22.905527099322843 ], [ -44.226118400000011, -22.905529199322856 ], [ -44.2261282, -22.905529399322841 ], [ -44.226201300000021, -22.905529199322856 ], [ -44.226274499999988, -22.905528999322865 ], [ -44.226311800000012, -22.905528799322873 ], [ -44.226384900000028, -22.905531299322881 ], [ -44.226458, -22.905533799322878 ], [ -44.226531099999981, -22.905536299322868 ], [ -44.226604099999967, -22.905538799322851 ], [ -44.226677199999976, -22.905541199322869 ], [ -44.2267503, -22.905543699322884 ], [ -44.2268234, -22.905546199322867 ], [ -44.2268965, -22.905548699322864 ], [ -44.2269695, -22.905551199322854 ], [ -44.2270426, -22.905553599322904 ], [ -44.2271157, -22.905556099322872 ], [ -44.227123399999975, -22.905556399322901 ], [ -44.2271963, -22.905560899322882 ], [ -44.227269299999982, -22.905565399322878 ], [ -44.227313200000026, -22.905568099322853 ], [ -44.227342299999968, -22.905569899322852 ], [ -44.2274152, -22.905574499322871 ], [ -44.227444400000017, -22.905576299322885 ], [ -44.2275164, -22.905587999322886 ], [ -44.2275884, -22.905599799322879 ], [ -44.227660500000013, -22.905611499322887 ], [ -44.2277325, -22.905623199322843 ], [ -44.227781100000016, -22.905631199322887 ], [ -44.2278539, -22.905637499322886 ], [ -44.2279267, -22.905643899322836 ], [ -44.22794929999997, -22.905645899322892 ], [ -44.2280212, -22.905633299322854 ], [ -44.228052199999979, -22.905627899322877 ], [ -44.228116899999975, -22.90559629932287 ], [ -44.2281413, -22.905584399322869 ], [ -44.228193200000014, -22.905536699322894 ], [ -44.2282098, -22.905521499322884 ], [ -44.228249399999982, -22.90546459932288 ], [ -44.228286799999971, -22.905410999322896 ], [ -44.2283122, -22.905347399322864 ], [ -44.228316, -22.905337999322839 ], [ -44.22832319999997, -22.905270599322865 ], [ -44.228324499999985, -22.905258499322887 ], [ -44.228315899999984, -22.905191199322868 ], [ -44.2283073, -22.905123899322845 ], [ -44.228298699999982, -22.905056699322863 ], [ -44.2282945, -22.905023799322858 ], [ -44.22827280000002, -22.904959099322866 ], [ -44.228251100000023, -22.90489439932287 ], [ -44.228237499999977, -22.904853899322866 ], [ -44.228234499999985, -22.904846299322852 ], [ -44.228212199999959, -22.904790299322887 ], [ -44.2281868, -22.904726799322887 ], [ -44.228161399999969, -22.904663299322873 ], [ -44.228136099999972, -22.904599699322887 ], [ -44.2281287, -22.904581099322872 ], [ -44.2281117, -22.904515199322873 ], [ -44.228097400000024, -22.904459299322866 ], [ -44.228094399999968, -22.904391599322896 ], [ -44.228091399999983, -22.904323999322873 ], [ -44.228088500000013, -22.904256299322892 ], [ -44.228085500000013, -22.904188599322893 ], [ -44.228082500000014, -22.904120899322908 ], [ -44.228079499999978, -22.904053199322927 ], [ -44.2280791, -22.904043799322913 ], [ -44.2280698, -22.903976599322935 ], [ -44.228060500000019, -22.903909399322874 ], [ -44.2280511, -22.903842199322881 ], [ -44.228041800000028, -22.903774999322899 ], [ -44.228032499999983, -22.903707799322913 ], [ -44.228023199999988, -22.903640599322923 ], [ -44.2280139, -22.903573399322934 ], [ -44.2280125, -22.903563499322939 ], [ -44.2279967, -22.903497399322912 ], [ -44.227981, -22.903431199322927 ], [ -44.2279653, -22.903364999322921 ], [ -44.22796, -22.903343099322889 ], [ -44.227955099999974, -22.903322599322941 ], [ -44.2279231, -22.903261699322883 ], [ -44.2278911, -22.903200799322896 ], [ -44.227859099999982, -22.90313979932294 ], [ -44.227827100000013, -22.903078899322956 ], [ -44.2277959, -22.903019699322932 ], [ -44.227754800000014, -22.90296369932291 ], [ -44.227713600000016, -22.902907699322942 ], [ -44.22767240000001, -22.90285169932292 ], [ -44.22764380000001, -22.90281279932293 ], [ -44.2275963, -22.902761299322947 ], [ -44.2275487, -22.902709899322925 ], [ -44.2275012, -22.902658399322931 ], [ -44.227453599999983, -22.902606899322972 ], [ -44.227406099999989, -22.902555499322933 ], [ -44.227374199999979, -22.902520899322955 ], [ -44.227323800000015, -22.902471899322965 ], [ -44.227273299999972, -22.902422799322949 ], [ -44.2272229, -22.902373799322966 ], [ -44.227172399999972, -22.902324699322961 ], [ -44.227122, -22.902275699322971 ], [ -44.2271096, -22.902263599322968 ], [ -44.2270537, -22.90221989932293 ], [ -44.226997900000015, -22.902176099322975 ], [ -44.226942099999974, -22.902132399322969 ], [ -44.226886200000024, -22.902088699322913 ], [ -44.2268304, -22.902044899322977 ], [ -44.2267845, -22.902008999322959 ], [ -44.2267233, -22.901971899322934 ], [ -44.2266621, -22.901934799322948 ], [ -44.2266009, -22.901897699322966 ], [ -44.226539699999989, -22.901860599322973 ], [ -44.226478499999985, -22.901823499322937 ], [ -44.22641729999998, -22.901786399322937 ], [ -44.226356199999984, -22.901749299322965 ], [ -44.226311899999985, -22.901722499322965 ], [ -44.226245, -22.901695099322943 ], [ -44.226178199999985, -22.901667699322971 ], [ -44.226149299999967, -22.90165589932294 ], [ -44.226086399999971, -22.901621399322956 ], [ -44.226073, -22.901613999322947 ], [ -44.2260235, -22.901586899322943 ], [ -44.2259606, -22.901552299322951 ], [ -44.225897700000019, -22.901517799322988 ], [ -44.2258347, -22.90148319932295 ], [ -44.225771800000011, -22.901448699322959 ], [ -44.2257454, -22.901434199322942 ], [ -44.225690199999967, -22.901389699322937 ], [ -44.225635099999984, -22.901345199322947 ], [ -44.225579900000014, -22.901300699322952 ], [ -44.2255248, -22.90125629932297 ], [ -44.225472500000024, -22.901214099322974 ], [ -44.225411300000019, -22.901176999322981 ], [ -44.225400900000011, -22.901170699322982 ], [ -44.225350100000014, -22.901139999322972 ], [ -44.225288900000017, -22.901102899322986 ], [ -44.22524820000001, -22.901078199322939 ], [ -44.22518070000001, -22.90105219932294 ], [ -44.225113200000017, -22.901026199322963 ], [ -44.225045599999987, -22.901000299322977 ], [ -44.224978099999987, -22.90097429932295 ], [ -44.224910599999987, -22.900948299322959 ], [ -44.224884, -22.900938099322985 ], [ -44.224827699999985, -22.900894799322966 ], [ -44.224771499999974, -22.90085149932295 ], [ -44.2247368, -22.900824699322953 ], [ -44.2246904, -22.900772399322971 ], [ -44.224644, -22.900719999322956 ], [ -44.224597599999981, -22.900667599322997 ], [ -44.2245512, -22.900615299323011 ], [ -44.224504799999977, -22.900562899322985 ], [ -44.224482200000011, -22.900537499322972 ], [ -44.2244314, -22.900488799322982 ], [ -44.2243805, -22.900440099323013 ], [ -44.224368299999966, -22.900428499322974 ], [ -44.224302, -22.900399899323013 ], [ -44.2242357, -22.900371299323012 ], [ -44.224193, -22.900352999322983 ], [ -44.2241222, -22.900336099322992 ], [ -44.2240514, -22.900319199323008 ], [ -44.2239806, -22.900302299323013 ], [ -44.2239098, -22.900285399322961 ], [ -44.223838899999969, -22.900268499322966 ], [ -44.22376950000001, -22.900251899322996 ], [ -44.2237025, -22.900224699323008 ], [ -44.2236355, -22.900197499322982 ], [ -44.2235685, -22.900170299323012 ], [ -44.223543899999981, -22.900160299322962 ], [ -44.223504100000014, -22.900103399322973 ], [ -44.2234677, -22.900051599322971 ], [ -44.223418700000011, -22.89999909932299 ], [ -44.223347100000012, -22.899985499323016 ], [ -44.223283700000025, -22.89997339932302 ], [ -44.2232558, -22.899966499323 ], [ -44.2232348, -22.899940299323006 ], [ -44.223227599999973, -22.899907899323022 ], [ -44.223248800000022, -22.899842999322978 ], [ -44.22327, -22.899778199323009 ], [ -44.2232745, -22.899764399322979 ], [ -44.223305, -22.899702799323006 ], [ -44.2233355, -22.899641299322997 ], [ -44.223366, -22.899579699323009 ], [ -44.223396499999978, -22.899518099323018 ], [ -44.223428099999978, -22.899454399323048 ], [ -44.2234593, -22.899393099322999 ], [ -44.22349040000001, -22.899331799323036 ], [ -44.223521600000019, -22.899270499323002 ], [ -44.2235336, -22.899246899322993 ], [ -44.223542300000013, -22.899179599323038 ], [ -44.2235511, -22.899112399323002 ], [ -44.2235599, -22.899045099323033 ], [ -44.223563800000015, -22.899014499323044 ], [ -44.223554799999981, -22.898947199323018 ], [ -44.2235457, -22.898879999323043 ], [ -44.223543199999988, -22.898860799323039 ], [ -44.2235127, -22.898799199323019 ], [ -44.223505400000015, -22.898784499323011 ], [ -44.223446500000016, -22.898744399323025 ], [ -44.2234118, -22.898720699323036 ], [ -44.2233397, -22.898709299323027 ], [ -44.2232676, -22.898697799322999 ], [ -44.223251399999981, -22.898695299322998 ], [ -44.223179599999973, -22.898707999323012 ], [ -44.2231342, -22.898715999323016 ], [ -44.2230717, -22.898710899323056 ], [ -44.2230103, -22.898674099323028 ], [ -44.222968700000017, -22.898649199323042 ], [ -44.22291539999997, -22.898602799323015 ], [ -44.2228622, -22.898556399323045 ], [ -44.222812700000013, -22.898513299323024 ], [ -44.222777099999973, -22.898454099323011 ], [ -44.222741499999984, -22.898394899323058 ], [ -44.222733100000028, -22.898381099323021 ], [ -44.222703799999969, -22.898319099323007 ], [ -44.22267440000001, -22.898256999323028 ], [ -44.222645100000015, -22.898194999323024 ], [ -44.222625900000025, -22.898154499323013 ], [ -44.2225927, -22.898094199323044 ], [ -44.22255940000003, -22.898033899323018 ], [ -44.222526099999982, -22.897973499323015 ], [ -44.222495799999983, -22.897918699323029 ], [ -44.222447199999976, -22.897868099323027 ], [ -44.2223985, -22.897817499323022 ], [ -44.2223634, -22.897780999323057 ], [ -44.22229440000001, -22.897758499323057 ], [ -44.222245, -22.897742399323079 ], [ -44.222176900000022, -22.897717699323042 ], [ -44.2221088, -22.897692999323048 ], [ -44.2220623, -22.897676099323053 ], [ -44.22200909999998, -22.897629599323064 ], [ -44.221985599999975, -22.897608999323033 ], [ -44.2219324, -22.897562599323063 ], [ -44.221879199999989, -22.897516099323063 ], [ -44.221826, -22.897469599323074 ], [ -44.221787300000017, -22.897435799323034 ], [ -44.221749199999969, -22.897377999323044 ], [ -44.221734200000014, -22.897355099323079 ], [ -44.2217177, -22.897289099323075 ], [ -44.2217013, -22.897223099323082 ], [ -44.221684799999984, -22.897157099323071 ], [ -44.2216684, -22.897091099323074 ], [ -44.221665700000017, -22.897080499323078 ], [ -44.221671, -22.897012899323052 ], [ -44.221674899999982, -22.896962399323073 ], [ -44.2216763, -22.896894599323069 ], [ -44.221677699999987, -22.896826899323074 ], [ -44.2216788, -22.896777299323066 ], [ -44.2216656, -22.896710699323105 ], [ -44.221652399999989, -22.896643999323057 ], [ -44.22164570000001, -22.89660999932309 ], [ -44.2216393, -22.896577399323085 ], [ -44.221632199999981, -22.896541699323063 ], [ -44.221636, -22.896474099323047 ], [ -44.221636699999976, -22.896462799323068 ], [ -44.2216528, -22.896396799323071 ], [ -44.2216593, -22.896370499323059 ], [ -44.2216656, -22.896302999323069 ], [ -44.221671899999983, -22.896235499323069 ], [ -44.221672500000011, -22.896228999323078 ], [ -44.221680400000025, -22.896161699323073 ], [ -44.2216884, -22.896094299323106 ], [ -44.221693300000027, -22.896052899323049 ], [ -44.221692800000028, -22.895985099323113 ], [ -44.221692500000024, -22.895950099323073 ], [ -44.22170060000002, -22.895882799323072 ], [ -44.22170879999998, -22.89581549932311 ], [ -44.221716899999983, -22.895748199323108 ], [ -44.22172230000001, -22.895703299323081 ], [ -44.221711500000019, -22.895636199323114 ], [ -44.221704699999968, -22.895593899323082 ], [ -44.2216919, -22.895548199323102 ], [ -44.221673599999974, -22.895482599323067 ], [ -44.2216553, -22.895416999323103 ], [ -44.2216482, -22.89539159932308 ], [ -44.221624099999985, -22.895327599323075 ], [ -44.2216, -22.895263599323126 ], [ -44.2215759, -22.895199699323083 ], [ -44.2215519, -22.895136099323103 ], [ -44.221550900000011, -22.895123199323105 ], [ -44.221546699999976, -22.895068499323074 ], [ -44.221543699999977, -22.895029299323088 ], [ -44.221559099999986, -22.894968399323087 ], [ -44.221598, -22.894910999323091 ], [ -44.2216368, -22.894853599323095 ], [ -44.221675600000019, -22.894796199323089 ], [ -44.2216891, -22.894776299323095 ], [ -44.221715899999985, -22.894713199323128 ], [ -44.22174260000002, -22.894650199323124 ], [ -44.221761399999984, -22.894605799323138 ], [ -44.22178250000001, -22.894540999323112 ], [ -44.221786599999973, -22.89452829932312 ], [ -44.2217872, -22.894476199323105 ], [ -44.2217738, -22.894409599323136 ], [ -44.2217675, -22.894378199323128 ], [ -44.2217554, -22.894359599323106 ], [ -44.221729700000019, -22.894320299323141 ], [ -44.2216919, -22.894262299323103 ], [ -44.221654, -22.894204299323132 ], [ -44.22164320000001, -22.894187699323101 ], [ -44.2215959, -22.894136099323163 ], [ -44.2215486, -22.89408439932312 ], [ -44.2215013, -22.894032699323155 ], [ -44.221454, -22.893981099323153 ], [ -44.221406699999982, -22.893929399323117 ], [ -44.221359399999969, -22.893877699323156 ], [ -44.2213375, -22.893853699323159 ], [ -44.221304400000015, -22.893793299323164 ], [ -44.221271399999978, -22.893732899323108 ], [ -44.22126020000001, -22.893712499323144 ], [ -44.221256299999986, -22.893701699323145 ], [ -44.2212328, -22.893637499323152 ], [ -44.22122030000002, -22.893603199323106 ], [ -44.221213799999973, -22.893535699323113 ], [ -44.2212073, -22.893468199323127 ], [ -44.221202399999974, -22.89341739932313 ], [ -44.2211992, -22.893349699323135 ], [ -44.221196799999973, -22.893299999323165 ], [ -44.2211681, -22.893237699323141 ], [ -44.2211469, -22.893191699323143 ], [ -44.2211191, -22.893128999323128 ], [ -44.2211014, -22.893088999323137 ], [ -44.22107369999997, -22.893026299323132 ], [ -44.2210698, -22.893017599323169 ], [ -44.221053400000017, -22.892951599323158 ], [ -44.221037, -22.892885599323154 ], [ -44.2210205, -22.892819599323154 ], [ -44.2210172, -22.892805999323173 ], [ -44.221004100000016, -22.892753599323139 ], [ -44.220993299999975, -22.892710099323157 ], [ -44.2209866, -22.892642699323169 ], [ -44.220979899999968, -22.892575199323165 ], [ -44.2209732, -22.892507699323183 ], [ -44.220966499999967, -22.892440299323141 ], [ -44.2209656, -22.892430799323169 ], [ -44.220980399999974, -22.892364499323158 ], [ -44.22099530000002, -22.892298099323181 ], [ -44.221008499999982, -22.892239099323159 ], [ -44.221041899999989, -22.892178799323194 ], [ -44.221075400000011, -22.892118599323176 ], [ -44.221108800000025, -22.892058299323153 ], [ -44.2211119, -22.892052699323187 ], [ -44.2211171, -22.891985199323194 ], [ -44.221118, -22.891974199323172 ], [ -44.221103299999982, -22.891907799323192 ], [ -44.221088599999966, -22.891841499323181 ], [ -44.221073900000022, -22.891775099323187 ], [ -44.2210634, -22.891727799323192 ], [ -44.221059799999971, -22.891711499323179 ], [ -44.221061, -22.891649199323211 ], [ -44.221061099999986, -22.891643699323161 ], [ -44.2210624, -22.891575999323184 ], [ -44.221063, -22.891544599323158 ], [ -44.221069399999976, -22.891477099323165 ], [ -44.221075799999987, -22.891409599323165 ], [ -44.2210821, -22.891342199323187 ], [ -44.2210844, -22.891318699323197 ], [ -44.2211, -22.891252499323212 ], [ -44.2211155, -22.891186299323216 ], [ -44.221123, -22.891154899323194 ], [ -44.221107, -22.891088699323223 ], [ -44.221091, -22.891022599323183 ], [ -44.221082, -22.890985799323222 ], [ -44.221063800000017, -22.890920199323187 ], [ -44.221045600000025, -22.890854599323205 ], [ -44.221027400000025, -22.890788999323195 ], [ -44.221009200000019, -22.890723399323228 ], [ -44.220991, -22.890657799323201 ], [ -44.22097280000002, -22.890592099323204 ], [ -44.220971500000019, -22.8905874993232 ], [ -44.2209644, -22.890561899323242 ], [ -44.220951599999971, -22.89049519932319 ], [ -44.220938900000014, -22.890428499323196 ], [ -44.2209262, -22.890361799323202 ], [ -44.2209135, -22.890295099323215 ], [ -44.220900700000016, -22.890228399323227 ], [ -44.220888, -22.890161699323237 ], [ -44.2208766, -22.890101899323213 ], [ -44.220850900000016, -22.890038499323225 ], [ -44.2208251, -22.889975099323248 ], [ -44.220807299999983, -22.889931299323244 ], [ -44.220770099999974, -22.889872999323241 ], [ -44.2207328, -22.889814799323236 ], [ -44.2207156, -22.88978789932322 ], [ -44.220712100000021, -22.889785299323272 ], [ -44.2206547, -22.889743299323239 ], [ -44.220636300000017, -22.889729899323257 ], [ -44.220569599999983, -22.889702099323245 ], [ -44.2205176, -22.889680399323208 ], [ -44.220453, -22.889648699323242 ], [ -44.2203884, -22.889616899323247 ], [ -44.2203702, -22.889607999323232 ], [ -44.220319800000034, -22.889558899323237 ], [ -44.220269299999977, -22.889509899323233 ], [ -44.220255800000018, -22.889496699323217 ], [ -44.220247099999987, -22.889488199323267 ], [ -44.220216900000032, -22.88942649932326 ], [ -44.2201867, -22.889364799323246 ], [ -44.220181799999978, -22.889354799323208 ], [ -44.2201697, -22.889287999323265 ], [ -44.220157500000028, -22.889221199323242 ], [ -44.220145300000013, -22.889154399323246 ], [ -44.220136299999979, -22.889104799323231 ], [ -44.220150499999974, -22.889038399323248 ], [ -44.2201647, -22.888971899323256 ], [ -44.2201685, -22.888953999323256 ], [ -44.2201693, -22.888943299323241 ], [ -44.220173400000014, -22.888886399323241 ], [ -44.220178299999979, -22.88881889932324 ], [ -44.2201832, -22.888751299323275 ], [ -44.220188099999973, -22.888683699323252 ], [ -44.220193, -22.88861609932324 ], [ -44.220198, -22.888548499323267 ], [ -44.220202799999974, -22.888481999323268 ], [ -44.2202041, -22.88841429932328 ], [ -44.220205399999983, -22.888346499323269 ], [ -44.2202067, -22.88828109932323 ], [ -44.220204200000012, -22.888213399323249 ], [ -44.220201700000011, -22.888145699323271 ], [ -44.2202004, -22.888108799323255 ], [ -44.220183799999965, -22.888042899323271 ], [ -44.220167199999985, -22.887976899323288 ], [ -44.220151799999989, -22.887915699323273 ], [ -44.22011550000002, -22.887856999323269 ], [ -44.2201119, -22.887851299323312 ], [ -44.220079100000014, -22.887798199323303 ], [ -44.220042799999973, -22.887739399323255 ], [ -44.220038499999987, -22.887732499323302 ], [ -44.2199981, -22.887675999323285 ], [ -44.219957700000016, -22.887619499323304 ], [ -44.219917300000013, -22.887563099323291 ], [ -44.2198942, -22.887530899323281 ], [ -44.2198613, -22.887470399323266 ], [ -44.219837199999972, -22.887426099323307 ], [ -44.2198284, -22.887409899323302 ], [ -44.219795499999975, -22.887349399323291 ], [ -44.2197825, -22.887325499323275 ], [ -44.21977, -22.887302599323291 ], [ -44.219756500000017, -22.887235999323266 ], [ -44.219743, -22.887169399323295 ], [ -44.219729500000028, -22.887102799323266 ], [ -44.219716, -22.887036199323308 ], [ -44.2197049, -22.886981799323301 ], [ -44.219697399999973, -22.886914399323317 ], [ -44.2196899, -22.886846999323275 ], [ -44.219682400000011, -22.886779599323315 ], [ -44.219674899999973, -22.886712199323274 ], [ -44.2196675, -22.886644899323322 ], [ -44.219665599999978, -22.886628199323326 ], [ -44.219673, -22.886560799323281 ], [ -44.219680499999974, -22.886493399323317 ], [ -44.219682299999988, -22.886477199323306 ], [ -44.219699100000014, -22.886411299323331 ], [ -44.219715899999976, -22.886345299323338 ], [ -44.219732599999979, -22.886279399323282 ], [ -44.219742600000011, -22.886240099323327 ], [ -44.2197652, -22.88617559932332 ], [ -44.2197878, -22.886111199323334 ], [ -44.2198103, -22.886046699323327 ], [ -44.219832899999979, -22.885982299323338 ], [ -44.219840499999975, -22.885960499323325 ], [ -44.219863599999989, -22.885896199323309 ], [ -44.219886700000025, -22.88583189932335 ], [ -44.219909799999982, -22.88576759932333 ], [ -44.2199185, -22.885743299323316 ], [ -44.2199486, -22.885681599323327 ], [ -44.219978700000013, -22.885619799323301 ], [ -44.2200024, -22.885570999323352 ], [ -44.220045599999985, -22.885516399323294 ], [ -44.220075599999973, -22.885478299323324 ], [ -44.220113700000013, -22.885420399323319 ], [ -44.220151799999989, -22.885362599323344 ], [ -44.2201723, -22.885331399323313 ], [ -44.220221900000013, -22.885281599323324 ], [ -44.220244400000013, -22.885258899323333 ], [ -44.220312799999988, -22.885234799323307 ], [ -44.220367, -22.885215599323324 ], [ -44.22043750000001, -22.885197699323328 ], [ -44.220508, -22.885179899323354 ], [ -44.2205786, -22.885161999323323 ], [ -44.220588500000012, -22.885159499323318 ], [ -44.2206491, -22.885144099323316 ], [ -44.220681399999989, -22.885135899323348 ], [ -44.220730399999987, -22.88508559932335 ], [ -44.220779400000026, -22.885035399323346 ], [ -44.220828299999987, -22.88498509932333 ], [ -44.2208341, -22.884979199323318 ], [ -44.2208627, -22.884916799323324 ], [ -44.220891400000028, -22.884854499323364 ], [ -44.220907399999987, -22.884819499323342 ], [ -44.2209214, -22.884752999323332 ], [ -44.220935399999973, -22.884686499323319 ], [ -44.220949399999988, -22.884620099323353 ], [ -44.2209634, -22.88455359932335 ], [ -44.220977499999989, -22.884487099323341 ], [ -44.2209813, -22.884468999323378 ], [ -44.221003199999977, -22.884404399323355 ], [ -44.221025, -22.884339699323345 ], [ -44.221030400000011, -22.88432389932337 ], [ -44.2210596, -22.884270799323389 ], [ -44.22109660000001, -22.884245999323372 ], [ -44.221168799999987, -22.88423499932334 ], [ -44.2211962, -22.884230799323376 ], [ -44.221269300000017, -22.884231599323375 ], [ -44.221294899999982, -22.884231899323328 ], [ -44.221367400000013, -22.884240599323366 ], [ -44.2214399, -22.884249199323364 ], [ -44.221450800000014, -22.88425049932335 ], [ -44.221523199999972, -22.884260099323367 ], [ -44.221577099999983, -22.884267199323361 ], [ -44.22165, -22.884272299323378 ], [ -44.221722899999975, -22.884277299323376 ], [ -44.221795900000018, -22.884282399323364 ], [ -44.221868799999989, -22.884287499323378 ], [ -44.2219417, -22.884292599323338 ], [ -44.222014600000016, -22.884297599323386 ], [ -44.222087499999986, -22.884302699323335 ], [ -44.2221098, -22.884304299323357 ], [ -44.222182799999985, -22.884309099323357 ], [ -44.2222557, -22.884313999323375 ], [ -44.222295200000019, -22.884316599323334 ], [ -44.222366099999988, -22.884299899323317 ], [ -44.222373300000015, -22.884298199323343 ], [ -44.2224286, -22.88425389932333 ], [ -44.222487, -22.884207199323345 ], [ -44.222550800000022, -22.88417409932336 ], [ -44.2225629, -22.884167799323368 ], [ -44.222636, -22.884165199323345 ], [ -44.2226685, -22.884163999323363 ], [ -44.2227411, -22.884156099323338 ], [ -44.2227709, -22.884152799323338 ], [ -44.222813700000017, -22.884148199323391 ], [ -44.222888, -22.884139999323345 ], [ -44.222957800000017, -22.884119799323372 ], [ -44.223023500000011, -22.884100799323377 ], [ -44.2230902, -22.884072999323358 ], [ -44.2231569, -22.88404529932339 ], [ -44.223178800000021, -22.884036199323376 ], [ -44.223223599999983, -22.884017499323384 ], [ -44.2232586, -22.884002899323345 ], [ -44.223318399999982, -22.883963999323356 ], [ -44.223360099999972, -22.883936899323338 ], [ -44.223394699999972, -22.883877199323337 ], [ -44.2234057, -22.883858199323381 ], [ -44.223431, -22.883794599323355 ], [ -44.2234563, -22.883730999323376 ], [ -44.223467, -22.883704199323368 ], [ -44.22350560000001, -22.883646699323354 ], [ -44.2235443, -22.883589199323396 ], [ -44.2235491, -22.88358209932338 ], [ -44.2236011, -22.883534399323345 ], [ -44.223656300000023, -22.883483699323385 ], [ -44.223723899999989, -22.883458099323366 ], [ -44.223791600000027, -22.883432399323379 ], [ -44.223859300000015, -22.88340679932336 ], [ -44.223926899999981, -22.883381099323383 ], [ -44.2239315, -22.883379399323402 ], [ -44.223984599999987, -22.883332799323387 ], [ -44.224037800000012, -22.883286299323387 ], [ -44.224090900000014, -22.883239799323391 ], [ -44.224097, -22.883234499323393 ], [ -44.224133699999967, -22.883175899323415 ], [ -44.224170399999984, -22.883117199323397 ], [ -44.224195899999977, -22.883076499323408 ], [ -44.2242076, -22.883009599323366 ], [ -44.224219399999974, -22.88294269932338 ], [ -44.2242311, -22.88287589932337 ], [ -44.224232299999983, -22.882868999323421 ], [ -44.224232500000028, -22.882801299323376 ], [ -44.2242327, -22.882733599323394 ], [ -44.2242329, -22.882665799323391 ], [ -44.224233099999985, -22.882620599323388 ], [ -44.224220100000025, -22.882558299323428 ], [ -44.224219199999986, -22.882554099323389 ], [ -44.2242053, -22.882487599323387 ], [ -44.2241914, -22.882421099323395 ], [ -44.2241851, -22.882390599323401 ], [ -44.224187799999974, -22.882322899323409 ], [ -44.224190500000013, -22.882255199323374 ], [ -44.224192300000027, -22.882209599323417 ], [ -44.224209799999976, -22.882143799323398 ], [ -44.224224199999981, -22.882089599323372 ], [ -44.224267199999986, -22.882034899323418 ], [ -44.2243102, -22.881980099323432 ], [ -44.224353199999989, -22.881925299323388 ], [ -44.2243755, -22.881896999323381 ], [ -44.224396300000024, -22.881870499323405 ], [ -44.2244339, -22.881822599323428 ], [ -44.224455400000011, -22.881757799323413 ], [ -44.2244769, -22.881693099323424 ], [ -44.224498299999979, -22.88162829932341 ], [ -44.224503099999986, -22.881614099323397 ], [ -44.2245054, -22.881546399323394 ], [ -44.2245077, -22.881478699323413 ], [ -44.22451, -22.881410999323442 ], [ -44.224510899999984, -22.881385699323442 ], [ -44.224504599999989, -22.881318199323434 ], [ -44.2244984, -22.881250699323434 ], [ -44.22449210000002, -22.881183199323438 ], [ -44.224486599999985, -22.881122999323416 ], [ -44.224466399999983, -22.881057899323395 ], [ -44.224449, -22.881001499323446 ], [ -44.224446300000011, -22.88099279932344 ], [ -44.224426199999975, -22.880927599323428 ], [ -44.224423699999981, -22.880919699323414 ], [ -44.2244197, -22.880852099323462 ], [ -44.224417599999981, -22.880818399323442 ], [ -44.2244184, -22.88075069932346 ], [ -44.224418800000024, -22.880710399323441 ], [ -44.2244344, -22.880644199323442 ], [ -44.224437799999968, -22.880629599323456 ], [ -44.224460099999988, -22.88057579932341 ], [ -44.2244968, -22.880522199323412 ], [ -44.22454290000001, -22.880469599323469 ], [ -44.224555399999986, -22.880455299323447 ], [ -44.2246179, -22.880420199323449 ], [ -44.224680400000011, -22.880385099323455 ], [ -44.224743, -22.880349999323467 ], [ -44.2248055, -22.880314899323427 ], [ -44.224868, -22.880279799323439 ], [ -44.2249306, -22.880244699323434 ], [ -44.2249931, -22.880209599323461 ], [ -44.22501190000002, -22.880199099323473 ], [ -44.225078499999988, -22.88017119932346 ], [ -44.225145199999979, -22.880143299323439 ], [ -44.2252118, -22.880115399323468 ], [ -44.225278399999972, -22.88008759932347 ], [ -44.225341, -22.880061399323441 ], [ -44.225390800000014, -22.880011799323434 ], [ -44.225440699999979, -22.879962199323479 ], [ -44.225490499999971, -22.879912599323475 ], [ -44.225515, -22.87988809932348 ], [ -44.2255495, -22.879828399323475 ], [ -44.225584, -22.879768599323441 ], [ -44.22559260000002, -22.879753699323434 ], [ -44.225607500000017, -22.879687399323487 ], [ -44.225622400000013, -22.879620999323446 ], [ -44.225636399999978, -22.879558699323489 ], [ -44.225657500000011, -22.879493799323448 ], [ -44.225678500000022, -22.879428899323457 ], [ -44.225699500000019, -22.879363999323477 ], [ -44.225720500000023, -22.879299099323497 ], [ -44.225741500000019, -22.879234199323456 ], [ -44.225762499999973, -22.879169299323472 ], [ -44.22578349999997, -22.87910449932345 ], [ -44.225804499999988, -22.87903959932347 ], [ -44.2258195, -22.878993299323472 ], [ -44.2258638, -22.878939399323453 ], [ -44.2259082, -22.878885599323475 ], [ -44.225952600000035, -22.878831699323463 ], [ -44.225996, -22.878778999323483 ], [ -44.226044699999974, -22.878728499323497 ], [ -44.2260935, -22.878677999323465 ], [ -44.226142200000027, -22.878627499323489 ], [ -44.226191, -22.878576999323492 ], [ -44.2262397, -22.87852649932351 ], [ -44.2262885, -22.878475999323467 ], [ -44.226337199999989, -22.87842559932351 ], [ -44.226386, -22.878375099323513 ], [ -44.226436200000016, -22.878323099323467 ], [ -44.2264834, -22.87827129932348 ], [ -44.2265306, -22.878219599323515 ], [ -44.22657779999998, -22.878167799323506 ], [ -44.226625, -22.878116099323481 ], [ -44.2266722, -22.878064299323498 ], [ -44.226719399999972, -22.878012599323476 ], [ -44.226766499999989, -22.877960799323482 ], [ -44.2268034, -22.877920399323497 ], [ -44.226845200000014, -22.877864799323497 ], [ -44.2268869, -22.877809199323501 ], [ -44.226928699999974, -22.877753599323508 ], [ -44.2269397, -22.877738899323518 ], [ -44.226940899999981, -22.877734699323515 ], [ -44.226957200000015, -22.877679899323478 ], [ -44.2269698, -22.87763769932349 ], [ -44.2269764, -22.877570199323483 ], [ -44.2269804, -22.877529699323539 ], [ -44.22694460000001, -22.877470599323491 ], [ -44.226926900000016, -22.877441199323535 ], [ -44.226892799999973, -22.877423399323508 ], [ -44.226863200000018, -22.877407899323497 ], [ -44.2267996, -22.877374499323484 ], [ -44.226782500000013, -22.877365499323528 ], [ -44.226714899999983, -22.877339699323503 ], [ -44.226647300000018, -22.877313799323538 ], [ -44.226583600000026, -22.877289399323512 ], [ -44.22651639999998, -22.8772627993235 ], [ -44.2264788, -22.877247899323503 ], [ -44.2264063, -22.877247299323539 ], [ -44.226334699999988, -22.877261099323512 ], [ -44.2262718, -22.877273199323508 ], [ -44.226235, -22.877320199323496 ], [ -44.2262258, -22.877387399323489 ], [ -44.2262202, -22.877427799323531 ], [ -44.2262192, -22.877435099323527 ], [ -44.226202199999989, -22.877500999323505 ], [ -44.2261965, -22.877522799323522 ], [ -44.22616, -22.877542799323521 ], [ -44.226091899999972, -22.877567499323515 ], [ -44.226069, -22.877575799323498 ], [ -44.226002600000015, -22.87760419932351 ], [ -44.225936199999971, -22.877632499323507 ], [ -44.225869699999976, -22.877660799323507 ], [ -44.225835800000027, -22.877675199323498 ], [ -44.225762700000011, -22.877674599323491 ], [ -44.22568960000001, -22.877673999323513 ], [ -44.2256147, -22.877673299323519 ], [ -44.2255442, -22.877655499323506 ], [ -44.22547359999998, -22.87763769932349 ], [ -44.2254214, -22.877624499323534 ], [ -44.225363, -22.877583799323535 ], [ -44.2253046, -22.877542999323513 ], [ -44.225246099999985, -22.877502299323517 ], [ -44.22522959999997, -22.877490699323531 ], [ -44.2251877, -22.877461599323521 ], [ -44.225166, -22.877446399323514 ], [ -44.225104499999979, -22.877409799323512 ], [ -44.225050899999978, -22.877377799323487 ], [ -44.224978, -22.877372699323534 ], [ -44.2249423, -22.877370099323521 ], [ -44.224874699999972, -22.877344199323499 ], [ -44.224852100000014, -22.877335499323532 ], [ -44.2247918, -22.8772971993235 ], [ -44.224755, -22.877273899323502 ], [ -44.224689, -22.877244699323516 ], [ -44.224623, -22.877215599323517 ], [ -44.224614499999966, -22.877211799323504 ], [ -44.2245416, -22.877205899323496 ], [ -44.224468800000011, -22.87719999932353 ], [ -44.224396, -22.877194099323518 ], [ -44.2243231, -22.877188199323502 ], [ -44.2242503, -22.87718229932354 ], [ -44.2241775, -22.877176399323506 ], [ -44.224148, -22.877174099323511 ], [ -44.224076599999989, -22.877188399323536 ], [ -44.2240051, -22.877202799323538 ], [ -44.223953800000011, -22.877213099323512 ], [ -44.223891200000025, -22.877248099323488 ], [ -44.2238286, -22.877282999323494 ], [ -44.223822799999986, -22.877286299323494 ], [ -44.223770800000011, -22.877333899323517 ], [ -44.223718799999965, -22.87738149932353 ], [ -44.223669299999983, -22.877426799323533 ], [ -44.223622700000014, -22.877479099323526 ], [ -44.223576200000025, -22.877531299323493 ], [ -44.223555799999986, -22.877554199323527 ], [ -44.2234848, -22.877570499323497 ], [ -44.223414400000024, -22.877586699323505 ], [ -44.223341399999981, -22.877583299323533 ], [ -44.22326829999998, -22.877579899323514 ], [ -44.223237299999987, -22.877578399323511 ], [ -44.223164899999972, -22.877568999323511 ], [ -44.223125400000015, -22.877563899323491 ], [ -44.2230523, -22.877563299323533 ], [ -44.2229792, -22.87756259932349 ], [ -44.222906099999982, -22.877561999323525 ], [ -44.222887, -22.877561799323537 ], [ -44.222814099999987, -22.877566899323483 ], [ -44.222741199999973, -22.877572099323515 ], [ -44.2226683, -22.877577199323522 ], [ -44.222630299999985, -22.877579799323492 ], [ -44.222557400000021, -22.877574599323516 ], [ -44.222522, -22.877572099323515 ], [ -44.2224559, -22.877543299323534 ], [ -44.222443, -22.877537699323518 ], [ -44.222385200000019, -22.877496199323499 ], [ -44.222327399999969, -22.877454699323497 ], [ -44.2222696, -22.877413199323495 ], [ -44.222211800000025, -22.87737169932354 ], [ -44.222154, -22.877330199323534 ], [ -44.22211, -22.877298499323505 ], [ -44.222055399999988, -22.877253399323486 ], [ -44.222000900000012, -22.877208299323531 ], [ -44.2219463, -22.877163199323505 ], [ -44.221891799999973, -22.877118099323539 ], [ -44.221837199999968, -22.877072999323524 ], [ -44.2217827, -22.877027899323483 ], [ -44.221728100000014, -22.876982799323528 ], [ -44.2217144, -22.87697139932353 ], [ -44.2216608, -22.876925299323506 ], [ -44.2216072, -22.876879199323547 ], [ -44.2215536, -22.876833099323527 ], [ -44.2215001, -22.876786999323517 ], [ -44.221469, -22.876760299323525 ], [ -44.221412, -22.876717799323529 ], [ -44.221355, -22.876675399323524 ], [ -44.221322400000012, -22.876651099323524 ], [ -44.221249699999987, -22.876644299323544 ], [ -44.221243099999981, -22.87664369932353 ], [ -44.2211714, -22.876656999323561 ], [ -44.22113839999998, -22.876663099323501 ], [ -44.2211018, -22.876703299323516 ], [ -44.221094199999982, -22.876743699323555 ], [ -44.221096699999975, -22.876811399323532 ], [ -44.221096900000028, -22.876817899323513 ], [ -44.2211145, -22.876858499323568 ], [ -44.2211534, -22.876915899323489 ], [ -44.221160600000019, -22.876926399323519 ], [ -44.221184900000026, -22.876990299323513 ], [ -44.2212096, -22.877054999323505 ], [ -44.221209199999969, -22.877088699323537 ], [ -44.2211896, -22.87715399932355 ], [ -44.221182899999967, -22.877176199323515 ], [ -44.221128299999982, -22.877221199323515 ], [ -44.221110099999976, -22.877236299323506 ], [ -44.221038599999979, -22.87725049932352 ], [ -44.221012499999965, -22.877255699323499 ], [ -44.220939699999981, -22.877249599323552 ], [ -44.220922499999972, -22.877248199323521 ], [ -44.2208508, -22.877234899323529 ], [ -44.220779100000016, -22.877221599323509 ], [ -44.220707399999981, -22.877208299323531 ], [ -44.2206357, -22.877195099323519 ], [ -44.2206168, -22.87719159932352 ], [ -44.220555900000015, -22.877154199323513 ], [ -44.2204949, -22.877116799323531 ], [ -44.220433899999989, -22.877079399323531 ], [ -44.220427200000017, -22.877075299323522 ], [ -44.22036559999998, -22.87703889932353 ], [ -44.2203485, -22.877028799323526 ], [ -44.2202868, -22.876992399323534 ], [ -44.220225099999986, -22.876955999323538 ], [ -44.2201956, -22.876938599323545 ], [ -44.220135299999981, -22.87690019932354 ], [ -44.220075099999967, -22.876861799323507 ], [ -44.220024, -22.876829299323521 ], [ -44.219978, -22.876776599323559 ], [ -44.2199352, -22.876727399323524 ], [ -44.219895699999988, -22.876670399323555 ], [ -44.2198563, -22.876613299323509 ], [ -44.2198227, -22.876564699323556 ], [ -44.2197652, -22.876522799323507 ], [ -44.219707799999981, -22.876480899323532 ], [ -44.2197013, -22.876476099323529 ], [ -44.219628600000021, -22.876469299323539 ], [ -44.2196222, -22.876468699323507 ], [ -44.2195491, -22.876470399323541 ], [ -44.219476, -22.87647199932351 ], [ -44.219402600000024, -22.876473699323551 ], [ -44.21934049999998, -22.876437999323549 ], [ -44.21933109999997, -22.876432699323551 ], [ -44.219275700000026, -22.876388499323543 ], [ -44.219245600000022, -22.876364599323541 ], [ -44.219193099999977, -22.876317399323547 ], [ -44.2191851, -22.876310199323516 ], [ -44.219134699999984, -22.876316499323494 ], [ -44.2190779, -22.876359199323559 ], [ -44.219054799999974, -22.876376499323509 ], [ -44.2190132, -22.876432199323549 ], [ -44.2189715, -22.876487899323514 ], [ -44.218929899999985, -22.876543599323519 ], [ -44.2189196, -22.876557399323556 ], [ -44.218876399999985, -22.876611999323551 ], [ -44.218833200000013, -22.876666599323556 ], [ -44.2188137, -22.876691199323513 ], [ -44.218760200000013, -22.876737399323552 ], [ -44.2187066, -22.876783499323512 ], [ -44.218697500000012, -22.876791299323514 ], [ -44.218675800000021, -22.87680259932354 ], [ -44.218633800000021, -22.876824499323526 ], [ -44.21857, -22.87685779932351 ], [ -44.2185063, -22.876890999323528 ], [ -44.218481, -22.876904199323548 ], [ -44.2184147, -22.876932799323537 ], [ -44.2183485, -22.876961499323514 ], [ -44.2182823, -22.876990099323521 ], [ -44.2182095, -22.876996699323531 ], [ -44.2181367, -22.877003299323544 ], [ -44.218064, -22.877009899323539 ], [ -44.217991199999972, -22.877016599323518 ], [ -44.217918399999974, -22.877023199323524 ], [ -44.217875799999987, -22.877026999323512 ], [ -44.217802800000015, -22.877024099323563 ], [ -44.2177297, -22.877021199323515 ], [ -44.217656700000013, -22.877018299323506 ], [ -44.217583600000012, -22.877015399323518 ], [ -44.217510600000011, -22.877012499323509 ], [ -44.217445100000027, -22.877009899323539 ], [ -44.2173732, -22.876997599323499 ], [ -44.217301299999967, -22.876985399323544 ], [ -44.217229400000015, -22.876973099323518 ], [ -44.217157499999978, -22.876960799323523 ], [ -44.217085600000011, -22.876948499323539 ], [ -44.2170137, -22.876936199323513 ], [ -44.216947300000015, -22.876924899323523 ], [ -44.216875099999982, -22.876914199323497 ], [ -44.2168029, -22.876903599323501 ], [ -44.216730700000021, -22.876892899323501 ], [ -44.2166573, -22.876882099323517 ], [ -44.2165852, -22.876870599323542 ], [ -44.2165132, -22.876859199323537 ], [ -44.216478400000035, -22.876853599323518 ], [ -44.2164128, -22.876823599323561 ], [ -44.2163473, -22.876793599323509 ], [ -44.216281700000017, -22.876763599323528 ], [ -44.2162538, -22.876750799323549 ], [ -44.216243, -22.876744699323542 ], [ -44.216191400000014, -22.876715599323546 ], [ -44.2161289, -22.876680399323515 ], [ -44.216066500000011, -22.87664509932354 ], [ -44.216004, -22.876609899323526 ], [ -44.215951299999965, -22.876580199323506 ], [ -44.215891100000022, -22.87654169932355 ], [ -44.2158309, -22.876503199323533 ], [ -44.215770799999966, -22.876464799323539 ], [ -44.215710600000016, -22.876426299323523 ], [ -44.2156504, -22.876387799323521 ], [ -44.2155902, -22.876349399323523 ], [ -44.215567599999986, -22.876334899323549 ], [ -44.215509899999972, -22.876293299323528 ], [ -44.2154522, -22.876251699323564 ], [ -44.2153945, -22.876209999323549 ], [ -44.2153368, -22.876168399323522 ], [ -44.2152792, -22.87612679932354 ], [ -44.215221499999977, -22.876085199323519 ], [ -44.21516380000002, -22.876043499323515 ], [ -44.2151061, -22.876001899323558 ], [ -44.215060600000015, -22.875969099323569 ], [ -44.2150484, -22.87596029932352 ], [ -44.215021299999989, -22.875940699323543 ], [ -44.214954700000021, -22.875912699323568 ], [ -44.2149074, -22.87589279932352 ], [ -44.2148348, -22.875885399323565 ], [ -44.2147645, -22.875878199323544 ], [ -44.214693, -22.875892199323555 ], [ -44.214631899999972, -22.875904099323566 ], [ -44.2145678, -22.87593669932356 ], [ -44.214503700000016, -22.875969299323561 ], [ -44.214462799999978, -22.87599009932357 ], [ -44.214401, -22.87602629932352 ], [ -44.2143392, -22.876062499323524 ], [ -44.214277400000014, -22.876098699323538 ], [ -44.214225100000014, -22.876129299323548 ], [ -44.2141641, -22.876148899323507 ], [ -44.214091199999977, -22.876144399323536 ], [ -44.214039099999972, -22.876141199323541 ], [ -44.213966, -22.876140599323517 ], [ -44.213932, -22.876140399323543 ], [ -44.2138602, -22.876127499323548 ], [ -44.2138144, -22.876119299323573 ], [ -44.213753399999966, -22.876081899323516 ], [ -44.213692400000014, -22.876044499323527 ], [ -44.213681300000019, -22.876037599323578 ], [ -44.2136175, -22.876004499323567 ], [ -44.2135538, -22.875971399323575 ], [ -44.213510600000014, -22.875948899323568 ], [ -44.213468200000023, -22.875893699323552 ], [ -44.2134259, -22.875838499323532 ], [ -44.2134122, -22.87582059932355 ], [ -44.2133955, -22.875754599323539 ], [ -44.2133789, -22.875688599323546 ], [ -44.213371400000021, -22.875659099323556 ], [ -44.2133687, -22.875591399323572 ], [ -44.213366, -22.875524799323557 ], [ -44.2133687, -22.875457099323576 ], [ -44.213371400000021, -22.875389399323581 ], [ -44.213374100000017, -22.875321699323543 ], [ -44.213376700000033, -22.87525399932354 ], [ -44.2133794, -22.875186299323566 ], [ -44.2133821, -22.875118599323571 ], [ -44.213384799999972, -22.87505089932359 ], [ -44.2133864, -22.875010199323587 ], [ -44.2133875, -22.874983199323552 ], [ -44.213388899999984, -22.874947299323548 ], [ -44.213391100000024, -22.874879599323549 ], [ -44.2133933, -22.874811899323564 ], [ -44.213395499999976, -22.874744199323583 ], [ -44.213397699999966, -22.874676499323591 ], [ -44.213398, -22.874665199323545 ], [ -44.21340750000001, -22.874597999323569 ], [ -44.213417100000015, -22.874530799323576 ], [ -44.2134256, -22.874470299323576 ], [ -44.213449299999979, -22.874406199323595 ], [ -44.213455300000021, -22.874389899323557 ], [ -44.213488299999987, -22.874329499323583 ], [ -44.213521300000018, -22.874269099323566 ], [ -44.213535900000011, -22.874242399323606 ], [ -44.213574499999986, -22.874184899323566 ], [ -44.213594199999989, -22.874155499323571 ], [ -44.213627200000019, -22.874094999323614 ], [ -44.2136307, -22.874088599323589 ], [ -44.213653, -22.874021499323618 ], [ -44.213660899999979, -22.873961099323569 ], [ -44.213658099999975, -22.873907399323617 ], [ -44.213644199999962, -22.873873699323568 ], [ -44.21360820000001, -22.873814699323624 ], [ -44.213596900000027, -22.873796199323611 ], [ -44.213543599999973, -22.873749799323583 ], [ -44.2135386, -22.873745399323617 ], [ -44.213474799999972, -22.873704699323614 ], [ -44.213407800000027, -22.873677799323584 ], [ -44.213398400000017, -22.873673999323589 ], [ -44.213326600000016, -22.873661299323565 ], [ -44.21332, -22.873660099323594 ], [ -44.213247, -22.873657199323624 ], [ -44.2132201, -22.873656099323608 ], [ -44.2131471, -22.873659899323609 ], [ -44.2131094, -22.873661899323604 ], [ -44.2130627, -22.873678399323616 ], [ -44.213021200000014, -22.873711699323586 ], [ -44.2129852, -22.873738299323616 ], [ -44.21291530000002, -22.873761199323592 ], [ -44.212842799999976, -22.873769799323586 ], [ -44.212834900000018, -22.873770799323569 ], [ -44.212762, -22.873776099323589 ], [ -44.2127509, -22.873776899323598 ], [ -44.2127079, -22.873786699323585 ], [ -44.212668399999984, -22.873809999323576 ], [ -44.212639500000016, -22.873833299323596 ], [ -44.2125802, -22.873866499323604 ], [ -44.212526299999979, -22.873896299323597 ], [ -44.212459599999988, -22.873923999323583 ], [ -44.2123929, -22.873951699323602 ], [ -44.212375599999966, -22.87395889932359 ], [ -44.2123075, -22.87398349932359 ], [ -44.212275200000015, -22.87399519932362 ], [ -44.212207, -22.87401949932357 ], [ -44.2121942, -22.87402409932357 ], [ -44.212155199999977, -22.874037999323566 ], [ -44.212086399999968, -22.874060999323575 ], [ -44.212017300000014, -22.874084099323593 ], [ -44.2119452, -22.874095799323616 ], [ -44.2118779, -22.874106699323619 ], [ -44.2118053, -22.874114399323599 ], [ -44.2117601, -22.874119299323596 ], [ -44.211688799999983, -22.8741187993236 ], [ -44.211615699999975, -22.874121199323564 ], [ -44.211603200000013, -22.874121599323615 ], [ -44.2115551, -22.874121299323612 ], [ -44.2115033, -22.874127699323555 ], [ -44.2114335, -22.874147299323603 ], [ -44.21139040000002, -22.874173899323598 ], [ -44.211356200000012, -22.874203799323563 ], [ -44.211332899999988, -22.874217099323587 ], [ -44.21130440000001, -22.874216899323606 ], [ -44.211274199999984, -22.874206599323575 ], [ -44.2112318, -22.874176199323614 ], [ -44.211183600000027, -22.874125299323591 ], [ -44.2111774, -22.8741187993236 ], [ -44.21113159999998, -22.874065999323626 ], [ -44.211116, -22.874047999323601 ], [ -44.2110829, -22.873987499323587 ], [ -44.211051600000012, -22.87393019932361 ], [ -44.211020099999978, -22.873868999323619 ], [ -44.210988499999985, -22.87380789932358 ], [ -44.210956, -22.873744899323619 ], [ -44.210927200000015, -22.873682599323587 ], [ -44.210898400000019, -22.873620399323588 ], [ -44.210869699999982, -22.873558099323624 ], [ -44.210850199999975, -22.873515999323605 ], [ -44.210825899999968, -22.873452099323607 ], [ -44.2108055, -22.873398399323591 ], [ -44.2107739, -22.873337299323602 ], [ -44.2107638, -22.873317699323586 ], [ -44.210730800000015, -22.873257099323599 ], [ -44.210695699999974, -22.873216699323606 ], [ -44.210662099999972, -22.873199699323603 ], [ -44.210619399999985, -22.873196099323582 ], [ -44.210576600000017, -22.873205899323629 ], [ -44.210537400000021, -22.873205699323638 ], [ -44.2104986, -22.873185299323605 ], [ -44.210450700000017, -22.873174999323606 ], [ -44.2103973, -22.873174699323595 ], [ -44.210322399999988, -22.873187599323597 ], [ -44.210251500000027, -22.873204399323633 ], [ -44.210226, -22.873210499323644 ], [ -44.210155400000019, -22.8732282993236 ], [ -44.210135, -22.873233399323613 ], [ -44.210063400000024, -22.873247299323616 ], [ -44.2100512, -22.873249699323583 ], [ -44.2099796, -22.873263599323586 ], [ -44.2099513, -22.873269199323587 ], [ -44.209899199999981, -22.873284399323591 ], [ -44.20988160000001, -22.873289599323623 ], [ -44.209872800000021, -22.873292099323624 ], [ -44.209812, -22.873318599323611 ], [ -44.2097528, -22.873351699323603 ], [ -44.20968850000002, -22.873383999323583 ], [ -44.209624299999973, -22.873416199323618 ], [ -44.2096148, -22.873420999323624 ], [ -44.209561199999989, -22.873440799323635 ], [ -44.209489799999972, -22.873460399323601 ], [ -44.209426, -22.873446599323632 ], [ -44.209360600000025, -22.87341629932358 ], [ -44.2092953, -22.873385999323592 ], [ -44.209279200000019, -22.873378499323607 ], [ -44.209218599999986, -22.873340499323582 ], [ -44.209182199999979, -22.873317599323613 ], [ -44.2091221, -22.8732790993236 ], [ -44.2090619, -22.873240599323584 ], [ -44.209039599999976, -22.873226299323605 ], [ -44.20897989999996, -22.873187199323613 ], [ -44.208920200000016, -22.87314809932359 ], [ -44.208889899999974, -22.873128299323636 ], [ -44.208828700000019, -22.873091299323605 ], [ -44.208794800000014, -22.87307079932361 ], [ -44.208736400000014, -22.873029999323641 ], [ -44.2086787, -22.872989699323618 ], [ -44.208613800000016, -22.872958599323606 ], [ -44.208594, -22.872949099323645 ], [ -44.2085265, -22.872923099323589 ], [ -44.208505699999989, -22.872915099323613 ], [ -44.2084365, -22.872893099323612 ], [ -44.208366099999971, -22.872870699323641 ], [ -44.20829509999998, -22.87285449932363 ], [ -44.208245799999979, -22.872843299323627 ], [ -44.208177, -22.872820399323643 ], [ -44.208143300000017, -22.872809199323612 ], [ -44.208076399999975, -22.872782099323622 ], [ -44.208042799999987, -22.872768499323634 ], [ -44.207990100000011, -22.872731299323615 ], [ -44.207970900000028, -22.872707799323631 ], [ -44.207964100000027, -22.872680999323634 ], [ -44.207962800000011, -22.872647499323648 ], [ -44.207970400000015, -22.872610799323638 ], [ -44.207999500000028, -22.872560699323643 ], [ -44.208026299999972, -22.87254419932362 ], [ -44.208079699999978, -22.872531099323634 ], [ -44.2081524, -22.87253149932361 ], [ -44.2082254, -22.872535599323623 ], [ -44.208298399999983, -22.872539699323625 ], [ -44.208351, -22.872542599323605 ], [ -44.2084241, -22.872543099323604 ], [ -44.208429099999989, -22.872543099323604 ], [ -44.208502, -22.872530099323622 ], [ -44.208543, -22.872520299323639 ], [ -44.20859589999997, -22.872473499323643 ], [ -44.208622, -22.872450399323625 ], [ -44.2086708, -22.872399999323655 ], [ -44.208683300000011, -22.872387199323622 ], [ -44.2087211, -22.872347199323592 ], [ -44.20875519999997, -22.872317299323633 ], [ -44.2088177, -22.872294199323626 ], [ -44.2088907, -22.872291899323624 ], [ -44.208908300000019, -22.872291299323592 ], [ -44.208981199999975, -22.872296499323639 ], [ -44.209011200000013, -22.872298599323649 ], [ -44.209084200000014, -22.872302599323639 ], [ -44.2091461, -22.872305999323608 ], [ -44.209218799999967, -22.872298699323622 ], [ -44.209272399999975, -22.872293299323641 ], [ -44.2093188, -22.872280199323608 ], [ -44.2093529, -22.872253499323623 ], [ -44.2093871, -22.872216899323629 ], [ -44.209437200000025, -22.872167499323613 ], [ -44.209441099999985, -22.872163599323649 ], [ -44.209494899999981, -22.872117699323638 ], [ -44.209511299999967, -22.872103699323656 ], [ -44.209567, -22.872059799323626 ], [ -44.209583099999975, -22.872047099323613 ], [ -44.209637199999975, -22.872001599323614 ], [ -44.2096424, -22.871997199323641 ], [ -44.2096839, -22.871953899323632 ], [ -44.2097321, -22.871902999323623 ], [ -44.209747, -22.871887199323634 ], [ -44.209783, -22.871853899323664 ], [ -44.2098189, -22.871823999323656 ], [ -44.209847599999989, -22.871807399323671 ], [ -44.209878199999984, -22.871777399323619 ], [ -44.2098947, -22.871740599323651 ], [ -44.209898800000019, -22.871700399323657 ], [ -44.209887, -22.871650099323649 ], [ -44.2098608, -22.871616499323657 ], [ -44.2098062, -22.871571499323665 ], [ -44.209751499999982, -22.871526599323637 ], [ -44.209737500000017, -22.871514999323637 ], [ -44.2096838, -22.871469099323665 ], [ -44.2096391, -22.871430799323644 ], [ -44.209578099999987, -22.871393399323637 ], [ -44.2095456, -22.871373499323663 ], [ -44.209487500000016, -22.871332299323669 ], [ -44.2094647, -22.87131619932369 ], [ -44.20941, -22.87128239932364 ], [ -44.2093782, -22.87126889932367 ], [ -44.209324900000013, -22.871268599323653 ], [ -44.209277, -22.87126169932365 ], [ -44.2092488, -22.871248199323688 ], [ -44.20922430000001, -22.871221299323654 ], [ -44.2092068, -22.871201099323667 ], [ -44.2091965, -22.87117429932367 ], [ -44.2091755, -22.871154099323672 ], [ -44.209156, -22.871150699323646 ], [ -44.209115100000012, -22.871153799323665 ], [ -44.209079599999988, -22.871153599323669 ], [ -44.209037200000019, -22.871133399323664 ], [ -44.208988, -22.871096299323636 ], [ -44.208933899999963, -22.871050699323671 ], [ -44.2089002, -22.871022299323648 ], [ -44.208850499999983, -22.870972599323672 ], [ -44.208816099999979, -22.870938199323671 ], [ -44.2087743, -22.870882599323672 ], [ -44.2087535, -22.87085489932365 ], [ -44.208715, -22.87080059932368 ], [ -44.208681899999981, -22.87075689932368 ], [ -44.2086486, -22.870719999323669 ], [ -44.2086117, -22.870693099323653 ], [ -44.208567699999989, -22.870666099323657 ], [ -44.208523899999989, -22.870625799323701 ], [ -44.208476099999984, -22.870574499323634 ], [ -44.208448700000027, -22.870545199323654 ], [ -44.208403700000027, -22.870491699323683 ], [ -44.208358799999978, -22.87043829932367 ], [ -44.208329600000013, -22.870403699323663 ], [ -44.208273599999984, -22.87036019932366 ], [ -44.2082646, -22.87035319932367 ], [ -44.20825259999998, -22.870326399323684 ], [ -44.208258800000017, -22.870262899323674 ], [ -44.208264499999977, -22.870232799323674 ], [ -44.2082577, -22.870212699323691 ], [ -44.208241900000012, -22.870199299323705 ], [ -44.208211800000022, -22.87019579932365 ], [ -44.208149699999971, -22.870198899323679 ], [ -44.2080967, -22.870181999323684 ], [ -44.208045899999988, -22.870138299323688 ], [ -44.208002399999984, -22.870083799323652 ], [ -44.207970900000028, -22.870044399323671 ], [ -44.2079288, -22.869988999323652 ], [ -44.2078995, -22.869950499323696 ], [ -44.2078472, -22.869902999323706 ], [ -44.207832900000021, -22.869889999323689 ], [ -44.2077764, -22.869847099323685 ], [ -44.2077312, -22.869812699323703 ], [ -44.207674199999985, -22.869770299323726 ], [ -44.2076364, -22.869742199323706 ], [ -44.20757279999998, -22.869708699323681 ], [ -44.207515, -22.869678199323701 ], [ -44.207456799999989, -22.86963729932371 ], [ -44.207429, -22.869617799323709 ], [ -44.207366900000011, -22.869581899323705 ], [ -44.2073183, -22.869553899323712 ], [ -44.20725420000003, -22.869521199323692 ], [ -44.207239099999981, -22.86951349932367 ], [ -44.207174899999984, -22.869481099323654 ], [ -44.207138799999989, -22.869462999323691 ], [ -44.2070708, -22.869438199323696 ], [ -44.207064800000012, -22.869435999323706 ], [ -44.206994300000019, -22.869412399323686 ], [ -44.2069295, -22.869380999323667 ], [ -44.2068992, -22.869366399323674 ], [ -44.206850799999984, -22.869319399323693 ], [ -44.206832, -22.869292499323681 ], [ -44.206828, -22.869268699323733 ], [ -44.206834899999983, -22.869237999323701 ], [ -44.2068382, -22.869214099323713 ], [ -44.20683409999998, -22.869183599323691 ], [ -44.206807700000013, -22.869143099323665 ], [ -44.2067743, -22.869116399323698 ], [ -44.2067187, -22.869083199323679 ], [ -44.206677800000016, -22.869049799323736 ], [ -44.206649799999973, -22.869019599323703 ], [ -44.2066251, -22.868965499323714 ], [ -44.206613199999985, -22.868904399323728 ], [ -44.206592, -22.868836699323673 ], [ -44.206559700000014, -22.868775999323748 ], [ -44.2065561, -22.86876919932369 ], [ -44.2065167, -22.86870859932371 ], [ -44.2064939, -22.868657899323736 ], [ -44.20648, -22.868590099323718 ], [ -44.206481399999973, -22.868522299323718 ], [ -44.206482100000017, -22.868484599323711 ], [ -44.2064839, -22.868416899323712 ], [ -44.2064845, -22.868396099323707 ], [ -44.206483600000013, -22.868338299323732 ], [ -44.2064757, -22.868300999323697 ], [ -44.206455100000021, -22.868274099323735 ], [ -44.206410600000012, -22.868240699323717 ], [ -44.2063443, -22.868212199323743 ], [ -44.206296, -22.868191399323727 ], [ -44.206226, -22.868181599323741 ], [ -44.206159899999989, -22.868179099323729 ], [ -44.206087, -22.868184999323706 ], [ -44.206057199999968, -22.868187499323703 ], [ -44.205984899999969, -22.868197899323707 ], [ -44.2059784, -22.868198799323739 ], [ -44.205916199999983, -22.868213399323736 ], [ -44.2058632, -22.868227699323686 ], [ -44.205821099999973, -22.86824199932374 ], [ -44.205780800000021, -22.868245999323733 ], [ -44.205723700000021, -22.868229799323718 ], [ -44.2056738, -22.868210099323729 ], [ -44.205657200000019, -22.86820199932373 ], [ -44.205609200000033, -22.868178499323719 ], [ -44.2055795, -22.868163899323736 ], [ -44.205525299999969, -22.868118399323741 ], [ -44.20549590000001, -22.868093699323708 ], [ -44.205469600000015, -22.868049899323736 ], [ -44.20546719999998, -22.868012499323751 ], [ -44.205468900000028, -22.868002299323727 ], [ -44.2054812, -22.867964699323739 ], [ -44.2055115, -22.867903099323708 ], [ -44.205547500000023, -22.867854899323735 ], [ -44.205589, -22.867806699323758 ], [ -44.205644099999965, -22.867762199323753 ], [ -44.205670600000019, -22.867740899323735 ], [ -44.205719699999968, -22.867709599323742 ], [ -44.2057504, -22.867675099323716 ], [ -44.205766400000016, -22.867640899323767 ], [ -44.205767499999979, -22.86758979932377 ], [ -44.205746799999979, -22.867559499323779 ], [ -44.205704200000014, -22.867529599323749 ], [ -44.205634, -22.867510499323718 ], [ -44.205621300000011, -22.867506999323727 ], [ -44.2055659, -22.867483999323728 ], [ -44.205500500000028, -22.867453699323743 ], [ -44.205473499999982, -22.867441199323711 ], [ -44.20541429999998, -22.867408099323725 ], [ -44.2053735, -22.867384899323724 ], [ -44.2053211, -22.867337699323759 ], [ -44.205306599999965, -22.867324699323724 ], [ -44.20527479999997, -22.867284399323768 ], [ -44.205254, -22.867240499323721 ], [ -44.205251700000012, -22.867209899323729 ], [ -44.20524, -22.867165899323719 ], [ -44.2052268, -22.867142299323763 ], [ -44.205201, -22.867132499323766 ], [ -44.205177199999973, -22.867132899323742 ], [ -44.2051553, -22.867143399323723 ], [ -44.205121, -22.867181299323775 ], [ -44.205095599999986, -22.867202099323734 ], [ -44.2050651, -22.86725009932373 ], [ -44.205038399999971, -22.867304899323766 ], [ -44.20501, -22.867369899323787 ], [ -44.204972399999967, -22.867431699323731 ], [ -44.204930900000015, -22.867483299323752 ], [ -44.204863499999981, -22.867518299323716 ], [ -44.2047938, -22.867538599323726 ], [ -44.204724, -22.867558899323743 ], [ -44.204679, -22.867572099323748 ], [ -44.20460659999997, -22.867581499323713 ], [ -44.204532500000028, -22.86759119932373 ], [ -44.20445949999997, -22.867595399323772 ], [ -44.204451899999981, -22.86759579932373 ], [ -44.204378799999972, -22.86759449932374 ], [ -44.2043491, -22.867593999323741 ], [ -44.204276199999981, -22.86758939932373 ], [ -44.204261, -22.867588499323752 ], [ -44.204213, -22.86756539932372 ], [ -44.204176099999984, -22.867552399323763 ], [ -44.204161199999973, -22.867538999323777 ], [ -44.204153599999977, -22.867518699323746 ], [ -44.204156800000021, -22.86748809932374 ], [ -44.204157899999984, -22.867440499323727 ], [ -44.204155300000032, -22.867372799323743 ], [ -44.204155, -22.867365699323756 ], [ -44.2041504, -22.867297799323762 ], [ -44.204139199999979, -22.867230899323726 ], [ -44.204132300000026, -22.867189299323755 ], [ -44.204117600000011, -22.86712299932374 ], [ -44.20411660000002, -22.86711819932373 ], [ -44.2040971, -22.867052899323742 ], [ -44.204095400000021, -22.867047099323734 ], [ -44.204081799999983, -22.866999699323756 ], [ -44.20406830000001, -22.866933199323746 ], [ -44.204066, -22.866921799323769 ], [ -44.204076, -22.866853699323741 ], [ -44.204098900000012, -22.866788799323754 ], [ -44.204120400000015, -22.866751099323739 ], [ -44.2041529, -22.866713199323762 ], [ -44.204209100000014, -22.866671599323777 ], [ -44.204271100000028, -22.866646799323764 ], [ -44.2043205, -22.866639299323744 ], [ -44.20438840000002, -22.866638299323746 ], [ -44.204460400000016, -22.866650099323778 ], [ -44.204520800000012, -22.86665999932378 ], [ -44.2045739, -22.866652399323772 ], [ -44.2046267, -22.866627899323785 ], [ -44.20467739999998, -22.866582899323806 ], [ -44.204713299999973, -22.86652799932379 ], [ -44.2047273, -22.866483599323747 ], [ -44.2047266, -22.866435999323773 ], [ -44.2047131, -22.866391999323778 ], [ -44.204690299999982, -22.866334599323775 ], [ -44.204676800000016, -22.866290599323776 ], [ -44.204663299999986, -22.866246599323762 ], [ -44.2046297, -22.866186499323803 ], [ -44.20462, -22.866169099323749 ], [ -44.20460659999997, -22.866131999323773 ], [ -44.204593, -22.866081199323773 ], [ -44.2045721, -22.866030499323806 ], [ -44.204544100000014, -22.865996999323762 ], [ -44.204495800000011, -22.865946099323743 ], [ -44.204490099999987, -22.865939999323796 ], [ -44.204435400000023, -22.865895099323769 ], [ -44.204425099999973, -22.865886599323783 ], [ -44.204366499999985, -22.865846199323805 ], [ -44.2043529, -22.865836799323805 ], [ -44.204300400000015, -22.865789599323811 ], [ -44.204282200000023, -22.865773299323774 ], [ -44.2042363, -22.865720599323751 ], [ -44.204194599999987, -22.865672699323795 ], [ -44.204159699999984, -22.865613099323813 ], [ -44.2041532, -22.8656019993238 ], [ -44.20413580000001, -22.865537699323788 ], [ -44.204135, -22.865486699323803 ], [ -44.204141600000014, -22.865432299323796 ], [ -44.204153799999965, -22.865387899323757 ], [ -44.204185499999987, -22.865326899323801 ], [ -44.204191200000018, -22.865315999323794 ], [ -44.204233400000021, -22.865260599323815 ], [ -44.204248800000016, -22.86524029932378 ], [ -44.204294300000015, -22.865187299323797 ], [ -44.2043137, -22.865164599323812 ], [ -44.204358300000024, -22.865110899323792 ], [ -44.204402899999984, -22.865057199323818 ], [ -44.204430899999977, -22.865023499323812 ], [ -44.2044755, -22.864969799323795 ], [ -44.204479499999984, -22.864964999323782 ], [ -44.204515800000024, -22.864906199323798 ], [ -44.2045261, -22.864889499323798 ], [ -44.204568100000017, -22.864833999323775 ], [ -44.2045963, -22.864796699323804 ], [ -44.204622799999981, -22.864733499323805 ], [ -44.2046495, -22.864670099323821 ], [ -44.2046712, -22.864605399323828 ], [ -44.204675800000018, -22.864591599323791 ], [ -44.2046962, -22.864526499323819 ], [ -44.204700399999986, -22.864513099323819 ], [ -44.2047182, -22.864447299323796 ], [ -44.20473, -22.864403899323822 ], [ -44.20473070000002, -22.864332499323805 ], [ -44.20472250000001, -22.864268099323823 ], [ -44.204697800000012, -22.864210699323817 ], [ -44.204668, -22.864177199323795 ], [ -44.204630800000018, -22.86414719932381 ], [ -44.204590199999984, -22.864127499323796 ], [ -44.2045246, -22.864097599323795 ], [ -44.204518199999981, -22.864094599323803 ], [ -44.204453699999988, -22.864071899323822 ], [ -44.204401899999986, -22.864038699323803 ], [ -44.204362600000017, -22.863984999323833 ], [ -44.204343699999981, -22.863947899323851 ], [ -44.2043357, -22.863903899323866 ], [ -44.204329799999982, -22.863836399323851 ], [ -44.204329099999981, -22.863829299323839 ], [ -44.204323199999976, -22.863761699323824 ], [ -44.204322499999982, -22.863754599323823 ], [ -44.2043089, -22.863697099323847 ], [ -44.2042899, -22.863653299323843 ], [ -44.204258, -22.863602799323871 ], [ -44.204213400000015, -22.863562799323837 ], [ -44.20416519999997, -22.863529599323829 ], [ -44.204124499999971, -22.863499599323838 ], [ -44.204096400000026, -22.863462699323851 ], [ -44.2040832, -22.863432399323855 ], [ -44.20407740000001, -22.863415499323814 ], [ -44.204078900000013, -22.863391699323863 ], [ -44.204074600000013, -22.86335099932386 ], [ -44.204059299999983, -22.863307099323816 ], [ -44.204036900000013, -22.863273499323828 ], [ -44.204016299999978, -22.863249999323827 ], [ -44.203951099999976, -22.863219499323861 ], [ -44.203939600000012, -22.863214099323837 ], [ -44.203939, -22.863178399323814 ], [ -44.203932899999977, -22.863132699323835 ], [ -44.2039213, -22.863065799323856 ], [ -44.2039097, -22.86299889932382 ], [ -44.203906599999982, -22.862980999323835 ], [ -44.203907300000012, -22.862913299323846 ], [ -44.203907300000012, -22.862906299323864 ], [ -44.20391, -22.862834899323847 ], [ -44.203905799999973, -22.862797599323869 ], [ -44.2038847, -22.862735199323826 ], [ -44.203845399999977, -22.862683099323885 ], [ -44.203798800000015, -22.862629599323853 ], [ -44.203743799999984, -22.86258489932386 ], [ -44.2037209, -22.862566299323877 ], [ -44.203662599999966, -22.862525399323843 ], [ -44.2036357, -22.862506499323846 ], [ -44.203571, -22.862475099323841 ], [ -44.2035062, -22.86244369932383 ], [ -44.203441399999974, -22.862412299323871 ], [ -44.203429, -22.862406299323837 ], [ -44.203361599999987, -22.862379899323876 ], [ -44.203316500000028, -22.862362299323831 ], [ -44.2032648, -22.862332499323831 ], [ -44.203236800000013, -22.862298999323865 ], [ -44.203223499999979, -22.862265299323845 ], [ -44.20321790000002, -22.862197699323879 ], [ -44.203216899999966, -22.862185599323841 ], [ -44.203211800000012, -22.862117999323878 ], [ -44.203207799999966, -22.862063499323838 ], [ -44.203187599999978, -22.86199839932387 ], [ -44.203178900000012, -22.861970599323879 ], [ -44.2031589, -22.86190549932385 ], [ -44.2031515, -22.86188149932385 ], [ -44.203140500000018, -22.861845699323879 ], [ -44.2031131, -22.861782799323898 ], [ -44.2031045, -22.861763099323891 ], [ -44.2030669, -22.861700899323893 ], [ -44.203029599999972, -22.861642599323858 ], [ -44.202992400000021, -22.861584299323876 ], [ -44.202986300000013, -22.861574899323877 ], [ -44.202955700000018, -22.861513399323862 ], [ -44.202941, -22.861483999323898 ], [ -44.2029157, -22.861420399323865 ], [ -44.2028973, -22.861374399323868 ], [ -44.2028659, -22.86131319932386 ], [ -44.2028346, -22.861251999323862 ], [ -44.202825700000012, -22.861234699323902 ], [ -44.202795799999976, -22.86117279932391 ], [ -44.202778500000022, -22.861136999323861 ], [ -44.20275149999997, -22.861073999323867 ], [ -44.202733, -22.861030799323864 ], [ -44.202703699999958, -22.860968799323906 ], [ -44.202687599999976, -22.860934899323915 ], [ -44.202659499999974, -22.860872299323876 ], [ -44.202653600000019, -22.860859099323921 ], [ -44.2026255, -22.860796499323897 ], [ -44.202615700000017, -22.860774799323902 ], [ -44.2025894, -22.860711599323892 ], [ -44.2025835, -22.860697299323924 ], [ -44.202567900000012, -22.860636499323899 ], [ -44.202559800000017, -22.860578899323905 ], [ -44.202561100000025, -22.860541599323884 ], [ -44.2025731, -22.860474799323924 ], [ -44.2025779, -22.860447699323917 ], [ -44.2025956, -22.860381899323905 ], [ -44.2026002, -22.860364799323914 ], [ -44.2026323, -22.860299699323885 ], [ -44.202642599999976, -22.860255499323891 ], [ -44.202642, -22.860212999323888 ], [ -44.2026229, -22.860157399323896 ], [ -44.20258009999997, -22.86010249932389 ], [ -44.2025554, -22.860070799323921 ], [ -44.2025041, -22.860022499323939 ], [ -44.2024811, -22.860000799323942 ], [ -44.202424399999984, -22.859957999323914 ], [ -44.202410699999966, -22.859947699323943 ], [ -44.202348900000011, -22.859911499323921 ], [ -44.202290300000016, -22.859877299323916 ], [ -44.2022233, -22.859850199323898 ], [ -44.2022055, -22.859843099323896 ], [ -44.202141799999985, -22.859809899323931 ], [ -44.202094799999983, -22.859785499323909 ], [ -44.2020299, -22.859754299323939 ], [ -44.202004100000011, -22.85974179932392 ], [ -44.201987299999978, -22.859723399323929 ], [ -44.201979600000016, -22.859698099323918 ], [ -44.2019773, -22.859630399323937 ], [ -44.2019765, -22.859608199323944 ], [ -44.201990200000012, -22.859538399323949 ], [ -44.202007799999983, -22.859493999323906 ], [ -44.202041800000018, -22.859434099323913 ], [ -44.202098599999985, -22.859391399323915 ], [ -44.202126599999986, -22.859370399323915 ], [ -44.202190200000018, -22.859336999323915 ], [ -44.2022066, -22.859328299323938 ], [ -44.2022745, -22.859303199323929 ], [ -44.202301, -22.859293399323938 ], [ -44.202372700000012, -22.859279999323949 ], [ -44.202444300000025, -22.859266599323949 ], [ -44.20247089999998, -22.859261699323906 ], [ -44.2025418, -22.859245099323953 ], [ -44.202556800000018, -22.859241499323929 ], [ -44.202611400000016, -22.859216899323915 ], [ -44.202636700000028, -22.85919779932394 ], [ -44.202653, -22.859182199323957 ], [ -44.202663500000028, -22.859149799323948 ], [ -44.2026722, -22.859090599323942 ], [ -44.2026733, -22.85908269932392 ], [ -44.202675199999987, -22.859069899323945 ], [ -44.202670599999969, -22.859003799323929 ], [ -44.202671800000012, -22.858959599323928 ], [ -44.202662, -22.858918999323937 ], [ -44.202633900000016, -22.858856499323945 ], [ -44.2026318, -22.858851699323946 ], [ -44.2025924, -22.858791299323933 ], [ -44.202552500000024, -22.858734499323965 ], [ -44.202528799999982, -22.858700699323922 ], [ -44.202486599999986, -22.858645399323947 ], [ -44.2024803, -22.858636999323931 ], [ -44.202431, -22.858586999323954 ], [ -44.202381699999989, -22.858536899323937 ], [ -44.202335399999981, -22.858502099323946 ], [ -44.202276400000017, -22.858474199323933 ], [ -44.202215200000012, -22.858448599323918 ], [ -44.202174800000016, -22.858439099323945 ], [ -44.2021474, -22.858441299323939 ], [ -44.202105399999986, -22.858450499323947 ], [ -44.202038300000019, -22.858477499323929 ], [ -44.202030700000023, -22.858480599323958 ], [ -44.2019639, -22.858508199323968 ], [ -44.201945099999982, -22.858515899323926 ], [ -44.201883099999975, -22.858537399323932 ], [ -44.201813800000025, -22.858560599323926 ], [ -44.201782799999982, -22.858567899323965 ], [ -44.2017462, -22.85856849932394 ], [ -44.2016893, -22.858557599323941 ], [ -44.201624400000014, -22.858526399323971 ], [ -44.201600699999972, -22.858514999323958 ], [ -44.2015374, -22.858481099323949 ], [ -44.2015177, -22.858470599323933 ], [ -44.2014505, -22.858443799323922 ], [ -44.201423799999979, -22.858433199323926 ], [ -44.201354799999976, -22.858410699323933 ], [ -44.201329900000012, -22.858402499323962 ], [ -44.2012575, -22.85839359932395 ], [ -44.201245500000027, -22.858392099323961 ], [ -44.20117590000001, -22.858384799323971 ], [ -44.201102799999987, -22.858385999323946 ], [ -44.201077, -22.858386499323949 ], [ -44.201002, -22.858391099323956 ], [ -44.200936300000023, -22.858404099323913 ], [ -44.200861499999974, -22.858422399323935 ], [ -44.200817799999982, -22.858438399323944 ], [ -44.200799700000012, -22.858458999323933 ], [ -44.20078360000003, -22.858481299323945 ], [ -44.2007802, -22.858501799323946 ], [ -44.2007805, -22.858525499323939 ], [ -44.200780899999984, -22.858550899323959 ], [ -44.2007775, -22.858567999323945 ], [ -44.200768499999981, -22.85858169932396 ], [ -44.200754099999983, -22.858593799323934 ], [ -44.2007049, -22.858611599323968 ], [ -44.200653699999975, -22.858619199323961 ], [ -44.200599, -22.858630299323963 ], [ -44.200560699999976, -22.858644599323949 ], [ -44.200515399999972, -22.858675899323931 ], [ -44.200463899999988, -22.858723999323949 ], [ -44.2004354, -22.858750599323944 ], [ -44.2003889, -22.858802899323944 ], [ -44.2003742, -22.858819499323921 ], [ -44.200340200000028, -22.858874399323923 ], [ -44.2003062, -22.858934399323957 ], [ -44.200291499999985, -22.858960499323963 ], [ -44.2002756, -22.859006599323926 ], [ -44.200263699999986, -22.859067799323931 ], [ -44.200264300000015, -22.859111899323963 ], [ -44.200265, -22.859157699323962 ], [ -44.200282099999981, -22.859204899323935 ], [ -44.200315499999988, -22.859234899323933 ], [ -44.200348599999984, -22.859244499323921 ], [ -44.2004073, -22.859251999323948 ], [ -44.200479299999984, -22.859263299323942 ], [ -44.200554099999977, -22.859274999323954 ], [ -44.200625300000013, -22.859290299323927 ], [ -44.200656900000013, -22.859297099323921 ], [ -44.2007256, -22.859320199323935 ], [ -44.200767299999988, -22.859334199323907 ], [ -44.200830900000028, -22.85936769932394 ], [ -44.2008485, -22.859376999323924 ], [ -44.200900400000016, -22.859420199323914 ], [ -44.200935800000025, -22.859462099323896 ], [ -44.2009602, -22.85950409932391 ], [ -44.20096969999998, -22.859531099323945 ], [ -44.2009703, -22.85957519932392 ], [ -44.2009486, -22.859639899323923 ], [ -44.200945699999977, -22.859648499323917 ], [ -44.2009188, -22.859684599323909 ], [ -44.2008811, -22.859742999323906 ], [ -44.2008525, -22.859789199323941 ], [ -44.200831199999982, -22.859837099323908 ], [ -44.2008189, -22.859876299323918 ], [ -44.2008161, -22.85993749932393 ], [ -44.200817, -22.8599968993239 ], [ -44.200818, -22.860066399323909 ], [ -44.200820599999979, -22.860120699323893 ], [ -44.200826699999986, -22.860168099323907 ], [ -44.2008422, -22.860227199323912 ], [ -44.20086550000002, -22.860291499323928 ], [ -44.2008746, -22.860316599323887 ], [ -44.200908799999979, -22.860376499323873 ], [ -44.20091589999997, -22.860388899323876 ], [ -44.200942399999974, -22.860447899323898 ], [ -44.200948499999981, -22.860488499323885 ], [ -44.20095479999997, -22.860547799323911 ], [ -44.20095, -22.860593699323875 ], [ -44.2009468, -22.860627699323906 ], [ -44.200930799999973, -22.8606635993239 ], [ -44.200911, -22.860684299323896 ], [ -44.2008692, -22.860708799323898 ], [ -44.2008272, -22.860717899323891 ], [ -44.200764900000017, -22.86071729932387 ], [ -44.200692699999983, -22.860706599323908 ], [ -44.200682299999976, -22.860704999323882 ], [ -44.200612099999987, -22.860686299323895 ], [ -44.200586699999967, -22.860679499323904 ], [ -44.200520499999982, -22.860655099323875 ], [ -44.200454900000011, -22.860625199323916 ], [ -44.200444899999972, -22.860620699323924 ], [ -44.200382900000037, -22.86058479932392 ], [ -44.200345200000015, -22.8605629993239 ], [ -44.20028150000001, -22.86052969932387 ], [ -44.2002488, -22.860512599323897 ], [ -44.200199, -22.860484499323878 ], [ -44.200173, -22.860459499323888 ], [ -44.200156199999974, -22.860439399323937 ], [ -44.200148399999989, -22.860403899323895 ], [ -44.200147899999983, -22.860368299323909 ], [ -44.200152600000024, -22.860313899323899 ], [ -44.20017230000002, -22.8602486993239 ], [ -44.200178900000019, -22.860226899323894 ], [ -44.200193399999989, -22.860160499323928 ], [ -44.200201199999981, -22.860124699323887 ], [ -44.200202699999977, -22.860056999323877 ], [ -44.200203499999986, -22.860024599323875 ], [ -44.200205200000028, -22.859956899323901 ], [ -44.2002058, -22.859932899323891 ], [ -44.20020490000001, -22.859865199323906 ], [ -44.200204600000013, -22.859846399323896 ], [ -44.200193899999988, -22.859779399323894 ], [ -44.200190599999985, -22.859758399323894 ], [ -44.200178199999982, -22.859691599323934 ], [ -44.200165799999979, -22.859624899323904 ], [ -44.200164799999975, -22.859619699323915 ], [ -44.200150099999973, -22.859553299323935 ], [ -44.2001394, -22.859504799323961 ], [ -44.200119700000023, -22.859439499323923 ], [ -44.200100099999986, -22.859374199323938 ], [ -44.200095200000021, -22.859357899323946 ], [ -44.2000668, -22.85929219932396 ], [ -44.200027700000014, -22.85924199932392 ], [ -44.199990599999971, -22.85920869932395 ], [ -44.1999315, -22.859172299323948 ], [ -44.199865199999969, -22.859143799323952 ], [ -44.1997988, -22.859115299323907 ], [ -44.199757799999972, -22.859097699323943 ], [ -44.199688900000012, -22.859075199323946 ], [ -44.199678800000015, -22.859071899323936 ], [ -44.199608500000011, -22.859053399323923 ], [ -44.199575900000021, -22.859044799323943 ], [ -44.199504499999989, -22.859030199323932 ], [ -44.199433100000029, -22.85901569932393 ], [ -44.199407, -22.859010299323959 ], [ -44.199334299999968, -22.859003099323935 ], [ -44.199304400000017, -22.859000199323965 ], [ -44.1992313, -22.858999899323948 ], [ -44.1992202, -22.858999899323948 ], [ -44.199150700000011, -22.859002799323921 ], [ -44.1990778, -22.859008199323938 ], [ -44.1990629, -22.859009299323958 ], [ -44.1989934, -22.859010499323961 ], [ -44.198951299999969, -22.859009499323953 ], [ -44.198912699999987, -22.858993199323926 ], [ -44.198860799999977, -22.858944899323919 ], [ -44.198827400000027, -22.858914899323938 ], [ -44.1987924, -22.85890029932396 ], [ -44.1987519, -22.858878899323919 ], [ -44.198722299999986, -22.858853999323937 ], [ -44.198696199999965, -22.858822199323967 ], [ -44.198660599999982, -22.858761699323949 ], [ -44.1986488, -22.85870599932392 ], [ -44.19863909999998, -22.858660299323937 ], [ -44.1986402, -22.858611099323969 ], [ -44.198643, -22.858546599323951 ], [ -44.198651, -22.858479299323953 ], [ -44.19865609999998, -22.858436199323979 ], [ -44.198655200000012, -22.858373499323985 ], [ -44.1986508, -22.858319299323959 ], [ -44.198644800000011, -22.858287199323957 ], [ -44.198635299999978, -22.858256799323936 ], [ -44.198601699999983, -22.858196599323936 ], [ -44.1985902, -22.858176199323946 ], [ -44.1985449, -22.858122999323932 ], [ -44.198528899999985, -22.858104299323934 ], [ -44.198506800000018, -22.858047899323939 ], [ -44.19849679999998, -22.857988699323997 ], [ -44.198490799999988, -22.857921199323979 ], [ -44.1984903, -22.857915899323977 ], [ -44.198485699999978, -22.857851599323968 ], [ -44.198483, -22.857790599323948 ], [ -44.1984931, -22.857724299323941 ], [ -44.19851240000002, -22.857662899323952 ], [ -44.198535400000026, -22.857608199323984 ], [ -44.198575, -22.857551299323973 ], [ -44.198582, -22.857541299323952 ], [ -44.198617899999981, -22.85749149932396 ], [ -44.1986468, -22.857462199323962 ], [ -44.198666699999976, -22.857449999323958 ], [ -44.198710399999982, -22.857435599323939 ], [ -44.19876720000002, -22.857438099323996 ], [ -44.19884, -22.857444499323972 ], [ -44.1988478, -22.857445199323937 ], [ -44.198897199999969, -22.857444299323962 ], [ -44.1989704, -22.857443099323977 ], [ -44.1990434, -22.857439499323966 ], [ -44.1990783, -22.857437799323982 ], [ -44.199136599999974, -22.857421499323973 ], [ -44.199180300000023, -22.857403799323961 ], [ -44.199205600000013, -22.857384699323983 ], [ -44.1992308, -22.85735379932397 ], [ -44.199246800000019, -22.857319599323965 ], [ -44.1992553, -22.857273699323976 ], [ -44.199249399999985, -22.85724319932401 ], [ -44.199217799999971, -22.857206499324001 ], [ -44.199163699999986, -22.857160899323972 ], [ -44.199156599999981, -22.857154999323946 ], [ -44.1991049, -22.857120199323969 ], [ -44.199073399999975, -22.85709359932396 ], [ -44.199038099999989, -22.857055299323999 ], [ -44.199008, -22.856992999323971 ], [ -44.1989873, -22.856952699324001 ], [ -44.198963, -22.856919199323983 ], [ -44.1989112, -22.856872599323957 ], [ -44.198874100000012, -22.856839399323995 ], [ -44.198817, -22.856809799323997 ], [ -44.198767299999986, -22.856790299323983 ], [ -44.1987378, -22.856773899324001 ], [ -44.198726599999979, -22.856758799324016 ], [ -44.1987006, -22.856730499324023 ], [ -44.1986579, -22.856687099323974 ], [ -44.1986154, -22.856655599323997 ], [ -44.198573, -22.856630999323983 ], [ -44.198510399999975, -22.856595899324002 ], [ -44.198493699999972, -22.856586599324007 ], [ -44.1984329, -22.856557099323965 ], [ -44.198364799999979, -22.856524399324005 ], [ -44.198299299999974, -22.856494299323998 ], [ -44.198258, -22.856475399324022 ], [ -44.198193, -22.856444399323983 ], [ -44.1981826, -22.856439399323992 ], [ -44.198119399999989, -22.856405299324003 ], [ -44.198103300000014, -22.856396699324012 ], [ -44.198042199999961, -22.856359599324009 ], [ -44.198005599999981, -22.856337399323973 ], [ -44.19795119999997, -22.856292099324019 ], [ -44.197927900000018, -22.856272599324015 ], [ -44.197889, -22.856235999324017 ], [ -44.197844299999986, -22.856182599324001 ], [ -44.197818, -22.85612709932397 ], [ -44.197806300000018, -22.856079799323986 ], [ -44.197803899999982, -22.856039199323998 ], [ -44.1978072, -22.856010299323984 ], [ -44.197826599999971, -22.855957399324012 ], [ -44.1978661, -22.855909299324004 ], [ -44.19792180000001, -22.855865299324012 ], [ -44.197938500000014, -22.855852099324011 ], [ -44.197996699999976, -22.855827399324024 ], [ -44.1980641, -22.855801299323996 ], [ -44.1980931, -22.855790099323993 ], [ -44.1981627, -22.855769299324034 ], [ -44.198189599999978, -22.855761299323991 ], [ -44.198260800000014, -22.855754899324037 ], [ -44.198334, -22.855753599324025 ], [ -44.1983998, -22.855755899324031 ], [ -44.1984729, -22.855753299324014 ], [ -44.1984931, -22.855752499324012 ], [ -44.198542499999967, -22.855753399324037 ], [ -44.1985957, -22.85576429932399 ], [ -44.198643300000015, -22.85577189932399 ], [ -44.198689, -22.855765999324014 ], [ -44.1987363, -22.855746599323989 ], [ -44.198772599999984, -22.855728999324 ], [ -44.1988053, -22.855711499324002 ], [ -44.198869699999989, -22.855679399323996 ], [ -44.1989216, -22.855653499324024 ], [ -44.198985, -22.855613399324 ], [ -44.199032, -22.855568499324018 ], [ -44.1990462, -22.855541099323997 ], [ -44.199060299999978, -22.85549679932404 ], [ -44.199057799999984, -22.855449399324019 ], [ -44.1990477, -22.855386799324052 ], [ -44.199033900000018, -22.855320299324042 ], [ -44.199028100000014, -22.855292199324037 ], [ -44.199005399999969, -22.855227899324007 ], [ -44.19899, -22.85518439932401 ], [ -44.1989673, -22.855132299324008 ], [ -44.19892470000002, -22.855093999324041 ], [ -44.198876700000021, -22.855062699324051 ], [ -44.198814299999988, -22.855027499324031 ], [ -44.19878640000001, -22.855011799324021 ], [ -44.198723799999975, -22.854985699324015 ], [ -44.1986814, -22.854962799324017 ], [ -44.198657200000014, -22.854925899324044 ], [ -44.198653, -22.854893799324053 ], [ -44.198661800000018, -22.854864799323991 ], [ -44.198677799999977, -22.854835699324052 ], [ -44.1987029, -22.854797999324049 ], [ -44.198728099999983, -22.854768699324048 ], [ -44.19877330000002, -22.854730599324014 ], [ -44.198829499999981, -22.854690699324024 ], [ -44.198865599999976, -22.854656099324028 ], [ -44.198905200000013, -22.854609699324083 ], [ -44.198946499999977, -22.854558099324048 ], [ -44.198966199999973, -22.854528899324031 ], [ -44.198989200000014, -22.854469199324036 ], [ -44.199003, -22.854411299324003 ], [ -44.199013799999982, -22.854344299324008 ], [ -44.199014799999979, -22.854338199324015 ], [ -44.1990169, -22.854270499324016 ], [ -44.19901729999998, -22.854258499324065 ], [ -44.199003800000014, -22.854204599324071 ], [ -44.198983100000014, -22.85416929932407 ], [ -44.1989777, -22.854164499324067 ], [ -44.198960899999967, -22.854149399324037 ], [ -44.1988968, -22.854116799324022 ], [ -44.198877400000015, -22.854106999324042 ], [ -44.198822300000018, -22.854085999324049 ], [ -44.198776399999986, -22.854073199324059 ], [ -44.198739699999976, -22.854070499324031 ], [ -44.1986885, -22.854071399324059 ], [ -44.1986303, -22.854089399324078 ], [ -44.198563700000015, -22.854117399324064 ], [ -44.198550300000015, -22.854122999324073 ], [ -44.198492199999983, -22.854154599324065 ], [ -44.198445100000022, -22.85418929932402 ], [ -44.198385200000018, -22.854224299324027 ], [ -44.198348899999985, -22.854238499324062 ], [ -44.198299799999965, -22.854257999324073 ], [ -44.1982489, -22.854280899324031 ], [ -44.198210800000027, -22.854303699324053 ], [ -44.1981799, -22.854316099324056 ], [ -44.198150699999985, -22.854325099324029 ], [ -44.198114200000028, -22.854330799324064 ], [ -44.198048299999975, -22.854321799324023 ], [ -44.197993199999985, -22.854304199324055 ], [ -44.1979435, -22.854282999324045 ], [ -44.197897300000022, -22.854248299324045 ], [ -44.197871299999974, -22.854216499324053 ], [ -44.1978388, -22.854155799324044 ], [ -44.19783, -22.854139299324046 ], [ -44.197801, -22.85407709932403 ], [ -44.1977885, -22.85405029932403 ], [ -44.1977645, -22.853986299324021 ], [ -44.197760099999968, -22.853974599324062 ], [ -44.197747400000026, -22.853907799324073 ], [ -44.1977463, -22.853901899324036 ], [ -44.1977248, -22.853837199324044 ], [ -44.197713799999974, -22.853804299324029 ], [ -44.197681900000021, -22.853738799324031 ], [ -44.19764780000002, -22.853678799324062 ], [ -44.19762750000001, -22.853643199324075 ], [ -44.1975939, -22.853582999324068 ], [ -44.1975675, -22.853535799324046 ], [ -44.197547400000026, -22.853470699324067 ], [ -44.197544600000015, -22.85346169932409 ], [ -44.197524, -22.853396699324087 ], [ -44.1975216, -22.853389299324082 ], [ -44.19750549999997, -22.853323199324048 ], [ -44.1974965, -22.853286399324073 ], [ -44.197475399999966, -22.853221499324086 ], [ -44.1974621, -22.853180299324084 ], [ -44.197438, -22.85311639932404 ], [ -44.19742789999998, -22.853089499324074 ], [ -44.197402, -22.853026099324083 ], [ -44.1973901, -22.852996999324095 ], [ -44.197360399999965, -22.852935099324103 ], [ -44.197344900000019, -22.852902999324108 ], [ -44.197315, -22.852841199324089 ], [ -44.197303499999968, -22.852817399324081 ], [ -44.1972723, -22.852756099324097 ], [ -44.197264099999977, -22.852740199324099 ], [ -44.1972344, -22.852678299324051 ], [ -44.1972189, -22.852646199324067 ], [ -44.1971858, -22.852585799324061 ], [ -44.197172099999989, -22.852560599324089 ], [ -44.1971345, -22.8525024993241 ], [ -44.197131, -22.85249699932411 ], [ -44.1970915, -22.852440099324117 ], [ -44.197078799999986, -22.852421799324102 ], [ -44.197043300000018, -22.852368199324097 ], [ -44.197010700000021, -22.852307599324121 ], [ -44.196988200000021, -22.852265999324079 ], [ -44.1969512, -22.852207599324078 ], [ -44.196926599999983, -22.852168899324077 ], [ -44.1968956, -22.852110699324136 ], [ -44.1968607, -22.852075499324101 ], [ -44.1968218, -22.852044199324119 ], [ -44.196781199999968, -22.852009099324068 ], [ -44.196743, -22.851951399324122 ], [ -44.196739799999989, -22.851946599324123 ], [ -44.1967113, -22.851884199324072 ], [ -44.19670480000002, -22.851870099324096 ], [ -44.1966754, -22.851808099324135 ], [ -44.196671499999972, -22.851799799324084 ], [ -44.196634800000027, -22.851753299324088 ], [ -44.196592099999982, -22.851698299324106 ], [ -44.1965892, -22.851694599324077 ], [ -44.196541, -22.851642199324136 ], [ -44.19649, -22.851589899324129 ], [ -44.1964562, -22.851548299324115 ], [ -44.196430500000019, -22.851496499324114 ], [ -44.1964137, -22.85145809932412 ], [ -44.196391100000035, -22.851393699324131 ], [ -44.1963715, -22.851337799324121 ], [ -44.1963518, -22.851272499324104 ], [ -44.196346, -22.851253299324114 ], [ -44.196332499999976, -22.851189699324145 ], [ -44.196312299999988, -22.8511338993241 ], [ -44.196311700000024, -22.851077399324119 ], [ -44.196310499999974, -22.851044899324098 ], [ -44.1962979, -22.851006299324101 ], [ -44.1962825, -22.850966599324103 ], [ -44.196275599999979, -22.850931699324107 ], [ -44.196267799999987, -22.85087039932414 ], [ -44.1962606, -22.85080299932412 ], [ -44.1962573, -22.850772699324121 ], [ -44.196257199999984, -22.850704999324119 ], [ -44.196257199999984, -22.850648399324132 ], [ -44.196261400000026, -22.850580699324166 ], [ -44.196263499999986, -22.850547699324125 ], [ -44.196261400000026, -22.850488599324137 ], [ -44.196249500000015, -22.850429899324137 ], [ -44.196234300000022, -22.850363599324119 ], [ -44.1962312, -22.850349999324131 ], [ -44.196214, -22.850302699324139 ], [ -44.196190600000016, -22.850239199324129 ], [ -44.1961647, -22.850184599324109 ], [ -44.196127499999989, -22.850128999324138 ], [ -44.1960811, -22.85007669932412 ], [ -44.196046799999969, -22.850038199324107 ], [ -44.1960072, -22.849995299324142 ], [ -44.195964600000018, -22.849946099324157 ], [ -44.1959228, -22.849890499324168 ], [ -44.1959127, -22.849877099324154 ], [ -44.195871599999975, -22.849831599324162 ], [ -44.195826300000014, -22.849787599324163 ], [ -44.195814700000021, -22.84977989932414 ], [ -44.195766699999979, -22.849748299324141 ], [ -44.195743900000025, -22.849733199324163 ], [ -44.195682200000014, -22.84969679932416 ], [ -44.195660299999986, -22.849683899324166 ], [ -44.19559450000002, -22.849654299324147 ], [ -44.195565499999987, -22.849641199324164 ], [ -44.1955038, -22.849604899324135 ], [ -44.195492, -22.849597899324156 ], [ -44.1954571, -22.849572399324156 ], [ -44.195411700000015, -22.849528299324131 ], [ -44.195383400000011, -22.849486199324168 ], [ -44.195357600000015, -22.849438899324152 ], [ -44.195341699999965, -22.849390199324173 ], [ -44.1953391, -22.849357399324127 ], [ -44.195339199999978, -22.849322099324155 ], [ -44.195346700000016, -22.849295299324165 ], [ -44.195355899999981, -22.849274899324165 ], [ -44.195390700000011, -22.849223399324178 ], [ -44.195432799999978, -22.849167899324158 ], [ -44.195440599999976, -22.849157599324169 ], [ -44.195482, -22.849101699324162 ], [ -44.1954864, -22.849095599324173 ], [ -44.195534800000019, -22.849044899324184 ], [ -44.195540900000026, -22.849038499324163 ], [ -44.19556920000003, -22.849002299324162 ], [ -44.195585100000017, -22.848972799324173 ], [ -44.195603899999973, -22.848944499324194 ], [ -44.195621599999974, -22.848926299324184 ], [ -44.195670300000018, -22.848875799324144 ], [ -44.19567940000001, -22.848866399324198 ], [ -44.195727299999973, -22.848838699324162 ], [ -44.1957802, -22.848816999324175 ], [ -44.195793499999972, -22.848811699324173 ], [ -44.195838700000024, -22.848793799324188 ], [ -44.1959061, -22.848767499324172 ], [ -44.1959154, -22.848763899324162 ], [ -44.195977700000014, -22.848728499324164 ], [ -44.196025099999979, -22.848701499324182 ], [ -44.1960593, -22.848670199324197 ], [ -44.196105199999977, -22.84861749932416 ], [ -44.1961326, -22.848585999324193 ], [ -44.196172499999989, -22.848529199324155 ], [ -44.196179700000016, -22.848518899324155 ], [ -44.196221400000013, -22.848458299324189 ], [ -44.196262699999977, -22.848402399324179 ], [ -44.1962835, -22.848374299324174 ], [ -44.196321, -22.848316199324177 ], [ -44.196325, -22.848309899324192 ], [ -44.1963554, -22.848250799324195 ], [ -44.196385599999985, -22.848189099324191 ], [ -44.1963937, -22.848172499324154 ], [ -44.1964165, -22.848108199324191 ], [ -44.1964259, -22.848081799324177 ], [ -44.1964416, -22.848047099324166 ], [ -44.196459, -22.848018799324162 ], [ -44.196496700000019, -22.847963299324192 ], [ -44.196520799999966, -22.84789929932419 ], [ -44.1965449, -22.847835299324185 ], [ -44.1965682, -22.847771299324165 ], [ -44.19659710000002, -22.84770839932418 ], [ -44.1966324, -22.847666899324174 ], [ -44.1966724, -22.847636599324186 ], [ -44.1967055, -22.847614199324209 ], [ -44.1967669, -22.847588399324209 ], [ -44.1968117, -22.847575799324215 ], [ -44.1968834, -22.847562599324206 ], [ -44.19691, -22.847557699324184 ], [ -44.19695380000001, -22.847556699324198 ], [ -44.197026499999986, -22.847563199324231 ], [ -44.197099299999984, -22.847569699324215 ], [ -44.197106899999987, -22.847570399324184 ], [ -44.1971792, -22.847580199324177 ], [ -44.197192, -22.847581999324191 ], [ -44.197262299999977, -22.847600599324224 ], [ -44.197283299999988, -22.847606199324165 ], [ -44.197356, -22.847628299324192 ], [ -44.197426, -22.84765169932416 ], [ -44.1974804, -22.847673099324208 ], [ -44.19751489999998, -22.847691099324205 ], [ -44.197555200000011, -22.847715399324215 ], [ -44.197614199999961, -22.847755399324182 ], [ -44.197621599999984, -22.847760399324219 ], [ -44.19765510000002, -22.847791199324217 ], [ -44.1976993, -22.847849499324195 ], [ -44.1977349, -22.847902999324162 ], [ -44.1977663, -22.847955299324209 ], [ -44.1978, -22.847993599324191 ], [ -44.197842299999984, -22.84803799932417 ], [ -44.19789609999998, -22.848087099324175 ], [ -44.197949199999975, -22.848133599324179 ], [ -44.197974499999972, -22.848155799324157 ], [ -44.198029399999989, -22.848200399324181 ], [ -44.198049700000013, -22.848216899324203 ], [ -44.198109900000027, -22.848255399324223 ], [ -44.198139, -22.848273899324159 ], [ -44.1981978, -22.848313999324198 ], [ -44.198244100000011, -22.848345499324179 ], [ -44.19830480000001, -22.848383299324205 ], [ -44.198337499999987, -22.848403599324161 ], [ -44.198395, -22.848438599324187 ], [ -44.19845220000002, -22.848468599324168 ], [ -44.198515, -22.848493399324173 ], [ -44.198563700000022, -22.848519799324205 ], [ -44.1986192, -22.848540999324179 ], [ -44.198673199999966, -22.84855839932419 ], [ -44.198715900000025, -22.848573699324152 ], [ -44.19874, -22.848577999324149 ], [ -44.1987765, -22.848574499324155 ], [ -44.198815399999987, -22.848559499324196 ], [ -44.19882230000001, -22.84855429932416 ], [ -44.198859500000019, -22.848527999324173 ], [ -44.19888, -22.848510999324159 ], [ -44.1989006, -22.848495299324192 ], [ -44.1989241, -22.848479499324167 ], [ -44.198971500000034, -22.848466899324194 ], [ -44.199027699999988, -22.848463999324157 ], [ -44.199093800000014, -22.848462199324153 ], [ -44.1991655, -22.848462699324202 ], [ -44.1992374, -22.848474799324201 ], [ -44.199269300000019, -22.848480099324195 ], [ -44.1993415, -22.848490499324217 ], [ -44.199379500000013, -22.848495999324197 ], [ -44.199454300000014, -22.848507799324167 ], [ -44.199527199999977, -22.848513099324173 ], [ -44.1996001, -22.848518399324171 ], [ -44.199605099999978, -22.848518699324174 ], [ -44.199678100000021, -22.848517599324158 ], [ -44.199706199999973, -22.848517199324185 ], [ -44.1997652, -22.848515599324166 ], [ -44.199816899999973, -22.848507799324167 ], [ -44.199888, -22.848491999324196 ], [ -44.1999202, -22.848484799324176 ], [ -44.19998829999998, -22.848460099324203 ], [ -44.200041100000021, -22.848440999324172 ], [ -44.2001075, -22.848412599324192 ], [ -44.20013549999998, -22.848400599324176 ], [ -44.200197600000024, -22.848364999324183 ], [ -44.200221100000014, -22.848351499324163 ], [ -44.2002794, -22.848310699324202 ], [ -44.200309199999985, -22.84828979932416 ], [ -44.20035589999997, -22.848254499324174 ], [ -44.200391500000023, -22.848220699324191 ], [ -44.2004407, -22.84817509932418 ], [ -44.2004857, -22.848121699324171 ], [ -44.200489600000019, -22.848116999324201 ], [ -44.200510199999989, -22.848098799324184 ], [ -44.200526500000016, -22.848079399324202 ], [ -44.200535699999982, -22.848058899324212 ], [ -44.2005408, -22.848039899324188 ], [ -44.2005494, -22.8479979993242 ], [ -44.2005471, -22.847963999324179 ], [ -44.200538400000028, -22.847906099324184 ], [ -44.2005269, -22.847848299324212 ], [ -44.2005123, -22.847803199324179 ], [ -44.200498499999973, -22.84776069932418 ], [ -44.2004794, -22.847704299324171 ], [ -44.200464399999987, -22.847641499324201 ], [ -44.200451400000013, -22.847585899324201 ], [ -44.20044810000001, -22.847542299324179 ], [ -44.200446, -22.847491699324177 ], [ -44.2004483, -22.84744859932421 ], [ -44.200459599999981, -22.847401399324212 ], [ -44.2004579, -22.847365899324213 ], [ -44.2004501, -22.8473382993242 ], [ -44.2004284, -22.847317299324192 ], [ -44.2003919, -22.84729539932421 ], [ -44.2003338, -22.847254299324185 ], [ -44.200297700000021, -22.847228799324199 ], [ -44.200263, -22.847196699324183 ], [ -44.200228100000011, -22.847159599324197 ], [ -44.200208, -22.847096599324203 ], [ -44.200207400000011, -22.847076299324247 ], [ -44.200220800000011, -22.847053099324174 ], [ -44.200231799999983, -22.847042699324188 ], [ -44.200245699999982, -22.847034699324205 ], [ -44.200287699999983, -22.847025999324224 ], [ -44.2003469, -22.847026899324206 ], [ -44.2004192, -22.847037199324202 ], [ -44.200482799999968, -22.847046099324203 ], [ -44.200555099999974, -22.847055999324219 ], [ -44.200627399999966, -22.847065899324228 ], [ -44.2006384, -22.847067399324221 ], [ -44.2007107, -22.847077599324194 ], [ -44.200782899999972, -22.847087799324214 ], [ -44.200855199999964, -22.847097999324234 ], [ -44.2008647, -22.8470993993242 ], [ -44.2009372, -22.847107899324239 ], [ -44.201009699999979, -22.847116499324237 ], [ -44.201082199999959, -22.847124999324201 ], [ -44.201154700000011, -22.84713359932422 ], [ -44.201179799999977, -22.847136499324179 ], [ -44.201252399999987, -22.847144499324216 ], [ -44.201325, -22.847152499324189 ], [ -44.201383099999973, -22.847158999324186 ], [ -44.201455, -22.847171099324243 ], [ -44.2015131, -22.847180799324207 ], [ -44.2015846, -22.847195299324223 ], [ -44.201634800000015, -22.847205499324197 ], [ -44.2017048, -22.847224799324209 ], [ -44.201774899999975, -22.84724419932418 ], [ -44.201793399999978, -22.847249299324194 ], [ -44.201865399999981, -22.847261499324205 ], [ -44.2019373, -22.847273599324193 ], [ -44.201948800000025, -22.847275599324185 ], [ -44.202020600000019, -22.847288399324245 ], [ -44.202084300000024, -22.847299799324166 ], [ -44.202156699999989, -22.847309399324178 ], [ -44.202229100000011, -22.847318899324204 ], [ -44.2023014, -22.84732849932421 ], [ -44.202307099999985, -22.847329299324212 ], [ -44.2023787, -22.847342899324211 ], [ -44.2024503, -22.847356599324222 ], [ -44.202516, -22.847369199324209 ], [ -44.202589, -22.847372799324216 ], [ -44.202662, -22.847376399324183 ], [ -44.2026818, -22.847377399324227 ], [ -44.202754799999973, -22.847381899324226 ], [ -44.2028277, -22.847386399324215 ], [ -44.202853300000015, -22.847387899324204 ], [ -44.202925900000018, -22.847396199324194 ], [ -44.202996900000016, -22.847404299324204 ], [ -44.2030699, -22.847400999324194 ], [ -44.203139799999974, -22.847397899324186 ], [ -44.203212099999973, -22.847387999324233 ], [ -44.203254399999985, -22.84738219932423 ], [ -44.203324300000013, -22.847362299324196 ], [ -44.203394199999977, -22.847342399324202 ], [ -44.2034216, -22.847334699324186 ], [ -44.2034898, -22.847310399324236 ], [ -44.2035581, -22.847286199324184 ], [ -44.2035912, -22.847274399324206 ], [ -44.2036589, -22.847248799324191 ], [ -44.203726599999982, -22.847223199324183 ], [ -44.203749599999973, -22.84721449932422 ], [ -44.203815599999984, -22.847185299324195 ], [ -44.203877200000022, -22.847157999324185 ], [ -44.2039428, -22.847127899324178 ], [ -44.203982600000025, -22.847109599324224 ], [ -44.204046600000027, -22.847076899324197 ], [ -44.204110599999979, -22.847044199324241 ], [ -44.204118400000027, -22.847040199324191 ], [ -44.2041681, -22.847008499324232 ], [ -44.204227800000019, -22.846969299324229 ], [ -44.204256499999978, -22.846950499324201 ], [ -44.204310099999979, -22.846904399324249 ], [ -44.2043112, -22.846903399324191 ], [ -44.2043142, -22.846900799324231 ], [ -44.204362300000021, -22.846849799324183 ], [ -44.2044073, -22.84680219932422 ], [ -44.204452899999978, -22.84674929932422 ], [ -44.204481, -22.846716699324226 ], [ -44.2045218, -22.846660399324236 ], [ -44.204540899999984, -22.846634099324245 ], [ -44.204578500000025, -22.846575999324248 ], [ -44.2046059, -22.846533599324193 ], [ -44.204637199999972, -22.84647229932424 ], [ -44.2046684, -22.846411099324243 ], [ -44.204688599999983, -22.846371499324206 ], [ -44.204706900000019, -22.846310199324229 ], [ -44.204706, -22.846269699324218 ], [ -44.204696800000022, -22.846231899324252 ], [ -44.2046709, -22.84620209932427 ], [ -44.204634, -22.846182799324243 ], [ -44.204566199999981, -22.846157499324235 ], [ -44.2045577, -22.846154399324224 ], [ -44.20449009999998, -22.846143399324262 ], [ -44.2044171, -22.846139799324231 ], [ -44.204389, -22.846138499324237 ], [ -44.204316, -22.846140399324245 ], [ -44.204307700000015, -22.84614059932424 ], [ -44.2042348, -22.846145999324207 ], [ -44.204204100000027, -22.846148299324227 ], [ -44.2041322, -22.846160699324219 ], [ -44.204060299999981, -22.846173099324218 ], [ -44.2040475, -22.846175299324262 ], [ -44.203974599999981, -22.846180799324245 ], [ -44.2039466, -22.846182999324228 ], [ -44.2038738, -22.84618899932422 ], [ -44.2038569, -22.846190399324239 ], [ -44.203783900000019, -22.846188799324228 ], [ -44.20371080000001, -22.846187199324202 ], [ -44.203696799999982, -22.846186899324255 ], [ -44.2036243, -22.846178199324232 ], [ -44.203558799999989, -22.846170199324249 ], [ -44.2034875, -22.846155099324218 ], [ -44.203416300000015, -22.846139899324253 ], [ -44.203378, -22.846131799324247 ], [ -44.203307, -22.846115599324246 ], [ -44.203236100000019, -22.846099399324249 ], [ -44.203165099999971, -22.846083299324203 ], [ -44.203137799999972, -22.846077099324226 ], [ -44.20306770000002, -22.84605789932424 ], [ -44.2029976, -22.846038799324205 ], [ -44.202934, -22.846021399324215 ], [ -44.202865700000018, -22.845997199324234 ], [ -44.2027974, -22.845972999324257 ], [ -44.202746699999977, -22.845955099324279 ], [ -44.202679, -22.845929399324245 ], [ -44.2026113, -22.845903799324219 ], [ -44.2025392, -22.845876499324216 ], [ -44.202474400000028, -22.845845099324261 ], [ -44.202419500000012, -22.845818499324256 ], [ -44.2023635, -22.845775099324264 ], [ -44.202359199999982, -22.845771799324258 ], [ -44.202327500000017, -22.845744599324235 ], [ -44.202292600000014, -22.845685099324264 ], [ -44.202289199999989, -22.84567939932424 ], [ -44.2022708, -22.845618799324253 ], [ -44.2022695, -22.845567899324244 ], [ -44.202290100000035, -22.845502899324231 ], [ -44.202295600000014, -22.845485699324236 ], [ -44.202322, -22.845418799324253 ], [ -44.2023403, -22.845362299324229 ], [ -44.202357099999972, -22.845296399324244 ], [ -44.202373799999975, -22.845230399324244 ], [ -44.202381300000027, -22.84520069932428 ], [ -44.202385400000026, -22.845133099324265 ], [ -44.2023894, -22.845065399324277 ], [ -44.202391200000022, -22.845034799324257 ], [ -44.202389499999981, -22.844966999324257 ], [ -44.2023888, -22.844940499324256 ], [ -44.20238010000002, -22.844873199324255 ], [ -44.2023783, -22.844859099324268 ], [ -44.2023585, -22.844793899324277 ], [ -44.202344400000015, -22.844747599324279 ], [ -44.2023183, -22.844684399324272 ], [ -44.2022933, -22.844623799324278 ], [ -44.202257599999989, -22.844564699324263 ], [ -44.202246199999976, -22.844545799324258 ], [ -44.2022048, -22.844489999324274 ], [ -44.202163400000018, -22.844434099324268 ], [ -44.2021439, -22.844407799324276 ], [ -44.202094499999987, -22.844357899324251 ], [ -44.202045100000014, -22.844307899324267 ], [ -44.2019957, -22.844257999324299 ], [ -44.201963, -22.844224999324279 ], [ -44.20190939999997, -22.844178899324262 ], [ -44.201867600000014, -22.844142899324282 ], [ -44.201816399999984, -22.844094599324283 ], [ -44.2017652, -22.844046199324261 ], [ -44.201748800000018, -22.844030699324303 ], [ -44.2016974, -22.843982499324262 ], [ -44.201646, -22.843934299324275 ], [ -44.2016183, -22.843908399324263 ], [ -44.2015647, -22.843862299324297 ], [ -44.20151120000002, -22.843816199324287 ], [ -44.201505399999967, -22.843811199324293 ], [ -44.201452300000028, -22.843764599324274 ], [ -44.201399200000026, -22.843718099324278 ], [ -44.2013518, -22.8436764993243 ], [ -44.201302100000021, -22.843626899324299 ], [ -44.201279100000015, -22.843603899324293 ], [ -44.20123640000002, -22.843548899324261 ], [ -44.201226299999966, -22.843535899324287 ], [ -44.201185599999974, -22.843479599324322 ], [ -44.201144899999974, -22.843423399324305 ], [ -44.2011351, -22.843409799324316 ], [ -44.201101, -22.84334989932432 ], [ -44.201090500000021, -22.843331299324287 ], [ -44.201064499999966, -22.843267999324318 ], [ -44.201054, -22.843242299324281 ], [ -44.2010308, -22.843178099324287 ], [ -44.20100760000004, -22.843113899324294 ], [ -44.200984399999982, -22.843049599324264 ], [ -44.200980399999985, -22.843038599324284 ], [ -44.200959399999988, -22.842973699324325 ], [ -44.200943199999976, -22.842923799324304 ], [ -44.200913899999989, -22.842861799324282 ], [ -44.20090110000001, -22.842834799324294 ], [ -44.200865299999968, -22.84277579932434 ], [ -44.200829399999975, -22.842716799324311 ], [ -44.2008149, -22.842692799324329 ], [ -44.200777, -22.842634999324297 ], [ -44.2007468, -22.842588899324326 ], [ -44.200705, -22.842533399324296 ], [ -44.200687800000019, -22.842510499324309 ], [ -44.200636299999985, -22.842462399324315 ], [ -44.2006179, -22.84244519932431 ], [ -44.200565200000021, -22.842398199324304 ], [ -44.2005363, -22.842372399324308 ], [ -44.2004824, -22.842326699324328 ], [ -44.20042849999998, -22.842280899324319 ], [ -44.200374599999968, -22.842235199324332 ], [ -44.20035009999998, -22.842214399324309 ], [ -44.200299799999975, -22.842165199324331 ], [ -44.200249499999977, -22.842115999324292 ], [ -44.200241899999973, -22.842108599324341 ], [ -44.2001902, -22.84206079932434 ], [ -44.2001384, -22.84201299932435 ], [ -44.200119299999976, -22.841995299324346 ], [ -44.200080099999973, -22.841938099324317 ], [ -44.200068900000012, -22.841921699324324 ], [ -44.200033899999987, -22.841862199324311 ], [ -44.199999, -22.841802699324358 ], [ -44.199976100000022, -22.841763799324347 ], [ -44.1999475, -22.841701399324315 ], [ -44.1999397, -22.84168449932432 ], [ -44.19991490000001, -22.841620799324321 ], [ -44.199902800000018, -22.841589799324353 ], [ -44.199892200000022, -22.841520299324358 ], [ -44.199896500000023, -22.841471099324334 ], [ -44.199916200000011, -22.841405899324325 ], [ -44.199922500000014, -22.841385199324325 ], [ -44.199955900000027, -22.841324999324321 ], [ -44.199982, -22.841277899324371 ], [ -44.200023, -22.841220099324335 ], [ -44.2000585, -22.841167599324354 ], [ -44.2000972, -22.841127999324382 ], [ -44.2001507, -22.841081699324377 ], [ -44.2001861, -22.841050999324342 ], [ -44.200250200000028, -22.841018399324341 ], [ -44.2002872, -22.840999599324327 ], [ -44.200353800000016, -22.840971899324348 ], [ -44.2004205, -22.84094409932435 ], [ -44.200425, -22.840942299324343 ], [ -44.200493, -22.840917399324375 ], [ -44.200561, -22.84089249932434 ], [ -44.2005828, -22.840884499324357 ], [ -44.200655200000021, -22.840875599324349 ], [ -44.2007277, -22.840866699324351 ], [ -44.200748799999978, -22.840864099324317 ], [ -44.200819700000011, -22.840847799324365 ], [ -44.200873199999982, -22.840835499324381 ], [ -44.20094, -22.840807999324333 ], [ -44.200966, -22.840797199324353 ], [ -44.2010232, -22.84075509932438 ], [ -44.2010636, -22.840725199324364 ], [ -44.201116399999982, -22.840678299324345 ], [ -44.201144199999987, -22.840653599324355 ], [ -44.2012049, -22.840615799324397 ], [ -44.201256100000023, -22.840583899324375 ], [ -44.201323699999989, -22.840558199324335 ], [ -44.201357499999979, -22.840545399324366 ], [ -44.201429, -22.840531599324386 ], [ -44.201448, -22.840527999324372 ], [ -44.201515299999976, -22.840501499324382 ], [ -44.2015826, -22.840475099324358 ], [ -44.2016225, -22.840459499324371 ], [ -44.20169, -22.84043339932435 ], [ -44.2017576, -22.840407399324373 ], [ -44.201823499999982, -22.84037809932439 ], [ -44.201892499999985, -22.840347499324388 ], [ -44.201952199999987, -22.840308399324396 ], [ -44.2020071, -22.840272499324389 ], [ -44.202061300000025, -22.840226999324404 ], [ -44.2020989, -22.840195499324359 ], [ -44.202154399999976, -22.840151299324376 ], [ -44.20219920000001, -22.840115599324367 ], [ -44.202254499999981, -22.840071299324343 ], [ -44.202302299999985, -22.840033099324408 ], [ -44.2023639, -22.839996699324349 ], [ -44.202375099999983, -22.839990099324393 ], [ -44.202442799999979, -22.839964699324376 ], [ -44.202448300000015, -22.839962599324355 ], [ -44.202517, -22.839939499324387 ], [ -44.202546900000016, -22.839929399324383 ], [ -44.2025863, -22.839913099324367 ], [ -44.2026467, -22.839868899324379 ], [ -44.202663, -22.839837499324357 ], [ -44.202668, -22.83981149932438 ], [ -44.202660900000012, -22.839751999324356 ], [ -44.20265060000002, -22.839682199324407 ], [ -44.202646300000026, -22.839614599324388 ], [ -44.202642, -22.8395468993244 ], [ -44.2026414, -22.839537099324357 ], [ -44.202645500000024, -22.839469499324405 ], [ -44.2026495, -22.839404599324411 ], [ -44.202661799999987, -22.83933789932437 ], [ -44.202672, -22.839282199324387 ], [ -44.202674600000016, -22.839214499324413 ], [ -44.2026755, -22.8391911993244 ], [ -44.2026794, -22.839123599324385 ], [ -44.202681400000017, -22.839087199324389 ], [ -44.202686799999981, -22.83901959932437 ], [ -44.202690099999984, -22.83897789932437 ], [ -44.2026912, -22.838907699324395 ], [ -44.2026917, -22.838839999324406 ], [ -44.202692199999987, -22.838774599324431 ], [ -44.202686299999982, -22.838707099324431 ], [ -44.202682299999985, -22.838660899324395 ], [ -44.202676100000012, -22.838593399324377 ], [ -44.202670599999969, -22.838533599324414 ], [ -44.202666099999988, -22.838465999324391 ], [ -44.2026616, -22.838398499324395 ], [ -44.202652899999975, -22.838331199324436 ], [ -44.2026442, -22.838263899324438 ], [ -44.202640499999966, -22.838234799324436 ], [ -44.202638799999981, -22.838167099324433 ], [ -44.2026371, -22.838099399324388 ], [ -44.2026366, -22.838075999324413 ], [ -44.2026412, -22.838008399324391 ], [ -44.202645899999979, -22.837940799324446 ], [ -44.2026492, -22.837893299324431 ], [ -44.2026543, -22.837825699324416 ], [ -44.202659499999974, -22.837758099324404 ], [ -44.202659900000015, -22.837752199324445 ], [ -44.202667500000018, -22.837684899324429 ], [ -44.202669300000025, -22.837668599324395 ], [ -44.2026707, -22.837611199324446 ], [ -44.202664, -22.83756949932441 ], [ -44.2026616, -22.837564699324396 ], [ -44.202646, -22.837533299324445 ], [ -44.20261390000001, -22.837502599324424 ], [ -44.2025931, -22.837471699324396 ], [ -44.202586699999983, -22.837443099324414 ], [ -44.202581599999966, -22.837375499324441 ], [ -44.2025782, -22.837330999324433 ], [ -44.202583899999986, -22.837263399324414 ], [ -44.202587100000017, -22.837226299324442 ], [ -44.202599899999989, -22.837159599324444 ], [ -44.202604800000024, -22.837134499324431 ], [ -44.202620200000013, -22.837066299324437 ], [ -44.202618500000021, -22.836998599324463 ], [ -44.2026181, -22.836982699324469 ], [ -44.202618200000018, -22.836914899324462 ], [ -44.202618299999969, -22.836847199324467 ], [ -44.2026184, -22.83677939932446 ], [ -44.202618500000021, -22.836711699324471 ], [ -44.202618500000021, -22.836687699324472 ], [ -44.2026161, -22.836620399324453 ], [ -44.202608399999974, -22.836556699324465 ], [ -44.2025875, -22.83651909932443 ], [ -44.2025357, -22.836477499324449 ], [ -44.202483599999987, -22.836449699324461 ], [ -44.202426100000025, -22.83643499932445 ], [ -44.202357399999975, -22.836433699324441 ], [ -44.2022844, -22.83643719932444 ], [ -44.2022718, -22.83643789932448 ], [ -44.202200600000026, -22.836449699324461 ], [ -44.202132399999982, -22.836466599324449 ], [ -44.202062099999971, -22.836484999324444 ], [ -44.202024499999986, -22.836494899324428 ], [ -44.201956399999972, -22.836519499324456 ], [ -44.201925300000021, -22.836530799324446 ], [ -44.201858099999981, -22.836557299324433 ], [ -44.2018347, -22.836566499324466 ], [ -44.201769899999988, -22.836597799324434 ], [ -44.201755600000013, -22.836604699324457 ], [ -44.2016878, -22.836629999324472 ], [ -44.201622499999978, -22.836654299324461 ], [ -44.201552400000026, -22.83667369932445 ], [ -44.20148039999998, -22.836693699324456 ], [ -44.2014089, -22.836707499324437 ], [ -44.2013609, -22.83671689932444 ], [ -44.201289299999985, -22.836730699324431 ], [ -44.2012555, -22.836737199324471 ], [ -44.201185, -22.836754799324453 ], [ -44.2011418, -22.836765499324464 ], [ -44.2010722, -22.836786099324424 ], [ -44.201056600000015, -22.836790699324439 ], [ -44.200991199999976, -22.836820999324434 ], [ -44.200985899999978, -22.836823499324431 ], [ -44.2009226, -22.836857299324471 ], [ -44.2009097, -22.836864199324427 ], [ -44.200844399999987, -22.836894599324438 ], [ -44.200833400000015, -22.836899699324452 ], [ -44.2007671, -22.836928199324433 ], [ -44.200706099999984, -22.836954499324435 ], [ -44.200636299999985, -22.836974699324436 ], [ -44.20060949999997, -22.836982499324414 ], [ -44.2005365, -22.836986299324423 ], [ -44.2005294, -22.836986699324456 ], [ -44.200466399999975, -22.836987799324412 ], [ -44.200429, -22.836980699324467 ], [ -44.200388299999986, -22.836963099324439 ], [ -44.20033890000002, -22.836935199324476 ], [ -44.2003062, -22.836893899324465 ], [ -44.20026439999998, -22.836838299324459 ], [ -44.2002615, -22.836834499324457 ], [ -44.200216899999972, -22.836780799324437 ], [ -44.200199199999979, -22.836759599324438 ], [ -44.200152899999978, -22.836707199324419 ], [ -44.2001103, -22.836658999324445 ], [ -44.200062100000011, -22.836607999324471 ], [ -44.2000127, -22.836555799324447 ], [ -44.19997189999998, -22.836499699324442 ], [ -44.199931, -22.836443499324435 ], [ -44.1999219, -22.836430999324445 ], [ -44.199882100000025, -22.836374199324482 ], [ -44.199842199999978, -22.836317399324443 ], [ -44.199809399999978, -22.836270799324485 ], [ -44.199767, -22.836215599324458 ], [ -44.199724600000017, -22.836160399324442 ], [ -44.1997139, -22.836146399324473 ], [ -44.199664700000028, -22.83609629932447 ], [ -44.1996251, -22.83605599932444 ], [ -44.199573, -22.83600849932445 ], [ -44.199521, -22.835960899324441 ], [ -44.1994952, -22.83593739932445 ], [ -44.199437, -22.835896399324497 ], [ -44.199389600000011, -22.835862999324483 ], [ -44.199326699999965, -22.835828499324453 ], [ -44.1992639, -22.835793899324468 ], [ -44.199199599999979, -22.835758499324477 ], [ -44.1991367, -22.8357239993245 ], [ -44.199120600000015, -22.835715199324444 ], [ -44.1990606, -22.835676499324453 ], [ -44.1989974, -22.835635799324461 ], [ -44.198936399999972, -22.835598599324506 ], [ -44.1988753, -22.835561299324471 ], [ -44.1988142, -22.835524099324456 ], [ -44.198753099999976, -22.835486899324451 ], [ -44.198715900000025, -22.835464299324492 ], [ -44.198652, -22.835431399324477 ], [ -44.1985881, -22.835398599324495 ], [ -44.198552099999972, -22.835380199324462 ], [ -44.198487699999987, -22.835348099324449 ], [ -44.1984233, -22.835316099324501 ], [ -44.198367800000028, -22.835288499324477 ], [ -44.1983042, -22.835254999324501 ], [ -44.19824060000002, -22.835221599324502 ], [ -44.198212500000011, -22.835206799324471 ], [ -44.198145399999987, -22.835179899324501 ], [ -44.198078300000013, -22.835152999324482 ], [ -44.19801690000002, -22.835128299324499 ], [ -44.197949499999986, -22.835102099324462 ], [ -44.1979, -22.835082899324458 ], [ -44.19783469999998, -22.83505259932447 ], [ -44.197812199999987, -22.835042099324493 ], [ -44.197747100000015, -22.835011299324506 ], [ -44.1976833, -22.834980999324504 ], [ -44.19762140000001, -22.834944999324506 ], [ -44.197586199999982, -22.83492449932449 ], [ -44.197539, -22.834872799324518 ], [ -44.197505400000018, -22.834836099324505 ], [ -44.1974586, -22.834784099324477 ], [ -44.1974186, -22.834739699324494 ], [ -44.197366199999976, -22.834692499324515 ], [ -44.197332300000021, -22.834661899324516 ], [ -44.197279900000012, -22.834614599324517 ], [ -44.197242899999985, -22.834581399324492 ], [ -44.197199, -22.834527199324537 ], [ -44.19718569999997, -22.834510899324489 ], [ -44.1971448, -22.834454699324482 ], [ -44.197103899999988, -22.834398599324487 ], [ -44.197067600000018, -22.834348799324481 ], [ -44.197022899999979, -22.83429519932449 ], [ -44.197004400000019, -22.834272999324508 ], [ -44.196948799999966, -22.834229099324528 ], [ -44.196942, -22.834223699324497 ], [ -44.1968832, -22.834183499324496 ], [ -44.1968473, -22.834158999324504 ], [ -44.1967912, -22.834115699324489 ], [ -44.196770099999974, -22.834099399324518 ], [ -44.19671790000001, -22.834051999324483 ], [ -44.196698500000018, -22.834034299324486 ], [ -44.196656, -22.833979199324489 ], [ -44.19665, -22.833971399324504 ], [ -44.196617899999971, -22.833910599324536 ], [ -44.196609799999976, -22.833895199324491 ], [ -44.196585, -22.833831499324482 ], [ -44.1965718, -22.833797599324534 ], [ -44.19655820000002, -22.833731099324545 ], [ -44.1965545, -22.833712999324511 ], [ -44.196566899999986, -22.83365169932453 ], [ -44.196593800000016, -22.833592899324497 ], [ -44.196609299999977, -22.833566999324542 ], [ -44.196629200000018, -22.833533599324536 ], [ -44.19663220000001, -22.833528499324519 ], [ -44.19667470000001, -22.833473399324539 ], [ -44.1967171, -22.833418199324495 ], [ -44.196746, -22.833380599324528 ], [ -44.196785499999976, -22.833323599324551 ], [ -44.196825, -22.833266599324524 ], [ -44.1968372, -22.833248899324524 ], [ -44.196876, -22.833191499324517 ], [ -44.196895199999958, -22.833162999324546 ], [ -44.196934100000021, -22.833105599324536 ], [ -44.196973099999973, -22.833048299324506 ], [ -44.1969919, -22.833020499324519 ], [ -44.1970379, -22.832967899324562 ], [ -44.1970673, -22.832934199324537 ], [ -44.197118, -22.832885399324546 ], [ -44.1971375, -22.832866599324532 ], [ -44.197197099999983, -22.832827499324541 ], [ -44.197245300000013, -22.832795799324519 ], [ -44.197311500000012, -22.832767199324511 ], [ -44.197377800000019, -22.832738599324564 ], [ -44.197405199999984, -22.832726799324536 ], [ -44.197474800000016, -22.832706099324529 ], [ -44.1975372, -22.832687499324557 ], [ -44.1976083, -22.832671799324558 ], [ -44.197666599999984, -22.832658899324549 ], [ -44.197739699999985, -22.832657699324585 ], [ -44.197779500000024, -22.832657099324553 ], [ -44.1978317, -22.832658999324522 ], [ -44.1978899, -22.832668699324543 ], [ -44.197951400000015, -22.832691699324553 ], [ -44.198007500000017, -22.832735099324527 ], [ -44.198025500000028, -22.832748999324522 ], [ -44.1980769, -22.832797299324529 ], [ -44.198109, -22.832827499324541 ], [ -44.198157200000033, -22.83287839932456 ], [ -44.198205499999965, -22.832929299324537 ], [ -44.1982107, -22.832934799324512 ], [ -44.198256, -22.832987999324537 ], [ -44.19829779999997, -22.833037099324542 ], [ -44.198343099999981, -22.833090199324531 ], [ -44.1983884, -22.833143399324513 ], [ -44.1984028, -22.833160199324549 ], [ -44.1984453, -22.833215299324543 ], [ -44.198487899999982, -22.83327039932453 ], [ -44.1985141, -22.833304399324501 ], [ -44.198566500000027, -22.833351699324513 ], [ -44.198612200000014, -22.833392999324527 ], [ -44.198677499999974, -22.833423499324514 ], [ -44.1987001, -22.83343399932453 ], [ -44.198772299999973, -22.833444199324504 ], [ -44.198784199999977, -22.833445899324531 ], [ -44.1988571, -22.833441599324541 ], [ -44.198905200000013, -22.833438699324521 ], [ -44.198975099999984, -22.833418699324497 ], [ -44.199042599999977, -22.833399299324523 ], [ -44.19910850000003, -22.833369999324528 ], [ -44.199116600000025, -22.833366299324545 ], [ -44.199179, -22.833330899324547 ], [ -44.199241500000028, -22.83329539932452 ], [ -44.1992897, -22.833244399324528 ], [ -44.1993283, -22.833203799324512 ], [ -44.199358299999965, -22.833144899324502 ], [ -44.199379200000017, -22.833079999324539 ], [ -44.1993953, -22.833030299324548 ], [ -44.199396700000023, -22.832962499324545 ], [ -44.19939770000002, -22.832916099324514 ], [ -44.199396900000011, -22.832848399324533 ], [ -44.199396200000017, -22.832780599324515 ], [ -44.1993958, -22.832754199324548 ], [ -44.1993916, -22.832686499324566 ], [ -44.199390499999986, -22.832669199324538 ], [ -44.199390900000026, -22.832601499324557 ], [ -44.199391, -22.832589499324527 ], [ -44.19940680000002, -22.832536099324575 ], [ -44.199411899999973, -22.832468599324578 ], [ -44.199413, -22.83245359932457 ], [ -44.199405800000015, -22.83238619932451 ], [ -44.199405, -22.832379299324572 ], [ -44.199381099999982, -22.832315299324563 ], [ -44.199367400000021, -22.832278799324534 ], [ -44.1993536, -22.832212299324542 ], [ -44.199339800000018, -22.83214579932454 ], [ -44.19933709999998, -22.832132999324561 ], [ -44.199339099999975, -22.832065299324562 ], [ -44.199341, -22.831997499324558 ], [ -44.19934139999998, -22.831983899324563 ], [ -44.199343899999974, -22.831916199324581 ], [ -44.199344600000011, -22.831895999324541 ], [ -44.199333799999984, -22.831828999324593 ], [ -44.1993304, -22.831808299324535 ], [ -44.199307, -22.831744099324556 ], [ -44.1992927, -22.831704899324549 ], [ -44.199261799999981, -22.831643499324542 ], [ -44.199243500000016, -22.831607099324547 ], [ -44.19920530000001, -22.831549299324575 ], [ -44.1991981, -22.831538399324572 ], [ -44.199171, -22.831504199324552 ], [ -44.199155399999988, -22.831467099324566 ], [ -44.199149499999969, -22.831399499324554 ], [ -44.199143499999984, -22.831331999324547 ], [ -44.199142, -22.831314699324587 ], [ -44.199138199999986, -22.831246999324605 ], [ -44.199136300000028, -22.83121119932456 ], [ -44.199121, -22.831144999324572 ], [ -44.199106299999976, -22.831080899324601 ], [ -44.199082700000019, -22.831016799324576 ], [ -44.199062200000014, -22.830961299324596 ], [ -44.1990467, -22.830895099324596 ], [ -44.199042299999967, -22.830876099324602 ], [ -44.1990401, -22.830803999324591 ], [ -44.199026600000025, -22.830737399324558 ], [ -44.1990163, -22.830686699324602 ], [ -44.199002899999982, -22.830620199324574 ], [ -44.198989400000016, -22.830553599324567 ], [ -44.1989823, -22.830518799324576 ], [ -44.198953300000035, -22.830456599324588 ], [ -44.1989514, -22.830452299324573 ], [ -44.1989008, -22.830403399324624 ], [ -44.198888599999975, -22.830391599324585 ], [ -44.198849399999965, -22.830334499324593 ], [ -44.198815799999963, -22.830285599324622 ], [ -44.198781399999973, -22.830225799324595 ], [ -44.198747, -22.83016609932459 ], [ -44.1987424, -22.830158099324596 ], [ -44.198709899999976, -22.830097399324597 ], [ -44.198677499999974, -22.830036599324618 ], [ -44.19865, -22.829985199324607 ], [ -44.198620899999973, -22.829923099324571 ], [ -44.198591700000016, -22.829860999324602 ], [ -44.1985662, -22.829806699324621 ], [ -44.198548300000027, -22.82974109932459 ], [ -44.198546599999986, -22.829734599324606 ], [ -44.1985454, -22.829697099324584 ], [ -44.198553300000015, -22.829629699324617 ], [ -44.1985611, -22.829562299324643 ], [ -44.1985638, -22.829538499324617 ], [ -44.198576699999975, -22.829471899324602 ], [ -44.1985897, -22.829405199324608 ], [ -44.1985914, -22.829395899324616 ], [ -44.1985932, -22.829328199324646 ], [ -44.198595, -22.82926049932459 ], [ -44.1985955, -22.829242799324593 ], [ -44.198600100000014, -22.829175199324631 ], [ -44.198604699999976, -22.829107599324608 ], [ -44.198605499999985, -22.829094899324588 ], [ -44.1986121, -22.82902749932461 ], [ -44.1986187, -22.828959999324624 ], [ -44.198621, -22.82893619932463 ], [ -44.198621899999978, -22.828868899324597 ], [ -44.1986147, -22.828823299324647 ], [ -44.198595599999969, -22.828769799324597 ], [ -44.198562299999985, -22.828727199324632 ], [ -44.1985264, -22.828692599324643 ], [ -44.198475499999972, -22.828643999324633 ], [ -44.198424600000017, -22.828595399324627 ], [ -44.1983737, -22.828546799324663 ], [ -44.198322800000028, -22.828498199324656 ], [ -44.1982719, -22.828449599324639 ], [ -44.1982669, -22.82844479932464 ], [ -44.1982147, -22.828397299324635 ], [ -44.198162599999982, -22.828349899324635 ], [ -44.19815, -22.828338499324605 ], [ -44.198096, -22.828292799324629 ], [ -44.198042, -22.828247199324654 ], [ -44.1980274, -22.828234899324627 ], [ -44.19796980000001, -22.828193099324672 ], [ -44.197946899999977, -22.828176499324623 ], [ -44.1978869, -22.828137699324657 ], [ -44.197881400000021, -22.828134199324669 ], [ -44.1978239, -22.828092399324643 ], [ -44.197766399999971, -22.828050499324668 ], [ -44.197733500000012, -22.828026599324627 ], [ -44.1976841, -22.827976699324669 ], [ -44.197634699999966, -22.827926699324635 ], [ -44.19760789999998, -22.82789969932465 ], [ -44.197555099999981, -22.827852799324667 ], [ -44.197511799999965, -22.82781439932468 ], [ -44.197458400000016, -22.827768199324638 ], [ -44.197404899999967, -22.827722099324667 ], [ -44.197400800000025, -22.827718499324661 ], [ -44.197345600000013, -22.827674099324678 ], [ -44.197290300000013, -22.827629799324679 ], [ -44.1972351, -22.827585399324636 ], [ -44.197182, -22.827542699324642 ], [ -44.197131099999979, -22.827494099324674 ], [ -44.197080200000016, -22.827445499324682 ], [ -44.1970293, -22.827396899324668 ], [ -44.196999199999986, -22.827368099324669 ], [ -44.1969401, -22.827328199324672 ], [ -44.196881, -22.827288299324692 ], [ -44.1968377, -22.827258999324702 ], [ -44.196770599999972, -22.827232299324649 ], [ -44.1967518, -22.827224799324682 ], [ -44.196683399999969, -22.827200899324652 ], [ -44.196654099999982, -22.827190699324689 ], [ -44.1965811, -22.827189899324672 ], [ -44.1965371, -22.827189299324655 ], [ -44.196464900000016, -22.827199999324673 ], [ -44.196438100000016, -22.827203999324663 ], [ -44.1963776, -22.827231799324665 ], [ -44.196323099999965, -22.827264899324653 ], [ -44.1962747, -22.827303399324673 ], [ -44.196205500000012, -22.827305899324664 ], [ -44.1961405, -22.827274799324655 ], [ -44.19608740000001, -22.8272493993247 ], [ -44.196037400000023, -22.827244499324664 ], [ -44.195976499999972, -22.827261499324695 ], [ -44.1959083, -22.827285799324688 ], [ -44.1958401, -22.827309999324672 ], [ -44.195771799999989, -22.827334299324676 ], [ -44.1957036, -22.827358599324693 ], [ -44.195633, -22.827383699324649 ], [ -44.195563, -22.827403199324657 ], [ -44.195493, -22.82742269932465 ], [ -44.195423100000028, -22.827442199324686 ], [ -44.195372599999985, -22.827456199324644 ], [ -44.195304200000017, -22.827479899324675 ], [ -44.1952357, -22.827503699324684 ], [ -44.195219099999967, -22.827509499324673 ], [ -44.1951507, -22.827533299324674 ], [ -44.195082300000017, -22.827557099324643 ], [ -44.195013899999985, -22.82758099932467 ], [ -44.195001900000022, -22.827585099324679 ], [ -44.1949318, -22.82760419932465 ], [ -44.194861600000031, -22.827623199324659 ], [ -44.194824700000026, -22.827633299324663 ], [ -44.1947528, -22.827645299324626 ], [ -44.1946808, -22.827657199324637 ], [ -44.194614800000011, -22.827668199324663 ], [ -44.194542599999977, -22.827678999324647 ], [ -44.1944704, -22.827689699324672 ], [ -44.194398299999989, -22.827700499324649 ], [ -44.194364399999976, -22.827705499324633 ], [ -44.1942917, -22.827712799324633 ], [ -44.1942191, -22.827720199324631 ], [ -44.1942123, -22.82772079932467 ], [ -44.1941392, -22.827721699324641 ], [ -44.1940978, -22.827722199324647 ], [ -44.194024899999988, -22.827717999324658 ], [ -44.193980099999969, -22.827715399324639 ], [ -44.1939089, -22.827699999324651 ], [ -44.193837799999983, -22.82768449932464 ], [ -44.193814200000013, -22.82767939932468 ], [ -44.19374340000001, -22.827662599324647 ], [ -44.193716400000028, -22.82765609932467 ], [ -44.193649900000018, -22.827627899324639 ], [ -44.1936417, -22.827624499324674 ], [ -44.193584400000013, -22.827587099324678 ], [ -44.193534399999969, -22.827537699324655 ], [ -44.193511100000023, -22.82751469932467 ], [ -44.193471400000014, -22.827457899324653 ], [ -44.193430200000016, -22.827398899324656 ], [ -44.193392800000034, -22.827340799324666 ], [ -44.1933553, -22.827282599324651 ], [ -44.193346299999973, -22.82726859932469 ], [ -44.193332100000021, -22.827203499324671 ], [ -44.193332, -22.827135799324687 ], [ -44.193332, -22.827124699324688 ], [ -44.193355899999972, -22.827060699324687 ], [ -44.1933667, -22.827031899324666 ], [ -44.193397, -22.826977199324674 ], [ -44.1934475, -22.826928199324669 ], [ -44.193487800000014, -22.826889099324685 ], [ -44.193547500000022, -22.826849999324658 ], [ -44.193559600000015, -22.82684209932469 ], [ -44.1936278, -22.826817699324678 ], [ -44.193638, -22.826813999324688 ], [ -44.1937084, -22.826807799324662 ], [ -44.1937815, -22.826806999324642 ], [ -44.193793700000022, -22.826806899324698 ], [ -44.193866599999978, -22.826811799324641 ], [ -44.1939395, -22.826816699324667 ], [ -44.1939678, -22.826818599324692 ], [ -44.1940404, -22.826811199324684 ], [ -44.1940586, -22.826809399324688 ], [ -44.1941256, -22.826782299324666 ], [ -44.19414840000001, -22.826773099324697 ], [ -44.194211100000011, -22.826738299324663 ], [ -44.1942234, -22.826731499324673 ], [ -44.1942813, -22.826690099324683 ], [ -44.194339199999987, -22.826648799324673 ], [ -44.194366600000016, -22.826629299324658 ], [ -44.194412499999984, -22.826576499324666 ], [ -44.1944287, -22.826557899324698 ], [ -44.194456600000017, -22.826495299324659 ], [ -44.194464100000012, -22.826478599324652 ], [ -44.194482499999985, -22.826413099324711 ], [ -44.194497899999988, -22.826358499324716 ], [ -44.194526199999984, -22.826295999324703 ], [ -44.1945387, -22.826268199324691 ], [ -44.194578, -22.82621109932472 ], [ -44.194617199999989, -22.826153899324705 ], [ -44.194625299999977, -22.826142099324713 ], [ -44.1946696, -22.826088199324715 ], [ -44.194715499999973, -22.826032199324686 ], [ -44.1947599, -22.82597839932469 ], [ -44.194804200000021, -22.825924499324678 ], [ -44.1948423, -22.825878299324692 ], [ -44.1948871, -22.825824799324725 ], [ -44.194904399999977, -22.825804099324742 ], [ -44.19494329999997, -22.825746799324701 ], [ -44.1949603, -22.825721799324697 ], [ -44.1949945, -22.825661899324707 ], [ -44.195028799999982, -22.825602099324733 ], [ -44.195063100000027, -22.825542299324699 ], [ -44.1950655, -22.825537999324698 ], [ -44.195105300000023, -22.82548119932472 ], [ -44.195127099999979, -22.825450099324712 ], [ -44.1951727, -22.825397199324705 ], [ -44.195200600000021, -22.825364799324696 ], [ -44.195253900000012, -22.825318499324698 ], [ -44.1952862, -22.82529029932471 ], [ -44.1953466, -22.825252199324733 ], [ -44.195369700000015, -22.825237599324694 ], [ -44.1954364, -22.8252100993247 ], [ -44.195503200000019, -22.825182499324686 ], [ -44.195532099999973, -22.825170599324693 ], [ -44.195598299999965, -22.825141999324739 ], [ -44.1956422, -22.825123099324706 ], [ -44.19570270000002, -22.825086999324707 ], [ -44.195722400000022, -22.825062299324735 ], [ -44.1957466, -22.824998299324729 ], [ -44.195770799999984, -22.824934399324746 ], [ -44.1957764, -22.8249197993247 ], [ -44.195785100000023, -22.824852499324745 ], [ -44.195793799999983, -22.824785199324733 ], [ -44.195797299999967, -22.82475839932474 ], [ -44.195815499999981, -22.824692799324698 ], [ -44.1958338, -22.824627199324727 ], [ -44.195852100000018, -22.824561599324728 ], [ -44.195870300000017, -22.824495999324729 ], [ -44.1958758, -22.824476199324717 ], [ -44.195911200000019, -22.824416899324742 ], [ -44.195931499999972, -22.824382699324737 ], [ -44.195984300000021, -22.824335899324726 ], [ -44.196000099999985, -22.824321899324712 ], [ -44.196057900000021, -22.824280499324729 ], [ -44.19607259999998, -22.824269999324745 ], [ -44.196139099999982, -22.82424189932475 ], [ -44.196206500000017, -22.824213299324743 ], [ -44.196273899999987, -22.82418709932475 ], [ -44.196296599999975, -22.824178299324767 ], [ -44.196363, -22.824150099324733 ], [ -44.196395199999976, -22.824136399324718 ], [ -44.196462199999985, -22.82410939932474 ], [ -44.19649249999997, -22.824097199324711 ], [ -44.196560200000015, -22.824071799324749 ], [ -44.19659710000002, -22.824057999324708 ], [ -44.1966625, -22.824027899324726 ], [ -44.196728, -22.823997699324746 ], [ -44.196768500000012, -22.82397909932472 ], [ -44.1968301, -22.823942599324752 ], [ -44.196850799999986, -22.823930399324741 ], [ -44.196909800000014, -22.823890499324744 ], [ -44.196968799999972, -22.823850599324761 ], [ -44.19701479999997, -22.823819499324763 ], [ -44.19706739999998, -22.823772499324761 ], [ -44.197071900000026, -22.823768399324759 ], [ -44.197122499999971, -22.823719399324762 ], [ -44.197163199999977, -22.823679999324778 ], [ -44.1972, -22.823621499324748 ], [ -44.197236499999974, -22.823563499324731 ], [ -44.197259, -22.823499099324753 ], [ -44.1972634, -22.823486599324774 ], [ -44.1972642, -22.823419499324743 ], [ -44.197257200000024, -22.823383899324771 ], [ -44.1972316, -22.823319699324763 ], [ -44.197206900000019, -22.823284299324769 ], [ -44.197170500000027, -22.823250299324734 ], [ -44.1971251, -22.82321229932478 ], [ -44.197110699999982, -22.823200799324756 ], [ -44.197046100000023, -22.823169099324737 ], [ -44.197006, -22.823149499324764 ], [ -44.1969343, -22.823136499324725 ], [ -44.196905300000026, -22.823131199324738 ], [ -44.196832799999981, -22.823122499324775 ], [ -44.196819600000019, -22.823120899324763 ], [ -44.196751300000017, -22.823096699324772 ], [ -44.1967212, -22.823085999324746 ], [ -44.196659599999968, -22.82304959932474 ], [ -44.1966251, -22.823029199324765 ], [ -44.196566, -22.822989299324789 ], [ -44.196528600000015, -22.822964099324743 ], [ -44.196468700000018, -22.822925299324776 ], [ -44.1964089, -22.822886499324735 ], [ -44.196378, -22.822866499324736 ], [ -44.1963131, -22.82283529932479 ], [ -44.196248299999972, -22.822804099324738 ], [ -44.196243100000011, -22.822801599324755 ], [ -44.196183899999987, -22.82276189932476 ], [ -44.1961247, -22.822722199324762 ], [ -44.196077100000025, -22.822690299324734 ], [ -44.196025099999979, -22.822642699324781 ], [ -44.1959731, -22.822595199324809 ], [ -44.195938, -22.822563099324796 ], [ -44.195885499999974, -22.822516099324748 ], [ -44.195874100000019, -22.822505899324796 ], [ -44.19582680000002, -22.822454199324749 ], [ -44.19577959999998, -22.822402499324781 ], [ -44.195766699999979, -22.822388399324804 ], [ -44.19572130000001, -22.822335299324802 ], [ -44.195676, -22.822282199324803 ], [ -44.195650699999987, -22.822252599324809 ], [ -44.195617299999981, -22.822192299324758 ], [ -44.195583899999967, -22.822132099324765 ], [ -44.195550799999978, -22.822072399324799 ], [ -44.195517900000027, -22.822011899324792 ], [ -44.1954971, -22.821973599324771 ], [ -44.195453499999978, -22.821919199324817 ], [ -44.195409900000023, -22.82186479932481 ], [ -44.195398099999977, -22.821850199324764 ], [ -44.19534440000001, -22.821804299324782 ], [ -44.195290600000021, -22.821758399324811 ], [ -44.195270900000025, -22.821741599324792 ], [ -44.1952162, -22.821696699324818 ], [ -44.1952008, -22.821684199324785 ], [ -44.1951512, -22.82163439932479 ], [ -44.195127099999979, -22.821610099324786 ], [ -44.195076599999986, -22.821561199324815 ], [ -44.1950551, -22.821540299324781 ], [ -44.1950261, -22.821512199324776 ], [ -44.1950167, -22.821503199324795 ], [ -44.194961, -22.821459399324784 ], [ -44.194919200000015, -22.821426499324772 ], [ -44.194863600000019, -22.821382599324792 ], [ -44.194818600000019, -22.821347099324839 ], [ -44.194779, -22.821316899324795 ], [ -44.1947308, -22.821295199324823 ], [ -44.19466019999998, -22.821277499324811 ], [ -44.1946436, -22.821273299324776 ], [ -44.1945708, -22.821279099324837 ], [ -44.194497899999973, -22.821284899324812 ], [ -44.194424, -22.821290799324796 ], [ -44.1943521, -22.821303199324788 ], [ -44.194291299999982, -22.821313799324795 ], [ -44.194218499999977, -22.821307799324799 ], [ -44.1941461, -22.821301799324832 ], [ -44.194074699999987, -22.821287399324827 ], [ -44.1940265, -22.821277699324803 ], [ -44.1939562, -22.821259199324789 ], [ -44.1938859, -22.821240699324782 ], [ -44.193815599999986, -22.821222199324826 ], [ -44.193742199999967, -22.821202899324803 ], [ -44.1936693, -22.821197899324822 ], [ -44.193632, -22.82119529932482 ], [ -44.1935591, -22.821200699324812 ], [ -44.193549, -22.821201399324814 ], [ -44.193477900000012, -22.821216899324831 ], [ -44.1934311, -22.821227099324791 ], [ -44.193358699999983, -22.821236699324803 ], [ -44.19328639999997, -22.821246199324829 ], [ -44.193214, -22.821255799324828 ], [ -44.193203799999985, -22.821257199324801 ], [ -44.1931311, -22.82125029932477 ], [ -44.193058399999977, -22.821243399324814 ], [ -44.193012800000012, -22.821239099324796 ], [ -44.192941299999973, -22.82122489932479 ], [ -44.192877800000026, -22.821212299324824 ], [ -44.1928072, -22.821194799324815 ], [ -44.192736599999975, -22.821177299324795 ], [ -44.192666, -22.821159799324789 ], [ -44.192616400000027, -22.821147499324809 ], [ -44.192546900000025, -22.821126599324817 ], [ -44.1924808, -22.821106799324802 ], [ -44.1924102, -22.821089299324786 ], [ -44.1923936, -22.821085199324823 ], [ -44.192316, -22.82108019932479 ], [ -44.192242899999989, -22.821079199324789 ], [ -44.1921729, -22.821078299324824 ], [ -44.192110899999989, -22.821092599324803 ], [ -44.192057, -22.821138399324795 ], [ -44.1920417, -22.821151299324807 ], [ -44.191978300000017, -22.821185099324786 ], [ -44.191930800000016, -22.821210299324832 ], [ -44.191864599999981, -22.821238899324836 ], [ -44.1918195, -22.821258199324792 ], [ -44.1917583, -22.821291899324812 ], [ -44.191701500000022, -22.821334599324803 ], [ -44.1916802, -22.821350699324789 ], [ -44.19161860000002, -22.821387199324796 ], [ -44.191604499999976, -22.821395599324823 ], [ -44.1915384, -22.821424499324785 ], [ -44.1915078, -22.821437899324774 ], [ -44.1914405, -22.821464199324787 ], [ -44.191413899999986, -22.821474499324825 ], [ -44.1913467, -22.821500999324797 ], [ -44.191279399999985, -22.821527399324776 ], [ -44.191270200000027, -22.821530999324786 ], [ -44.191199799999985, -22.821549399324777 ], [ -44.191128600000013, -22.821567999324813 ], [ -44.1910557, -22.821573299324818 ], [ -44.191040499999978, -22.821574399324778 ], [ -44.191000700000011, -22.821577199324775 ], [ -44.1909276, -22.821576399324833 ], [ -44.1908545, -22.821575499324783 ], [ -44.190782300000023, -22.821564899324791 ], [ -44.190728400000012, -22.82155699932478 ], [ -44.190658199999973, -22.821537899324824 ], [ -44.1905881, -22.821518799324778 ], [ -44.190559300000018, -22.821510999324783 ], [ -44.19049, -22.821489499324784 ], [ -44.1904207, -22.821467999324792 ], [ -44.190402, -22.821462199324781 ], [ -44.1903383, -22.821437599324824 ], [ -44.1902923, -22.821410199324806 ], [ -44.190239500000011, -22.821363299324776 ], [ -44.190217800000013, -22.821344099324776 ], [ -44.190180199999986, -22.82128599932479 ], [ -44.190173, -22.821274999324825 ], [ -44.1901433, -22.821213099324822 ], [ -44.19013039999998, -22.821186399324798 ], [ -44.1901062, -22.821122499324801 ], [ -44.190096700000026, -22.821097699324802 ], [ -44.1900678, -22.821035499324793 ], [ -44.190037500000017, -22.820970299324795 ], [ -44.190006299999986, -22.820908999324772 ], [ -44.1899752, -22.82084769932483 ], [ -44.1899657, -22.820828899324798 ], [ -44.189935100000014, -22.820767399324843 ], [ -44.1899133, -22.820723599324822 ], [ -44.189890699999985, -22.820659099324818 ], [ -44.189886, -22.820645799324836 ], [ -44.189865300000022, -22.820580899324799 ], [ -44.189844600000015, -22.820515899324793 ], [ -44.189823900000022, -22.820450899324847 ], [ -44.1898134, -22.820417999324846 ], [ -44.189795, -22.820352499324837 ], [ -44.1897766, -22.820286899324817 ], [ -44.189758299999987, -22.820221299324832 ], [ -44.1897497, -22.820190599324825 ], [ -44.189744800000028, -22.820122999324866 ], [ -44.1897422, -22.820087499324835 ], [ -44.189739299999978, -22.820019799324839 ], [ -44.189737799999989, -22.819984399324841 ], [ -44.18974709999997, -22.819922999324856 ], [ -44.189768599999965, -22.819866999324823 ], [ -44.189808799999973, -22.819824999324812 ], [ -44.189876500000018, -22.819796699324847 ], [ -44.1899479, -22.819782399324847 ], [ -44.1899626, -22.81977949932481 ], [ -44.1900301, -22.819753499324825 ], [ -44.190051, -22.81974549932486 ], [ -44.190101, -22.819722899324834 ], [ -44.190172, -22.819707099324862 ], [ -44.190178100000018, -22.819705699324814 ], [ -44.190251199999977, -22.819705299324848 ], [ -44.1903218, -22.819704899324819 ], [ -44.190394799999979, -22.819700999324855 ], [ -44.1904677, -22.819697199324857 ], [ -44.1904981, -22.819695499324865 ], [ -44.1905711, -22.819694199324854 ], [ -44.1906442, -22.819692899324835 ], [ -44.190716399999978, -22.819691499324808 ], [ -44.1907895, -22.819692299324828 ], [ -44.19086249999998, -22.819693099324827 ], [ -44.19089, -22.819693399324844 ], [ -44.190963099999962, -22.819691699324867 ], [ -44.191036100000019, -22.819690099324845 ], [ -44.191054399999977, -22.819689599324843 ], [ -44.1911255, -22.819673999324859 ], [ -44.191184799999959, -22.819660999324832 ], [ -44.1912448, -22.819622399324857 ], [ -44.191272200000014, -22.819604799324821 ], [ -44.191327300000012, -22.819560299324817 ], [ -44.191376400000024, -22.819520499324859 ], [ -44.191417899999969, -22.819464799324834 ], [ -44.191447299999986, -22.819425299324823 ], [ -44.191460399999983, -22.819358699324859 ], [ -44.191462199999982, -22.81934989932487 ], [ -44.191474299999982, -22.819280099324864 ], [ -44.191462899999969, -22.819221499324872 ], [ -44.191430299999979, -22.819160899324828 ], [ -44.191420900000026, -22.819143599324875 ], [ -44.1913937, -22.819080699324825 ], [ -44.191366500000015, -22.819017799324843 ], [ -44.1913449, -22.818967999324844 ], [ -44.191304899999977, -22.818911399324854 ], [ -44.1912648, -22.818854699324834 ], [ -44.19124649999997, -22.818828799324866 ], [ -44.191202700000012, -22.818774499324864 ], [ -44.191159, -22.818720299324859 ], [ -44.191129799999985, -22.81868399932489 ], [ -44.1910856, -22.818629999324845 ], [ -44.191041400000017, -22.818576099324833 ], [ -44.19099720000002, -22.818522099324852 ], [ -44.190953, -22.818468199324858 ], [ -44.190915299999972, -22.818421999324872 ], [ -44.190868799999976, -22.818369699324876 ], [ -44.1908335, -22.81832999932487 ], [ -44.190777500000017, -22.818286499324866 ], [ -44.190718899999979, -22.818240899324863 ], [ -44.190653600000026, -22.818210499324888 ], [ -44.1906118, -22.818190999324887 ], [ -44.190540699999985, -22.818175599324896 ], [ -44.190472600000014, -22.818160799324858 ], [ -44.190399599999971, -22.81815699932487 ], [ -44.190322200000018, -22.818152999324877 ], [ -44.190268100000026, -22.818150499324872 ], [ -44.190195300000028, -22.818156299324873 ], [ -44.190118499999976, -22.818162399324887 ], [ -44.190046100000018, -22.818171299324892 ], [ -44.189973699999989, -22.81818019932485 ], [ -44.1899012, -22.818189099324844 ], [ -44.189855700000017, -22.818194599324908 ], [ -44.189783, -22.818201499324854 ], [ -44.1897103, -22.818208299324848 ], [ -44.1896673, -22.818212299324909 ], [ -44.189594199999981, -22.818214099324855 ], [ -44.189526199999982, -22.818215699324867 ], [ -44.189453399999984, -22.818209999324893 ], [ -44.1893806, -22.818204299324869 ], [ -44.1893078, -22.818198599324887 ], [ -44.189234899999967, -22.818192799324891 ], [ -44.189188399999978, -22.818189199324888 ], [ -44.1891159, -22.818180899324894 ], [ -44.1890434, -22.818172599324896 ], [ -44.1889708, -22.818164299324859 ], [ -44.188928499999967, -22.818159499324867 ], [ -44.1888571, -22.818145099324866 ], [ -44.188785699999968, -22.818130799324887 ], [ -44.188764600000013, -22.81812649932489 ], [ -44.1886953, -22.818104999324888 ], [ -44.188657799999987, -22.818093299324854 ], [ -44.188594, -22.818060299324895 ], [ -44.1885284, -22.818026499324844 ], [ -44.188466100000021, -22.817991199324883 ], [ -44.188403699999974, -22.817955799324871 ], [ -44.188395599999978, -22.817951199324863 ], [ -44.1883416, -22.817905599324899 ], [ -44.188287600000024, -22.817859899324851 ], [ -44.188233599999982, -22.817814299324894 ], [ -44.188217099999974, -22.817800299324873 ], [ -44.1881652, -22.817752599324891 ], [ -44.188113400000013, -22.8177050993249 ], [ -44.188065600000023, -22.817653899324874 ], [ -44.188017800000011, -22.817602699324897 ], [ -44.18800879999997, -22.817593099324903 ], [ -44.1879674, -22.817537199324889 ], [ -44.1879381, -22.817497699324885 ], [ -44.187903399999982, -22.817438099324903 ], [ -44.187875899999987, -22.81739079932489 ], [ -44.187872700000014, -22.817385399324884 ], [ -44.187843400000013, -22.817323299324894 ], [ -44.1878142, -22.817261199324911 ], [ -44.187795900000033, -22.817222399324901 ], [ -44.187779700000029, -22.817156299324921 ], [ -44.187763599999982, -22.817090299324935 ], [ -44.187758700000018, -22.817070399324873 ], [ -44.1877541, -22.817002799324928 ], [ -44.187749499999988, -22.816935199324888 ], [ -44.1877528, -22.816867499324911 ], [ -44.1877541, -22.816839399324909 ], [ -44.187784299999969, -22.816777599324926 ], [ -44.1878011, -22.816743299324898 ], [ -44.187846900000018, -22.816690599324929 ], [ -44.1878699, -22.816664099324932 ], [ -44.187931699999979, -22.816630099324914 ], [ -44.187996899999966, -22.816601699324874 ], [ -44.188065600000023, -22.816578699324879 ], [ -44.1881247, -22.816558999324887 ], [ -44.188193, -22.816533399324943 ], [ -44.1882552, -22.8164977993249 ], [ -44.18827240000001, -22.816487999324902 ], [ -44.1883293, -22.8164454993249 ], [ -44.1883863, -22.8164029993249 ], [ -44.1884329, -22.816350799324933 ], [ -44.1884796, -22.816298699324907 ], [ -44.188492600000011, -22.816284199324908 ], [ -44.188544700000023, -22.816236699324914 ], [ -44.188579600000033, -22.816204899324923 ], [ -44.188632199999972, -22.816157899324928 ], [ -44.188684799999969, -22.81611089932494 ], [ -44.1887375, -22.816063899324941 ], [ -44.188750799999973, -22.816051899324911 ], [ -44.188800300000018, -22.816002099324923 ], [ -44.188849899999987, -22.815952299324923 ], [ -44.188863500000032, -22.815938699324935 ], [ -44.188921900000025, -22.815897999324932 ], [ -44.1889572, -22.815873499324944 ], [ -44.189015799999986, -22.815833099324941 ], [ -44.189068399999989, -22.81579689932494 ], [ -44.189127, -22.815756399324936 ], [ -44.189185599999973, -22.815715899324911 ], [ -44.18923239999998, -22.815683499324916 ], [ -44.1892919, -22.815644099324931 ], [ -44.189352699999972, -22.815603999324939 ], [ -44.189414699999986, -22.815568299324934 ], [ -44.189476800000016, -22.815532599324911 ], [ -44.1895351, -22.815498999324927 ], [ -44.189590099999975, -22.815454399324953 ], [ -44.1896051, -22.815442299324914 ], [ -44.189653099999973, -22.815391299324926 ], [ -44.189674299999986, -22.815368699324953 ], [ -44.18970760000002, -22.815308399324941 ], [ -44.189741500000025, -22.815246899324919 ], [ -44.189755400000024, -22.81518039932492 ], [ -44.189764, -22.815139399324952 ], [ -44.189761200000014, -22.81507439932497 ], [ -44.1897457, -22.815008099324942 ], [ -44.189735400000018, -22.814963999324931 ], [ -44.189709, -22.814900799324935 ], [ -44.189682699999985, -22.814837599324935 ], [ -44.1896681, -22.814802599324945 ], [ -44.1896345, -22.814742399324956 ], [ -44.189601, -22.81468219932496 ], [ -44.189573199999984, -22.814632499324976 ], [ -44.189538299999974, -22.814572999324955 ], [ -44.189503300000013, -22.814513499324931 ], [ -44.189495, -22.814499399324941 ], [ -44.189447, -22.81444829932494 ], [ -44.189428500000027, -22.814428599324952 ], [ -44.1893637, -22.81439749932494 ], [ -44.189293299999974, -22.814377699324975 ], [ -44.189221, -22.814367699324951 ], [ -44.1891716, -22.81436089932496 ], [ -44.189098800000018, -22.814366099324939 ], [ -44.189051, -22.814369599324987 ], [ -44.188978399999989, -22.814377099324972 ], [ -44.188942600000011, -22.814380799324933 ], [ -44.188891099999964, -22.814380899324966 ], [ -44.188818099999985, -22.814382799324935 ], [ -44.188776299999965, -22.814383899324955 ], [ -44.188703200000013, -22.814383999324981 ], [ -44.188676400000013, -22.814383999324981 ], [ -44.1886053, -22.814368399324948 ], [ -44.1885724, -22.814361199324971 ], [ -44.188503, -22.814339899324946 ], [ -44.1884895, -22.814335799324937 ], [ -44.188427400000023, -22.814300099324988 ], [ -44.1884056, -22.814287599324977 ], [ -44.188357699999976, -22.814236399324979 ], [ -44.188342, -22.814219499324938 ], [ -44.188315, -22.814156499324987 ], [ -44.188311499999983, -22.814148499324961 ], [ -44.188294, -22.814082699324938 ], [ -44.188276499999972, -22.814016999324966 ], [ -44.188271400000019, -22.813997899324978 ], [ -44.1882531, -22.813932299324946 ], [ -44.188238899999973, -22.813881399324991 ], [ -44.1882127, -22.813838699324997 ], [ -44.188192800000024, -22.813809699324953 ], [ -44.188155499999986, -22.813765099324993 ], [ -44.1881093, -22.813712599324955 ], [ -44.188063100000015, -22.813660099324974 ], [ -44.188051099999981, -22.813646499324978 ], [ -44.1880006, -22.813597599324964 ], [ -44.187992399999978, -22.813589599324985 ], [ -44.187937, -22.81354539932499 ], [ -44.187924699999989, -22.813535599325 ], [ -44.187868499999979, -22.813492199324973 ], [ -44.1878491, -22.813477199325007 ], [ -44.187798699999966, -22.813437399324986 ], [ -44.1877596, -22.813411799324964 ], [ -44.187708499999985, -22.813388999324957 ], [ -44.187674300000026, -22.813371999325 ], [ -44.187628599999975, -22.813334899324953 ], [ -44.1875865, -22.813279499325013 ], [ -44.187556500000028, -22.813239999325003 ], [ -44.187509499999983, -22.813189599324989 ], [ -44.1874636, -22.813136899325016 ], [ -44.187454199999983, -22.813126099324954 ], [ -44.1874275, -22.813071999324979 ], [ -44.187396, -22.813010899324993 ], [ -44.187385600000027, -22.812990699324995 ], [ -44.187354299999974, -22.812929499324991 ], [ -44.1873415, -22.812904399324982 ], [ -44.1873011, -22.812847999324976 ], [ -44.187291800000025, -22.812835099324971 ], [ -44.1872487, -22.812780299324995 ], [ -44.187218299999977, -22.81274159932498 ], [ -44.187179099999966, -22.812684399325033 ], [ -44.18713989999997, -22.812627199325007 ], [ -44.187130099999983, -22.812612899324979 ], [ -44.1870938, -22.812554099325002 ], [ -44.1870576, -22.812495299325025 ], [ -44.187050600000013, -22.812483899325024 ], [ -44.1870209, -22.812426999325012 ], [ -44.186985600000014, -22.812384399325005 ], [ -44.1867621, -22.81222699932502 ], [ -44.1864443, -22.81207809932501 ], [ -44.18624949999996, -22.811972899325021 ], [ -44.1861263, -22.811919499324993 ], [ -44.18599, -22.811813199325034 ], [ -44.1858762, -22.811703499325045 ], [ -44.185756099999985, -22.811546899325023 ], [ -44.185584699999986, -22.81131789932504 ], [ -44.185536099999965, -22.811238599325069 ], [ -44.185522400000018, -22.811184399325043 ], [ -44.185514, -22.811056799325051 ], [ -44.185519100000015, -22.810960199325059 ], [ -44.185536, -22.810866299325028 ], [ -44.185579, -22.810727299325052 ], [ -44.185628800000018, -22.810630499325065 ], [ -44.185671899999988, -22.810563399325027 ], [ -44.185733799999973, -22.810512399325038 ], [ -44.1858335, -22.810468299325073 ], [ -44.185912, -22.810436599325044 ], [ -44.186087199999967, -22.810430099325071 ], [ -44.1862, -22.810383999325065 ], [ -44.186344799999958, -22.810179799325077 ], [ -44.186509600000015, -22.809871499325048 ], [ -44.1866551, -22.809552299325077 ], [ -44.1867416, -22.809362199325086 ], [ -44.186804400000028, -22.809243899325097 ], [ -44.1868741, -22.809056499325095 ], [ -44.186920900000018, -22.809015899325104 ], [ -44.187004699999981, -22.808949999325069 ], [ -44.187104499999968, -22.808857499325068 ], [ -44.187151299999982, -22.808806899325074 ], [ -44.187189600000011, -22.808777299325062 ], [ -44.187220700000012, -22.808759799325117 ], [ -44.1872957, -22.80872599932508 ], [ -44.187328400000013, -22.808718399325056 ], [ -44.187378099999982, -22.808712799325107 ], [ -44.187406399999979, -22.80871469932509 ], [ -44.187492299999967, -22.808723599325102 ], [ -44.187583099999983, -22.808735099325069 ], [ -44.1876944, -22.808756299325129 ], [ -44.1878982, -22.80879709932508 ], [ -44.1881284, -22.80881929932508 ], [ -44.188327099999974, -22.808834599325106 ], [ -44.1883482, -22.808835299325096 ], [ -44.188667399999986, -22.808845899325078 ], [ -44.188897, -22.808851799325101 ], [ -44.1890958, -22.808870299325118 ], [ -44.189274099999984, -22.808871199325097 ], [ -44.189503699999989, -22.808877099325116 ], [ -44.189792800000014, -22.808868899325081 ], [ -44.1900346, -22.808854199325062 ], [ -44.190301, -22.808837999325068 ], [ -44.190433100000014, -22.808825899325075 ], [ -44.190560100000027, -22.808799599325074 ], [ -44.1906786, -22.808769999325072 ], [ -44.1907696, -22.808735499325117 ], [ -44.19083669999997, -22.808699399325114 ], [ -44.1908816, -22.808645599325072 ], [ -44.1908904, -22.808609099325114 ], [ -44.190888299999983, -22.808524499325078 ], [ -44.1908763, -22.808487999325109 ], [ -44.190827800000015, -22.80842109932507 ], [ -44.190808899999979, -22.808401299325105 ], [ -44.190771100000013, -22.808361699325062 ], [ -44.190701100000013, -22.808300699325123 ], [ -44.190641299999974, -22.808243799325115 ], [ -44.1905999, -22.808198299325127 ], [ -44.1905714, -22.808136799325112 ], [ -44.190545799999988, -22.80808339932511 ], [ -44.190491599999966, -22.808011099325093 ], [ -44.19041570000001, -22.807934699325081 ], [ -44.190349799999979, -22.807886799325118 ], [ -44.1902993, -22.807859299325134 ], [ -44.190250699999972, -22.807850499325081 ], [ -44.190183, -22.807842699325086 ], [ -44.1901254, -22.807829299325089 ], [ -44.190077799999976, -22.807803299325112 ], [ -44.190042699999985, -22.80775159932513 ], [ -44.190004699999967, -22.807673599325092 ], [ -44.189950399999987, -22.807590699325111 ], [ -44.189898099999986, -22.807535199325134 ], [ -44.1898086, -22.807457899325097 ], [ -44.189731900000027, -22.807420999325107 ], [ -44.1896734, -22.807377299325118 ], [ -44.1896343, -22.807335899325128 ], [ -44.189624200000026, -22.807277899325104 ], [ -44.189561099999985, -22.807045599325111 ], [ -44.1895333, -22.806918099325152 ], [ -44.189515, -22.806794499325157 ], [ -44.1895141, -22.806718499325129 ], [ -44.189529100000016, -22.80661709932512 ], [ -44.1895606, -22.806541999325116 ], [ -44.1896024, -22.806483099325117 ], [ -44.189716799999985, -22.806387299325124 ], [ -44.189759200000019, -22.806310299325151 ], [ -44.189822900000024, -22.806212699325155 ], [ -44.189905599999982, -22.806073599325146 ], [ -44.189999399999984, -22.805906599325173 ], [ -44.190095499999984, -22.805683299325164 ], [ -44.190118199999965, -22.805611799325174 ], [ -44.190120900000011, -22.805549299325161 ], [ -44.19010789999998, -22.805472399325151 ], [ -44.1900812, -22.805380599325154 ], [ -44.1900632, -22.805352399325184 ], [ -44.18994379999998, -22.805209199325148 ], [ -44.189855899999984, -22.80511929932517 ], [ -44.189743599999986, -22.804991199325208 ], [ -44.189640899999972, -22.804866199325179 ], [ -44.1895432, -22.804771899325182 ], [ -44.189456199999988, -22.804690099325196 ], [ -44.18936, -22.804604099325193 ], [ -44.18921210000002, -22.804463699325179 ], [ -44.189084700000024, -22.804328599325213 ], [ -44.188942100000027, -22.804187699325201 ], [ -44.1887855, -22.804033799325214 ], [ -44.188697499999982, -22.803954199325219 ], [ -44.188600099999974, -22.803837399325218 ], [ -44.188526599999982, -22.803720999325218 ], [ -44.188512600000017, -22.803698899325173 ], [ -44.188454700000023, -22.803597199325221 ], [ -44.188399100000026, -22.8035017993252 ], [ -44.188373, -22.803472699325201 ], [ -44.188345, -22.803446699325207 ], [ -44.1883019, -22.803412399325218 ], [ -44.188212, -22.803355799325228 ], [ -44.1881409, -22.803310399325202 ], [ -44.188029299999982, -22.803241599325208 ], [ -44.18798709999998, -22.803212199325241 ], [ -44.187944099999982, -22.803177599325249 ], [ -44.187847599999984, -22.803089599325258 ], [ -44.187795199999982, -22.803039699325222 ], [ -44.187749600000018, -22.803003699325203 ], [ -44.187686, -22.80295929932522 ], [ -44.187620200000019, -22.80292419932524 ], [ -44.187535299999979, -22.802890299325227 ], [ -44.1874335, -22.802862799325247 ], [ -44.1872474, -22.802826399325241 ], [ -44.1870526, -22.802789099325199 ], [ -44.186845199999979, -22.802746999325247 ], [ -44.1866346, -22.802693699325253 ], [ -44.186408, -22.802618599325239 ], [ -44.1862049, -22.802559099325229 ], [ -44.186069599999982, -22.802516199325247 ], [ -44.185992199999987, -22.802497499325241 ], [ -44.1859324, -22.802483299325235 ], [ -44.1859021, -22.802476099325212 ], [ -44.185825099999981, -22.802441299325245 ], [ -44.1857339, -22.802385199325251 ], [ -44.185656, -22.802325599325265 ], [ -44.1856151, -22.802268099325229 ], [ -44.185586600000022, -22.802214499325231 ], [ -44.185566199999975, -22.802164799325244 ], [ -44.185537699999983, -22.802105499325222 ], [ -44.18550879999998, -22.802062499325228 ], [ -44.185492300000021, -22.80203789932526 ], [ -44.1854146, -22.801938299325258 ], [ -44.1853451, -22.801848199325246 ], [ -44.185262299999977, -22.801750899325253 ], [ -44.185188700000026, -22.801674799325259 ], [ -44.185179800000014, -22.80166739932524 ], [ -44.185113600000022, -22.801612199325259 ], [ -44.185000100000018, -22.801539099325275 ], [ -44.1848959, -22.801482499325271 ], [ -44.184798600000015, -22.801451599325262 ], [ -44.18469420000001, -22.801428299325252 ], [ -44.184666199999981, -22.80142059932523 ], [ -44.184606099999989, -22.801404099325275 ], [ -44.1844373, -22.801348199325265 ], [ -44.184271, -22.801293799325251 ], [ -44.184182, -22.801260799325284 ], [ -44.184169399999973, -22.801254599325258 ], [ -44.18405, -22.801196199325265 ], [ -44.183971799999988, -22.801153699325248 ], [ -44.183903100000016, -22.801112499325249 ], [ -44.1838528, -22.801072499325244 ], [ -44.183791, -22.801023399325278 ], [ -44.183739300000013, -22.800994199325253 ], [ -44.18367180000002, -22.800970299325286 ], [ -44.183590100000011, -22.800946599325243 ], [ -44.183507500000012, -22.800929799325274 ], [ -44.1834592, -22.800924399325261 ], [ -44.1833795, -22.80092199932529 ], [ -44.183263099999984, -22.800869499325241 ], [ -44.1831591, -22.800831899325271 ], [ -44.183044400000028, -22.800796899325309 ], [ -44.1829551, -22.800772099325304 ], [ -44.1828888, -22.800746099325302 ], [ -44.1827462, -22.800671099325257 ], [ -44.1826901, -22.800625299325265 ], [ -44.1826378, -22.800579499325313 ], [ -44.182568, -22.800518499325278 ], [ -44.182459400000027, -22.80040739932527 ], [ -44.182277, -22.800224599325272 ], [ -44.182141399999971, -22.800096299325308 ], [ -44.182089899999987, -22.800048099325313 ], [ -44.18198389999997, -22.799948699325299 ], [ -44.1819051, -22.799868199325296 ], [ -44.1818336, -22.799781099325322 ], [ -44.181787199999967, -22.799685899325286 ], [ -44.181749299999979, -22.799607799325297 ], [ -44.181667, -22.799483699325297 ], [ -44.1815621, -22.799326599325273 ], [ -44.181502799999976, -22.799234599325285 ], [ -44.181452200000017, -22.799127599325331 ], [ -44.1814294, -22.799036999325303 ], [ -44.1814129, -22.798956399325323 ], [ -44.181387200000032, -22.798830799325355 ], [ -44.181370599999973, -22.798764599325345 ], [ -44.1813568, -22.798675099325354 ], [ -44.1813533, -22.798627099325298 ], [ -44.18135030000002, -22.798587099325339 ], [ -44.181338, -22.798523999325319 ], [ -44.181305800000025, -22.798413199325363 ], [ -44.181235, -22.798212599325343 ], [ -44.181218199999989, -22.798162199325322 ], [ -44.181169300000022, -22.798077799325323 ], [ -44.181138499999975, -22.798040099325323 ], [ -44.181124300000015, -22.798022799325341 ], [ -44.181073299999966, -22.797974099325316 ], [ -44.18101130000003, -22.79792499932536 ], [ -44.180937700000015, -22.797867999325344 ], [ -44.180859100000021, -22.797809999325363 ], [ -44.1807953, -22.797753999325337 ], [ -44.1807541, -22.797711699325323 ], [ -44.1807205, -22.79766259932536 ], [ -44.180661499999978, -22.797554199325329 ], [ -44.180596200000018, -22.797434099325333 ], [ -44.180534799999975, -22.797338399325348 ], [ -44.180464700000016, -22.797254299325385 ], [ -44.180401800000034, -22.797195299325356 ], [ -44.18030229999998, -22.797128399325377 ], [ -44.180161899999973, -22.797053099325389 ], [ -44.180038599999989, -22.796989999325362 ], [ -44.179860099999978, -22.796913099325351 ], [ -44.179734900000028, -22.796848399325349 ], [ -44.1796372, -22.796796099325366 ], [ -44.17954850000001, -22.796748599325362 ], [ -44.179448, -22.796699199325342 ], [ -44.179374499999987, -22.796674199325359 ], [ -44.179294299999981, -22.7966396993254 ], [ -44.179217499999986, -22.79660209932533 ], [ -44.1790959, -22.796546299325353 ], [ -44.178990100000021, -22.796501299325346 ], [ -44.178893099999975, -22.796440599325368 ], [ -44.17880939999997, -22.796369799325355 ], [ -44.178702199999968, -22.796254599325376 ], [ -44.178591299999987, -22.796135299325375 ], [ -44.1784965, -22.796021299325385 ], [ -44.178425, -22.795922499325407 ], [ -44.178386699999976, -22.795839399325359 ], [ -44.178273499999975, -22.795643899325427 ], [ -44.178248499999981, -22.795605099325378 ], [ -44.178232799999989, -22.7955345993254 ], [ -44.178227699999979, -22.79546959932539 ], [ -44.178240800000026, -22.795387899325377 ], [ -44.178272, -22.795304599325402 ], [ -44.178313800000012, -22.795234799325396 ], [ -44.178373500000014, -22.79517999932542 ], [ -44.178431, -22.795139999325407 ], [ -44.178483, -22.795105399325415 ], [ -44.1785302, -22.795063499325437 ], [ -44.178547200000025, -22.79503409932542 ], [ -44.178569700000018, -22.794995199325424 ], [ -44.178589100000011, -22.794950099325398 ], [ -44.178598, -22.79488859932539 ], [ -44.17860510000002, -22.794793699325432 ], [ -44.1785992, -22.794693299325427 ], [ -44.178603800000026, -22.794582499325415 ], [ -44.178607399999976, -22.794541499325401 ], [ -44.178613499999976, -22.794473699325454 ], [ -44.1786222, -22.794376299325439 ], [ -44.178636499999982, -22.794193499325431 ], [ -44.1786437, -22.794063299325433 ], [ -44.178646800000017, -22.793968099325408 ], [ -44.178638, -22.793858299325457 ], [ -44.1786287, -22.793804999325449 ], [ -44.1785929, -22.793713099325434 ], [ -44.178564199999983, -22.793642199325454 ], [ -44.178546, -22.793559299325477 ], [ -44.178532299999965, -22.79346409932544 ], [ -44.178517100000015, -22.793399199325446 ], [ -44.178490300000014, -22.793341499325447 ], [ -44.1784551, -22.793290999325457 ], [ -44.178405600000019, -22.793233699325409 ], [ -44.178353099999981, -22.79318179932547 ], [ -44.1782912, -22.793139499325445 ], [ -44.178201100000024, -22.793101299325432 ], [ -44.178087600000019, -22.79305149932544 ], [ -44.177982499999985, -22.793000199325441 ], [ -44.177858300000032, -22.792939599325482 ], [ -44.177719299999978, -22.792875699325482 ], [ -44.1775614, -22.792800599325485 ], [ -44.177440499999982, -22.792742999325426 ], [ -44.1773058, -22.792698999325491 ], [ -44.17722730000002, -22.792672299325446 ], [ -44.177146199999974, -22.792629499325436 ], [ -44.177087700000016, -22.792588999325499 ], [ -44.1769918, -22.792514499325446 ], [ -44.176894600000026, -22.79245629932549 ], [ -44.176780899999983, -22.792386899325479 ], [ -44.1766927, -22.792340299325449 ], [ -44.17664480000002, -22.792314999325445 ], [ -44.176598, -22.792278899325456 ], [ -44.176541900000011, -22.792221799325478 ], [ -44.176496400000019, -22.792160699325482 ], [ -44.176466199999986, -22.792103899325454 ], [ -44.17642080000001, -22.792045999325499 ], [ -44.176355300000012, -22.791982299325458 ], [ -44.176320200000013, -22.791958199325482 ], [ -44.1762569, -22.791932799325465 ], [ -44.176171899999986, -22.791904299325473 ], [ -44.176079, -22.791856899325499 ], [ -44.176020400000027, -22.791818499325451 ], [ -44.175959700000014, -22.79178419932547 ], [ -44.175841900000016, -22.791718999325493 ] ] ] } },
{ "type": "Feature", "properties": { "NUCOMPTREC": 16.616, "NUDISTBACT": 484.945, "NUDISTCDAG": 0.0, "NUAREACONT": 55.433, "NUAREAMONT": 55.433, "NUDISTBACC": 484.945, "NUAREABACC": 55.433, "NUCOMPCDA": 16.616, "Shape__Len": 0, "OBJECTID": 84934, "ID": 54979, "COTRECHO": 54979, "COCURSODAG": "778946", "COBACIA": "778946", "NOGENERICO": "Rio", "NOLIGACAO": null, "NOESPECIF": "Pirapitinga", "NORIOCOMP": "Rio Pirapitinga", "NOORIGINAL": "Rio Pirapitinga", "COCDADESAG": "77894", "NUTRJUS": 1118, "NUORDEMCDA": 3, "NUNIVOTTO": 6, "NUNIVOTCDA": 6, "NUSTRAHLER": 1, "DEDOMINIAL": "Estadual", "DSVERSAO": "BHO bho_2017_v_01_05_50k de 2018-06-22" }, "geometry": { "type": "MultiLineString", "coordinates": [ [ [ -44.300887199999977, -22.770269499325952 ], [ -44.299666600000023, -22.769790699325984 ], [ -44.299407200000019, -22.769643799325976 ], [ -44.2988864, -22.769203199325986 ], [ -44.298627, -22.768840799326025 ], [ -44.298281799999977, -22.768217099326041 ], [ -44.2980453, -22.76797099932601 ], [ -44.2978488, -22.767862299326026 ], [ -44.297499800000018, -22.767747899326046 ], [ -44.2964546, -22.767557199326038 ], [ -44.295727899999967, -22.767311099326015 ], [ -44.295537099999983, -22.767215699326051 ], [ -44.29526820000001, -22.766996499326062 ], [ -44.295231899999976, -22.766559599326055 ], [ -44.295272, -22.766296399326052 ], [ -44.295361599999971, -22.765958799326089 ], [ -44.295384500000011, -22.765710799326119 ], [ -44.2953198, -22.765325599326083 ], [ -44.2953521, -22.765150099326135 ], [ -44.2953769, -22.764987899326094 ], [ -44.295407399999988, -22.764848699326119 ], [ -44.29548369999997, -22.76469039932611 ], [ -44.295752600000014, -22.764339399326097 ], [ -44.295901399999984, -22.764001799326145 ], [ -44.2959186, -22.763751999326136 ], [ -44.29589, -22.763421999326123 ], [ -44.295783200000017, -22.763124499326139 ], [ -44.2953597, -22.762382499326161 ], [ -44.29504309999998, -22.76191519932614 ], [ -44.294478500000032, -22.761352499326172 ], [ -44.2938891, -22.760654399326224 ], [ -44.293662200000028, -22.760423699326207 ], [ -44.293452399999964, -22.760259599326197 ], [ -44.293271100000034, -22.759828599326216 ], [ -44.2931701, -22.759458499326232 ], [ -44.2930442, -22.759181999326252 ], [ -44.29278290000002, -22.758878699326264 ], [ -44.292416600000024, -22.758569699326269 ], [ -44.2922221, -22.758365599326243 ], [ -44.2919913, -22.758048999326295 ], [ -44.29180250000001, -22.757654199326268 ], [ -44.291693800000019, -22.757488199326286 ], [ -44.2916156, -22.757284199326293 ], [ -44.291422899999986, -22.756954199326294 ], [ -44.291134899999975, -22.756576499326297 ], [ -44.290871700000025, -22.756318999326329 ], [ -44.2907096, -22.756101599326321 ], [ -44.290648499999968, -22.755933699326327 ], [ -44.290629500000016, -22.755758199326316 ], [ -44.290803, -22.755536999326324 ], [ -44.291020399999972, -22.755311899326301 ], [ -44.291142499999978, -22.755109799326334 ], [ -44.2912112, -22.754901899326327 ], [ -44.291199699999986, -22.75425149932634 ], [ -44.291464899999987, -22.753642999326374 ], [ -44.291499199999969, -22.753299699326391 ], [ -44.291443899999983, -22.753068899326387 ], [ -44.291335199999985, -22.752841899326405 ], [ -44.291257, -22.752521499326377 ], [ -44.291379, -22.75230979932638 ], [ -44.2916632, -22.751998899326399 ], [ -44.291836799999984, -22.751882499326427 ], [ -44.2924891, -22.751556399326436 ], [ -44.292647400000028, -22.751439999326415 ], [ -44.2928725, -22.751232099326405 ], [ -44.292998399999988, -22.751043299326426 ], [ -44.292939199999978, -22.750396699326458 ], [ -44.292805699999967, -22.750121999326421 ], [ -44.2927752, -22.749868399326477 ], [ -44.2928458, -22.749715799326442 ], [ -44.293036500000021, -22.749530699326431 ], [ -44.293107099999979, -22.749282799326451 ], [ -44.293109, -22.748920399326447 ], [ -44.2931395, -22.748803999326476 ], [ -44.293439, -22.748371099326466 ], [ -44.2934733, -22.748014399326475 ], [ -44.2933817, -22.747463199326528 ], [ -44.293383600000027, -22.747165599326529 ], [ -44.293471399999973, -22.746854699326498 ], [ -44.293685, -22.746444599326544 ], [ -44.293816699999972, -22.746255799326505 ], [ -44.293656399999968, -22.745838099326559 ], [ -44.293547699999976, -22.745666399326538 ], [ -44.293486599999987, -22.745431799326557 ], [ -44.2934237, -22.745353599326538 ], [ -44.2931395, -22.744554499326547 ], [ -44.293002199999989, -22.743879299326586 ], [ -44.292979794356867, -22.743678403989215 ] ] ] } },
{ "type": "Feature", "properties": { "NUCOMPTREC": 15.331, "NUDISTBACT": 542.979, "NUDISTCDAG": 44.519, "NUAREACONT": 41.787, "NUAREAMONT": 41.787, "NUDISTBACC": 498.46, "NUAREABACC": 227.209, "NUCOMPCDA": 59.85, "Shape__Len": 0, "OBJECTID": 84939, "ID": 20477, "COTRECHO": 20477, "COCURSODAG": "7789532", "COBACIA": "77895323", "NOGENERICO": "Rio", "NOLIGACAO": "do", "NOESPECIF": "Capitão-mor", "NORIOCOMP": "Rio do Capitão-mor", "NOORIGINAL": "Rio do Capitão-mor", "COCDADESAG": "778", "NUTRJUS": 74087, "NUORDEMCDA": 2, "NUNIVOTTO": 8, "NUNIVOTCDA": 7, "NUSTRAHLER": 1, "DEDOMINIAL": "Estadual", "DSVERSAO": "BHO bho_2017_v_01_05_50k de 2018-06-22" }, "geometry": { "type": "MultiLineString", "coordinates": [ [ [ -44.5121373, -22.768628899326025 ], [ -44.5121047, -22.768317699326047 ], [ -44.512011299999983, -22.76802779932607 ], [ -44.511463900000024, -22.766959599326071 ], [ -44.511395199999974, -22.766400799326057 ], [ -44.51144470000002, -22.766051799326096 ], [ -44.5117404, -22.765759899326071 ], [ -44.5120589, -22.765521499326063 ], [ -44.5122783, -22.765313599326099 ], [ -44.51235650000001, -22.765157199326076 ], [ -44.512396500000023, -22.764708999326082 ], [ -44.5125911, -22.764417099326117 ], [ -44.5128257, -22.764191999326108 ], [ -44.512873399999982, -22.763875399326153 ], [ -44.513090799999986, -22.763451999326108 ], [ -44.513123199999988, -22.763112499326123 ], [ -44.513327300000014, -22.762570799326156 ], [ -44.513438, -22.762038699326176 ], [ -44.51343989999998, -22.761559899326191 ], [ -44.513300599999972, -22.761161299326215 ], [ -44.513279599999976, -22.760936199326196 ], [ -44.513380700000027, -22.760556599326179 ], [ -44.5133674, -22.760299099326211 ], [ -44.513243400000022, -22.760081699326214 ], [ -44.513041199999968, -22.75994249932625 ], [ -44.5127551, -22.759887199326197 ], [ -44.5123355, -22.75989859932621 ], [ -44.512095199999969, -22.759826099326229 ], [ -44.5118167, -22.759499999326216 ], [ -44.5114676, -22.759375999326213 ], [ -44.511320800000021, -22.759154699326245 ], [ -44.511236899999972, -22.75908229932622 ], [ -44.510647500000012, -22.758819099326228 ], [ -44.510452900000011, -22.758647399326225 ], [ -44.510422399999982, -22.75842989932627 ], [ -44.510563600000012, -22.757892099326266 ], [ -44.5105979, -22.757178699326275 ], [ -44.5106627, -22.756736199326269 ], [ -44.510922100000016, -22.755486899326318 ], [ -44.5110022, -22.754908999326322 ], [ -44.511080400000026, -22.754737299326333 ], [ -44.5110881, -22.75442069932636 ], [ -44.5110575, -22.754262399326358 ], [ -44.511006, -22.754140299326373 ], [ -44.510803899999978, -22.753886699326365 ], [ -44.510130600000032, -22.753474599326388 ], [ -44.5095812, -22.752881499326381 ], [ -44.509386699999986, -22.752578199326408 ], [ -44.509085299999981, -22.752236799326393 ], [ -44.508394899999985, -22.751927799326367 ], [ -44.507992399999964, -22.751674099326408 ], [ -44.50797720000002, -22.75156539932641 ], [ -44.507893200000012, -22.751397499326416 ], [ -44.5077139, -22.751166699326422 ], [ -44.50755179999998, -22.75102179932642 ], [ -44.507382099999965, -22.750922599326454 ], [ -44.507227600000022, -22.750886399326436 ], [ -44.506939499999987, -22.750897799326449 ], [ -44.506527600000027, -22.750991299326433 ], [ -44.5063273, -22.750987499326424 ], [ -44.506201400000016, -22.750954999326414 ], [ -44.506100300000014, -22.75081959932643 ], [ -44.506077399999981, -22.750579299326454 ], [ -44.5060297, -22.750476299326433 ], [ -44.505919100000021, -22.750398099326425 ], [ -44.505673100000024, -22.750108199326437 ], [ -44.505572, -22.749905999326465 ], [ -44.505563478965939, -22.749697327285745 ] ] ] } },
{ "type": "Feature", "properties": { "NUCOMPTREC": 16.467, "NUDISTBACT": 0.0, "NUDISTCDAG": 0.0, "NUAREACONT": 104.83, "NUAREAMONT": 104.83, "NUDISTBACC": 0.0, "NUAREABACC": 104.83, "NUCOMPCDA": 16.467, "Shape__Len": 0, "OBJECTID": 85151, "ID": 55345, "COTRECHO": 55345, "COCURSODAG": "7793916", "COBACIA": "7793916", "NOGENERICO": "Rio", "NOLIGACAO": null, "NOESPECIF": "Ingaíba", "NORIOCOMP": "Rio Ingaíba", "NOORIGINAL": "Rio Ingaíba", "COCDADESAG": null, "NUTRJUS": 111837, "NUORDEMCDA": 1, "NUNIVOTTO": 7, "NUNIVOTCDA": 7, "NUSTRAHLER": 1, "DEDOMINIAL": "Estadual", "DSVERSAO": "BHO bho_2017_v_01_05_50k de 2018-06-22" }, "geometry": { "type": "MultiLineString", "coordinates": [ [ [ -44.1923895, -22.929367799322353 ], [ -44.1917032, -22.930210599322297 ], [ -44.191321899999984, -22.930386199322278 ], [ -44.190788100000013, -22.9305968993223 ], [ -44.190483099999987, -22.930912899322298 ], [ -44.189873, -22.931439599322243 ], [ -44.1893773, -22.931544999322291 ], [ -44.1889198, -22.931615199322273 ], [ -44.188691, -22.93203659932227 ], [ -44.188119099999987, -22.932194599322258 ], [ -44.187585300000016, -22.931966399322288 ], [ -44.187089599999979, -22.931790799322243 ], [ -44.186632, -22.931580099322289 ], [ -44.18606010000002, -22.931474799322256 ], [ -44.185640700000029, -22.931474799322256 ], [ -44.184992500000014, -22.931720599322276 ], [ -44.1841918, -22.932212199322237 ], [ -44.183658, -22.932879399322221 ], [ -44.1836199, -22.933757199322226 ], [ -44.183613299999976, -22.934859199322212 ], [ -44.1838166, -22.935483499322171 ], [ -44.1838844, -22.936107799322176 ], [ -44.18402, -22.936544699322173 ], [ -44.18442670000001, -22.937044099322122 ], [ -44.184697799999981, -22.937605999322141 ], [ -44.184697799999981, -22.938292599322139 ], [ -44.1847656, -22.938729599322084 ], [ -44.184494500000021, -22.939228999322101 ], [ -44.1841556, -22.939541099322071 ], [ -44.184087799999986, -22.94016539932208 ], [ -44.18402, -22.94060229932208 ], [ -44.183477700000026, -22.941663499322033 ], [ -44.183138799999988, -22.942100499322002 ], [ -44.1827321, -22.942537399322021 ], [ -44.1821898, -22.943036799322027 ], [ -44.181579699999979, -22.943660999322006 ], [ -44.1810375, -22.94434769932197 ], [ -44.180834100000027, -22.944909499321966 ], [ -44.18035959999996, -22.945658499321929 ], [ -44.179614, -22.946282699321916 ], [ -44.178936099999987, -22.946594799321936 ], [ -44.1783261, -22.947094199321903 ], [ -44.1779194, -22.947718399321882 ], [ -44.1778516, -22.948342599321869 ], [ -44.17751270000003, -22.948779499321873 ], [ -44.1769704, -22.949154099321856 ], [ -44.176563699999967, -22.949590999321842 ], [ -44.176292499999981, -22.950090399321873 ], [ -44.1759536, -22.950339999321841 ], [ -44.175818, -22.950839399321833 ], [ -44.175546899999972, -22.951525999321817 ], [ -44.1751402, -22.952087799321813 ], [ -44.174665699999984, -22.952462299321773 ], [ -44.174191199999989, -22.952774299321778 ], [ -44.173648899999982, -22.953148899321757 ], [ -44.173174399999979, -22.953648199321723 ], [ -44.1727677, -22.954147499321721 ], [ -44.171954299999982, -22.954709299321721 ], [ -44.171412, -22.955083799321741 ], [ -44.1709376, -22.955520699321738 ], [ -44.170259699999974, -22.956144899321743 ], [ -44.1695141, -22.956394499321682 ], [ -44.168565100000023, -22.956768999321692 ], [ -44.1682262, -22.957205899321703 ], [ -44.1677517, -22.957642899321669 ], [ -44.167006, -22.95820459932165 ], [ -44.166531599999978, -22.958579099321661 ], [ -44.165921500000017, -22.959203199321625 ], [ -44.1655826, -22.960201899321639 ], [ -44.1653114, -22.960638799321625 ], [ -44.1646336, -22.961013199321631 ], [ -44.163684600000011, -22.960888399321593 ], [ -44.162803399999966, -22.960701199321615 ], [ -44.161379899999986, -22.960638799321625 ], [ -44.160634300000019, -22.960638799321625 ], [ -44.159617500000024, -22.960576299321623 ], [ -44.158600799999988, -22.960201899321639 ], [ -44.1581263, -22.959640099321639 ], [ -44.157516199999975, -22.958891199321634 ], [ -44.157041699999986, -22.957892499321687 ], [ -44.156635, -22.957330799321713 ], [ -44.156092699999988, -22.956768999321692 ], [ -44.155414899999975, -22.956269699321719 ], [ -44.1545337, -22.955895199321702 ], [ -44.1533136, -22.955645499321729 ], [ -44.1518901, -22.955583099321732 ], [ -44.150534400000019, -22.955520699321738 ], [ -44.149585399999971, -22.955520699321738 ], [ -44.149110899999982, -22.955770399321725 ], [ -44.148297500000012, -22.955895199321702 ], [ -44.1476874, -22.955458299321695 ], [ -44.147348500000014, -22.955083799321741 ], [ -44.146467299999983, -22.954646899321734 ], [ -44.1456539, -22.954209899321771 ], [ -44.145382799999979, -22.953772999321782 ], [ -44.1454506, -22.95289919932177 ], [ -44.1454506, -22.952337399321774 ], [ -44.144637100000011, -22.9520252993218 ], [ -44.143891499999988, -22.951588399321803 ], [ -44.143213699999983, -22.951463599321837 ], [ -44.1422647, -22.951338699321813 ], [ -44.141451300000021, -22.951026599321811 ], [ -44.1407734, -22.950402399321803 ], [ -44.140434500000019, -22.949653399321846 ], [ -44.14023109999998, -22.949091599321847 ], [ -44.1396211, -22.948529899321858 ], [ -44.137926499999985, -22.948217799321906 ], [ -44.137045300000011, -22.948030499321913 ], [ -44.136231899999977, -22.947780799321873 ], [ -44.135689599999971, -22.947780799321873 ], [ -44.134605, -22.947718399321882 ], [ -44.134130500000019, -22.947718399321882 ], [ -44.1331138, -22.947780799321873 ], [ -44.132503699999972, -22.94840499932187 ], [ -44.132097, -22.949029199321853 ], [ -44.131351400000028, -22.949590999321842 ], [ -44.130402399999973, -22.950027899321846 ], [ -44.1296567, -22.950215199321853 ], [ -44.12925, -22.95071449932183 ], [ -44.129182300000032, -22.951338699321813 ], [ -44.129114500000014, -22.95177559932182 ], [ -44.128707799999979, -22.952212599321804 ], [ -44.128165500000023, -22.952649499321794 ], [ -44.1274876, -22.95296159932176 ], [ -44.1268098, -22.95289919932177 ], [ -44.1259286, -22.952711899321773 ], [ -44.1252508, -22.952587099321811 ], [ -44.124572899999976, -22.952524699321817 ], [ -44.123895100000027, -22.952462199321808 ], [ -44.1232172, -22.952462199321808 ], [ -44.1226072, -22.952774299321778 ], [ -44.1221327, -22.953304899321765 ], [ -44.1215904, -22.953710599321774 ], [ -44.120912499999974, -22.953585799321754 ], [ -44.1203703, -22.953148799321781 ], [ -44.119760199999959, -22.952774299321778 ], [ -44.119082400000025, -22.952711899321773 ], [ -44.1184045, -22.952711899321784 ], [ -44.117591100000034, -22.952836699321765 ], [ -44.1169132, -22.95289919932177 ], [ -44.1162354, -22.95289919932177 ], [ -44.115557599999988, -22.95289919932177 ], [ -44.11487970000001, -22.95289919932177 ], [ -44.1142019, -22.95289919932177 ], [ -44.113524, -22.95289919932177 ], [ -44.112981699999963, -22.952524699321817 ], [ -44.112371699999976, -22.952212599321786 ], [ -44.111965, -22.951713199321777 ], [ -44.111558300000013, -22.951151499321806 ], [ -44.111083800000017, -22.95065209932185 ], [ -44.110338099999979, -22.950402399321803 ], [ -44.1099992, -22.94984069932184 ], [ -44.1099314, -22.949216499321839 ], [ -44.1095247, -22.948717099321886 ], [ -44.1088469, -22.948654699321906 ], [ -44.1083046, -22.949029199321853 ], [ -44.1076268, -22.949091599321847 ], [ -44.107084499999985, -22.949528599321869 ], [ -44.1068811, -22.950152799321852 ], [ -44.1062033, -22.950152799321852 ], [ -44.105525399999969, -22.950152799321852 ], [ -44.105050899999974, -22.950714499321844 ], [ -44.1045087, -22.951088999321847 ], [ -44.103898599999972, -22.951401099321803 ], [ -44.1032885, -22.951713199321777 ], [ -44.102610700000021, -22.951650799321786 ], [ -44.1020684, -22.95121389932185 ], [ -44.101661700000015, -22.95071449932183 ], [ -44.101322799999977, -22.950152799321852 ], [ -44.1009161, -22.949653399321846 ], [ -44.100306, -22.949278899321893 ], [ -44.0997638, -22.948904399321879 ], [ -44.099085899999963, -22.948841899321867 ], [ -44.098408099999972, -22.948779499321873 ], [ -44.0977302, -22.948841899321867 ], [ -44.0970524, -22.948904399321879 ], [ -44.096374500000017, -22.948966799321866 ], [ -44.095696700000012, -22.949091599321847 ], [ -44.0950188, -22.949153999321897 ], [ -44.094341, -22.949403699321866 ], [ -44.093663100000015, -22.949653399321846 ], [ -44.0929853, -22.949840699321836 ], [ -44.092307399999974, -22.95009029932185 ], [ -44.09169739999998, -22.95040239932182 ], [ -44.091494, -22.951026599321786 ], [ -44.0914262, -22.951650799321779 ], [ -44.0914262, -22.95227499932178 ], [ -44.0914262, -22.95289919932177 ], [ -44.091494, -22.953523299321738 ], [ -44.091494, -22.954147499321721 ], [ -44.091629599999969, -22.954771699321729 ], [ -44.091494, -22.955395799321746 ], [ -44.09148219999998, -22.95607219932171 ], [ -44.0914024, -22.956703699321682 ], [ -44.091133300000017, -22.957318399321693 ], [ -44.0907818, -22.957720699321648 ], [ -44.0902383, -22.957695699321658 ], [ -44.089626599999974, -22.957345499321654 ], [ -44.0888, -22.957181499321678 ], [ -44.087970499999976, -22.957040199321685 ], [ -44.0872435, -22.956953399321666 ], [ -44.086502199999984, -22.956979299321684 ], [ -44.085935899999967, -22.957134699321667 ], [ -44.085379499999981, -22.957427799321685 ], [ -44.0848899, -22.957840699321682 ], [ -44.084599500000017, -22.958407999321675 ], [ -44.084445599999967, -22.959192499321599 ], [ -44.084404199999987, -22.959736099321603 ], [ -44.084214799999977, -22.960152699321597 ], [ -44.0837609, -22.960500399321603 ], [ -44.0830138, -22.960571399321591 ], [ -44.0825514, -22.960553499321612 ], [ -44.082175800000016, -22.960497599321592 ], [ -44.0817414, -22.960185299321594 ], [ -44.081326499999989, -22.960080899321603 ], [ -44.080696400000022, -22.960528399321593 ] ] ] } },
{ "type": "Feature", "properties": { "NUCOMPTREC": 13.613, "NUDISTBACT": 0.0, "NUDISTCDAG": 0.0, "NUAREACONT": 58.8, "NUAREAMONT": 58.8, "NUDISTBACC": 0.0, "NUAREABACC": 58.8, "NUCOMPCDA": 13.613, "Shape__Len": 0, "OBJECTID": 85154, "ID": 55323, "COTRECHO": 55323, "COCURSODAG": "77939172", "COBACIA": "77939172", "NOGENERICO": "Rio", "NOLIGACAO": null, "NOESPECIF": "Jurumirim", "NORIOCOMP": "Rio Jurumirim", "NOORIGINAL": "Rio Jurumirim", "COCDADESAG": null, "NUTRJUS": 497, "NUORDEMCDA": 1, "NUNIVOTTO": 8, "NUNIVOTCDA": 8, "NUSTRAHLER": 1, "DEDOMINIAL": "Estadual", "DSVERSAO": "BHO bho_2017_v_01_05_50k de 2018-06-22" }, "geometry": { "type": "MultiLineString", "coordinates": [ [ [ -44.2331873, -22.871390899323643 ], [ -44.2333797, -22.872099899323651 ], [ -44.233636199999971, -22.872454399323612 ], [ -44.233956799999987, -22.873045199323595 ], [ -44.234020900000012, -22.873576899323584 ], [ -44.234085100000016, -22.874167799323594 ], [ -44.234405700000018, -22.874817699323572 ], [ -44.235046899999986, -22.875349399323557 ], [ -44.2356241, -22.875999299323528 ], [ -44.235880599999973, -22.876885499323535 ], [ -44.236072900000011, -22.877358199323535 ], [ -44.2365218, -22.878126199323493 ], [ -44.2368424, -22.878716999323473 ], [ -44.2369066, -22.879485099323478 ], [ -44.237419600000017, -22.88013489932343 ], [ -44.237740200000019, -22.880607599323465 ], [ -44.237804299999986, -22.881257499323429 ], [ -44.237868400000025, -22.88161189932341 ], [ -44.2381891, -22.881730099323441 ], [ -44.239377400000031, -22.882043899323392 ], [ -44.240459499999979, -22.882210099323416 ], [ -44.241253, -22.882243299323431 ], [ -44.242299100000025, -22.882176899323394 ], [ -44.242949099999983, -22.881835399323407 ], [ -44.244033699999989, -22.881335799323402 ], [ -44.2454798, -22.880586299323461 ], [ -44.247197, -22.879503899323435 ], [ -44.2480104, -22.878837699323508 ], [ -44.249546800000019, -22.8783380993235 ], [ -44.2510833, -22.877838499323488 ], [ -44.2527101, -22.877422099323507 ], [ -44.254065799999971, -22.87725559932354 ], [ -44.255602300000014, -22.87725559932354 ], [ -44.2573195, -22.87725559932354 ], [ -44.258404, -22.87725559932354 ], [ -44.25985009999998, -22.877505399323528 ], [ -44.2609347, -22.877755199323527 ], [ -44.262290300000018, -22.877838499323488 ], [ -44.263374899999974, -22.878088299323498 ], [ -44.2643691, -22.87867119932347 ], [ -44.265182499999973, -22.879170799323475 ], [ -44.2656344, -22.879337299323449 ], [ -44.2668997, -22.879587099323441 ], [ -44.2679842, -22.879836899323461 ], [ -44.269068800000014, -22.879920199323461 ], [ -44.270153400000027, -22.880336599323456 ], [ -44.2709668, -22.880919399323417 ], [ -44.2717802, -22.881335799323402 ], [ -44.2727744, -22.881752099323439 ], [ -44.27376850000001, -22.882251699323383 ], [ -44.274491599999976, -22.882751299323385 ], [ -44.274853099999973, -22.883417399323363 ], [ -44.2751242, -22.884083599323365 ], [ -44.275395399999979, -22.885082799323367 ], [ -44.275576100000023, -22.885832099323327 ], [ -44.276118399999973, -22.8864149993233 ], [ -44.2771126, -22.886831299323269 ], [ -44.27720290000002, -22.887081099323286 ], [ -44.2776548, -22.88791379932324 ], [ -44.2780164, -22.888246799323269 ], [ -44.278287499999976, -22.888413299323283 ], [ -44.279372099999982, -22.889162699323236 ], [ -44.27964320000001, -22.889578999323259 ], [ -44.280185500000016, -22.890161899323225 ], [ -44.280818099999969, -22.8908279993232 ], [ -44.281360399999983, -22.891410799323218 ], [ -44.281721899999987, -22.892076899323182 ], [ -44.281993100000015, -22.892909499323135 ], [ -44.282445, -22.893742099323131 ], [ -44.283258400000022, -22.894324899323134 ], [ -44.28425249999998, -22.894990999323117 ], [ -44.289133, -22.897738499323047 ], [ -44.29374439999998, -22.900610199322987 ], [ -44.29366, -22.902224599322967 ], [ -44.2942023, -22.905388299322894 ], [ -44.2948349, -22.907802599322849 ], [ -44.296100200000012, -22.909467599322813 ], [ -44.297455899999981, -22.910050399322753 ], [ -44.298992399999968, -22.910383399322765 ], [ -44.300980700000011, -22.911548899322735 ], [ -44.305499699999977, -22.913297099322715 ], [ -44.307126499999981, -22.914129599322692 ], [ -44.3079399, -22.915045299322617 ], [ -44.3084822, -22.91579449932264 ], [ -44.3110128, -22.916793399322632 ], [ -44.31300119999996, -22.917875599322588 ], [ -44.316146, -22.920015399322558 ], [ -44.3197488, -22.921622899322493 ], [ -44.323314700000026, -22.924230199322452 ], [ -44.3238581, -22.924605599322415 ], [ -44.3243484, -22.925231799322411 ], [ -44.328395199999989, -22.928190699322368 ], [ -44.3309317, -22.930196099322298 ] ] ] } },
{ "type": "Feature", "properties": { "NUCOMPTREC": 19.898, "NUDISTBACT": 30.667, "NUDISTCDAG": 0.0, "NUAREACONT": 79.305, "NUAREAMONT": 79.305, "NUDISTBACC": 30.667, "NUAREABACC": 79.305, "NUCOMPCDA": 19.898, "Shape__Len": 0, "OBJECTID": 85162, "ID": 20820, "COTRECHO": 20820, "COCURSODAG": "7793924", "COBACIA": "7793924", "NOGENERICO": "Rio", "NOLIGACAO": "do", "NOESPECIF": "Guaripu", "NORIOCOMP": "Rio do Guaripu", "NOORIGINAL": "Rio do Guaripu", "COCDADESAG": "779392", "NUTRJUS": 20798, "NUORDEMCDA": 2, "NUNIVOTTO": 7, "NUNIVOTCDA": 7, "NUSTRAHLER": 1, "DEDOMINIAL": "Estadual", "DSVERSAO": "BHO bho_2017_v_01_05_50k de 2018-06-22" }, "geometry": { "type": "MultiLineString", "coordinates": [ [ [ -44.7038756, -22.873639199323616 ], [ -44.703325, -22.874146499323583 ], [ -44.70293179999998, -22.874871099323567 ], [ -44.70293179999998, -22.875523299323557 ], [ -44.703167699999987, -22.876537799323529 ], [ -44.703403700000024, -22.877334899323507 ], [ -44.703010399999982, -22.878204499323473 ], [ -44.702223899999971, -22.878856599323488 ], [ -44.7016734, -22.879726199323446 ], [ -44.701044200000013, -22.880378299323468 ], [ -44.700493600000016, -22.881102999323435 ], [ -44.7001004, -22.881682699323399 ], [ -44.700021699999979, -22.882479699323376 ], [ -44.7000655, -22.88316159932338 ], [ -44.700040600000023, -22.88375769932335 ], [ -44.7000655, -22.884262099323351 ], [ -44.700339199999974, -22.884881099323316 ], [ -44.7007623, -22.885477199323354 ], [ -44.701135599999986, -22.886142099323287 ], [ -44.7013844, -22.886440099323323 ], [ -44.70194429999998, -22.887343599323295 ], [ -44.702652199999989, -22.88804999932329 ], [ -44.70294710000001, -22.888593499323278 ], [ -44.70336, -22.889028199323242 ], [ -44.703419, -22.889408599323261 ], [ -44.703301099999976, -22.889897699323221 ], [ -44.7032421, -22.890604199323189 ], [ -44.703537, -22.891256299323199 ], [ -44.7039499, -22.891799699323162 ], [ -44.7044808, -22.892125699323181 ], [ -44.70477570000002, -22.892560499323167 ], [ -44.7048347, -22.893158199323164 ], [ -44.7047979, -22.893660899323123 ], [ -44.7048421, -22.894149999323151 ], [ -44.705196, -22.894638999323103 ], [ -44.7054615, -22.894679799323125 ], [ -44.7056384, -22.894842799323108 ], [ -44.7058596, -22.895331899323079 ], [ -44.7058154, -22.895780199323077 ], [ -44.70555, -22.896106199323093 ], [ -44.705461500000013, -22.89663599932306 ], [ -44.705373, -22.897125099323034 ], [ -44.7052845, -22.897491899323025 ], [ -44.7054172, -22.897858699323024 ], [ -44.7056384, -22.898266199323054 ], [ -44.7058596, -22.898429199323051 ], [ -44.7061693, -22.898510799323024 ], [ -44.7064348, -22.89871449932302 ], [ -44.7066117, -22.898999799323033 ], [ -44.7067445, -22.89961109932301 ], [ -44.706611699999989, -22.900140899322988 ], [ -44.706832899999988, -22.900548499322991 ], [ -44.7072311, -22.900629999322966 ], [ -44.7076293, -22.900874499322963 ], [ -44.7078947, -22.901241299322944 ], [ -44.7078947, -22.902137799322936 ], [ -44.7081159, -22.90221939932292 ], [ -44.7086468, -22.90238239932297 ], [ -44.7090007, -22.902586099322942 ], [ -44.709045, -22.903075199322906 ], [ -44.708868, -22.9034826993229 ], [ -44.7084256, -22.903849499322888 ], [ -44.7082044, -22.904256999322868 ], [ -44.7081159, -22.904664499322912 ], [ -44.7081602, -22.905153599322887 ], [ -44.7083814, -22.905642599322888 ], [ -44.7087353, -22.906294599322873 ], [ -44.7089123, -22.906905899322851 ], [ -44.7090007, -22.907435699322839 ], [ -44.709045, -22.907802399322794 ], [ -44.7095759, -22.9082099993228 ], [ -44.709974, -22.908535999322819 ], [ -44.7102395, -22.908658199322783 ], [ -44.7104607, -22.909024999322774 ], [ -44.710195199999987, -22.909391799322769 ], [ -44.7097971, -22.909676999322755 ], [ -44.7093989, -22.910002999322788 ], [ -44.7091777, -22.910369799322773 ], [ -44.7091777, -22.910858799322774 ], [ -44.7094874, -22.911306999322761 ], [ -44.7099298, -22.911592299322734 ], [ -44.710726099999988, -22.911795999322713 ], [ -44.7113455, -22.911795999322713 ], [ -44.7120534, -22.91163299932272 ], [ -44.712407299999988, -22.911592299322734 ], [ -44.7130267, -22.911795999322713 ], [ -44.713380599999986, -22.912366599322706 ], [ -44.7134691, -22.912774099322689 ], [ -44.7134691, -22.913140799322701 ], [ -44.71333629999998, -22.913548299322692 ], [ -44.713557499999972, -22.913996599322687 ], [ -44.71377869999997, -22.914159599322684 ], [ -44.713861500000014, -22.914538699322637 ], [ -44.713824199999976, -22.91491689932263 ], [ -44.713972899999987, -22.915187599322671 ], [ -44.714161900000022, -22.915409999322662 ], [ -44.714309599999986, -22.915667299322628 ], [ -44.7145559, -22.915863899322606 ], [ -44.714939800000018, -22.91593459932264 ], [ -44.715193699999986, -22.915831299322619 ], [ -44.7154299, -22.915760599322631 ], [ -44.7157591, -22.915798099322654 ], [ -44.7161896, -22.915939399322646 ], [ -44.716477399999974, -22.91603399932265 ], [ -44.716787099999969, -22.916074799322615 ], [ -44.7171091, -22.916051999322601 ], [ -44.717434799999971, -22.916129999322649 ], [ -44.717716199999977, -22.916319299322627 ], [ -44.718070099999977, -22.916685999322642 ], [ -44.718335500000023, -22.916767499322614 ], [ -44.718749199999984, -22.916681099322624 ], [ -44.7186312, -22.917115699322615 ], [ -44.718690200000026, -22.917604699322617 ], [ -44.718690200000026, -22.917930699322586 ], [ -44.7182183, -22.91841969932258 ], [ -44.717628400000024, -22.918473999322565 ], [ -44.716802599999987, -22.918691299322557 ], [ -44.716625599999979, -22.918962999322584 ], [ -44.716448599999978, -22.919288999322546 ], [ -44.7161537, -22.919995299322512 ], [ -44.7165666, -22.920484199322491 ], [ -44.716802599999987, -22.920973199322496 ], [ -44.7172155, -22.921407899322521 ], [ -44.717628400000024, -22.921462199322516 ], [ -44.718395199999968, -22.921190499322542 ], [ -44.718926099999976, -22.921407899322521 ], [ -44.719457, -22.921842499322519 ], [ -44.7199289, -22.921896799322511 ], [ -44.720754699999979, -22.921951199322518 ], [ -44.7211087, -22.922277099322457 ], [ -44.7216396, -22.922820399322454 ], [ -44.721934499999975, -22.923255099322471 ], [ -44.7218755, -22.923743999322433 ], [ -44.721630300000015, -22.924198999322432 ], [ -44.7212985, -22.924565799322409 ], [ -44.7209004, -22.924962999322421 ], [ -44.7206349, -22.925375599322404 ], [ -44.720203599999984, -22.925360299322442 ], [ -44.71990490000001, -22.925238099322417 ], [ -44.7196727, -22.925146399322429 ], [ -44.719407199999971, -22.925299199322392 ], [ -44.719274499999976, -22.925635399322381 ], [ -44.719208200000018, -22.925971499322397 ], [ -44.7190754, -22.926246499322392 ], [ -44.718843199999981, -22.926460499322406 ], [ -44.718511400000011, -22.926827199322364 ], [ -44.71808, -22.926888299322343 ], [ -44.717748200000024, -22.926582699322363 ], [ -44.717549099999971, -22.926399299322402 ], [ -44.7172837, -22.926368799322368 ], [ -44.716852300000014, -22.926552099322375 ], [ -44.716553700000027, -22.926857699322401 ], [ -44.7160892, -22.927102199322359 ], [ -44.7159896, -22.92737719932239 ], [ -44.7157242, -22.927652299322332 ], [ -44.7155583, -22.927988399322359 ], [ -44.715491900000018, -22.92823289932236 ], [ -44.7152597, -22.928293999322346 ], [ -44.714894699999988, -22.928355099322317 ], [ -44.7145297, -22.928385699322323 ], [ -44.714197899999988, -22.928385699322323 ], [ -44.7137002, -22.928599599322336 ], [ -44.713467900000012, -22.928813499322317 ], [ -44.713401499999968, -22.929088599322327 ], [ -44.713235600000012, -22.929302499322322 ], [ -44.7130034, -22.929394099322348 ], [ -44.7126384, -22.92942469932235 ], [ -44.712173899999975, -22.929363599322308 ], [ -44.7118752, -22.929302499322322 ], [ -44.711410699999988, -22.929394099322348 ], [ -44.7111453, -22.929577499322303 ], [ -44.710708399999987, -22.930042699322314 ], [ -44.710708399999987, -22.930287099322275 ], [ -44.710442899999975, -22.93049089932228 ], [ -44.710089, -22.930450099322275 ], [ -44.709646599999978, -22.930124199322325 ], [ -44.709381199999989, -22.92987969932231 ], [ -44.709071499999986, -22.929838899322313 ], [ -44.7084152, -22.929906899322297 ], [ -44.707825399999983, -22.930395799322277 ], [ -44.707648399999982, -22.930776099322294 ], [ -44.707117499999974, -22.931156399322305 ], [ -44.70658659999998, -22.931482299322298 ], [ -44.7058788, -22.932242899322265 ], [ -44.7054069, -22.932840499322253 ], [ -44.70499389999997, -22.933275099322238 ], [ -44.704699, -22.93376399932222 ], [ -44.7044631, -22.934198599322212 ], [ -44.704227100000026, -22.934633199322214 ], [ -44.704109099999982, -22.935067799322209 ], [ -44.7038953, -22.935461599322181 ], [ -44.7034529, -22.935828299322189 ], [ -44.703099, -22.935828299322189 ], [ -44.7025681, -22.935746799322171 ], [ -44.7017275, -22.934972699322191 ], [ -44.7014178, -22.934565299322173 ], [ -44.701373600000011, -22.934280099322237 ], [ -44.70084270000001, -22.933587399322246 ], [ -44.70071, -22.933220699322227 ], [ -44.700621500000011, -22.932813299322266 ], [ -44.7002233, -22.93232439932228 ], [ -44.6994712, -22.932242899322265 ], [ -44.6989403, -22.932242899322265 ], [ -44.6983652, -22.932283599322265 ], [ -44.6977458, -22.932202099322243 ], [ -44.6970822, -22.931916899322232 ], [ -44.696595600000016, -22.931835399322267 ], [ -44.69579920000001, -22.931876199322236 ], [ -44.695135600000015, -22.932202099322243 ], [ -44.6948259, -22.93260959932223 ], [ -44.694560500000016, -22.93293549932222 ], [ -44.693985399999967, -22.933098499322252 ], [ -44.693675699999972, -22.933342999322214 ], [ -44.693233299999974, -22.933791099322228 ], [ -44.69279089999997, -22.9338318993222 ], [ -44.692436900000011, -22.9338318993222 ], [ -44.692083, -22.934076399322191 ], [ -44.691640600000028, -22.934524499322222 ], [ -44.691242400000014, -22.934768999322223 ], [ -44.690932700000012, -22.934891199322173 ], [ -44.690534599999978, -22.935054199322227 ], [ -44.690136399999965, -22.935420899322178 ], [ -44.689694, -22.935420899322178 ], [ -44.68925159999997, -22.935298699322157 ], [ -44.688941899999968, -22.935176399322184 ], [ -44.688588, -22.935217199322203 ], [ -44.688278299999979, -22.935257899322202 ], [ -44.687924399999979, -22.935257899322202 ], [ -44.687526199999979, -22.935135699322167 ], [ -44.687393499999985, -22.934891199322173 ], [ -44.687393499999978, -22.934402299322191 ], [ -44.687482, -22.933954099322211 ], [ -44.68757040000002, -22.933587399322246 ], [ -44.68757040000002, -22.933098499322252 ], [ -44.687437699999968, -22.932691099322238 ], [ -44.687083799999982, -22.932365099322279 ], [ -44.686552899999974, -22.93216139932224 ], [ -44.686243199999971, -22.931672399322299 ], [ -44.686022, -22.93130569932228 ], [ -44.6858451, -22.931101999322287 ], [ -44.685402599999975, -22.930898299322308 ], [ -44.684827499999983, -22.930857599322316 ], [ -44.684429299999969, -22.930694599322273 ], [ -44.683942699999989, -22.930531599322297 ], [ -44.683588799999988, -22.930287099322275 ], [ -44.68323479999998, -22.930287099322275 ], [ -44.682549100000017, -22.929924599322302 ], [ -44.681974, -22.929476399322315 ], [ -44.681531600000021, -22.929109699322343 ], [ -44.681310399999965, -22.928620799322331 ], [ -44.681221900000018, -22.927846599322358 ], [ -44.681089199999967, -22.927113199322378 ], [ -44.680646799999984, -22.926624199322376 ], [ -44.68016010000003, -22.926053799322382 ], [ -44.679983199999981, -22.925850099322396 ], [ -44.679319599999978, -22.926012999322413 ], [ -44.679054099999973, -22.926053799322382 ], [ -44.678567499999978, -22.925361099322384 ], [ -44.67821350000002, -22.924668399322403 ], [ -44.678036599999984, -22.924016499322441 ], [ -44.677373, -22.923405299322479 ], [ -44.6767536, -22.923201499322463 ], [ -44.676488199999987, -22.922834799322441 ], [ -44.676576599999976, -22.922427299322472 ], [ -44.67666509999998, -22.922019899322496 ], [ -44.6763997, -22.92185689932251 ], [ -44.675780299999985, -22.921775399322499 ], [ -44.675426399999985, -22.921449399322476 ], [ -44.675072399999976, -22.921041899322486 ], [ -44.674939699999982, -22.920634399322502 ], [ -44.674408799999981, -22.920512199322541 ], [ -44.673877899999979, -22.920430699322523 ], [ -44.6732586, -22.920512199322541 ], [ -44.6728162, -22.920552899322551 ], [ -44.672329499999975, -22.920960399322528 ], [ -44.671975599999989, -22.921245699322505 ], [ -44.671798599999988, -22.921612399322527 ], [ -44.671444699999988, -22.922060599322492 ], [ -44.6709581, -22.9223457993225 ], [ -44.6704714, -22.9223457993225 ], [ -44.6701175, -22.922264299322475 ], [ -44.6694539, -22.922142099322475 ], [ -44.6691884, -22.922142099322475 ], [ -44.6688787, -22.92250879932249 ], [ -44.6688787, -22.922834799322441 ], [ -44.668790300000012, -22.923323799322446 ], [ -44.6684806, -22.923649699322464 ], [ -44.6674188, -22.923812699322436 ], [ -44.6668437, -22.923853499322458 ], [ -44.6661358, -22.924057199322423 ], [ -44.665781900000013, -22.924423899322452 ], [ -44.6656049, -22.924994399322426 ], [ -44.6651625, -22.925238899322434 ], [ -44.664764299999987, -22.925401799322387 ], [ -44.6645431, -22.925687099322417 ], [ -44.664498900000012, -22.926053799322382 ], [ -44.664454700000014, -22.926338999322368 ], [ -44.6641007, -22.926664999322391 ], [ -44.663791, -22.92674649932237 ], [ -44.663260200000018, -22.926868699322373 ], [ -44.662552300000023, -22.927153899322377 ], [ -44.6620656, -22.927357699322375 ], [ -44.661402, -22.927479899322346 ], [ -44.660694200000016, -22.92760209932235 ], [ -44.660251800000026, -22.927846599322358 ], [ -44.659405400000026, -22.928523599322347 ], [ -44.659049499999981, -22.92838309932236 ], [ -44.658693599999985, -22.928242699322343 ], [ -44.658388600000031, -22.928008599322347 ], [ -44.658134399999987, -22.927774399322335 ], [ -44.657880200000022, -22.927446699322374 ], [ -44.6576768, -22.927165799322374 ], [ -44.6575752, -22.92683799932237 ], [ -44.657524299999977, -22.926510199322372 ], [ -44.657473499999973, -22.926182499322383 ], [ -44.657422699999984, -22.925854699322411 ], [ -44.6572193, -22.925526999322404 ], [ -44.657015899999976, -22.925245999322431 ], [ -44.6567109, -22.925058699322449 ], [ -44.656405899999982, -22.924871399322413 ], [ -44.656253400000018, -22.924543699322452 ], [ -44.656100900000013, -22.924215899322412 ], [ -44.65605, -22.923888199322473 ], [ -44.655795800000021, -22.92365399932245 ], [ -44.65544, -22.923513599322433 ], [ -44.655084100000018, -22.923373099322447 ], [ -44.654728200000015, -22.92327949932244 ], [ -44.65437229999997, -22.923232599322464 ], [ -44.654016500000012, -22.923185799322461 ], [ -44.653660600000016, -22.923138999322461 ], [ -44.653304699999971, -22.923092199322465 ], [ -44.653050500000013, -22.922857999322499 ], [ -44.6527964, -22.922577099322496 ], [ -44.6524913, -22.922342999322492 ], [ -44.652338799999981, -22.922015199322466 ], [ -44.6520846, -22.921734299322519 ], [ -44.651677899999974, -22.921546999322473 ], [ -44.651322, -22.921406499322494 ], [ -44.651017, -22.92117239932249 ], [ -44.650712, -22.920891399322535 ], [ -44.650457800000027, -22.920610499322521 ], [ -44.6503053, -22.920282699322506 ], [ -44.649949400000033, -22.920142199322537 ], [ -44.649593499999973, -22.920048599322509 ], [ -44.649237700000015, -22.91995489932253 ], [ -44.648881800000026, -22.919908099322527 ], [ -44.648525899999981, -22.919814499322502 ], [ -44.648119199999989, -22.919814499322502 ], [ -44.647763399999967, -22.91976759932254 ], [ -44.647356600000016, -22.91976759932254 ], [ -44.6470008, -22.91967399932253 ], [ -44.6466957, -22.919486699322544 ], [ -44.646594100000016, -22.919158899322561 ], [ -44.646949899999981, -22.919018399322585 ], [ -44.6470008, -22.918690699322578 ], [ -44.646899099999978, -22.91836289932256 ], [ -44.64664490000002, -22.918081899322583 ], [ -44.646289, -22.918035099322591 ], [ -44.6459332, -22.918128799322567 ], [ -44.645577300000014, -22.91826919932258 ], [ -44.645221400000025, -22.918409699322563 ], [ -44.6448656, -22.918456499322566 ], [ -44.644458900000011, -22.918456499322566 ], [ -44.644204699999982, -22.918175599322556 ], [ -44.6438996, -22.917941499322577 ], [ -44.643543799999968, -22.917894599322597 ], [ -44.642755799999975, -22.917660499322604 ], [ -44.642374500000017, -22.917473199322618 ], [ -44.642018599999972, -22.917332699322568 ], [ -44.6417136, -22.917145399322589 ], [ -44.641459399999967, -22.916911299322589 ], [ -44.6412052, -22.916677199322596 ], [ -44.641052699999989, -22.916349399322613 ], [ -44.641001800000026, -22.916021599322647 ], [ -44.640798500000017, -22.915693799322622 ], [ -44.640442599999965, -22.915646999322615 ], [ -44.640086699999976, -22.915553299322635 ], [ -44.639730900000018, -22.915459699322636 ], [ -44.639375, -22.915319199322635 ], [ -44.6391208, -22.915085099322638 ], [ -44.638968299999981, -22.914757299322684 ], [ -44.6385401, -22.914278099322654 ] ] ] } },
{ "type": "Feature", "properties": { "NUCOMPTREC": 22.661, "NUDISTBACT": 34.661, "NUDISTCDAG": 0.0, "NUAREACONT": 77.882, "NUAREAMONT": 77.882, "NUDISTBACC": 34.661, "NUAREABACC": 77.882, "NUCOMPCDA": 22.661, "Shape__Len": 0, "OBJECTID": 85165, "ID": 20823, "COTRECHO": 20823, "COCURSODAG": "7793926", "COBACIA": "7793926", "NOGENERICO": "Córrego", "NOLIGACAO": "do", "NOESPECIF": "Papagaio", "NORIOCOMP": "Córrego do Papagaio", "NOORIGINAL": "Córrego do Papagaio", "COCDADESAG": "779392", "NUTRJUS": 55338, "NUORDEMCDA": 2, "NUNIVOTTO": 7, "NUNIVOTCDA": 7, "NUSTRAHLER": 1, "DEDOMINIAL": "Estadual", "DSVERSAO": "BHO bho_2017_v_01_05_50k de 2018-06-22" }, "geometry": { "type": "MultiLineString", "coordinates": [ [ [ -44.666581300000011, -22.820292399324849 ], [ -44.6659945, -22.819511199324864 ], [ -44.665733699999969, -22.81885009932488 ], [ -44.6652121, -22.81830929932487 ], [ -44.6644298, -22.817828499324907 ], [ -44.6637126, -22.817708299324874 ], [ -44.663060599999987, -22.817347699324916 ], [ -44.662669400000027, -22.817227499324897 ], [ -44.661952199999959, -22.817227499324897 ], [ -44.661430699999983, -22.817467899324882 ], [ -44.660843899999968, -22.817467899324882 ], [ -44.660191899999973, -22.817287599324885 ], [ -44.659539900000027, -22.816987199324934 ], [ -44.658953199999978, -22.81650639932489 ], [ -44.658431599999972, -22.815665099324931 ], [ -44.658236, -22.815124199324963 ], [ -44.657388399999988, -22.814643399324986 ], [ -44.6568016, -22.814222699324983 ], [ -44.6562801, -22.813621799325009 ], [ -44.6557585, -22.81290059932498 ], [ -44.655497700000012, -22.812419799324989 ], [ -44.655236899999984, -22.811758699325019 ], [ -44.6548457, -22.811157799325038 ], [ -44.6543241, -22.81067699932505 ], [ -44.653411399999975, -22.810556799325042 ], [ -44.6524334, -22.809895699325104 ], [ -44.651977, -22.809234599325109 ], [ -44.651064299999973, -22.809054299325105 ], [ -44.649825500000013, -22.809174499325067 ], [ -44.64897789999997, -22.809114399325093 ], [ -44.6476088, -22.809114399325093 ], [ -44.6468264, -22.809414899325045 ], [ -44.6458485, -22.809655299325041 ], [ -44.6451313, -22.809715399325089 ], [ -44.644088099999969, -22.809775499325081 ], [ -44.642849399999982, -22.809835599325041 ], [ -44.641415, -22.809895699325104 ], [ -44.640763100000015, -22.810015899325077 ], [ -44.639915499999972, -22.81007599932504 ], [ -44.638676700000026, -22.810196199325059 ], [ -44.6378292, -22.810075999325054 ], [ -44.637372799999973, -22.809835599325062 ], [ -44.636655599999976, -22.809835599325041 ], [ -44.636003599999974, -22.810015899325077 ], [ -44.63515610000001, -22.810616899325062 ], [ -44.634438900000013, -22.811037599325047 ], [ -44.6339173, -22.811398099325057 ], [ -44.6339173, -22.811938999325001 ], [ -44.6333305, -22.812840499324999 ], [ -44.632809, -22.813321299324972 ], [ -44.632809, -22.814222699324983 ], [ -44.632548199999967, -22.815064099324914 ], [ -44.632157, -22.815845299324906 ], [ -44.631896200000028, -22.816386199324931 ], [ -44.63143980000001, -22.816866999324901 ], [ -44.6307878, -22.816927099324896 ], [ -44.630461799999978, -22.816927099324896 ], [ -44.62974470000001, -22.816987199324934 ], [ -44.629353499999972, -22.817287599324885 ], [ -44.6290927, -22.817648199324879 ], [ -44.6290275, -22.818189099324844 ], [ -44.628962300000012, -22.818489499324873 ], [ -44.6283755, -22.818789999324835 ], [ -44.6277887, -22.81885009932488 ], [ -44.6273324, -22.818910199324861 ], [ -44.6266152, -22.818910199324868 ], [ -44.625898, -22.819150599324846 ], [ -44.625572, -22.819571199324823 ], [ -44.6251156, -22.819931799324841 ], [ -44.624528899999966, -22.81969139932486 ], [ -44.6241377, -22.819631299324865 ], [ -44.62368129999998, -22.819931799324841 ], [ -44.6234857, -22.820232299324811 ], [ -44.6227685, -22.820652899324852 ], [ -44.622247, -22.820472699324814 ], [ -44.621616300000035, -22.8205608993248 ], [ -44.621793299999979, -22.820941499324825 ], [ -44.6220292, -22.821648299324803 ], [ -44.622029199999986, -22.82235509932476 ], [ -44.622265200000022, -22.822898799324783 ], [ -44.62256009999998, -22.823224999324736 ], [ -44.62256009999998, -22.823659899324749 ], [ -44.62256009999998, -22.824094899324717 ], [ -44.6227371, -22.824638599324739 ], [ -44.622973, -22.825182299324709 ], [ -44.623091, -22.825508499324723 ], [ -44.62315, -22.825943399324714 ], [ -44.6233269, -22.826432699324673 ], [ -44.6235039, -22.826758999324667 ], [ -44.623621899999982, -22.827248299324683 ], [ -44.6235039, -22.827628799324653 ], [ -44.623267899999973, -22.828118099324634 ], [ -44.623209, -22.828607499324601 ], [ -44.623267899999966, -22.829096799324624 ], [ -44.623385900000017, -22.829314199324624 ], [ -44.623385900000017, -22.829803499324626 ], [ -44.623209, -22.830075399324599 ], [ -44.623267899999973, -22.831162699324572 ], [ -44.6236809, -22.831434499324573 ], [ -44.6240348, -22.831815099324533 ], [ -44.624329699999969, -22.832304399324553 ], [ -44.62521450000002, -22.833119899324508 ], [ -44.625332500000013, -22.833554799324531 ], [ -44.6256864, -22.834098399324525 ], [ -44.6262173, -22.835022599324496 ], [ -44.626453299999973, -22.836001199324453 ], [ -44.6269252, -22.836707899324466 ], [ -44.627338099999974, -22.837523399324429 ], [ -44.6278198, -22.838936799324394 ], [ -44.62980959999998, -22.841759299324305 ], [ -44.6307534, -22.843015699324337 ], [ -44.631521099999979, -22.844398799324285 ], [ -44.632007699999974, -22.84480659932429 ], [ -44.632317399999977, -22.84505119932426 ], [ -44.632804, -22.845091899324252 ], [ -44.633467699999983, -22.844847299324289 ], [ -44.634219700000017, -22.844684199324288 ], [ -44.635237299999972, -22.844643499324281 ], [ -44.6357239, -22.844928899324277 ], [ -44.636254800000025, -22.845295799324226 ], [ -44.637095400000028, -22.845418099324281 ], [ -44.637493600000028, -22.845621999324244 ], [ -44.637759, -22.846315099324254 ], [ -44.637847500000028, -22.84664119932425 ], [ -44.638068700000019, -22.847130499324205 ], [ -44.638378400000022, -22.847578899324184 ], [ -44.638289900000011, -22.848108899324178 ], [ -44.638157200000023, -22.848720499324195 ], [ -44.638157200000023, -22.849291199324142 ], [ -44.6383341, -22.849861999324123 ], [ -44.638371, -22.850908399324098 ], [ -44.638371, -22.851288899324096 ], [ -44.63789910000002, -22.851778099324083 ], [ -44.637781099999984, -22.852376099324101 ], [ -44.63789910000002, -22.852973999324099 ], [ -44.63789910000002, -22.853463199324079 ], [ -44.63789910000002, -22.854387299324024 ], [ -44.63789910000002, -22.855365699324018 ], [ -44.63789910000002, -22.856561599324017 ], [ -44.638253, -22.857159499324005 ], [ -44.6389019, -22.857757399323987 ], [ -44.6394328, -22.85819219932397 ], [ -44.639963700000017, -22.858681399323967 ], [ -44.640553599999969, -22.859496799323914 ], [ -44.6410844, -22.860040299323892 ], [ -44.6415563, -22.860638199323891 ], [ -44.641910300000013, -22.86107299932387 ], [ -44.642205199999978, -22.861453499323861 ], [ -44.642677100000014, -22.862160099323837 ], [ -44.642972, -22.862703599323829 ], [ -44.64309, -22.863464599323819 ], [ -44.64309, -22.864823399323782 ], [ -44.643149, -22.865203899323767 ], [ -44.643502899999987, -22.865421299323771 ], [ -44.643797899999981, -22.865638699323764 ], [ -44.644151799999982, -22.865801799323762 ], [ -44.644505700000025, -22.86585609932375 ], [ -44.6455085, -22.865747399323755 ], [ -44.64592140000002, -22.865421299323771 ], [ -44.647514100000024, -22.865475699323781 ], [ -44.647868, -22.865747399323755 ], [ -44.648280899999968, -22.866562699323737 ], [ -44.648575900000026, -22.867377999323715 ], [ -44.6490478, -22.868682399323731 ], [ -44.6498146, -22.869660699323695 ], [ -44.6499326, -22.870041199323691 ], [ -44.650581499999973, -22.870095499323682 ], [ -44.651643200000024, -22.870041199323676 ], [ -44.652469100000019, -22.869878099323682 ], [ -44.653117899999977, -22.86955199932369 ], [ -44.653412899999971, -22.86873679932372 ], [ -44.653766800000021, -22.868138899323743 ], [ -44.6545926, -22.867921499323753 ], [ -44.6560083, -22.868193299323703 ], [ -44.656834199999984, -22.868954199323735 ], [ -44.65701109999997, -22.869878099323682 ], [ -44.657778, -22.87091079932366 ], [ -44.658072899999972, -22.871345599323643 ], [ -44.658485799999987, -22.872160799323645 ], [ -44.6585448, -22.873139099323613 ], [ -44.658426799999972, -22.873954399323601 ], [ -44.658957699999966, -22.874823999323564 ], [ -44.6591937, -22.875476099323564 ], [ -44.660060799999989, -22.876829599323518 ], [ -44.659961300000013, -22.877410499323503 ], [ -44.6596627, -22.877654999323514 ], [ -44.6594968, -22.877991299323515 ], [ -44.659463599999981, -22.878663799323505 ], [ -44.659317900000012, -22.879132599323462 ], [ -44.6586691, -22.87983909932349 ], [ -44.657666300000017, -22.880056499323484 ], [ -44.6572534, -22.879784699323483 ], [ -44.6568995, -22.879676099323444 ], [ -44.655394399999977, -22.879665499323451 ], [ -44.6546866, -22.879461699323457 ], [ -44.654199899999981, -22.879257899323491 ], [ -44.6538018, -22.879217099323466 ], [ -44.653447799999981, -22.879420899323481 ], [ -44.653182399999984, -22.879869299323449 ], [ -44.6530497, -22.880358399323445 ], [ -44.6526073, -22.880928999323398 ], [ -44.6521649, -22.881540399323416 ], [ -44.6521649, -22.88194799932344 ], [ -44.652341799999981, -22.882396399323401 ], [ -44.6523861, -22.882803999323411 ], [ -44.652784199999985, -22.883456099323364 ], [ -44.652917, -22.884067499323372 ], [ -44.6528285, -22.884515899323354 ], [ -44.652430299999978, -22.88504569932331 ], [ -44.6519437, -22.885127199323335 ], [ -44.651457, -22.885167999323357 ], [ -44.650854200000026, -22.885840499323297 ], [ -44.650555600000018, -22.886084999323298 ], [ -44.6503897, -22.886451899323291 ], [ -44.650190599999966, -22.886818699323289 ], [ -44.649892, -22.887430099323293 ], [ -44.6495934, -22.887674599323297 ], [ -44.6493279, -22.887888599323276 ], [ -44.649261599999981, -22.888255399323256 ], [ -44.6493279, -22.888652799323236 ], [ -44.649560199999989, -22.889141899323263 ], [ -44.6498588, -22.889478099323259 ], [ -44.6499252, -22.889814399323217 ], [ -44.649759300000028, -22.890242299323226 ], [ -44.649626500000011, -22.890486899323189 ], [ -44.649759300000028, -22.890761999323189 ], [ -44.650190599999966, -22.891128799323194 ], [ -44.6503897, -22.891556699323207 ], [ -44.6500413, -22.891785999323201 ], [ -44.6494275, -22.891770699323192 ], [ -44.6491952, -22.892076399323184 ], [ -44.6491952, -22.892473699323144 ], [ -44.649228400000027, -22.892871099323141 ], [ -44.649792400000017, -22.893665899323118 ], [ -44.650190599999966, -22.894124399323143 ], [ -44.650489199999988, -22.894705099323119 ], [ -44.650489199999988, -22.895102499323112 ], [ -44.650406299999986, -22.895744399323117 ], [ -44.6506883, -22.896141799323093 ], [ -44.651119699999988, -22.896753099323085 ], [ -44.651119699999988, -22.897211599323043 ], [ -44.651119699999988, -22.897822899323042 ], [ -44.650821, -22.898434199323027 ], [ -44.650323300000025, -22.898648199323056 ], [ -44.6498588, -22.898464799323026 ], [ -44.649560199999989, -22.898464799323026 ], [ -44.649261599999981, -22.898220299323018 ], [ -44.6492781, -22.897914599323027 ], [ -44.649444, -22.897287999323066 ], [ -44.649294699999977, -22.896753099323085 ], [ -44.649062500000014, -22.896325199323062 ], [ -44.648498399999987, -22.895927799323076 ], [ -44.648033899999973, -22.895897199323066 ], [ -44.647503, -22.895927799323076 ], [ -44.647104800000022, -22.8959888993231 ], [ -44.646607099999976, -22.896019499323106 ], [ -44.6462753, -22.895958399323074 ], [ -44.645777599999974, -22.895744399323117 ], [ -44.645014399999965, -22.895683299323068 ], [ -44.644549900000015, -22.895530399323086 ], [ -44.644218099999982, -22.895438699323098 ], [ -44.6438531, -22.895316499323084 ], [ -44.6437204, -22.894949699323085 ], [ -44.643454899999988, -22.894613399323138 ], [ -44.64309, -22.894491199323124 ], [ -44.642642, -22.894440199323128 ], [ -44.641978400000013, -22.8944809993231 ], [ -44.641580200000028, -22.89427719932311 ], [ -44.641359, -22.893951099323111 ], [ -44.641049399999986, -22.893706599323107 ], [ -44.640695400000027, -22.893339799323126 ], [ -44.640120299999978, -22.893013799323157 ], [ -44.639810599999976, -22.892687699323176 ], [ -44.639677899999981, -22.891913299323178 ], [ -44.63919120000002, -22.891016699323231 ], [ -44.63897, -22.890527599323203 ], [ -44.638394899999973, -22.890446099323231 ], [ -44.63773129999997, -22.890160799323212 ], [ -44.6375101, -22.889753199323202 ], [ -44.6371562, -22.889223399323217 ], [ -44.6368465, -22.888611999323278 ], [ -44.6367138, -22.888082199323247 ], [ -44.636094399999983, -22.887756099323266 ], [ -44.635828899999979, -22.887715399323266 ], [ -44.635253799999987, -22.887552299323247 ], [ -44.635076799999979, -22.887144799323284 ], [ -44.6346787, -22.886614899323284 ], [ -44.6341036, -22.886044299323284 ], [ -44.6334399, -22.885392199323345 ], [ -44.6328648, -22.885025299323324 ], [ -44.6322454, -22.884536199323364 ], [ -44.6312721, -22.883884099323339 ], [ -44.630387299999988, -22.883924799323349 ], [ -44.629591, -22.884169399323376 ], [ -44.6293255, -22.884658499323354 ], [ -44.6287947, -22.884903099323303 ], [ -44.6283522, -22.884943799323313 ], [ -44.6277329, -22.885229099323332 ], [ -44.6272905, -22.885718199323296 ], [ -44.6272462, -22.886248099323293 ], [ -44.6272462, -22.886900199323303 ], [ -44.627069300000016, -22.887511599323258 ], [ -44.6267153, -22.887796899323288 ], [ -44.6260517, -22.888204499323244 ], [ -44.6252111, -22.888775099323219 ], [ -44.6245475, -22.889101099323248 ], [ -44.623839700000019, -22.889508699323255 ], [ -44.623618500000013, -22.890486899323189 ], [ -44.6232981, -22.891281299323197 ] ] ] } }
]
}
