{
"type": "FeatureCollection",
"name": "BHangra_buffer_GJ",
"crs": { "type": "name", "properties": { "name": "urn:ogc:def:crs:OGC:1.3:CRS84" } },
"features": [
{ "type": "Feature", "properties": { "NUCOMPTREC": 100.679, "NUDISTBACT": null, "NUDISTCDAG": null, "NUAREACONT": 223.839, "NUAREAMONT": 223.839, "NUDISTBACC": null, "NUAREABACC": null, "NUCOMPCDA": null, "Shape__Len": 0, "OBJECTID": 2210, "ID": 497, "COTRECHO": 497, "COCURSODAG": null, "COBACIA": "77939171", "NOGENERICO": null, "NOLIGACAO": null, "NOESPECIF": null, "NORIOCOMP": null, "NOORIGINAL": null, "COCDADESAG": null, "NUTRJUS": 111837, "NUORDEMCDA": null, "NUNIVOTTO": 8, "NUNIVOTCDA": null, "NUSTRAHLER": null, "DEDOMINIAL": "Linha de Costa", "DSVERSAO": "BHO bho_2017_v_01_05_50k de 2018-06-22" }, "geometry": { "type": "MultiLineString", "coordinates": [ [ [ -44.3309317, -22.930196099322298 ], [ -44.3306418, -22.93161989932225 ], [ -44.329675599999966, -22.932954599322255 ], [ -44.327750499999979, -22.932627799322233 ], [ -44.326680399999987, -22.933132599322267 ], [ -44.3246514, -22.93259869932227 ], [ -44.3241683, -22.933666499322239 ], [ -44.3240717, -22.934556299322207 ], [ -44.3253277, -22.935802099322164 ], [ -44.3261007, -22.93731479932217 ], [ -44.3243615, -22.937581699322134 ], [ -44.322912200000019, -22.937136799322154 ], [ -44.321366300000022, -22.936691899322177 ], [ -44.320883200000019, -22.937581699322134 ], [ -44.3217528, -22.939005399322099 ], [ -44.3225258, -22.940251099322087 ], [ -44.322815600000013, -22.941674699322053 ], [ -44.323395300000016, -22.942920399322016 ], [ -44.32600409999997, -22.944077099321998 ], [ -44.327453400000024, -22.944166099322004 ], [ -44.3292892, -22.944166099322004 ], [ -44.333733699999975, -22.947369099321918 ], [ -44.3342662, -22.947663399321911 ], [ -44.335183, -22.948169899321879 ], [ -44.3365357, -22.9487036993219 ], [ -44.3369222, -22.950127299321871 ], [ -44.337308599999972, -22.952084699321805 ], [ -44.337308599999972, -22.953152299321772 ], [ -44.338757900000012, -22.954130999321773 ], [ -44.338757900000012, -22.955643399321701 ], [ -44.337212, -22.954486899321743 ], [ -44.335376199999978, -22.955020699321711 ], [ -44.334603300000033, -22.954219999321765 ], [ -44.334603300000033, -22.950839099321801 ], [ -44.333154, -22.950661099321827 ], [ -44.3319945, -22.95119499932181 ], [ -44.332381, -22.952173599321775 ], [ -44.332767499999989, -22.952618499321808 ], [ -44.3318979, -22.953775099321728 ], [ -44.330448600000011, -22.954130999321773 ], [ -44.328999300000021, -22.954308899321756 ], [ -44.3291926, -22.955554499321735 ], [ -44.3298689, -22.956799999321685 ], [ -44.3318979, -22.956622099321702 ], [ -44.333154, -22.956799999321685 ], [ -44.334699899999961, -22.956711099321698 ], [ -44.336245799999972, -22.957333799321695 ], [ -44.3384681, -22.958045599321661 ], [ -44.337212, -22.959735899321625 ], [ -44.336149200000023, -22.962760699321539 ], [ -44.336610899999975, -22.964600699321515 ], [ -44.335569500000013, -22.965429599321482 ], [ -44.3347966, -22.966141299321485 ], [ -44.3333473, -22.966141299321485 ], [ -44.333637099999969, -22.967208799321451 ], [ -44.3333473, -22.968098399321406 ], [ -44.331704699999989, -22.967653599321448 ], [ -44.330641899999989, -22.966941999321477 ], [ -44.330158799999978, -22.965340699321516 ], [ -44.330448699999963, -22.964717899321506 ], [ -44.3293858, -22.96249389932159 ], [ -44.3296757, -22.961426299321609 ], [ -44.3288061, -22.960981499321605 ], [ -44.3271636, -22.961426299321609 ], [ -44.325907500000028, -22.960892499321599 ], [ -44.324361599999975, -22.961070399321571 ], [ -44.322332599999982, -22.960091799321614 ], [ -44.3210765, -22.958312499321632 ], [ -44.3195306, -22.957244899321672 ], [ -44.317598200000013, -22.957333899321672 ], [ -44.316148899999966, -22.95742289932166 ], [ -44.3148928, -22.958045599321661 ], [ -44.3134435, -22.957956699321677 ], [ -44.313540199999977, -22.960091799321592 ], [ -44.311511100000033, -22.959380099321606 ], [ -44.311028, -22.958579399321671 ], [ -44.309482100000025, -22.958045599321661 ], [ -44.308226, -22.958579399321671 ], [ -44.307839600000023, -22.959380099321606 ], [ -44.308999, -22.96053669932159 ], [ -44.309578699999975, -22.961515299321547 ], [ -44.3087092, -22.961871199321607 ], [ -44.307163199999984, -22.960892499321599 ], [ -44.3062936, -22.959291199321637 ], [ -44.30561729999998, -22.957778699321675 ], [ -44.3040714, -22.957511799321701 ], [ -44.30242879999998, -22.957244899321672 ], [ -44.301559300000015, -22.957956699321677 ], [ -44.30098629999997, -22.958682099321631 ], [ -44.300786300000027, -22.958935299321656 ], [ -44.302139, -22.959646999321652 ], [ -44.302139, -22.960981499321605 ], [ -44.3030086, -22.961604299321568 ], [ -44.30426460000001, -22.961693199321587 ], [ -44.306197, -22.962671799321569 ], [ -44.307549699999981, -22.963828399321539 ], [ -44.307453099999975, -22.964895899321501 ], [ -44.308902400000015, -22.96516279932148 ], [ -44.308902400000015, -22.966675099321431 ], [ -44.3081295, -22.967831599321439 ], [ -44.3091923, -22.970144599321422 ], [ -44.3101585, -22.971034199321377 ], [ -44.310448300000012, -22.970144599321422 ], [ -44.3108348, -22.969610799321398 ], [ -44.311801, -22.970500399321381 ], [ -44.312090899999987, -22.973080199321345 ], [ -44.312477399999985, -22.97565989932124 ], [ -44.31315369999998, -22.976994199321208 ], [ -44.312477399999985, -22.977616899321195 ], [ -44.3121875, -22.978862199321171 ], [ -44.312276499999989, -22.979149099321162 ], [ -44.312574, -22.980107599321155 ], [ -44.313443600000028, -22.980641299321139 ], [ -44.314313200000015, -22.980997099321154 ], [ -44.3151828, -22.983309799321059 ], [ -44.317115199999982, -22.984644099321073 ], [ -44.317984700000011, -22.985889299321023 ], [ -44.319723899999971, -22.986245099321046 ], [ -44.3219462, -22.986422999321018 ], [ -44.323105600000019, -22.985533499321008 ], [ -44.323202200000019, -22.984466099321079 ], [ -44.3243617, -22.983398699321093 ], [ -44.324265, -22.982598199321085 ], [ -44.325907599999987, -22.982598199321085 ], [ -44.327743399999967, -22.983309799321059 ], [ -44.329869, -22.983754499321044 ], [ -44.330062199999986, -22.986334099321034 ], [ -44.329869, -22.988379799320974 ], [ -44.328033199999986, -22.989625099320961 ], [ -44.328226500000028, -22.990870299320893 ], [ -44.326197499999971, -22.991581899320927 ], [ -44.3261008, -22.992827099320881 ], [ -44.326680599999975, -22.9946059993208 ], [ -44.328806199999967, -22.995851199320803 ], [ -44.331898, -22.996117999320806 ], [ -44.3340237, -22.995940099320794 ], [ -44.334506799999986, -22.994783799320814 ], [ -44.335859500000034, -22.994516999320805 ], [ -44.3362459, -22.992827099320866 ], [ -44.336922300000026, -22.992560299320857 ], [ -44.3375249, -22.991349899320891 ], [ -44.339627599999965, -22.991048199320929 ], [ -44.3408837, -22.991492899320924 ], [ -44.3418499, -22.99095919932093 ], [ -44.3428161, -22.991403999320895 ], [ -44.3445552, -22.991581899320927 ], [ -44.3460045, -22.990781299320897 ], [ -44.346680900000017, -22.991403999320895 ], [ -44.34619780000002, -22.992382399320864 ], [ -44.346004600000015, -22.993182799320856 ], [ -44.3481302, -22.994872799320824 ], [ -44.3490964, -22.99469489932083 ], [ -44.3504491, -22.994783799320814 ], [ -44.3526713, -22.996295799320766 ], [ -44.353927399999982, -22.997540999320773 ], [ -44.35412059999998, -22.998786199320712 ], [ -44.355473300000014, -22.999764499320726 ], [ -44.355859800000019, -23.00100959932066 ], [ -44.356342900000016, -23.001898999320641 ], [ -44.35557, -23.002610499320646 ], [ -44.3557632, -23.003588799320614 ], [ -44.3572125, -23.004567099320578 ], [ -44.35827530000001, -23.005456499320569 ], [ -44.358468599999973, -23.006790499320562 ], [ -44.356922600000019, -23.007501999320514 ], [ -44.3571159, -23.008658099320499 ], [ -44.3579855, -23.009992099320453 ], [ -44.3591449, -23.010347799320453 ], [ -44.36059419999998, -23.009102799320488 ], [ -44.362140099999976, -23.009903199320465 ], [ -44.3639759, -23.010703599320461 ], [ -44.3629131, -23.011237199320433 ], [ -44.3617537, -23.010881399320471 ], [ -44.36059419999998, -23.010881399320471 ], [ -44.360111099999983, -23.011592899320426 ], [ -44.360207699999982, -23.012837899320427 ], [ -44.360884100000014, -23.014082899320378 ], [ -44.361560399999966, -23.015061199320353 ], [ -44.3628165, -23.015061199320353 ], [ -44.363492800000017, -23.016572899320352 ], [ -44.3631064, -23.01772899932028 ], [ -44.3628165, -23.019151799320241 ], [ -44.361463800000017, -23.019774299320243 ], [ -44.360304400000011, -23.019596499320233 ], [ -44.359048299999984, -23.01995219932023 ], [ -44.3579855, -23.020663599320212 ], [ -44.3581787, -23.021819599320221 ], [ -44.359048299999984, -23.023331299320173 ], [ -44.35895169999997, -23.024220599320131 ], [ -44.35750239999998, -23.023864899320134 ], [ -44.355956499999984, -23.023242399320186 ], [ -44.3548937, -23.022530999320207 ], [ -44.3541207, -23.022264299320209 ], [ -44.352768, -23.022353199320186 ], [ -44.3511255, -23.023331399320185 ], [ -44.350739, -23.02457629932012 ], [ -44.349869399999982, -23.02599899932013 ], [ -44.349193099999987, -23.026977199320076 ], [ -44.349386299999985, -23.028310999320031 ], [ -44.350159299999973, -23.02875559932005 ], [ -44.3508357, -23.02928909932006 ], [ -44.35160860000002, -23.029377999320044 ], [ -44.352285, -23.03008939932003 ], [ -44.351995100000011, -23.030889699319985 ], [ -44.350255899999972, -23.031334299320008 ], [ -44.347937100000017, -23.030889699319985 ], [ -44.347164099999979, -23.030267199320036 ], [ -44.347550599999963, -23.029022399320002 ], [ -44.3468742, -23.027866399320054 ], [ -44.3462945, -23.027066099320098 ], [ -44.3454249, -23.027154999320079 ], [ -44.343589099999967, -23.025821199320117 ], [ -44.342526299999975, -23.025554399320097 ], [ -44.342816200000016, -23.024843099320123 ], [ -44.343106, -23.024131699320154 ], [ -44.341946600000028, -23.022975699320195 ], [ -44.340304100000026, -23.02270889932019 ], [ -44.3387581, -23.022797799320148 ], [ -44.3375987, -23.023509199320149 ], [ -44.3373088, -23.025732299320126 ], [ -44.336439299999988, -23.025732299320126 ], [ -44.33576290000002, -23.024754199320157 ], [ -44.333444, -23.023331399320192 ], [ -44.333637300000014, -23.021997499320186 ], [ -44.332767699999977, -23.020930399320225 ], [ -44.331608300000021, -23.020396899320229 ], [ -44.330642099999977, -23.020841499320248 ], [ -44.3297725, -23.02181969932019 ], [ -44.3278401, -23.02181969932019 ], [ -44.326487400000019, -23.021019399320227 ], [ -44.326390800000013, -23.019952299320252 ], [ -44.328033300000016, -23.020041199320222 ], [ -44.328709600000025, -23.018529399320258 ], [ -44.3288063, -23.017373399320309 ], [ -44.329192700000021, -23.016661999320316 ], [ -44.328516400000012, -23.01532799932037 ], [ -44.327260299999985, -23.014438699320404 ], [ -44.326100899999965, -23.014438699320404 ], [ -44.324555, -23.015950499320304 ], [ -44.323009099999972, -23.016039499320314 ], [ -44.322042899999978, -23.014972299320355 ], [ -44.322042899999978, -23.013193699320386 ], [ -44.318854400000021, -23.011415099320466 ], [ -44.31750169999998, -23.013371599320422 ], [ -44.317791600000021, -23.014082999320397 ], [ -44.3166321, -23.01452769932034 ], [ -44.3155693, -23.015772699320365 ], [ -44.314796399999977, -23.015150199320349 ], [ -44.315762600000028, -23.014705599320365 ], [ -44.315955799999983, -23.013905199320391 ], [ -44.315279499999974, -23.013371599320422 ], [ -44.317308500000017, -23.010258999320488 ], [ -44.317018599999976, -23.009280799320489 ], [ -44.3152794, -23.008302499320521 ], [ -44.314313200000015, -23.009547599320513 ], [ -44.3129606, -23.00901399932048 ], [ -44.312767300000012, -23.007768899320496 ], [ -44.311801100000025, -23.006701699320562 ], [ -44.310545100000013, -23.006523799320568 ], [ -44.308805899999982, -23.007146399320547 ], [ -44.307646499999983, -23.006968499320578 ], [ -44.306487, -23.006168099320586 ], [ -44.3053276, -23.004567199320597 ], [ -44.30416810000002, -23.004745099320573 ], [ -44.3032986, -23.003411099320616 ], [ -44.301752599999972, -23.002610599320672 ], [ -44.300593199999987, -23.003499999320603 ], [ -44.300593199999973, -23.005011899320589 ], [ -44.300979700000021, -23.00581239932059 ], [ -44.2982743, -23.008302499320529 ], [ -44.297598, -23.009369699320484 ], [ -44.297887899999978, -23.010614799320447 ], [ -44.2985642, -23.01266019932044 ], [ -44.299627, -23.013994199320393 ], [ -44.300110099999984, -23.015594899320341 ], [ -44.301173, -23.01692879932034 ], [ -44.3022358, -23.01692879932034 ], [ -44.303105399999986, -23.016039499320314 ], [ -44.3042648, -23.016661999320316 ], [ -44.3042648, -23.017640199320308 ], [ -44.303685099999988, -23.018974099320246 ], [ -44.304071599999986, -23.02066369932022 ], [ -44.304458, -23.022531099320176 ], [ -44.3053276, -23.022886799320162 ], [ -44.306680299999975, -23.022797899320175 ], [ -44.306680299999975, -23.024131799320173 ], [ -44.305520899999969, -23.024754199320157 ], [ -44.303588499999982, -23.025020999320105 ], [ -44.302042599999986, -23.025109899320153 ], [ -44.299144, -23.026265899320091 ], [ -44.2971149, -23.026443799320067 ], [ -44.295762299999971, -23.025643499320118 ], [ -44.293829899999984, -23.025465599320132 ], [ -44.29354, -23.024843199320149 ], [ -44.2928637, -23.024398599320133 ], [ -44.291607600000027, -23.024576399320146 ], [ -44.290834599999982, -23.025109999320108 ], [ -44.289868399999989, -23.023509299320182 ], [ -44.28957860000002, -23.022086599320225 ], [ -44.290544800000013, -23.0211972993202 ], [ -44.290351499999979, -23.020041299320241 ], [ -44.2889022, -23.018173799320291 ], [ -44.2868732, -23.016662099320342 ], [ -44.285134, -23.015950599320327 ], [ -44.284554300000018, -23.015061399320334 ], [ -44.283588099999974, -23.015328099320335 ], [ -44.282332100000019, -23.015683899320354 ], [ -44.281945599999972, -23.016484199320303 ], [ -44.28165569999998, -23.017284599320284 ], [ -44.280592899999988, -23.017195599320292 ], [ -44.27933680000001, -23.017640299320277 ], [ -44.2781774, -23.017195599320292 ], [ -44.278274, -23.016039599320344 ], [ -44.279047, -23.015861699320354 ], [ -44.2802064, -23.014705599320365 ], [ -44.2797233, -23.013460599320364 ], [ -44.278853700000013, -23.012749199320396 ], [ -44.2780808, -23.011148399320476 ], [ -44.276051699999982, -23.010259099320461 ], [ -44.274505799999986, -23.009014099320495 ], [ -44.274216, -23.007946899320508 ], [ -44.274988899999983, -23.006612799320578 ], [ -44.27440919999998, -23.00581239932059 ], [ -44.27382949999997, -23.004745199320595 ], [ -44.2716072, -23.003500099320618 ], [ -44.268515400000013, -23.002432899320613 ], [ -44.266389699999984, -23.00189919932069 ], [ -44.265326899999984, -23.002432899320603 ], [ -44.264650599999982, -23.003411199320642 ], [ -44.263684399999981, -23.004122699320586 ], [ -44.263008, -23.004300499320593 ], [ -44.263394500000011, -23.006079299320579 ], [ -44.263008, -23.007413299320529 ], [ -44.2615587, -23.007768999320515 ], [ -44.259529699999966, -23.006968599320537 ], [ -44.258660099999986, -23.005723499320556 ], [ -44.257790600000014, -23.00421159932063 ], [ -44.2572108, -23.002432899320603 ], [ -44.2557615, -23.001721399320665 ], [ -44.2546021, -23.001810299320653 ], [ -44.253732500000012, -23.001098799320694 ], [ -44.253829100000019, -22.999586899320711 ], [ -44.252476399999964, -22.998341699320772 ], [ -44.250965300000011, -22.998286099320708 ], [ -44.2500609, -22.998252799320724 ], [ -44.249481199999984, -23.000831999320681 ], [ -44.2470657, -23.002166099320657 ], [ -44.2454232, -23.000209499320672 ], [ -44.2443604, -23.001098799320694 ], [ -44.241655, -23.002521899320634 ], [ -44.240109099999977, -23.003589099320624 ], [ -44.238949699999978, -23.00527889932059 ], [ -44.23788680000002, -23.00705759932055 ], [ -44.238659799999986, -23.007857999320525 ], [ -44.238080099999983, -23.008302699320527 ], [ -44.23624430000001, -23.008213699320503 ], [ -44.234795, -23.008925199320519 ], [ -44.234311900000023, -23.010259199320473 ], [ -44.233345699999958, -23.011059599320458 ], [ -44.232862599999976, -23.012304599320419 ], [ -44.231896399999982, -23.012660399320424 ], [ -44.230930199999982, -23.014527899320392 ], [ -44.229674199999977, -23.014616799320365 ], [ -44.228611300000011, -23.013016099320414 ], [ -44.2273553, -23.011859999320443 ], [ -44.224553300000011, -23.011148599320457 ], [ -44.223007399999965, -23.012215699320436 ], [ -44.2217513, -23.014172199320402 ], [ -44.221684700000019, -23.014785899320366 ], [ -44.221461499999968, -23.016840099320344 ], [ -44.222717499999987, -23.018351799320286 ], [ -44.223490500000018, -23.018085099320295 ], [ -44.2252297, -23.018085099320295 ], [ -44.224746599999989, -23.01941899932028 ], [ -44.2249398, -23.021019599320205 ], [ -44.22609929999998, -23.02226459932022 ], [ -44.227645199999984, -23.022798099320163 ], [ -44.228997900000032, -23.021819899320239 ], [ -44.230737, -23.021997799320214 ], [ -44.232669400000013, -23.023598399320189 ], [ -44.233345799999988, -23.025465799320138 ], [ -44.2325728, -23.026710699320127 ], [ -44.2333458, -23.027688799320092 ], [ -44.234505199999987, -23.027688799320092 ], [ -44.2360511, -23.026443899320103 ], [ -44.236727499999972, -23.026888499320076 ], [ -44.2366308, -23.027777699320069 ], [ -44.237983499999977, -23.028577999320042 ], [ -44.237983499999977, -23.02928939932001 ], [ -44.236824099999971, -23.02928939932001 ], [ -44.235857899999985, -23.03044529932 ], [ -44.236341, -23.032490499319962 ], [ -44.237886899999971, -23.033557499319912 ], [ -44.238949699999971, -23.033201799319929 ], [ -44.2401092, -23.03337959931994 ], [ -44.240978799999986, -23.034802299319939 ], [ -44.240592299999989, -23.036135999319875 ], [ -44.241075399999986, -23.037647599319865 ], [ -44.241945, -23.039159099319821 ], [ -44.243490899999969, -23.041204099319781 ], [ -44.243780800000025, -23.043960299319682 ], [ -44.24542330000002, -23.046183099319659 ], [ -44.2463895, -23.046538699319626 ], [ -44.2465828, -23.045560699319669 ], [ -44.247838800000018, -23.045293999319686 ], [ -44.248901600000011, -23.04627199931965 ], [ -44.2492881, -23.047427799319603 ], [ -44.250061099999982, -23.048405799319621 ], [ -44.250834, -23.049739399319581 ], [ -44.250544199999972, -23.050983999319563 ], [ -44.248901600000011, -23.049739399319581 ], [ -44.2477422, -23.049028099319564 ], [ -44.246292900000014, -23.049561599319574 ], [ -44.245519899999984, -23.051250799319519 ], [ -44.243974, -23.053206699319475 ], [ -44.24436050000002, -23.054806899319473 ], [ -44.242911199999973, -23.05471799931944 ], [ -44.2400126, -23.056051599319428 ], [ -44.2380802, -23.056762799319415 ], [ -44.2363411, -23.056584999319409 ], [ -44.234698499999979, -23.055429299319449 ], [ -44.233635699999972, -23.055251499319432 ], [ -44.2327661, -23.054806999319435 ], [ -44.233539099999966, -23.053651199319471 ], [ -44.232669499999986, -23.053028899319497 ], [ -44.2317033, -23.053740099319501 ], [ -44.229481, -23.05311779931948 ], [ -44.2281284, -23.051517499319512 ], [ -44.2271622, -23.050895199319555 ], [ -44.226002699999974, -23.050984099319543 ], [ -44.224746700000019, -23.049561599319574 ], [ -44.223394, -23.04938379931955 ], [ -44.2219447, -23.049117099319563 ], [ -44.221365, -23.049828299319575 ], [ -44.2203988, -23.049561599319574 ], [ -44.219819, -23.050539599319539 ], [ -44.216727199999973, -23.048139099319641 ], [ -44.21566439999998, -23.047249999319646 ], [ -44.214032, -23.047137899319612 ], [ -44.21189620000002, -23.045471899319658 ], [ -44.208224599999987, -23.043693699319707 ], [ -44.206678699999983, -23.043604799319741 ], [ -44.203973299999966, -23.041559799319767 ], [ -44.20407, -23.0400482993198 ], [ -44.202524, -23.03898139931983 ], [ -44.201268, -23.03889249931979 ], [ -44.199528799999989, -23.039159199319784 ], [ -44.1980795, -23.039514899319776 ], [ -44.1970167, -23.040403999319803 ], [ -44.195664, -23.040581799319757 ], [ -44.194311299999981, -23.041826599319712 ], [ -44.194408, -23.042626799319731 ], [ -44.193635, -23.042982399319747 ], [ -44.193538400000016, -23.044582799319684 ], [ -44.195084300000012, -23.045827599319647 ], [ -44.19605050000002, -23.048050299319598 ], [ -44.1965336, -23.050095099319584 ], [ -44.196147100000019, -23.052050999319523 ], [ -44.195180900000018, -23.053028999319469 ], [ -44.19547080000001, -23.054273599319451 ], [ -44.194601200000015, -23.054895999319442 ], [ -44.193055300000026, -23.054895999319442 ], [ -44.191509399999966, -23.054540399319468 ], [ -44.1897702, -23.052495599319482 ], [ -44.1882243, -23.052406699319519 ], [ -44.1862919, -23.053384599319493 ], [ -44.1850359, -23.053028999319469 ], [ -44.1851418, -23.051705199319528 ], [ -44.185808800000011, -23.050628599319531 ], [ -44.1856156, -23.04938389931959 ], [ -44.184359500000028, -23.047516799319592 ], [ -44.183103399999986, -23.046183199319621 ], [ -44.181847399999981, -23.046094299319638 ], [ -44.1809778, -23.047250099319619 ], [ -44.1804947, -23.048583699319597 ], [ -44.179915, -23.050095199319536 ], [ -44.17962510000001, -23.050895299319524 ], [ -44.178369099999983, -23.050895299319514 ], [ -44.177113, -23.050095199319536 ], [ -44.17460089999998, -23.0495616993196 ], [ -44.172765099999985, -23.048139199319593 ], [ -44.171509, -23.046005399319672 ], [ -44.1720888, -23.044849599319701 ], [ -44.171992100000011, -23.043604899319718 ], [ -44.1734414, -23.043338099319747 ], [ -44.175470399999988, -23.04351599931972 ], [ -44.176146800000026, -23.043071399319686 ], [ -44.176243399999976, -23.042093399319732 ], [ -44.176146800000026, -23.04004839931978 ], [ -44.176243399999976, -23.038803599319813 ], [ -44.177209600000019, -23.038270099319803 ], [ -44.175567, -23.036225099319896 ], [ -44.173538, -23.034713499319924 ], [ -44.170639400000027, -23.03320199931996 ], [ -44.1693834, -23.033290899319937 ], [ -44.16861039999997, -23.0345356993199 ], [ -44.1660584, -23.034535699319914 ], [ -44.165132099999987, -23.0345356993199 ], [ -44.1631997, -23.033379799319917 ], [ -44.160687600000017, -23.03213499931995 ], [ -44.159528099999982, -23.033113099319923 ], [ -44.1591416, -23.033735499319924 ], [ -44.1569194, -23.034357899319893 ], [ -44.154987, -23.035869499319858 ], [ -44.1538276, -23.038536899319823 ], [ -44.153537700000015, -23.040759799319769 ], [ -44.152764699999977, -23.041115399319803 ], [ -44.151798499999977, -23.040048499319798 ], [ -44.151122199999975, -23.038447999319828 ], [ -44.150542499999972, -23.036669699319869 ], [ -44.1484168, -23.03586949931988 ], [ -44.14687090000001, -23.03551379931989 ], [ -44.145904700000024, -23.036225199319855 ], [ -44.144455400000012, -23.036225199319865 ], [ -44.141846699999974, -23.035335999319873 ], [ -44.1401075, -23.035158199319909 ], [ -44.138271700000011, -23.034535799319929 ], [ -44.1366292, -23.033735499319899 ], [ -44.1355664, -23.033557699319946 ], [ -44.1345036, -23.033024199319943 ], [ -44.133150899999976, -23.033290999319966 ], [ -44.1302523, -23.032846399319933 ], [ -44.1298658, -23.031334799320021 ], [ -44.12860970000002, -23.031156999320018 ], [ -44.127546900000027, -23.030890199319987 ], [ -44.12776760000002, -23.029806999320023 ], [ -44.1278368, -23.029467499320035 ], [ -44.125517899999977, -23.027422299320076 ], [ -44.122522699999983, -23.025821699320105 ], [ -44.1215565, -23.0259106993201 ], [ -44.119237600000027, -23.025732799320128 ], [ -44.116725499999973, -23.024310099320136 ], [ -44.1144066, -23.023954399320125 ], [ -44.1134404, -23.023420799320164 ], [ -44.112570800000015, -23.022086999320219 ], [ -44.109768799999983, -23.018263199320263 ], [ -44.1080296, -23.015862099320348 ], [ -44.1062905, -23.016128899320343 ], [ -44.1052277, -23.015150699320344 ], [ -44.105614100000025, -23.013994599320377 ], [ -44.104551300000026, -23.013549999320393 ], [ -44.104261399999977, -23.011949199320448 ], [ -44.1043581, -23.011237799320465 ], [ -44.10339190000002, -23.009992699320474 ], [ -44.102425700000026, -23.009636999320485 ], [ -44.1013628, -23.009903799320508 ], [ -44.100010199999986, -23.009725899320454 ], [ -44.098367600000017, -23.008036199320511 ], [ -44.0975947, -23.006613299320581 ], [ -44.096048699999983, -23.004745599320575 ], [ -44.095469, -23.002166499320648 ], [ -44.096048699999983, -22.999498299320756 ], [ -44.097304800000025, -22.998164199320762 ], [ -44.09691830000002, -22.996652199320806 ], [ -44.095372399999967, -22.995318099320837 ], [ -44.093536599999979, -22.994428699320849 ], [ -44.090927799999967, -22.994517599320822 ], [ -44.089285299999972, -22.993628199320828 ], [ -44.088415699999977, -22.992827699320891 ], [ -44.0851306, -22.992827699320891 ], [ -44.0839712, -22.992916599320864 ], [ -44.083778, -22.993806099320821 ], [ -44.0828118, -22.993361399320879 ], [ -44.082715099999973, -22.992471899320872 ], [ -44.082135400000027, -22.991582499320888 ], [ -44.082618500000017, -22.989714599320951 ], [ -44.081845499999986, -22.987490999320965 ], [ -44.08107260000002, -22.986690399320999 ], [ -44.081169199999977, -22.985800999321 ], [ -44.081555700000024, -22.985534099321022 ], [ -44.080976, -22.983932999321059 ], [ -44.079816499999986, -22.982153999321103 ], [ -44.0785604, -22.980463999321127 ], [ -44.078077300000025, -22.978951799321191 ], [ -44.0777875, -22.977617499321219 ], [ -44.0785604, -22.977439599321254 ], [ -44.0787537, -22.97628309932124 ], [ -44.078270599999989, -22.975571499321255 ], [ -44.07672459999997, -22.974770899321292 ], [ -44.076338200000016, -22.973436599321325 ], [ -44.077207699999974, -22.972457999321346 ], [ -44.0765314, -22.97147949932134 ], [ -44.077014500000011, -22.970500999321388 ], [ -44.076724599999984, -22.969522399321423 ], [ -44.0779807, -22.969789299321391 ], [ -44.0800097, -22.969077599321409 ], [ -44.080782699999979, -22.967476299321444 ], [ -44.080782699999979, -22.96667569932146 ], [ -44.08174889999998, -22.966319799321486 ], [ -44.081845499999986, -22.965252299321474 ], [ -44.081265799999976, -22.963650999321569 ], [ -44.080299500000017, -22.961693799321555 ], [ -44.0808793, -22.961159999321588 ], [ -44.080696400000022, -22.960528399321593 ] ] ] } },
{ "type": "Feature", "properties": { "NUCOMPTREC": 37.687, "NUDISTBACT": 20.523, "NUDISTCDAG": 0.0, "NUAREACONT": 109.126, "NUAREAMONT": 109.126, "NUDISTBACC": 20.523, "NUAREABACC": 109.126, "NUCOMPCDA": 37.687, "Shape__Len": 0, "OBJECTID": 3159, "ID": 10574, "COTRECHO": 10574, "COCURSODAG": "7793922", "COBACIA": "7793922", "NOGENERICO": "Rio", "NOLIGACAO": "do", "NOESPECIF": "Funil", "NORIOCOMP": "Rio do Funil", "NOORIGINAL": "Rio do Funil", "COCDADESAG": "779392", "NUTRJUS": 20818, "NUORDEMCDA": 2, "NUNIVOTTO": 7, "NUNIVOTCDA": 7, "NUSTRAHLER": 1, "DEDOMINIAL": "Estadual", "DSVERSAO": "BHO bho_2017_v_01_05_50k de 2018-06-22" }, "geometry": { "type": "MultiLineString", "coordinates": [ [ [ -44.808037099999972, -23.080644299318873 ], [ -44.806318200000014, -23.081958699318811 ], [ -44.804498299999977, -23.082565399318849 ], [ -44.8035883, -23.082363199318792 ], [ -44.802678300000032, -23.081756499318825 ], [ -44.802071599999969, -23.081048699318842 ], [ -44.8010605, -23.080239899318858 ], [ -44.800656100000026, -23.07963319931887 ], [ -44.800352799999978, -23.078622099318917 ], [ -44.800049399999978, -23.077610999318924 ], [ -44.7997461, -23.076903299318985 ], [ -44.7993417, -23.075993299318952 ], [ -44.799240600000019, -23.075588799318965 ], [ -44.79883610000001, -23.074982199319013 ], [ -44.7981284, -23.073971099319003 ], [ -44.79721840000002, -23.073566599319012 ], [ -44.7962073, -23.072959999319071 ], [ -44.7956006, -23.072049999319049 ], [ -44.794084, -23.071038899319099 ], [ -44.793376200000012, -23.071139999319097 ], [ -44.792365099999977, -23.070634499319063 ], [ -44.7918596, -23.070027799319092 ], [ -44.7916573, -23.069522199319103 ], [ -44.791050700000021, -23.068713399319112 ], [ -44.790342899999978, -23.066994499319179 ], [ -44.7896351, -23.066387799319156 ], [ -44.788826299999975, -23.064567899319215 ], [ -44.788522899999975, -23.063961199319241 ], [ -44.7881185, -23.063152299319256 ], [ -44.7878152, -23.062242399319285 ], [ -44.787613, -23.061433499319332 ], [ -44.787006299999966, -23.059815699319348 ], [ -44.7865008, -23.058804599319327 ], [ -44.78569190000001, -23.057894599319383 ], [ -44.7844786, -23.057186899319372 ], [ -44.7838719, -23.056175799319412 ], [ -44.783164100000015, -23.055973599319444 ], [ -44.783063, -23.055063599319428 ], [ -44.7824564, -23.053951399319484 ], [ -44.7819508, -23.053243599319462 ], [ -44.781445299999973, -23.052636899319481 ], [ -44.780939699999969, -23.052131399319517 ], [ -44.7798275, -23.051625799319538 ], [ -44.779018599999965, -23.051221399319505 ], [ -44.778139, -23.050781599319546 ], [ -44.777400899999982, -23.050412499319552 ], [ -44.776794199999983, -23.049906999319582 ], [ -44.776187600000014, -23.048794799319584 ], [ -44.775075399999984, -23.047480299319638 ], [ -44.773963200000026, -23.046469199319635 ], [ -44.772851, -23.045356999319683 ], [ -44.772042100000021, -23.044447099319708 ], [ -44.7707277, -23.044345899319669 ], [ -44.770019900000023, -23.043941499319711 ], [ -44.7689077, -23.043435999319705 ], [ -44.767289899999973, -23.042525999319743 ], [ -44.7668855, -23.04121149931974 ], [ -44.766683300000011, -23.040402699319806 ], [ -44.766481100000014, -23.038987099319797 ], [ -44.7663799, -23.03848159931983 ], [ -44.765773299999971, -23.036257199319902 ], [ -44.76547, -23.035549399319869 ], [ -44.7651666, -23.034639399319907 ], [ -44.7650655, -23.033628299319904 ], [ -44.7651666, -23.032920599319961 ], [ -44.7651666, -23.032313899319981 ], [ -44.7648633, -23.030898399320012 ], [ -44.7646611, -23.030089499319995 ], [ -44.76425660000001, -23.028876199320056 ], [ -44.763852199999967, -23.028067299320046 ], [ -44.763144399999987, -23.027056199320104 ], [ -44.7628411, -23.026550599320089 ], [ -44.7626389, -23.025741799320109 ], [ -44.7626389, -23.024932899320149 ], [ -44.76243670000003, -23.024022899320119 ], [ -44.7612234, -23.023315099320161 ], [ -44.761122199999988, -23.021899599320189 ], [ -44.7613245, -23.02088849932024 ], [ -44.76172889999998, -23.019574099320263 ], [ -44.762133300000016, -23.018765199320292 ], [ -44.762436700000023, -23.017855199320291 ], [ -44.76274, -23.017046299320327 ], [ -44.76274, -23.016237499320329 ], [ -44.76274, -23.015125299320385 ], [ -44.76274, -23.014316399320364 ], [ -44.7626389, -23.013204199320427 ], [ -44.762133300000016, -23.012395299320392 ], [ -44.7613245, -23.011788599320411 ], [ -44.76092, -23.011283099320462 ], [ -44.760212299999985, -23.010676399320488 ], [ -44.760111199999983, -23.010069799320462 ], [ -44.759605599999986, -23.009260899320505 ], [ -44.75869560000001, -23.008451999320481 ], [ -44.7573812, -23.008451999320481 ], [ -44.755763399999978, -23.008553099320487 ], [ -44.753741199999979, -23.008553099320487 ], [ -44.752730199999966, -23.008553099320487 ], [ -44.751896, -23.007617899320536 ], [ -44.750910200000021, -23.006935399320515 ], [ -44.750303499999973, -23.006480399320534 ], [ -44.7499244, -23.005873699320556 ], [ -44.749317700000013, -23.005418699320586 ], [ -44.748483599999979, -23.005039599320554 ], [ -44.74787689999998, -23.004508699320571 ], [ -44.7478011, -23.003826299320625 ], [ -44.7475736, -23.003143799320611 ], [ -44.7472702, -23.002537099320637 ], [ -44.746739400000024, -23.002688799320634 ], [ -44.745829399999984, -23.002916299320624 ], [ -44.744919400000015, -23.002612899320617 ], [ -44.744161099999985, -23.00230959932064 ], [ -44.7438578, -23.001854599320666 ], [ -44.7446157, -23.000479999320678 ], [ -44.744622, -23.000199699320699 ], [ -44.74453620000002, -22.999831099320694 ], [ -44.744364599999976, -22.999515299320706 ], [ -44.743992900000023, -22.999488899320731 ], [ -44.7437069, -22.999699499320723 ], [ -44.7434495, -22.999936399320731 ], [ -44.743106399999988, -23.000068099320721 ], [ -44.7427346, -23.000041699320704 ], [ -44.742391399999974, -22.999936399320731 ], [ -44.74213409999998, -22.999699499320737 ], [ -44.74213409999998, -22.999330999320698 ], [ -44.74213409999998, -22.998988799320724 ], [ -44.742076899999965, -22.998646599320711 ], [ -44.74187669999997, -22.998356999320734 ], [ -44.7417051, -22.998041099320769 ], [ -44.741419199999982, -22.997777899320777 ], [ -44.741076, -22.997619999320744 ], [ -44.740761400000011, -22.997435699320743 ], [ -44.7404469, -22.997225099320744 ], [ -44.740103700000013, -22.997014499320755 ], [ -44.739760600000018, -22.996856599320783 ], [ -44.739417399999979, -22.996672299320785 ], [ -44.7390742, -22.996540699320811 ], [ -44.7387597, -22.996356399320813 ], [ -44.738416500000028, -22.996224799320771 ], [ -44.738102, -22.996040499320785 ], [ -44.7377874, -22.995829899320775 ], [ -44.73753, -22.995592999320799 ], [ -44.737301199999983, -22.995303499320794 ], [ -44.737101100000018, -22.994987599320815 ], [ -44.7369009, -22.994645299320826 ], [ -44.7365863, -22.99443469932082 ], [ -44.736243199999983, -22.994329499320827 ], [ -44.7358714, -22.994276799320851 ], [ -44.735471099999977, -22.994276799320851 ], [ -44.7350707, -22.994276799320851 ], [ -44.734727599999985, -22.994171499320821 ], [ -44.734470199999969, -22.993881899320865 ], [ -44.734084100000018, -22.993276499320835 ], [ -44.7338125, -22.99296059932087 ], [ -44.7335551, -22.992697299320849 ], [ -44.733269099999973, -22.992486699320846 ], [ -44.732983199999978, -22.992276099320907 ], [ -44.7326686, -22.992091899320855 ], [ -44.732325399999972, -22.99193389932088 ], [ -44.732010899999977, -22.99174959932088 ], [ -44.73169630000001, -22.991538999320884 ], [ -44.7314389, -22.991302099320894 ], [ -44.731153, -22.991091499320884 ], [ -44.7304095, -22.990815099320926 ], [ -44.730094899999976, -22.990591299320929 ], [ -44.729723099999987, -22.990617699320893 ], [ -44.729351399999977, -22.990775599320909 ], [ -44.7289796, -22.990828299320874 ], [ -44.728607899999979, -22.990801899320921 ], [ -44.7282361, -22.990643999320884 ], [ -44.727978699999987, -22.990354399320932 ], [ -44.7276928, -22.990143799320933 ], [ -44.727349600000018, -22.989933199320923 ], [ -44.727120899999981, -22.98964359932096 ], [ -44.727092299999981, -22.989275099320938 ], [ -44.727035100000023, -22.988880199320942 ], [ -44.7269207, -22.988564299320959 ], [ -44.726606100000026, -22.988379999320983 ], [ -44.7262058, -22.988327299320947 ], [ -44.725834, -22.988327299320947 ], [ -44.725462199999981, -22.988327299320947 ], [ -44.725090500000022, -22.988274699320954 ], [ -44.7248045, -22.988011399320989 ], [ -44.724661500000018, -22.987695499320967 ], [ -44.7246043, -22.987353299320983 ], [ -44.724547200000018, -22.98701109932102 ], [ -44.724375599999966, -22.986695099321032 ], [ -44.724032399999984, -22.986589799320992 ], [ -44.723660699999975, -22.986458199321032 ], [ -44.7232889, -22.986405599321017 ], [ -44.7229171, -22.986352899321002 ], [ -44.7225454, -22.986352899321002 ], [ -44.722202200000034, -22.986247599321025 ], [ -44.721642499999973, -22.986084799321041 ], [ -44.721451800000011, -22.985786399321022 ], [ -44.7212612, -22.985505599321055 ], [ -44.7211087, -22.985189699321019 ], [ -44.72099429999998, -22.984873799321068 ], [ -44.7208036, -22.984592999321066 ], [ -44.720574899999981, -22.984312099321084 ], [ -44.720269799999983, -22.984136599321069 ], [ -44.719926699999974, -22.98403129932111 ], [ -44.7195454, -22.983996199321048 ], [ -44.719202199999984, -22.983855799321091 ], [ -44.719049700000021, -22.98353989932107 ], [ -44.719049700000021, -22.983188899321121 ], [ -44.71908789999997, -22.982837899321098 ], [ -44.7193166, -22.982556999321091 ], [ -44.719545400000015, -22.982276199321106 ], [ -44.7195835, -22.981925199321104 ], [ -44.7195835, -22.981574199321127 ], [ -44.7193929, -22.981293299321134 ], [ -44.71908789999997, -22.981117799321137 ], [ -44.7187447, -22.981012499321157 ], [ -44.718401500000027, -22.98090719932113 ], [ -44.718020200000012, -22.980836999321145 ], [ -44.7178677, -22.980521099321127 ], [ -44.7176008, -22.980275399321133 ], [ -44.717486399999977, -22.979959399321142 ], [ -44.71737209999997, -22.97964349932117 ], [ -44.7170289, -22.979538199321151 ], [ -44.716647599999988, -22.979538199321151 ], [ -44.716266299999965, -22.979503099321153 ], [ -44.715923200000013, -22.97939779932118 ], [ -44.715694400000018, -22.979116999321139 ], [ -44.71558, -22.978800999321169 ], [ -44.715465600000016, -22.978485099321212 ], [ -44.715427499999976, -22.978134099321185 ], [ -44.715275, -22.977818099321194 ], [ -44.714969900000028, -22.977607499321191 ], [ -44.7146649, -22.97743199932124 ], [ -44.71435989999997, -22.977186299321247 ], [ -44.714093, -22.97694059932121 ], [ -44.7138261, -22.976694799321248 ], [ -44.7134448, -22.976624599321219 ], [ -44.713063499999969, -22.976694799321248 ], [ -44.7127203, -22.976835199321208 ], [ -44.7123391, -22.976870299321202 ], [ -44.7119578, -22.976800099321228 ], [ -44.7116909, -22.976554399321238 ], [ -44.711595499999987, -22.976238499321269 ], [ -44.7112333, -22.976098099321252 ], [ -44.710928299999971, -22.975922499321285 ], [ -44.7108139, -22.975606599321242 ], [ -44.7108139, -22.975255599321297 ], [ -44.710547, -22.975009799321278 ], [ -44.7102038, -22.974904499321255 ], [ -44.709822499999966, -22.974834299321277 ], [ -44.7095175, -22.974658799321269 ], [ -44.709212499999971, -22.974448199321269 ], [ -44.708983699999969, -22.97416729932128 ], [ -44.708754899999974, -22.973886499321289 ], [ -44.708488, -22.973605699321308 ], [ -44.708183, -22.973430099321277 ], [ -44.707916099999977, -22.973184399321298 ], [ -44.707725499999974, -22.97290359932131 ], [ -44.7074586, -22.972657799321318 ], [ -44.707115400000013, -22.972517399321355 ], [ -44.7067341, -22.972622699321313 ], [ -44.7063528, -22.972692899321352 ], [ -44.706009699999981, -22.972798199321325 ], [ -44.7056665, -22.972938699321304 ], [ -44.705323299999982, -22.973079099321325 ], [ -44.705056399999982, -22.973359899321299 ], [ -44.7047895, -22.973605599321299 ], [ -44.7045989, -22.973886499321289 ], [ -44.7044083, -22.974202399321324 ], [ -44.7042176, -22.974483299321268 ], [ -44.70410320000002, -22.974799199321282 ], [ -44.703836299999971, -22.975044899321279 ], [ -44.7035313, -22.975255599321297 ], [ -44.70318809999997, -22.975395999321265 ], [ -44.702768699999979, -22.975466199321296 ], [ -44.7024637, -22.975290699321281 ], [ -44.7024637, -22.974939599321299 ], [ -44.70261620000003, -22.974623699321278 ], [ -44.7025018, -22.974307699321301 ], [ -44.702273, -22.974026899321309 ], [ -44.701968, -22.973781199321312 ], [ -44.70173920000002, -22.97350029932133 ], [ -44.701510499999983, -22.973219499321342 ], [ -44.701205399999985, -22.973008899321353 ], [ -44.70082409999997, -22.972903599321317 ], [ -44.700442899999985, -22.97290359932131 ], [ -44.700061600000019, -22.972938699321311 ], [ -44.699756499999971, -22.973114199321319 ], [ -44.699604, -22.973430099321277 ], [ -44.69933709999998, -22.973710999321288 ], [ -44.6987843, -22.973886499321289 ], [ -44.698117, -22.97395669932127 ], [ -44.697773799999986, -22.974097099321302 ], [ -44.6977357, -22.974448199321269 ], [ -44.6977357, -22.974799199321282 ], [ -44.697545100000013, -22.975079999321263 ], [ -44.69724, -22.975255599321297 ], [ -44.69689690000002, -22.975395999321265 ], [ -44.6965156, -22.975466199321296 ], [ -44.6960962, -22.975501299321284 ], [ -44.69571489999997, -22.975501299321284 ], [ -44.695333600000026, -22.975501299321284 ], [ -44.694952300000011, -22.97553639932126 ], [ -44.694647299999986, -22.975711899321293 ], [ -44.6943804, -22.975957599321269 ], [ -44.694037200000018, -22.976098099321252 ], [ -44.6936559, -22.976168299321227 ], [ -44.6935034, -22.976484199321266 ], [ -44.6933128, -22.976764999321244 ], [ -44.69300770000001, -22.976975599321243 ], [ -44.69289329999998, -22.977326699321228 ], [ -44.69289329999998, -22.977677699321227 ], [ -44.6928552, -22.978028799321219 ], [ -44.6926646, -22.978344699321191 ], [ -44.6924358, -22.978625499321211 ], [ -44.69213079999998, -22.978871199321194 ], [ -44.69186389999998, -22.979116999321157 ], [ -44.691520700000012, -22.979222299321169 ], [ -44.6911394, -22.979222299321187 ], [ -44.690834400000028, -22.979046799321175 ], [ -44.6904531, -22.979046799321175 ], [ -44.6900718, -22.979046799321175 ], [ -44.689690499999976, -22.979046799321175 ], [ -44.689347399999974, -22.978941399321194 ], [ -44.689042299999983, -22.978765899321171 ], [ -44.6888136, -22.978449999321207 ], [ -44.6885467, -22.978204299321217 ], [ -44.688203499999986, -22.978098999321183 ], [ -44.68778409999998, -22.978098999321183 ], [ -44.687440900000013, -22.978239399321208 ], [ -44.687326499999983, -22.978555299321183 ], [ -44.68713589999998, -22.97883609932121 ], [ -44.686869, -22.979116999321157 ], [ -44.686525800000013, -22.979222299321187 ], [ -44.686144500000012, -22.979257399321167 ], [ -44.685763300000019, -22.979292499321161 ], [ -44.685382, -22.979362699321211 ], [ -44.685038799999965, -22.979467999321159 ], [ -44.6847338, -22.979643499321188 ], [ -44.684695700000013, -22.979994499321144 ], [ -44.684695700000013, -22.980345599321165 ], [ -44.684695700000013, -22.980696599321128 ], [ -44.684695700000013, -22.981047599321148 ], [ -44.6846956, -22.981398599321107 ], [ -44.684771899999987, -22.981749699321153 ], [ -44.684771899999987, -22.982100699321101 ], [ -44.684543099999978, -22.98238149932109 ], [ -44.68416180000002, -22.982486799321123 ], [ -44.683894899999984, -22.982732499321095 ], [ -44.683742400000028, -22.983048499321082 ], [ -44.6836662, -22.983399499321102 ], [ -44.683399300000019, -22.983645199321089 ], [ -44.682979900000021, -22.98371539932106 ], [ -44.6825986, -22.983750499321062 ], [ -44.6822173, -22.983680299321101 ], [ -44.682026599999972, -22.983399499321102 ], [ -44.6818741, -22.983048499321082 ], [ -44.681645300000014, -22.982767599321079 ], [ -44.681454700000018, -22.982486799321123 ], [ -44.681187799999975, -22.982241099321115 ], [ -44.6808828, -22.981995399321125 ], [ -44.6805015, -22.982065599321118 ], [ -44.6804252, -22.982416599321127 ], [ -44.680310799999972, -22.982732499321084 ], [ -44.679929500000014, -22.982837799321121 ], [ -44.679624499999981, -22.983013399321091 ], [ -44.6795101, -22.983329299321063 ], [ -44.679395699999972, -22.983645199321089 ], [ -44.6793576, -22.983996199321048 ], [ -44.679319500000027, -22.984347199321064 ], [ -44.679433899999978, -22.984663099321029 ], [ -44.679586400000012, -22.984979099321038 ], [ -44.679586400000012, -22.985330099321036 ], [ -44.679586400000012, -22.985681099321059 ], [ -44.679586400000012, -22.986032099321019 ], [ -44.679777, -22.986312899320982 ], [ -44.679777, -22.986611299320998 ], [ -44.679738900000011, -22.987014899321025 ], [ -44.679624499999989, -22.987330899321023 ], [ -44.679243199999966, -22.98747129932098 ], [ -44.678900100000014, -22.987295799321025 ], [ -44.678595, -22.987120199321005 ], [ -44.6782137, -22.987085099321003 ], [ -44.677832500000022, -22.987014899321025 ], [ -44.677603700000027, -22.986734099320991 ], [ -44.677527399999967, -22.986383099321028 ], [ -44.677184300000015, -22.986242699321011 ], [ -44.676803, -22.986172499321039 ], [ -44.676498, -22.985961899321037 ], [ -44.6761548, -22.985821499321027 ], [ -44.6757735, -22.985681099321059 ], [ -44.675506600000013, -22.985435399321009 ], [ -44.675316, -22.985154599321028 ], [ -44.675010900000018, -22.984908899321045 ], [ -44.674705899999985, -22.984698199321073 ], [ -44.674324599999977, -22.984592899321058 ], [ -44.673943300000012, -22.984557799321067 ], [ -44.673562, -22.984557799321067 ], [ -44.673180699999989, -22.984452499321034 ], [ -44.6727995, -22.984382299321052 ], [ -44.672418199999974, -22.984347199321064 ], [ -44.672075, -22.984241899321027 ], [ -44.67177, -22.984066399321083 ], [ -44.6716937, -22.983680299321072 ], [ -44.671808100000021, -22.983364399321108 ], [ -44.672075, -22.983118699321082 ], [ -44.672418199999981, -22.982978299321108 ], [ -44.6727995, -22.982943099321094 ], [ -44.673104500000015, -22.982767599321079 ], [ -44.673218899999988, -22.982451699321118 ], [ -44.673066399999982, -22.982135799321092 ], [ -44.672761299999983, -22.981960299321145 ], [ -44.672418199999981, -22.98181989932112 ], [ -44.672036900000023, -22.981784799321133 ], [ -44.6716937, -22.9816794993211 ], [ -44.671312399999977, -22.9816794993211 ], [ -44.6709311, -22.981714599321105 ], [ -44.670549900000019, -22.981714599321105 ], [ -44.6702067, -22.981609299321121 ], [ -44.6699398, -22.981328399321132 ], [ -44.669634799999983, -22.98115289932112 ], [ -44.669253500000018, -22.981082699321135 ], [ -44.668986599999982, -22.980836999321145 ], [ -44.668681499999984, -22.980661499321148 ], [ -44.6683003, -22.980661499321148 ], [ -44.667919, -22.980766799321177 ], [ -44.6676521, -22.981012499321157 ], [ -44.667423299999989, -22.981293299321134 ], [ -44.667080100000021, -22.981398599321107 ], [ -44.6666988, -22.981468799321135 ], [ -44.66639379999998, -22.981714599321105 ], [ -44.666165, -22.981995399321125 ], [ -44.66586, -22.982170899321133 ], [ -44.6655169, -22.982276199321106 ], [ -44.665173700000018, -22.98238149932109 ], [ -44.664754300000027, -22.982451699321118 ], [ -44.664334899999979, -22.982486799321123 ], [ -44.6639917, -22.982346399321091 ], [ -44.663686700000021, -22.982135799321092 ], [ -44.663419799999986, -22.981890099321095 ], [ -44.663076600000011, -22.981784799321133 ], [ -44.6626953, -22.981854999321119 ], [ -44.662352199999987, -22.981995399321125 ], [ -44.6621996, -22.982311299321097 ], [ -44.66210430000001, -22.982627199321122 ], [ -44.661742100000019, -22.982732499321095 ], [ -44.6613608, -22.98266229932112 ], [ -44.661055799999978, -22.982486799321123 ], [ -44.6607889, -22.982241099321115 ], [ -44.660445700000032, -22.982100699321101 ], [ -44.6601407, -22.981925199321093 ], [ -44.659797500000025, -22.98181989932112 ], [ -44.6594925, -22.981609299321121 ], [ -44.659225600000013, -22.981363499321116 ], [ -44.658882399999982, -22.981258199321147 ], [ -44.658539299999966, -22.981398599321107 ], [ -44.658348600000011, -22.981714599321105 ], [ -44.658158, -22.981995399321125 ], [ -44.6577767, -22.981995399321125 ], [ -44.657395399999984, -22.981995399321125 ], [ -44.657014100000026, -22.98203049932112 ], [ -44.656632800000011, -22.982100699321101 ], [ -44.656327799999978, -22.982276199321106 ], [ -44.656022800000017, -22.982486799321123 ], [ -44.655794, -22.982767599321079 ], [ -44.6556415, -22.983083599321088 ], [ -44.6553746, -22.983329299321063 ], [ -44.6551839, -22.983610099321105 ], [ -44.654878900000028, -22.983820699321093 ], [ -44.6545739, -22.983996199321048 ], [ -44.654192599999988, -22.983996199321048 ], [ -44.6538494, -22.983855799321091 ], [ -44.653658800000017, -22.983574999321057 ], [ -44.6535063, -22.983259099321096 ], [ -44.653201200000012, -22.983048499321082 ], [ -44.652972499999976, -22.982767599321079 ], [ -44.652743699999974, -22.982486799321123 ], [ -44.6527056, -22.982100699321101 ], [ -44.652972499999976, -22.981854999321108 ], [ -44.653125, -22.981538999321124 ], [ -44.653125, -22.981187999321108 ], [ -44.6530487, -22.980836999321145 ], [ -44.6527056, -22.980696599321128 ], [ -44.652324299999975, -22.980591299321148 ], [ -44.65201919999997, -22.980380699321174 ], [ -44.6518286, -22.980064699321179 ], [ -44.6515617, -22.979818999321179 ], [ -44.651256699999976, -22.979608399321183 ], [ -44.6509135, -22.979503099321164 ], [ -44.6505704, -22.97939779932118 ], [ -44.650303399999977, -22.979152099321208 ], [ -44.6500747, -22.978871199321198 ], [ -44.6499222, -22.978555299321183 ], [ -44.6497696, -22.978239399321208 ], [ -44.6496553, -22.977554799321229 ], [ -44.64954089999997, -22.977221399321245 ], [ -44.649464599999988, -22.976870299321202 ], [ -44.649159600000011, -22.976624599321219 ], [ -44.648854599999986, -22.976413999321228 ], [ -44.6486258, -22.976133099321284 ], [ -44.6483589, -22.97588739932123 ], [ -44.648092, -22.975641699321251 ], [ -44.64782509999997, -22.975395999321265 ], [ -44.6475582, -22.975115099321247 ], [ -44.6472531, -22.974904499321255 ], [ -44.64691, -22.974764099321284 ], [ -44.646528699999983, -22.97469389932127 ], [ -44.6462618, -22.974412999321313 ], [ -44.646033, -22.974132199321275 ], [ -44.6458424, -22.973851399321305 ], [ -44.645728, -22.973535399321314 ], [ -44.645423, -22.973324799321322 ], [ -44.645041699999979, -22.973289699321317 ], [ -44.644660400000021, -22.973359899321299 ], [ -44.6442791, -22.973394999321307 ], [ -44.6438978, -22.973430099321277 ], [ -44.643592800000022, -22.973254599321333 ], [ -44.643287699999973, -22.973079099321314 ], [ -44.642944600000021, -22.972973699321329 ], [ -44.6425633, -22.972938599321342 ], [ -44.642182, -22.973008899321353 ], [ -44.641800699999969, -22.973043999321334 ], [ -44.641419400000025, -22.973043999321334 ], [ -44.6410763, -22.972938599321342 ], [ -44.6406187, -22.972798199321325 ], [ -44.640313699999972, -22.972622699321313 ], [ -44.6401993, -22.972306799321359 ], [ -44.639818, -22.972236499321351 ], [ -44.639436699999969, -22.972306799321359 ], [ -44.639055400000018, -22.972341899321346 ], [ -44.638674200000025, -22.972236499321351 ], [ -44.63836909999997, -22.971990799321357 ], [ -44.637987800000019, -22.971920599321319 ], [ -44.637606600000019, -22.971955699321374 ], [ -44.637263399999988, -22.972096099321334 ], [ -44.636882099999987, -22.972131199321325 ], [ -44.636500800000015, -22.972131199321325 ], [ -44.6361195, -22.972096099321334 ], [ -44.635738199999984, -22.972060999321339 ], [ -44.635395099999982, -22.971920599321333 ], [ -44.6351282, -22.971674899321336 ], [ -44.6348613, -22.971429099321387 ], [ -44.634594400000026, -22.971148299321335 ], [ -44.634365600000017, -22.970867399321353 ], [ -44.634175, -22.970586599321368 ], [ -44.633908099999978, -22.970340899321375 ], [ -44.63356490000001, -22.970200399321389 ], [ -44.633183599999988, -22.970130199321407 ], [ -44.632802299999973, -22.970059999321368 ], [ -44.632459200000028, -22.969919599321425 ], [ -44.632116, -22.969814299321392 ], [ -44.631734699999981, -22.969779199321405 ], [ -44.63135340000003, -22.96974409932141 ], [ -44.631086499999974, -22.969498299321405 ], [ -44.630895899999985, -22.969217499321424 ], [ -44.6305337, -22.96893659932142 ], [ -44.6302096, -22.968690899321437 ], [ -44.6299427, -22.968445199321444 ], [ -44.629752, -22.968164299321447 ], [ -44.6294089, -22.967953699321455 ], [ -44.629027599999972, -22.967813199321451 ], [ -44.628608199999967, -22.967813199321469 ], [ -44.628265, -22.967707899321432 ], [ -44.6282269, -22.967356899321477 ], [ -44.628112499999986, -22.967005799321448 ], [ -44.62796, -22.96668979932145 ], [ -44.627693099999988, -22.966444099321457 ], [ -44.627464299999986, -22.966163199321468 ], [ -44.627121100000018, -22.966057899321488 ], [ -44.6267398, -22.966022799321504 ], [ -44.626396699999979, -22.965917499321471 ], [ -44.626015400000021, -22.965847299321496 ], [ -44.625634100000021, -22.965882399321483 ], [ -44.625329099999988, -22.966092999321479 ], [ -44.624947799999973, -22.966198299321455 ], [ -44.6246046, -22.966303699321497 ], [ -44.624223299999983, -22.966198299321455 ], [ -44.623880199999974, -22.966092999321479 ], [ -44.623537, -22.965952599321458 ], [ -44.623155699999977, -22.965882399321483 ], [ -44.622774400000026, -22.965847299321496 ], [ -44.622393199999976, -22.965847299321496 ], [ -44.622011900000018, -22.965812199321498 ], [ -44.621668699999979, -22.965706899321475 ], [ -44.6213255, -22.965531299321498 ], [ -44.6209824, -22.965425999321472 ], [ -44.6206011, -22.965425999321472 ], [ -44.6203342, -22.965671699321462 ], [ -44.61995289999998, -22.965706899321475 ], [ -44.619609700000012, -22.965566399321485 ], [ -44.6192666, -22.965390899321473 ], [ -44.618923400000028, -22.965250499321513 ], [ -44.618542100000013, -22.965215399321476 ], [ -44.61823709999998, -22.965390899321473 ], [ -44.618008299999978, -22.965671699321462 ], [ -44.617779600000013, -22.965952599321458 ], [ -44.617512700000027, -22.966198299321455 ], [ -44.617283900000011, -22.966479199321448 ], [ -44.6170932, -22.966795199321435 ], [ -44.616750099999983, -22.966935599321452 ], [ -44.616368799999968, -22.966935599321463 ], [ -44.615987500000017, -22.966935599321463 ], [ -44.6156062, -22.966830299321501 ], [ -44.615301199999969, -22.966619599321454 ], [ -44.614958, -22.966514299321449 ], [ -44.614462399999979, -22.966479199321448 ], [ -44.614081100000014, -22.966479199321448 ], [ -44.6136998, -22.96640899932147 ], [ -44.613356599999975, -22.966268599321474 ], [ -44.6130516, -22.966092999321479 ], [ -44.612746599999973, -22.965882399321483 ], [ -44.6124034, -22.965777099321514 ], [ -44.612098399999972, -22.965601499321483 ], [ -44.611717100000028, -22.965531299321498 ], [ -44.6113358, -22.965531299321498 ], [ -44.610992599999975, -22.965636599321464 ], [ -44.6106113, -22.965706899321475 ], [ -44.610230100000017, -22.965636599321464 ], [ -44.609886899999985, -22.965531299321498 ], [ -44.60950559999997, -22.965566399321485 ], [ -44.6092006, -22.965777099321514 ], [ -44.608857399999977, -22.965882399321483 ], [ -44.608476100000011, -22.965952599321458 ], [ -44.608133, -22.966057899321488 ], [ -44.607751699999987, -22.966057899321488 ], [ -44.607370399999979, -22.966128099321473 ], [ -44.606989100000021, -22.966128099321473 ], [ -44.606645899999982, -22.96598769932152 ], [ -44.60630279999998, -22.965847299321496 ], [ -44.606035899999988, -22.965601499321483 ], [ -44.605769, -22.965355799321493 ], [ -44.605502100000024, -22.965109999321474 ], [ -44.605082700000025, -22.964846699321509 ], [ -44.6047395, -22.964618499321485 ], [ -44.604434500000018, -22.964407899321547 ], [ -44.604091299999986, -22.964267499321512 ], [ -44.60371, -22.964267499321537 ], [ -44.603366900000026, -22.964372799321492 ], [ -44.6030237, -22.964548299321507 ], [ -44.602642399999986, -22.964478099321521 ], [ -44.602261100000021, -22.96444299932153 ], [ -44.6018798, -22.964407899321547 ], [ -44.6014986, -22.964232399321528 ], [ -44.601231700000014, -22.963951499321542 ], [ -44.601079099999986, -22.963635499321544 ], [ -44.6008504, -22.963354699321567 ], [ -44.6004691, -22.963319599321522 ], [ -44.6001259, -22.963459999321536 ], [ -44.5998209, -22.963635499321544 ], [ -44.599515899999965, -22.963811099321529 ], [ -44.5991346, -22.963846199321502 ], [ -44.598829500000022, -22.963635499321544 ], [ -44.598638900000012, -22.963354699321567 ], [ -44.598372, -22.963073799321567 ], [ -44.5980288, -22.96293339932155 ], [ -44.597761900000023, -22.962687599321544 ], [ -44.5976475, -22.962371699321569 ], [ -44.597609400000017, -22.962020599321598 ], [ -44.59760940000001, -22.961669499321594 ], [ -44.597495, -22.961318399321566 ], [ -44.59719, -22.961037599321592 ], [ -44.59684679999998, -22.960897099321617 ], [ -44.596465599999981, -22.960897099321603 ], [ -44.596084299999966, -22.960897099321603 ], [ -44.595664800000016, -22.960826899321582 ], [ -44.5955505, -22.960510999321599 ], [ -44.595588599999978, -22.960159899321621 ], [ -44.595626700000025, -22.959808799321646 ], [ -44.5953217, -22.959598099321628 ], [ -44.594940399999977, -22.959527899321643 ], [ -44.594521, -22.959492799321648 ], [ -44.5941778, -22.959352399321627 ], [ -44.593987200000015, -22.959036399321651 ], [ -44.593720299999973, -22.958790699321657 ], [ -44.593339, -22.958720399321646 ], [ -44.592995799999976, -22.958825799321648 ], [ -44.5926908, -22.959036399321651 ], [ -44.592423899999972, -22.959282199321656 ], [ -44.592157, -22.959527899321643 ], [ -44.5918901, -22.959773699321662 ], [ -44.591585099999975, -22.959984299321587 ], [ -44.59128, -22.96023009932161 ], [ -44.590898700000025, -22.960300299321588 ], [ -44.590517499999976, -22.960370499321627 ], [ -44.590212399999984, -22.960546099321601 ], [ -44.589831100000026, -22.96058119932157 ], [ -44.589488, -22.960475799321582 ], [ -44.5892973, -22.960194999321605 ], [ -44.5890304, -22.959914099321605 ], [ -44.58876350000002, -22.95963329932162 ], [ -44.588458499999987, -22.959457699321604 ], [ -44.588077199999987, -22.959422599321613 ], [ -44.587695900000028, -22.959387499321622 ], [ -44.587314600000013, -22.959422599321613 ], [ -44.5868952, -22.959457699321604 ], [ -44.58639950000002, -22.959457699321604 ], [ -44.586018299999978, -22.959457699321604 ], [ -44.585598800000014, -22.959475299321628 ], [ -44.5852557, -22.959317299321636 ], [ -44.5848744, -22.959247099321669 ], [ -44.584531200000015, -22.959141699321609 ], [ -44.5841881, -22.958966199321651 ], [ -44.5839593, -22.958685299321662 ], [ -44.583844899999974, -22.958369299321678 ], [ -44.5837687, -22.958018299321662 ], [ -44.5838068, -22.957667199321669 ], [ -44.583883, -22.957316099321698 ], [ -44.583730499999987, -22.957000099321704 ], [ -44.583425499999976, -22.956754299321698 ], [ -44.5831205, -22.956543699321699 ], [ -44.582815400000015, -22.956368099321725 ], [ -44.5825104, -22.956192599321707 ], [ -44.582167200000015, -22.956052199321697 ], [ -44.5820147, -22.955736199321709 ], [ -44.581976600000012, -22.955385099321713 ], [ -44.5817478, -22.955104199321724 ], [ -44.5814428, -22.954893599321725 ], [ -44.581099600000016, -22.954682899321771 ], [ -44.5807565, -22.954577599321734 ], [ -44.580413299999961, -22.954472199321756 ], [ -44.580032, -22.954366899321766 ], [ -44.5796507, -22.954331799321725 ], [ -44.5792313, -22.954296699321741 ], [ -44.5788119, -22.954296699321727 ], [ -44.5784306, -22.954296699321727 ], [ -44.578049299999968, -22.954296699321741 ], [ -44.577668, -22.954296699321741 ], [ -44.577286800000024, -22.954296699321741 ], [ -44.5769055, -22.954191399321775 ], [ -44.5765242, -22.954191399321775 ], [ -44.576142899999979, -22.954191399321775 ], [ -44.575761600000021, -22.954085999321773 ], [ -44.575456599999988, -22.953875399321795 ], [ -44.575113400000014, -22.953734899321745 ], [ -44.5747321, -22.953629599321758 ], [ -44.574350799999984, -22.953559399321783 ], [ -44.574045800000022, -22.953348699321754 ], [ -44.573740799999989, -22.953138099321759 ], [ -44.573588299999983, -22.952822099321768 ], [ -44.5734357, -22.952506099321788 ], [ -44.573168800000019, -22.952260299321775 ], [ -44.572940099999983, -22.951979399321825 ], [ -44.572787600000026, -22.951663399321777 ], [ -44.572767899999967, -22.951307099321831 ] ] ] } },
{ "type": "Feature", "properties": { "NUCOMPTREC": 37.094, "NUDISTBACT": 0.0, "NUDISTCDAG": 0.0, "NUAREACONT": 197.037, "NUAREAMONT": 197.037, "NUDISTBACC": 0.0, "NUAREABACC": 197.037, "NUCOMPCDA": 37.094, "Shape__Len": 0, "OBJECTID": 5952, "ID": 74857, "COTRECHO": 74857, "COCURSODAG": "7793918", "COBACIA": "7793918", "NOGENERICO": "Rio", "NOLIGACAO": null, "NOESPECIF": "Bracuí", "NORIOCOMP": "Rio Bracuí", "NOORIGINAL": "Rio Bracuí", "COCDADESAG": null, "NUTRJUS": 111838, "NUORDEMCDA": 1, "NUNIVOTTO": 7, "NUNIVOTCDA": 7, "NUSTRAHLER": 1, "DEDOMINIAL": "Federal", "DSVERSAO": "BHO bho_2017_v_01_05_50k de 2018-06-22" }, "geometry": { "type": "MultiLineString", "coordinates": [ [ [ -44.4333257, -22.734129899326838 ], [ -44.4337238, -22.734282899326793 ], [ -44.434055699999988, -22.734466499326807 ], [ -44.43442060000001, -22.734864399326785 ], [ -44.434619699999985, -22.735200999326793 ], [ -44.4347856, -22.735659999326771 ], [ -44.434951500000011, -22.736027299326757 ], [ -44.4351838, -22.73633329932677 ], [ -44.435482400000012, -22.736486299326774 ], [ -44.4358474, -22.736608699326741 ], [ -44.4366769, -22.736700499326734 ], [ -44.437075100000015, -22.736486299326774 ], [ -44.437406899999985, -22.736272099326769 ], [ -44.4378051, -22.73624149932677 ], [ -44.4382364, -22.736210899326789 ], [ -44.438568200000013, -22.736455699326772 ], [ -44.4389, -22.736822899326754 ], [ -44.439265, -22.737281999326736 ], [ -44.4396632, -22.737434999326737 ], [ -44.439995, -22.737465599326754 ], [ -44.440227199999981, -22.737679799326763 ], [ -44.4403931, -22.738077599326711 ], [ -44.440857699999988, -22.738475399326735 ], [ -44.4413222, -22.738597799326683 ], [ -44.441753600000027, -22.738628399326693 ], [ -44.442184899999972, -22.738842699326735 ], [ -44.4425167, -22.739209899326696 ], [ -44.442948100000024, -22.739515899326715 ], [ -44.443313, -22.739730099326664 ], [ -44.443512100000021, -22.740158499326682 ], [ -44.443678, -22.740617499326646 ], [ -44.443777599999969, -22.741045999326641 ], [ -44.443943499999989, -22.741566199326655 ], [ -44.4441094, -22.741810999326617 ], [ -44.444308499999977, -22.742147599326643 ], [ -44.444308499999977, -22.742422999326589 ], [ -44.4443748, -22.742851399326611 ], [ -44.444507499999986, -22.743157399326577 ], [ -44.444872499999974, -22.743493999326592 ], [ -44.4451712, -22.743646999326604 ], [ -44.445569299999988, -22.7442896993266 ], [ -44.446166600000026, -22.744962899326577 ], [ -44.4465316, -22.745299499326546 ], [ -44.4469297, -22.745727899326575 ], [ -44.447294699999979, -22.746003299326528 ], [ -44.447659699999974, -22.746523499326543 ], [ -44.448057899999981, -22.74682949932652 ], [ -44.4483565, -22.747135499326529 ], [ -44.4489206, -22.747594499326496 ], [ -44.449252399999985, -22.747625099326502 ], [ -44.449916, -22.747533299326488 ], [ -44.450347299999976, -22.747319099326532 ], [ -44.450977799999976, -22.747257899326538 ], [ -44.451641400000035, -22.747349699326474 ], [ -44.452072699999981, -22.747441499326488 ], [ -44.452470899999973, -22.747441499326488 ], [ -44.45267, -22.746982499326528 ], [ -44.4530737, -22.745962499326559 ], [ -44.4534276, -22.745676899326508 ], [ -44.4539585, -22.745268899326543 ], [ -44.4543567, -22.745105699326569 ], [ -44.454666299999978, -22.74506489932655 ], [ -44.455108699999982, -22.745146499326538 ], [ -44.4558166, -22.745432099326575 ], [ -44.456259, -22.745799299326531 ], [ -44.4565687, -22.746166499326552 ], [ -44.4567457, -22.746900899326533 ], [ -44.45683409999998, -22.747349699326488 ], [ -44.4571881, -22.747798499326475 ], [ -44.457542, -22.748043299326497 ], [ -44.457895899999983, -22.748288099326505 ], [ -44.4583826, -22.748573699326482 ], [ -44.458648, -22.748859199326496 ], [ -44.458913499999987, -22.749307999326451 ], [ -44.459311599999971, -22.749471199326479 ], [ -44.459798299999989, -22.749715999326426 ], [ -44.460284899999976, -22.749919999326412 ], [ -44.46086, -22.7502463993264 ], [ -44.461479399999973, -22.750695199326422 ], [ -44.46192180000002, -22.751021599326435 ], [ -44.462364200000017, -22.75134799932642 ], [ -44.462718199999976, -22.751511199326394 ], [ -44.462895100000026, -22.751878399326408 ], [ -44.463204800000035, -22.75253109932639 ], [ -44.463470299999976, -22.752939099326369 ], [ -44.463691499999982, -22.753306299326393 ], [ -44.463824199999976, -22.753591899326363 ], [ -44.463824199999962, -22.753918299326358 ], [ -44.46377990000002, -22.754366999326351 ], [ -44.463558700000014, -22.754734199326315 ], [ -44.463290799999982, -22.755524499326309 ], [ -44.46321219999998, -22.756104699326283 ], [ -44.4627403, -22.756539899326313 ], [ -44.4621897, -22.756902499326305 ], [ -44.4619538, -22.757120099326276 ], [ -44.4617965, -22.757555299326253 ], [ -44.461481900000024, -22.757772799326261 ], [ -44.4611673, -22.75799039932625 ], [ -44.460774, -22.758643199326244 ], [ -44.46014480000003, -22.758715699326224 ], [ -44.459594299999985, -22.758933299326266 ], [ -44.458886399999976, -22.75900579932626 ], [ -44.4581786, -22.758280499326265 ], [ -44.457628, -22.757772799326276 ], [ -44.4568415, -22.757700299326281 ], [ -44.456291, -22.75799039932625 ], [ -44.4562123, -22.758715699326224 ], [ -44.4559764, -22.759150899326261 ], [ -44.455504500000011, -22.759440999326202 ], [ -44.455111199999976, -22.759948599326187 ], [ -44.455111199999976, -22.760746399326216 ], [ -44.455268499999981, -22.761399199326213 ], [ -44.455583100000013, -22.761689299326189 ], [ -44.455583100000013, -22.761979399326144 ], [ -44.455347099999983, -22.762486999326175 ], [ -44.455111199999976, -22.762777099326144 ], [ -44.4548752, -22.763067199326173 ], [ -44.454482, -22.763574899326123 ], [ -44.454403300000017, -22.7641550993261 ], [ -44.454246, -22.764735299326095 ], [ -44.454324699999958, -22.765387999326055 ], [ -44.4548752, -22.766040699326108 ], [ -44.4550325, -22.766620899326085 ], [ -44.4555044, -22.767346099326041 ], [ -44.4561336, -22.76749109932603 ], [ -44.45668419999997, -22.767563699326026 ], [ -44.457077500000018, -22.768288899326041 ], [ -44.45715610000002, -22.768651499325994 ], [ -44.456920200000013, -22.76937669932602 ], [ -44.4567629, -22.769956899325997 ], [ -44.456920200000013, -22.770391999325987 ], [ -44.457313399999975, -22.77068209932596 ], [ -44.457392099999979, -22.77104469932598 ], [ -44.457077500000018, -22.771407299325965 ], [ -44.4568415, -22.771697399325948 ], [ -44.4567629, -22.772349999325943 ], [ -44.457077500000018, -22.773002699325911 ], [ -44.45715610000002, -22.773582899325909 ], [ -44.456831700000016, -22.773872899325912 ], [ -44.4568317, -22.774144899325901 ], [ -44.456949599999959, -22.774525599325884 ], [ -44.457303599999989, -22.774743199325876 ], [ -44.4575395, -22.77490629932586 ], [ -44.457775500000032, -22.775178299325859 ], [ -44.458011399999975, -22.775558999325845 ], [ -44.4583654, -22.775830899325868 ], [ -44.458542299999969, -22.775994099325835 ], [ -44.4586013, -22.776483599325836 ], [ -44.4582474, -22.776864299325837 ], [ -44.4580704, -22.777190599325806 ], [ -44.458011399999968, -22.777571399325822 ], [ -44.457893399999975, -22.778006499325794 ], [ -44.457303599999989, -22.778332799325796 ], [ -44.45700859999998, -22.778550299325801 ], [ -44.4566547, -22.778985399325787 ], [ -44.4564777, -22.779311699325781 ], [ -44.4563008, -22.779801199325767 ], [ -44.456182800000015, -22.780127499325747 ], [ -44.456064799999979, -22.780453899325742 ], [ -44.455828899999972, -22.780671399325747 ], [ -44.455651900000014, -22.781160899325691 ], [ -44.455533899999978, -22.781541599325745 ], [ -44.455128399999971, -22.782190699325707 ], [ -44.455128399999971, -22.782516999325683 ], [ -44.455128399999971, -22.782924899325685 ], [ -44.455128399999971, -22.783373599325682 ], [ -44.45490719999998, -22.783822299325657 ], [ -44.454509, -22.784270899325684 ], [ -44.454509, -22.784882799325629 ], [ -44.4545533, -22.785372199325614 ], [ -44.45508419999998, -22.785657699325625 ], [ -44.455792, -22.785780099325621 ], [ -44.456455600000027, -22.785820899325589 ], [ -44.45694229999998, -22.785943299325609 ], [ -44.4573404, -22.786351099325604 ], [ -44.457473199999974, -22.78667739932558 ], [ -44.457561600000012, -22.787003699325602 ], [ -44.458402200000023, -22.787370799325625 ], [ -44.458800399999966, -22.78769709932558 ], [ -44.459110099999975, -22.788227399325546 ], [ -44.45924280000002, -22.78875759932555 ], [ -44.459906400000023, -22.789043099325561 ], [ -44.460304599999979, -22.78928779932556 ], [ -44.460437300000017, -22.789858899325544 ], [ -44.4607027, -22.790348299325515 ], [ -44.4610124, -22.790796999325508 ], [ -44.461056699999965, -22.791449499325481 ], [ -44.461543300000017, -22.791816599325486 ], [ -44.462206900000012, -22.79230609932549 ], [ -44.4627378, -22.792877099325452 ], [ -44.463003300000025, -22.79336649932544 ], [ -44.4634014, -22.793855899325422 ], [ -44.4637553, -22.794019099325443 ], [ -44.463888100000027, -22.794263799325432 ], [ -44.464065, -22.794630899325441 ], [ -44.464065, -22.795079499325396 ], [ -44.463976600000017, -22.795446599325377 ], [ -44.463666900000014, -22.795691299325384 ], [ -44.463445700000022, -22.796099099325378 ], [ -44.4633129, -22.796629299325378 ], [ -44.463357200000011, -22.797118799325375 ], [ -44.463357200000011, -22.797648999325325 ], [ -44.462826300000017, -22.798301499325301 ], [ -44.4626493, -22.798709399325329 ], [ -44.4625166, -22.799239599325336 ], [ -44.4625166, -22.799769699325317 ], [ -44.4625166, -22.800095999325293 ], [ -44.4623396, -22.800463099325288 ], [ -44.461941500000023, -22.800789299325299 ], [ -44.4616318, -22.800993299325292 ], [ -44.461189400000031, -22.801360299325268 ], [ -44.4602603, -22.802012899325273 ], [ -44.459906400000023, -22.802502299325244 ], [ -44.459596700000027, -22.803195599325218 ], [ -44.4591985, -22.803807299325221 ], [ -44.4589677, -22.804004899325189 ], [ -44.458579199999974, -22.804337499325165 ], [ -44.45769439999998, -22.804745299325166 ], [ -44.457119200000015, -22.80494919932519 ], [ -44.456588300000021, -22.805316299325181 ], [ -44.456101699999969, -22.805724099325179 ], [ -44.455438099999988, -22.806213499325153 ], [ -44.45415509999998, -22.806498899325153 ], [ -44.453447200000021, -22.806702899325142 ], [ -44.452916300000027, -22.80711069932514 ], [ -44.4523855, -22.807477699325098 ], [ -44.452075799999989, -22.807844699325088 ], [ -44.451633399999984, -22.808741899325071 ], [ -44.4514564, -22.810413999325039 ], [ -44.451323699999989, -22.81171889932504 ], [ -44.451146699999981, -22.812249099324987 ], [ -44.451146699999981, -22.812575299325001 ], [ -44.45105819999997, -22.813023899325021 ], [ -44.450792799999981, -22.813513299324999 ], [ -44.450748499999975, -22.813961899324951 ], [ -44.4508813, -22.814369599324987 ], [ -44.451102499999983, -22.814981299324948 ], [ -44.451146699999981, -22.815470699324923 ], [ -44.451279399999983, -22.816041599324926 ], [ -44.451323699999989, -22.816367799324933 ], [ -44.4514564, -22.816775599324934 ], [ -44.4514564, -22.817631999324885 ], [ -44.4514564, -22.818121299324844 ], [ -44.451412199999986, -22.818610699324879 ], [ -44.451677599999989, -22.819018499324891 ], [ -44.451943, -22.819303899324883 ], [ -44.452252699999967, -22.819997099324858 ], [ -44.452031499999975, -22.820445699324821 ], [ -44.451677599999989, -22.820690399324807 ], [ -44.451279399999976, -22.821138899324794 ], [ -44.451191, -22.821628199324817 ], [ -44.4514564, -22.821954499324789 ], [ -44.451721799999973, -22.82207679932478 ], [ -44.451854599999976, -22.822484599324774 ], [ -44.452186400000016, -22.822871899324767 ], [ -44.452650899999988, -22.822973899324786 ], [ -44.452960599999983, -22.823055399324726 ], [ -44.453403, -22.823300099324737 ], [ -44.453624199999972, -22.823585499324732 ], [ -44.453801199999987, -22.823993299324709 ], [ -44.453845399999977, -22.824319499324737 ], [ -44.454287799999975, -22.824564199324726 ], [ -44.45459749999997, -22.824808799324764 ], [ -44.454730199999972, -22.825175799324718 ], [ -44.454730199999972, -22.825501999324686 ], [ -44.4545533, -22.825868999324708 ], [ -44.454464799999975, -22.826276799324702 ], [ -44.454509, -22.826602999324656 ], [ -44.454774499999985, -22.82680689932468 ], [ -44.454995699999984, -22.82717389932467 ], [ -44.455357, -22.828415299324647 ], [ -44.455357, -22.829140199324602 ], [ -44.45519969999998, -22.829647599324588 ], [ -44.4549637, -22.830299999324616 ], [ -44.454934200000018, -22.830825499324593 ], [ -44.454816199999982, -22.831314799324545 ], [ -44.4546393, -22.831477899324565 ], [ -44.4548752, -22.832075899324554 ], [ -44.4554061, -22.832347799324531 ], [ -44.4555241, -22.832891399324531 ], [ -44.4555241, -22.83332629932454 ], [ -44.454897300000027, -22.833829199324537 ], [ -44.454322199999972, -22.833829199324537 ], [ -44.453658599999976, -22.833869999324513 ], [ -44.453039199999971, -22.833951499324527 ], [ -44.452464099999979, -22.834359299324522 ], [ -44.452287099999971, -22.834848599324477 ], [ -44.452242899999987, -22.835337799324471 ], [ -44.452242899999987, -22.835867899324441 ], [ -44.4519774, -22.836316399324442 ], [ -44.451712, -22.836560999324472 ], [ -44.451667799999989, -22.83709109932445 ], [ -44.4520217, -22.837621099324402 ], [ -44.452375599999982, -22.838069599324399 ], [ -44.4525526, -22.838314299324399 ], [ -44.4528623, -22.838721999324431 ], [ -44.452818, -22.839088899324363 ], [ -44.452729499999968, -22.839578199324379 ], [ -44.4528623, -22.840108299324374 ], [ -44.453171899999965, -22.840352899324404 ], [ -44.453614399999985, -22.840515999324349 ], [ -44.454101, -22.84059749932436 ], [ -44.454631899999974, -22.840719799324344 ], [ -44.454941599999984, -22.840964499324329 ], [ -44.4555236, -22.841226899324337 ], [ -44.4559964, -22.841226899324337 ], [ -44.456295099999977, -22.841249899324332 ], [ -44.456519, -22.841341599324359 ], [ -44.456643499999977, -22.841662699324306 ], [ -44.456469299999981, -22.841983699324338 ], [ -44.4561458, -22.84237359932429 ], [ -44.4555236, -22.842786399324332 ], [ -44.454926399999984, -22.842901099324315 ], [ -44.4542545, -22.842901099324315 ], [ -44.453806499999985, -22.843153399324319 ], [ -44.45360740000001, -22.843405599324289 ], [ -44.453263199999981, -22.843735199324321 ], [ -44.452820799999984, -22.844020599324313 ], [ -44.452378399999986, -22.844265199324269 ], [ -44.452068699999984, -22.8444690993243 ], [ -44.451891699999976, -22.845039899324277 ], [ -44.451891699999976, -22.845529099324271 ], [ -44.452112899999968, -22.845895999324224 ], [ -44.45242259999997, -22.846222199324224 ], [ -44.452909299999988, -22.846466799324187 ], [ -44.453263199999981, -22.846629899324213 ], [ -44.453617099999967, -22.84687449932423 ], [ -44.45401529999998, -22.847241499324205 ], [ -44.454634699999986, -22.847771499324228 ], [ -44.454811600000021, -22.848301499324176 ], [ -44.454634699999978, -22.849035299324186 ], [ -44.454280700000027, -22.849687599324131 ], [ -44.454103799999984, -22.850054499324148 ], [ -44.45401529999998, -22.850584499324167 ], [ -44.453617099999967, -22.850829199324149 ], [ -44.453263199999981, -22.851155299324141 ], [ -44.453219, -22.85152219932408 ], [ -44.453263199999981, -22.85188909932409 ], [ -44.453440199999982, -22.852378399324117 ], [ -44.453351699999978, -22.852826799324088 ], [ -44.453263199999981, -22.853234499324056 ], [ -44.453395899999975, -22.853519899324041 ], [ -44.453617099999967, -22.853805199324068 ], [ -44.453838299999973, -22.854090599324056 ], [ -44.454148, -22.854579799324039 ], [ -44.454325, -22.855313599324017 ], [ -44.454325, -22.855802899324022 ], [ -44.453971, -22.856088199324002 ], [ -44.452865, -22.855639799324027 ], [ -44.452201399999971, -22.855395199324001 ], [ -44.451582, -22.855354399324032 ], [ -44.450697199999986, -22.855721299324035 ], [ -44.4502991, -22.855965899324008 ], [ -44.449900899999982, -22.856292099324019 ], [ -44.449723899999981, -22.856862799323977 ], [ -44.449812399999985, -22.85755579932399 ], [ -44.450122099999987, -22.858208099323964 ], [ -44.4504318, -22.858738099323919 ], [ -44.4510512, -22.859879499323899 ], [ -44.45167049999997, -22.8609393993239 ], [ -44.451759, -22.861591699323895 ], [ -44.451626299999987, -22.862040099323874 ], [ -44.451228099999973, -22.862406999323873 ], [ -44.450829899999967, -22.862610799323882 ], [ -44.450476, -22.86305919932385 ], [ -44.450077899999989, -22.863426099323856 ], [ -44.450077799999981, -22.864078399323802 ], [ -44.450343299999979, -22.864363699323818 ], [ -44.450653, -22.864730599323778 ], [ -44.450564499999984, -22.865219799323761 ], [ -44.4501221, -22.865708899323796 ], [ -44.4499894, -22.865994299323795 ], [ -44.450077799999981, -22.866483499323785 ], [ -44.4504318, -22.866891099323723 ], [ -44.4505203, -22.867339499323748 ], [ -44.4505203, -22.867991699323731 ], [ -44.450918399999978, -22.868399299323734 ], [ -44.451405099999981, -22.869173899323716 ], [ -44.4515378, -22.86941839932366 ], [ -44.451582, -22.869826099323692 ], [ -44.451095399999978, -22.870111399323651 ], [ -44.450653, -22.870437499323661 ], [ -44.450033599999983, -22.870804399323664 ], [ -44.4493258, -22.871008199323661 ], [ -44.4483525, -22.871171199323651 ], [ -44.447113699999981, -22.871293499323656 ], [ -44.446582799999987, -22.871782699323624 ], [ -44.445830699999988, -22.872067999323658 ], [ -44.445299799999979, -22.8724755993236 ], [ -44.4451671, -22.872923999323625 ], [ -44.4456538, -22.873290899323575 ], [ -44.4461404, -22.873494699323565 ], [ -44.446582799999987, -22.873698499323577 ], [ -44.446671299999984, -22.873943099323611 ], [ -44.4463174, -22.874024599323583 ], [ -44.4459635, -22.874432199323582 ], [ -44.445830699999988, -22.874717499323545 ], [ -44.445830699999973, -22.8750435993236 ], [ -44.4454326, -22.875410499323529 ], [ -44.4449902, -22.875614299323551 ], [ -44.444724699999988, -22.875940399323532 ], [ -44.444149599999989, -22.876062699323519 ], [ -44.4436187, -22.875940399323532 ], [ -44.4431763, -22.876103399323519 ], [ -44.442815, -22.877058999323481 ], [ -44.442579, -22.877783699323516 ], [ -44.441949799999968, -22.878435799323469 ], [ -44.4416352, -22.878870599323513 ], [ -44.4413993, -22.879450299323445 ], [ -44.4413993, -22.879957599323458 ], [ -44.441242, -22.880537299323453 ], [ -44.4408487, -22.881044499323398 ], [ -44.440691399999984, -22.881624199323387 ], [ -44.4406128, -22.88220389932339 ], [ -44.440140900000031, -22.882638599323393 ], [ -44.439433, -22.883290799323376 ], [ -44.439039799999989, -22.883797999323384 ], [ -44.4386465, -22.884450099323331 ], [ -44.438253299999985, -22.885247199323306 ], [ -44.437938700000018, -22.885826899323302 ], [ -44.437388100000021, -22.886334099323314 ], [ -44.4364443, -22.886623899323315 ], [ -44.436129699999974, -22.887203599323318 ], [ -44.4356578, -22.888145499323272 ], [ -44.43534319999997, -22.88944979932327 ], [ -44.4349499, -22.890319299323206 ], [ -44.434556699999966, -22.891188699323177 ], [ -44.433848800000021, -22.892203099323197 ], [ -44.432942299999979, -22.893354799323134 ], [ -44.4324466, -22.893284599323163 ], [ -44.4320844, -22.893425099323139 ], [ -44.431779399999968, -22.893600699323116 ], [ -44.43155059999998, -22.893881699323149 ], [ -44.431131199999975, -22.89395189932312 ], [ -44.430788, -22.894092399323107 ], [ -44.430521100000021, -22.894338299323138 ], [ -44.430254199999972, -22.894584199323116 ], [ -44.430063599999983, -22.894865199323121 ], [ -44.4297967, -22.895111099323113 ], [ -44.429415399999982, -22.895251599323085 ], [ -44.428957799999978, -22.895321799323078 ], [ -44.42857650000002, -22.895356999323084 ], [ -44.4282334, -22.895462299323128 ], [ -44.427928300000026, -22.895637899323084 ], [ -44.427814, -22.895954099323067 ], [ -44.4277758, -22.896305299323075 ], [ -44.427661399999984, -22.896656599323034 ], [ -44.42747079999998, -22.896972699323051 ], [ -44.4272039, -22.897253699323066 ], [ -44.426898900000012, -22.897464399323042 ], [ -44.426593799999985, -22.897639999323058 ], [ -44.426326899999978, -22.897885899323057 ], [ -44.426021900000023, -22.898131799323032 ], [ -44.4257169, -22.898307399323041 ], [ -44.425335599999983, -22.89837769932306 ], [ -44.424916199999977, -22.89837769932306 ], [ -44.424534900000019, -22.89837769932306 ], [ -44.4241536, -22.89837769932306 ], [ -44.423848599999978, -22.898553299323037 ], [ -44.423657900000016, -22.898834299322992 ], [ -44.4233148, -22.898974799323046 ], [ -44.4229335, -22.899009899323026 ], [ -44.422514099999987, -22.899044999323035 ], [ -44.422094599999973, -22.899044999323035 ], [ -44.421751500000028, -22.899150399323013 ], [ -44.421484599999978, -22.899396299322991 ], [ -44.42137020000002, -22.899712399322997 ], [ -44.421255799999976, -22.900028499323007 ], [ -44.4209889, -22.900274299322991 ], [ -44.420683899999979, -22.900449999322959 ], [ -44.4203407, -22.900555299322992 ], [ -44.420035700000035, -22.900730999322985 ], [ -44.419768799999979, -22.901047099322994 ], [ -44.419425600000011, -22.901152399322985 ], [ -44.419044299999982, -22.901152399322985 ], [ -44.418739300000027, -22.900941699322946 ], [ -44.418319899999972, -22.900941699322946 ], [ -44.417938600000014, -22.900906599322958 ], [ -44.417595399999982, -22.901011899322981 ], [ -44.417176, -22.901082199322982 ], [ -44.416756599999978, -22.901117299322966 ], [ -44.416375300000027, -22.901152399322985 ], [ -44.415955899999986, -22.901222699322968 ], [ -44.4156127, -22.90132809932296 ], [ -44.415269599999988, -22.901468499322988 ], [ -44.414888299999966, -22.901468499322988 ], [ -44.414507, -22.901468499322988 ], [ -44.4141257, -22.901538799322978 ], [ -44.413782599999983, -22.90164419932298 ], [ -44.413439400000016, -22.901784699322967 ], [ -44.4131344, -22.901960299322937 ], [ -44.4128293, -22.902135899322964 ], [ -44.412600600000012, -22.902416899322933 ], [ -44.4124099, -22.902697899322948 ], [ -44.4124099, -22.903049099322907 ], [ -44.412219300000011, -22.903330099322915 ], [ -44.412143, -22.903681299322926 ], [ -44.4120858, -22.904120299322898 ], [ -44.412028599999971, -22.90448909932288 ], [ -44.411952400000011, -22.904840299322856 ], [ -44.411838, -22.905191599322894 ], [ -44.4117236, -22.905507699322854 ], [ -44.411456699999974, -22.905753499322866 ], [ -44.411227899999965, -22.906034499322814 ], [ -44.4109229, -22.906280399322867 ], [ -44.4106941, -22.906561299322878 ], [ -44.410579700000028, -22.906877399322831 ], [ -44.410427200000015, -22.907228599322828 ], [ -44.410351, -22.907579899322791 ], [ -44.410389099999961, -22.907931099322806 ], [ -44.410427200000022, -22.908282299322796 ], [ -44.410427200000015, -22.9086334993228 ], [ -44.4104653, -22.908984699322804 ], [ -44.4105035, -22.909335899322752 ], [ -44.4105035, -22.909687199322786 ], [ -44.4105035, -22.910038399322787 ], [ -44.410198400000013, -22.910213999322767 ], [ -44.40981720000002, -22.910249099322733 ], [ -44.4094359, -22.910143699322752 ], [ -44.4090546, -22.910073499322788 ], [ -44.4087114, -22.909897899322743 ], [ -44.4083301, -22.909897899322743 ], [ -44.408063200000015, -22.910178899322766 ], [ -44.407948799999971, -22.91049489932275 ], [ -44.407834499999964, -22.910810999322774 ], [ -44.406766800000014, -22.911636399322767 ], [ -44.406576200000011, -22.911969999322721 ], [ -44.406385600000021, -22.91225099932274 ], [ -44.406233, -22.912567099322697 ], [ -44.406042399999983, -22.9128479993227 ], [ -44.4057755, -22.91312899932273 ], [ -44.4055849, -22.913409999322678 ], [ -44.405279800000017, -22.913725999322676 ], [ -44.404974799999984, -22.913971899322654 ], [ -44.4047079, -22.91421769932267 ], [ -44.40440289999998, -22.914428399322684 ], [ -44.404136, -22.914674299322666 ], [ -44.403869100000016, -22.914920099322671 ], [ -44.403525899999977, -22.915060599322654 ], [ -44.403144600000019, -22.915201099322633 ], [ -44.402801399999987, -22.915341499322651 ], [ -44.402458299999978, -22.915446899322646 ], [ -44.4021533, -22.915657599322611 ], [ -44.4019245, -22.915938599322626 ], [ -44.401810099999977, -22.916254699322646 ], [ -44.401733799999981, -22.916605899322594 ], [ -44.401657600000014, -22.916956999322636 ], [ -44.401543199999978, -22.917273099322589 ], [ -44.4012763, -22.917518999322628 ], [ -44.401104700000026, -22.918080899322593 ], [ -44.400895, -22.918432099322587 ], [ -44.4004756, -22.918467199322578 ], [ -44.400094299999985, -22.918502299322565 ], [ -44.399713, -22.918467199322578 ], [ -44.3993317, -22.918467199322578 ], [ -44.3989504, -22.918467199322578 ], [ -44.398569099999975, -22.91839689932258 ], [ -44.3982641, -22.918221299322592 ], [ -44.397921, -22.918115999322584 ], [ -44.397539699999982, -22.918186199322555 ], [ -44.3972346, -22.918431999322561 ], [ -44.396891499999988, -22.918642799322569 ], [ -44.3965483, -22.918783199322583 ], [ -44.396281400000021, -22.919064199322531 ], [ -44.395976399999981, -22.919309999322543 ], [ -44.395671400000019, -22.919520699322554 ], [ -44.395442600000024, -22.91980169932253 ], [ -44.395175699999982, -22.920047499322543 ], [ -44.3949088, -22.920293299322562 ], [ -44.3946037, -22.920468899322529 ], [ -44.394375, -22.920749899322502 ], [ -44.394069899999977, -22.920925499322525 ], [ -44.393803, -22.921206399322521 ], [ -44.393498, -22.921452199322488 ], [ -44.393231099999973, -22.921698099322509 ], [ -44.392926100000011, -22.921873699322475 ], [ -44.392621, -22.922084399322497 ], [ -44.392316, -22.922259999322467 ], [ -44.3920491, -22.92250579932249 ], [ -44.391744099999983, -22.922751599322503 ], [ -44.391515299999973, -22.923032599322468 ], [ -44.3914009, -22.923348599322463 ], [ -44.391553400000021, -22.923664699322469 ], [ -44.391896599999988, -22.923769999322445 ], [ -44.392277900000018, -22.923769999322445 ], [ -44.392659200000026, -22.923840299322446 ], [ -44.393002299999971, -22.923945599322472 ], [ -44.393307400000019, -22.924121199322439 ], [ -44.393726800000017, -22.924560199322404 ], [ -44.3938412, -22.924893799322433 ], [ -44.393879299999973, -22.925244999322441 ], [ -44.393879299999973, -22.925596099322412 ], [ -44.3938412, -22.92594729932242 ], [ -44.393803, -22.926298499322364 ], [ -44.393879299999973, -22.926649599322399 ], [ -44.3939937, -22.926965699322366 ], [ -44.3941843, -22.927246599322356 ], [ -44.394375, -22.927527499322377 ], [ -44.3946037, -22.927808499322381 ], [ -44.3948706, -22.928089399322324 ], [ -44.395023200000026, -22.928405499322334 ], [ -44.395328199999987, -22.928616199322363 ], [ -44.3957095, -22.928510799322371 ], [ -44.395976399999981, -22.928264999322362 ], [ -44.396243299999988, -22.92801919932235 ], [ -44.3965483, -22.927843599322376 ], [ -44.396891499999988, -22.927738199322377 ], [ -44.397272799999989, -22.927808499322381 ], [ -44.397539699999982, -22.928054299322334 ], [ -44.397539699999982, -22.928405499322334 ], [ -44.3973871, -22.928721499322332 ], [ -44.397310899999972, -22.929072699322344 ], [ -44.397310899999972, -22.929423799322315 ], [ -44.3974253, -22.929739899322321 ], [ -44.3976159, -22.930020799322325 ], [ -44.397921, -22.930231499322296 ], [ -44.3980353, -22.930547499322284 ], [ -44.3980735, -22.930898699322281 ], [ -44.3981116, -22.931249899322285 ], [ -44.3980353, -22.931600999322264 ], [ -44.397959099999973, -22.931952199322286 ], [ -44.3978447, -22.932268199322266 ], [ -44.397730299999964, -22.932584199322257 ], [ -44.397539699999982, -22.932865199322212 ], [ -44.397310899999979, -22.933146099322215 ], [ -44.397196500000014, -22.933620099322205 ], [ -44.397044, -22.933953699322245 ], [ -44.3967771, -22.934199499322187 ], [ -44.39643389999997, -22.934339999322233 ], [ -44.396090800000017, -22.934445299322189 ], [ -44.395785699999976, -22.934620899322223 ], [ -44.395442600000017, -22.934726299322218 ], [ -44.395099399999985, -22.934831599322195 ], [ -44.3948706, -22.935112499322194 ], [ -44.39471809999997, -22.935428599322204 ], [ -44.39471809999997, -22.9357796993222 ], [ -44.39471809999997, -22.936130799322154 ], [ -44.39468, -22.936481999322162 ], [ -44.3947563, -22.936833099322151 ], [ -44.3948325, -22.937184299322148 ], [ -44.395023200000026, -22.937465199322148 ], [ -44.395175699999982, -22.937781199322146 ], [ -44.395328199999987, -22.938097199322144 ], [ -44.395404400000018, -22.938448399322144 ], [ -44.3955188, -22.938764399322135 ], [ -44.39559509999998, -22.939115499322106 ], [ -44.39559509999998, -22.939466699322107 ], [ -44.395785699999976, -22.939782699322116 ], [ -44.395812499999984, -22.940297499322057 ], [ -44.396079400000012, -22.940543299322062 ], [ -44.3965172, -22.940891099322045 ], [ -44.3967417, -22.941019899322068 ], [ -44.3969118, -22.941235199322037 ], [ -44.3971965, -22.941362799322025 ], [ -44.397501499999983, -22.941608599322027 ], [ -44.397806600000017, -22.941819199322026 ], [ -44.398091599999987, -22.942121199322006 ], [ -44.398497399999982, -22.942374999322059 ], [ -44.398923200000013, -22.942466499322048 ], [ -44.399221500000017, -22.942528699322054 ], [ -44.399801, -22.942615199321981 ], [ -44.4003283, -22.942770099322029 ], [ -44.401024099999972, -22.942975999321998 ], [ -44.401678199999985, -22.943342499322025 ], [ -44.402055599999969, -22.943648599322003 ], [ -44.402015399999982, -22.943973399321983 ], [ -44.4014247, -22.943977199321985 ], [ -44.4007863, -22.944013299321977 ], [ -44.400599100000022, -22.944288899321997 ], [ -44.400444, -22.944658499321978 ], [ -44.400284899999974, -22.945014499321971 ], [ -44.400361200000013, -22.945365599321953 ], [ -44.40032309999998, -22.945716699321938 ], [ -44.400236800000016, -22.946154399321951 ], [ -44.399997400000011, -22.946498499321951 ], [ -44.399573, -22.946571299321931 ], [ -44.398956199999979, -22.946609299321899 ], [ -44.398602700000019, -22.946815899321912 ], [ -44.398408800000027, -22.947145599321914 ], [ -44.398320800000015, -22.947502799321899 ], [ -44.398259699999983, -22.947643399321905 ], [ -44.3982047, -22.947873199321901 ], [ -44.3981844, -22.94807459932186 ], [ -44.398308900000011, -22.948304199321885 ], [ -44.398617699999988, -22.948458499321891 ], [ -44.3989876, -22.948472199321905 ], [ -44.3994351, -22.948565499321848 ], [ -44.3998274, -22.948701199321892 ], [ -44.400002700000016, -22.948924499321844 ], [ -44.399966899999981, -22.949213199321832 ], [ -44.399773799999984, -22.949360699321861 ], [ -44.3994449, -22.949368799321864 ], [ -44.3990645, -22.949263099321858 ], [ -44.398634099999981, -22.94920769932185 ], [ -44.3982896, -22.949342099321896 ], [ -44.3980181, -22.949592199321849 ], [ -44.397996499999969, -22.950119299321837 ], [ -44.398010699999979, -22.950357599321858 ], [ -44.3983404, -22.95084299932185 ], [ -44.398726300000028, -22.951256499321826 ], [ -44.399058500000024, -22.951724799321838 ], [ -44.3993997, -22.952205699321784 ], [ -44.399821799999984, -22.953063199321743 ] ] ] } },
{ "type": "Feature", "properties": { "NUCOMPTREC": 23.324, "NUDISTBACT": 484.945, "NUDISTCDAG": 28.413, "NUAREACONT": 106.648, "NUAREAMONT": 106.648, "NUDISTBACC": 456.532, "NUAREABACC": 521.89, "NUCOMPCDA": 51.737, "Shape__Len": 0, "OBJECTID": 30324, "ID": 10562, "COTRECHO": 10562, "COCURSODAG": "77894", "COBACIA": "778947", "NOGENERICO": "Rio", "NOLIGACAO": "do", "NOESPECIF": "Bananal", "NORIOCOMP": "Rio do Bananal", "NOORIGINAL": "Rio do Bananal", "COCDADESAG": "778", "NUTRJUS": 1118, "NUORDEMCDA": 2, "NUNIVOTTO": 6, "NUNIVOTCDA": 5, "NUSTRAHLER": 1, "DEDOMINIAL": "Federal", "DSVERSAO": "BHO bho_2017_v_01_05_50k de 2018-06-22" }, "geometry": { "type": "MultiLineString", "coordinates": [ [ [ -44.4057998, -22.795833699325389 ], [ -44.406337800000017, -22.795303199325385 ], [ -44.406602899999982, -22.794933199325421 ], [ -44.406684900000016, -22.794753899325407 ], [ -44.406801200000011, -22.794057699325421 ], [ -44.406929, -22.793544599325454 ], [ -44.407123599999977, -22.79309259932548 ], [ -44.407449699999972, -22.792592799325487 ], [ -44.4076634, -22.792155999325455 ], [ -44.407657599999986, -22.791789799325482 ], [ -44.407560400000015, -22.791496099325503 ], [ -44.4072228, -22.791133699325492 ], [ -44.4069596, -22.790937199325466 ], [ -44.406213799999982, -22.790601599325512 ], [ -44.4059353, -22.790378399325533 ], [ -44.4057884, -22.790124699325499 ], [ -44.405715900000011, -22.790012199325496 ], [ -44.405605299999976, -22.789930199325539 ], [ -44.405498500000014, -22.789830999325527 ], [ -44.405260100000014, -22.789712699325523 ], [ -44.405117, -22.789630699325507 ], [ -44.404756500000019, -22.789285499325551 ], [ -44.404628800000012, -22.789050899325566 ], [ -44.404569599999988, -22.788783799325532 ], [ -44.4045105, -22.78864279932554 ], [ -44.404512399999973, -22.788512999325583 ], [ -44.404531500000012, -22.788057099325567 ], [ -44.4045868, -22.787721499325542 ], [ -44.404588699999977, -22.787364799325562 ], [ -44.404462799999976, -22.787076799325614 ], [ -44.404186200000019, -22.786681899325618 ], [ -44.40368460000002, -22.786327199325623 ], [ -44.403333599999989, -22.78597809932565 ], [ -44.4029102, -22.785344899325619 ], [ -44.402593599999982, -22.784936699325645 ], [ -44.402065199999974, -22.784383599325665 ], [ -44.401353799999981, -22.783635899325652 ], [ -44.4008789, -22.783078999325674 ], [ -44.40032, -22.782340799325684 ], [ -44.400110199999965, -22.782190099325678 ], [ -44.3995972, -22.781907899325734 ], [ -44.3992159, -22.781699399325692 ], [ -44.399108800000015, -22.781640799325707 ], [ -44.3984165, -22.781213599325721 ], [ -44.3981132, -22.780881699325743 ], [ -44.397935800000013, -22.78044869932576 ], [ -44.3977489, -22.779855499325752 ], [ -44.397655400000019, -22.779660999325746 ], [ -44.397523799999988, -22.779489299325796 ], [ -44.39719, -22.779206999325758 ], [ -44.397022199999974, -22.778966699325778 ], [ -44.396938200000022, -22.778709199325775 ], [ -44.396907699999971, -22.77845739932577 ], [ -44.3969096, -22.777982499325802 ], [ -44.39682, -22.777679199325831 ], [ -44.3965339, -22.777213899325812 ], [ -44.396402299999977, -22.777049899325831 ], [ -44.396413699999989, -22.776666399325848 ], [ -44.39640229999997, -22.776639699325813 ], [ -44.3962745, -22.776303999325815 ], [ -44.3956832, -22.775651699325888 ], [ -44.39547529999998, -22.77531599932583 ], [ -44.395383700000018, -22.774707599325879 ], [ -44.3954162, -22.774236499325859 ], [ -44.395387500000034, -22.7740247993259 ], [ -44.395202499999989, -22.773553599325918 ], [ -44.3950595, -22.773160699325921 ], [ -44.394952699999983, -22.772939499325933 ], [ -44.394672300000025, -22.772828799325918 ], [ -44.394466299999976, -22.772765899325954 ], [ -44.394296499999989, -22.772720099325934 ], [ -44.3941878, -22.772628599325945 ], [ -44.3941325, -22.772533199325924 ], [ -44.394117199999982, -22.772416899325918 ], [ -44.393987499999973, -22.772298599325932 ], [ -44.3939017, -22.772235699325933 ], [ -44.393758600000012, -22.772153599325968 ], [ -44.393485899999966, -22.772075399325946 ], [ -44.393348600000024, -22.772010599325931 ], [ -44.3932494, -22.771943799325911 ], [ -44.393159700000012, -22.771848499325923 ], [ -44.3929099, -22.771363999325967 ], [ -44.39260280000002, -22.771001599325942 ], [ -44.392478799999985, -22.770517099325982 ], [ -44.3924197, -22.769618799325993 ], [ -44.392349099999983, -22.769328899326009 ], [ -44.392162199999966, -22.768899699326028 ], [ -44.391956199999981, -22.768605999326002 ], [ -44.391635699999981, -22.76832749932602 ], [ -44.391202799999974, -22.768100499326025 ], [ -44.390874699999976, -22.767991799326047 ], [ -44.3904151, -22.767921299326041 ], [ -44.3897055, -22.767621799326022 ], [ -44.3895605, -22.767547499326025 ], [ -44.389320199999979, -22.767307099326032 ], [ -44.389047399999974, -22.766973299326082 ], [ -44.38893680000001, -22.76679209932604 ], [ -44.3888529, -22.766601299326055 ], [ -44.3888033, -22.766406799326099 ], [ -44.388709800000015, -22.766235099326092 ], [ -44.3886774, -22.765964299326072 ], [ -44.388671699999968, -22.765571399326088 ], [ -44.388749899999979, -22.765218499326092 ], [ -44.3888872, -22.764808399326089 ], [ -44.389047399999974, -22.76447849932611 ], [ -44.3891428, -22.764299199326093 ], [ -44.3892096, -22.764096999326117 ], [ -44.389285900000012, -22.763717399326151 ], [ -44.389274399999969, -22.76322529932613 ], [ -44.389304900000013, -22.763061299326154 ], [ -44.389308700000015, -22.76239749932618 ], [ -44.3893393, -22.762208699326141 ], [ -44.389345, -22.761214999326178 ], [ -44.389314500000012, -22.760759099326165 ], [ -44.38928779999997, -22.760627499326187 ], [ -44.389236299999986, -22.76051879932621 ], [ -44.38925339999998, -22.760284199326229 ], [ -44.38921340000001, -22.760026699326243 ], [ -44.389173299999975, -22.759864599326232 ], [ -44.3890875, -22.759633799326235 ], [ -44.3890513, -22.759429699326226 ], [ -44.388982600000013, -22.759360999326237 ], [ -44.3889254, -22.759252299326249 ], [ -44.388780399999973, -22.758905199326261 ], [ -44.3887575, -22.758535099326274 ], [ -44.388877700000016, -22.757640599326258 ], [ -44.388858599999985, -22.757251599326288 ], [ -44.3887709, -22.75699019932631 ], [ -44.3884695, -22.756591599326271 ], [ -44.388139500000023, -22.756292099326295 ], [ -44.3873327, -22.755687499326335 ], [ -44.38718010000003, -22.755511999326334 ], [ -44.387019899999984, -22.755185799326327 ], [ -44.386962700000019, -22.754380899326353 ], [ -44.386922599999984, -22.754182599326331 ], [ -44.386836800000026, -22.754041399326365 ], [ -44.3867262, -22.753955599326336 ], [ -44.38591550000001, -22.753667599326388 ], [ -44.38579349999997, -22.753650399326375 ], [ -44.385661799999966, -22.753617999326398 ], [ -44.385562400000033, -22.753562099326366 ], [ -44.3855016, -22.753436799326341 ], [ -44.3854215, -22.753286099326399 ], [ -44.38537, -22.753173599326388 ], [ -44.38527850000002, -22.75308199932638 ], [ -44.384870299999989, -22.752805499326399 ], [ -44.384753900000014, -22.752565099326411 ], [ -44.3846929, -22.752109299326378 ], [ -44.38450790000001, -22.751739199326391 ], [ -44.384351499999973, -22.751538999326389 ], [ -44.384143600000016, -22.751384499326392 ], [ -44.3838174, -22.751081199326407 ], [ -44.383689600000032, -22.750899999326435 ], [ -44.3834016, -22.750396499326449 ], [ -44.3832433, -22.750085599326422 ], [ -44.3830125, -22.74908229932646 ], [ -44.3827417, -22.748696999326466 ], [ -44.382117900000019, -22.748071399326509 ], [ -44.381606799999986, -22.747218799326493 ], [ -44.381528600000024, -22.747029999326511 ], [ -44.381265400000011, -22.746667599326546 ], [ -44.381139500000025, -22.746549299326556 ], [ -44.38090870000002, -22.746101099326502 ], [ -44.380815199999972, -22.745767299326548 ], [ -44.380895399999986, -22.745229499326555 ], [ -44.380717899999972, -22.74502539932654 ], [ -44.380132399999972, -22.74455429932658 ], [ -44.37944, -22.743873299326602 ], [ -44.379258900000025, -22.743808599326606 ], [ -44.379197799999979, -22.743686399326595 ], [ -44.378818200000012, -22.743220999326617 ], [ -44.3787724, -22.742610699326619 ], [ -44.378595, -22.742204399326624 ], [ -44.378268900000023, -22.741809599326647 ], [ -44.377731, -22.741395699326638 ], [ -44.377402899999986, -22.741254499326679 ], [ -44.3769661, -22.741008499326686 ], [ -44.376311900000019, -22.740432499326662 ], [ -44.3761174, -22.740220799326654 ], [ -44.376001, -22.74016929932667 ], [ -44.375854199999985, -22.739866099326637 ], [ -44.375863700000018, -22.739280399326674 ], [ -44.375934299999976, -22.739102999326711 ], [ -44.375951400000027, -22.738900899326691 ], [ -44.375901899999967, -22.737844199326702 ], [ -44.375762599999966, -22.737620999326719 ], [ -44.3756844, -22.737367299326749 ], [ -44.3755451, -22.737165199326736 ], [ -44.37537350000003, -22.737004999326743 ], [ -44.375163699999959, -22.73689619932674 ], [ -44.374593399999981, -22.736713099326739 ], [ -44.374007899999981, -22.736331699326744 ], [ -44.3739544, -22.736236299326745 ], [ -44.3737122, -22.736018899326737 ], [ -44.3733937, -22.735480999326775 ], [ -44.37327920000002, -22.735000299326799 ], [ -44.373092299999989, -22.734603599326814 ], [ -44.372985500000013, -22.734498699326814 ], [ -44.372766099999978, -22.734384299326805 ], [ -44.372602099999988, -22.734338499326778 ], [ -44.372327400000017, -22.734338499326778 ], [ -44.371890599999965, -22.734409099326797 ], [ -44.371593099999984, -22.734311799326818 ], [ -44.371249799999973, -22.734044699326837 ], [ -44.371041900000023, -22.733804399326818 ], [ -44.3709541, -22.733649899326824 ], [ -44.3707996, -22.733504999326801 ], [ -44.3705898, -22.733419099326817 ], [ -44.370248499999988, -22.733150299326809 ], [ -44.369887899999981, -22.732616099326822 ], [ -44.3697277, -22.732263299326867 ], [ -44.3696476, -22.732167899326836 ], [ -44.3694339, -22.731490799326892 ], [ -44.3692375, -22.731309599326856 ], [ -44.36899720000001, -22.730960599326895 ], [ -44.3689514, -22.730792699326877 ], [ -44.3689457, -22.730323499326893 ], [ -44.368899899999974, -22.729938199326902 ], [ -44.368808300000012, -22.729482399326912 ], [ -44.368676699999973, -22.729175299326936 ], [ -44.3686328, -22.728948299326941 ], [ -44.368665299999975, -22.728646899326936 ], [ -44.368797, -22.728383799326974 ], [ -44.368814, -22.728194899326958 ], [ -44.368669099999963, -22.727531099326988 ], [ -44.368583300000019, -22.727353799326966 ], [ -44.36832579999998, -22.727050499326989 ], [ -44.368186499999979, -22.726958899326988 ], [ -44.3677803, -22.726800599326971 ], [ -44.367562799999973, -22.726789199326976 ], [ -44.3671165, -22.726693799326995 ], [ -44.366563400000011, -22.726289499327006 ], [ -44.3661495, -22.726112099327018 ], [ -44.365932, -22.725921299326984 ], [ -44.365768, -22.725825999326993 ], [ -44.3655124, -22.725579899327023 ], [ -44.365363600000023, -22.72552079932705 ], [ -44.365192, -22.725230899327009 ], [ -44.3651309, -22.725019199327029 ], [ -44.365045099999968, -22.724887599327005 ], [ -44.3649383, -22.724561399327069 ], [ -44.3649631, -22.72417799932704 ], [ -44.364894400000018, -22.72389379932704 ], [ -44.3648086, -22.723703099327068 ], [ -44.36479520000001, -22.723233899327088 ], [ -44.364890600000024, -22.722900099327092 ], [ -44.3650642, -22.722547199327092 ], [ -44.3651443, -22.722213399327078 ], [ -44.3650374, -22.72147719932709 ], [ -44.3649135, -22.721183499327108 ], [ -44.364837200000011, -22.720862999327128 ], [ -44.364854299999983, -22.720645599327149 ], [ -44.3648238, -22.720347999327124 ], [ -44.365125200000016, -22.719274199327124 ], [ -44.365111800000015, -22.718984299327158 ], [ -44.365041299999966, -22.718816399327146 ], [ -44.364894400000018, -22.718644799327148 ], [ -44.364339299999983, -22.718349099327192 ], [ -44.364146699999985, -22.718162199327175 ], [ -44.3640304, -22.718026799327198 ], [ -44.363889200000017, -22.717986699327174 ], [ -44.363351299999977, -22.717645299327213 ], [ -44.362601700000027, -22.717429799327196 ], [ -44.362430099999976, -22.717429799327196 ], [ -44.362117300000023, -22.71747749932717 ], [ -44.3617797, -22.71760719932718 ], [ -44.361295199999972, -22.717637699327206 ], [ -44.3608489, -22.717712099327226 ], [ -44.3606448, -22.717900899327201 ], [ -44.3604712, -22.718211799327186 ], [ -44.360370100000011, -22.718328199327146 ], [ -44.360282400000017, -22.718387299327201 ], [ -44.3601431, -22.71840449932721 ], [ -44.360032499999988, -22.718377799327168 ], [ -44.359689199999984, -22.718114499327204 ], [ -44.359458399999987, -22.71760719932718 ], [ -44.359317299999979, -22.717439299327225 ], [ -44.359185700000012, -22.717343999327216 ], [ -44.3589968, -22.717239099327184 ], [ -44.358872799999965, -22.717212399327188 ], [ -44.3582167, -22.717235299327236 ], [ -44.3579287, -22.717086499327195 ], [ -44.35778, -22.716941499327227 ], [ -44.35753010000002, -22.716807999327216 ], [ -44.3573584, -22.716794699327195 ], [ -44.357179099999982, -22.716878599327185 ], [ -44.3570055, -22.717059799327217 ], [ -44.3568396, -22.717311599327221 ], [ -44.3567976, -22.718038299327173 ], [ -44.356727, -22.718209999327176 ], [ -44.3565077, -22.718282399327205 ], [ -44.356091900000024, -22.718316699327193 ], [ -44.3557963, -22.718228999327184 ], [ -44.3554606, -22.718019199327202 ], [ -44.3550467, -22.717977199327194 ], [ -44.35476449999998, -22.718043999327218 ], [ -44.354373399999979, -22.717939099327207 ], [ -44.3541407, -22.717721599327195 ], [ -44.354056800000016, -22.717553799327209 ], [ -44.354001400000016, -22.717382099327221 ], [ -44.353934700000025, -22.716844299327203 ], [ -44.3538183, -22.716554299327218 ], [ -44.353787800000013, -22.716378899327225 ], [ -44.353805, -22.71601649932726 ], [ -44.353696300000024, -22.715804799327238 ], [ -44.353448300000032, -22.715581599327248 ], [ -44.3532366, -22.715486199327238 ], [ -44.352870399999979, -22.715200099327266 ], [ -44.3527464, -22.715140999327279 ], [ -44.352698700000012, -22.715018899327276 ], [ -44.352458399999989, -22.714728999327228 ], [ -44.352374499999989, -22.714501999327243 ], [ -44.352343899999987, -22.714049999327276 ], [ -44.352446900000018, -22.713794399327259 ], [ -44.352408799999964, -22.713557899327299 ], [ -44.352300099999972, -22.713399599327307 ], [ -44.351973900000019, -22.713113499327306 ], [ -44.3519281, -22.712983799327318 ], [ -44.351853699999978, -22.712205599327319 ], [ -44.351760300000031, -22.711961399327329 ], [ -44.351605800000016, -22.711784099327307 ], [ -44.351239599999985, -22.711576199327364 ], [ -44.35098210000001, -22.711217599327341 ], [ -44.350926800000018, -22.711063099327347 ], [ -44.350923, -22.710454599327342 ], [ -44.3511118, -22.710216199327352 ], [ -44.351432199999977, -22.710044499327356 ], [ -44.351802299999974, -22.709725999327361 ], [ -44.35185180000002, -22.709039399327384 ], [ -44.3519243, -22.708840999327411 ], [ -44.352221799999988, -22.708436599327431 ], [ -44.3522772, -22.708272599327401 ], [ -44.352302, -22.707921699327404 ], [ -44.352155200000027, -22.707608899327447 ], [ -44.3518747, -22.707507799327409 ], [ -44.351428399999982, -22.70746199932745 ], [ -44.350850499999979, -22.707675599327441 ], [ -44.350310700000016, -22.707719499327414 ], [ -44.350022700000011, -22.70757259932742 ], [ -44.349765199999979, -22.707318899327447 ], [ -44.349585900000015, -22.707210199327449 ], [ -44.349366499999967, -22.707244599327456 ], [ -44.3491548, -22.707366599327436 ], [ -44.348857300000013, -22.707713799327454 ], [ -44.3486608, -22.70772139932745 ], [ -44.34850440000001, -22.707662299327406 ], [ -44.348357500000013, -22.707557399327424 ], [ -44.3482164, -22.707425799327449 ], [ -44.348061900000012, -22.707204499327425 ], [ -44.3478273, -22.706981299327435 ], [ -44.34758690000001, -22.706882099327423 ], [ -44.347070099999989, -22.706843999327425 ], [ -44.346499800000011, -22.70658839932744 ], [ -44.346383399999965, -22.706609399327434 ], [ -44.346063, -22.706540699327462 ], [ -44.3458913, -22.706540699327462 ], [ -44.345548, -22.706407199327451 ], [ -44.345282899999972, -22.70621649932745 ], [ -44.344829, -22.705642399327456 ], [ -44.344754500000015, -22.70558709932747 ], [ -44.3447046, -22.705576599327447 ], [ -44.344645800000023, -22.705564199327505 ], [ -44.3444417, -22.705577499327482 ], [ -44.344159400000024, -22.705661499327487 ], [ -44.3437379, -22.705632899327476 ], [ -44.3433698, -22.70575299932748 ], [ -44.343057, -22.705905599327469 ], [ -44.342812799999983, -22.705926599327451 ], [ -44.342625899999959, -22.705844599327449 ], [ -44.342471400000022, -22.705613799327455 ], [ -44.342349300000024, -22.704930899327511 ], [ -44.342265399999967, -22.704682999327488 ], [ -44.3421166, -22.704465599327484 ], [ -44.341828599999985, -22.704215699327523 ], [ -44.341744699999985, -22.704053599327523 ], [ -44.341544399999968, -22.703288699327508 ], [ -44.3414967, -22.703216199327514 ], [ -44.34144520000001, -22.702867199327557 ], [ -44.341344100000015, -22.702678399327556 ], [ -44.341166799999989, -22.702104299327519 ], [ -44.340880700000014, -22.701682699327552 ], [ -44.340249299999975, -22.70099229932757 ], [ -44.339791499999983, -22.700563099327621 ], [ -44.338958, -22.699962299327577 ], [ -44.337556099999965, -22.698566099327625 ], [ -44.3369877, -22.698215199327635 ], [ -44.336146600000014, -22.69742169932768 ], [ -44.335990200000026, -22.697293899327644 ], [ -44.335866300000028, -22.697257699327686 ], [ -44.3356716, -22.697085999327683 ], [ -44.335562900000014, -22.69704019932767 ], [ -44.334948699999977, -22.696435599327653 ], [ -44.334653100000018, -22.696052199327703 ], [ -44.334483299999981, -22.695739399327682 ], [ -44.3343041, -22.695499099327716 ], [ -44.333886300000017, -22.694625499327699 ], [ -44.33381, -22.694341299327764 ], [ -44.333749, -22.69390649932776 ], [ -44.333649799999982, -22.693629899327767 ], [ -44.3336117, -22.693341899327766 ], [ -44.333503, -22.693164499327789 ], [ -44.333401900000013, -22.693088199327722 ], [ -44.3332607, -22.693042399327783 ], [ -44.332440599999984, -22.692920399327758 ], [ -44.332268899999967, -22.692739199327779 ], [ -44.332045699999973, -22.692332899327795 ], [ -44.33190459999998, -22.692201299327802 ], [ -44.331742500000018, -22.692105899327785 ], [ -44.3316242, -22.692063999327811 ], [ -44.331443, -22.692054399327802 ], [ -44.330817500000016, -22.6921554993278 ], [ -44.330599899999982, -22.6921001993278 ], [ -44.330413, -22.691905699327794 ], [ -44.330321500000025, -22.691629099327812 ], [ -44.330308100000011, -22.690984399327807 ], [ -44.330191800000016, -22.690738399327795 ], [ -44.330083, -22.690608699327822 ], [ -44.329850299999968, -22.690417899327816 ], [ -44.329055, -22.690034499327862 ], [ -44.328641100000027, -22.689757999327828 ], [ -44.3281814, -22.689502399327822 ], [ -44.3279392, -22.68932119932785 ], [ -44.3275749, -22.688886299327852 ], [ -44.327365, -22.688396099327854 ], [ -44.327321199999972, -22.688134799327869 ], [ -44.32736119999997, -22.687909699327868 ], [ -44.3275729, -22.687606499327902 ], [ -44.3280135, -22.687270799327923 ], [ -44.328137599999984, -22.687217399327899 ], [ -44.3282729, -22.686963699327883 ], [ -44.328240499999978, -22.686847399327885 ], [ -44.3281394, -22.686696699327936 ], [ -44.3280403, -22.686637499327922 ], [ -44.3276416, -22.686555499327916 ], [ -44.327462299999979, -22.686467799327914 ], [ -44.327033200000017, -22.686345699327919 ], [ -44.326859599999985, -22.686248399327933 ], [ -44.326728, -22.686109199327902 ], [ -44.326596400000028, -22.685697199327929 ], [ -44.326600199999966, -22.684941899327971 ], [ -44.326562, -22.684861799327972 ], [ -44.3265639, -22.68461379932798 ], [ -44.326502899999973, -22.68439069932796 ], [ -44.3265106, -22.684228599327945 ], [ -44.326403700000014, -22.68398819932796 ], [ -44.3263885, -22.683744099327985 ], [ -44.3262416, -22.683400799327991 ], [ -44.3258048, -22.68306129932801 ], [ -44.325665599999972, -22.682897299327983 ], [ -44.32544810000001, -22.68282469932802 ], [ -44.324504, -22.682197199328037 ], [ -44.324122499999973, -22.682023699328017 ], [ -44.3237639, -22.681918799328024 ], [ -44.323170699999984, -22.681590699328051 ], [ -44.32265, -22.681153899328073 ], [ -44.322322, -22.68081819932803 ], [ -44.32205110000001, -22.680177299328079 ], [ -44.321944299999977, -22.679896999328054 ], [ -44.32174209999998, -22.679524999328073 ], [ -44.321662, -22.679383999328092 ], [ -44.3215399, -22.679271399328087 ], [ -44.321316799999984, -22.678981399328087 ], [ -44.321019200000016, -22.678790699328072 ], [ -44.320918099999965, -22.678758299328123 ], [ -44.32063010000001, -22.678765899328067 ], [ -44.320416500000022, -22.678809799328111 ], [ -44.320166700000016, -22.678895599328058 ], [ -44.320023600000013, -22.678893699328093 ], [ -44.319790899999987, -22.678966199328077 ], [ -44.319174799999985, -22.6790347993281 ], [ -44.318915399999973, -22.679120699328084 ], [ -44.318711300000018, -22.679114999328107 ], [ -44.318547299999977, -22.679069199328097 ], [ -44.31794839999997, -22.678565599328113 ], [ -44.317298, -22.677531899328145 ], [ -44.3171587, -22.67738689932812 ], [ -44.316954599999974, -22.677264799328121 ], [ -44.3168154, -22.677255299328145 ], [ -44.316571300000014, -22.677362099328096 ], [ -44.3163043, -22.677564299328093 ], [ -44.316187899999989, -22.677558599328112 ], [ -44.316071500000021, -22.677476499328137 ], [ -44.3155279, -22.676801299328158 ], [ -44.315488, -22.676707899328147 ], [ -44.3153486, -22.676616299328124 ], [ -44.314780199999959, -22.675855299328191 ], [ -44.31458, -22.67543759932818 ], [ -44.314534200000018, -22.675235399328184 ], [ -44.3144484, -22.675054199328162 ], [ -44.314419699999966, -22.674619299328217 ], [ -44.314541799999965, -22.673852599328182 ], [ -44.314456, -22.673617999328179 ], [ -44.31431479999997, -22.673558799328219 ], [ -44.314137500000015, -22.673553099328217 ], [ -44.313487, -22.673730499328176 ], [ -44.3131037, -22.673728599328211 ], [ -44.312993, -22.673755299328192 ], [ -44.3122606, -22.673688499328243 ], [ -44.31197839999998, -22.673701899328258 ], [ -44.3118543, -22.673665699328222 ], [ -44.311587299999985, -22.673673299328239 ], [ -44.3107519, -22.673480599328219 ], [ -44.310511599999984, -22.673324199328238 ], [ -44.310114800000015, -22.672912299328249 ], [ -44.309958400000028, -22.672843599328253 ], [ -44.309802, -22.672820699328227 ], [ -44.309615099999967, -22.672820699328227 ], [ -44.3092069, -22.672971399328251 ], [ -44.3086748, -22.673207899328247 ], [ -44.308445899999967, -22.673375699328226 ], [ -44.308064399999978, -22.673518799328214 ], [ -44.30762570000001, -22.673530199328237 ], [ -44.307150799999988, -22.673419599328199 ], [ -44.3068151, -22.673249899328191 ], [ -44.306683500000027, -22.673078199328256 ], [ -44.306574800000014, -22.672801599328245 ], [ -44.306529, -22.672263799328238 ], [ -44.306477500000028, -22.672111199328267 ], [ -44.306008299999974, -22.671584799328258 ], [ -44.3059167, -22.671443599328242 ], [ -44.3054742, -22.671004899328281 ], [ -44.30540359999997, -22.670859999328279 ], [ -44.305453199999988, -22.670583399328272 ], [ -44.3055314, -22.670407899328282 ], [ -44.3056249, -22.670337299328324 ], [ -44.305907199999979, -22.670346899328319 ], [ -44.3062352, -22.670493699328283 ], [ -44.30640690000002, -22.670507099328297 ], [ -44.3066644, -22.670466999328266 ], [ -44.3069696, -22.670293499328299 ], [ -44.307732499999986, -22.669614399328314 ], [ -44.3078737, -22.6692310993283 ], [ -44.307890799999988, -22.668986899328331 ], [ -44.3078069, -22.668801899328326 ], [ -44.307332, -22.668271599328364 ], [ -44.306693, -22.667951199328346 ], [ -44.305983500000025, -22.667714699328322 ], [ -44.3052568, -22.667350399328331 ], [ -44.3050336, -22.667077699328363 ], [ -44.3048544, -22.66663329932836 ], [ -44.3047952, -22.666282299328365 ], [ -44.304779900000028, -22.665938999328382 ], [ -44.3048295, -22.665639499328385 ], [ -44.3048162, -22.66510739932842 ], [ -44.3048486, -22.665034899328436 ], [ -44.3048486, -22.664786899328444 ], [ -44.304741799999974, -22.664546599328421 ], [ -44.30461589999998, -22.664441799328433 ], [ -44.3042878, -22.664392099328417 ], [ -44.304022700000012, -22.66442259932845 ], [ -44.303614499999981, -22.664401699328423 ], [ -44.303296, -22.66430059932841 ], [ -44.303086199999989, -22.664109799328447 ], [ -44.3029012, -22.663829499328461 ], [ -44.302918299999973, -22.663247699328455 ], [ -44.3028554, -22.663093199328447 ], [ -44.302552100000014, -22.662816599328437 ], [ -44.301876900000025, -22.662366499328485 ], [ -44.30153360000002, -22.662080399328456 ], [ -44.3013085, -22.661943099328461 ], [ -44.3010663, -22.661708499328459 ], [ -44.3006848, -22.661466199328498 ], [ -44.3002404, -22.661243099328484 ], [ -44.299349600000028, -22.660991299328479 ], [ -44.299099800000022, -22.660859699328501 ], [ -44.298960500000021, -22.660728099328484 ], [ -44.2987584, -22.660428599328508 ], [ -44.2987774, -22.659982299328529 ], [ -44.298937599999988, -22.659335699328519 ], [ -44.298893799999973, -22.658862699328544 ], [ -44.298783099999966, -22.658639499328558 ], [ -44.298581, -22.658427799328585 ], [ -44.298403599999972, -22.658105499328546 ], [ -44.298273900000027, -22.657680099328577 ], [ -44.297955300000012, -22.657128899328569 ], [ -44.29780269999997, -22.656779899328598 ] ] ] } },
{ "type": "Feature", "properties": { "NUCOMPTREC": 1.739, "NUDISTBACT": 490.825, "NUDISTCDAG": 89.931, "NUAREACONT": 1.476, "NUAREAMONT": 188.343, "NUDISTBACC": 400.894, "NUAREABACC": 1125.188, "NUCOMPCDA": 130.094, "Shape__Len": 0, "OBJECTID": 31929, "ID": 54966, "COTRECHO": 54966, "COCURSODAG": "77892", "COBACIA": "778925", "NOGENERICO": "Rio", "NOLIGACAO": "do", "NOESPECIF": "Braço", "NORIOCOMP": "Rio do Braço", "NOORIGINAL": "Rio do Braço", "COCDADESAG": "778", "NUTRJUS": 20457, "NUORDEMCDA": 2, "NUNIVOTTO": 6, "NUNIVOTCDA": 5, "NUSTRAHLER": 2, "DEDOMINIAL": "Federal", "DSVERSAO": "BHO bho_2017_v_01_05_50k de 2018-06-22" }, "geometry": { "type": "MultiLineString", "coordinates": [ [ [ -44.184443900000012, -22.7823463993257 ], [ -44.1843465, -22.782290799325708 ], [ -44.1842105, -22.782231799325675 ], [ -44.1841946, -22.782224899325708 ], [ -44.184031600000026, -22.782167999325718 ], [ -44.183932700000014, -22.782136899325714 ], [ -44.1836788, -22.782079699325699 ], [ -44.1834852, -22.782040199325692 ], [ -44.183413499999979, -22.782023799325692 ], [ -44.1833087, -22.78201399932572 ], [ -44.183215299999972, -22.78202149932569 ], [ -44.183131899999978, -22.782036999325708 ], [ -44.18305220000002, -22.782074399325698 ], [ -44.182957199999962, -22.782120499325725 ], [ -44.1828478, -22.782155899325726 ], [ -44.182761500000019, -22.782180699325728 ], [ -44.182657899999981, -22.782216099325726 ], [ -44.182574400000014, -22.782256899325692 ], [ -44.1824606, -22.782318799325676 ], [ -44.1823326, -22.78242369932568 ], [ -44.1822126, -22.782549699325713 ], [ -44.182062499999972, -22.782762499325674 ], [ -44.1818546, -22.783003899325657 ], [ -44.1816404, -22.78322749932569 ], [ -44.1814443, -22.783431199325662 ], [ -44.18124540000003, -22.783637499325682 ], [ -44.181044900000018, -22.783851499325706 ], [ -44.1808946, -22.783974399325643 ], [ -44.180695800000031, -22.784097099325663 ], [ -44.1805642, -22.784160399325682 ], [ -44.180268300000016, -22.784280999325681 ], [ -44.180090600000028, -22.784354699325657 ], [ -44.179802, -22.784485399325643 ], [ -44.17949429999998, -22.784640199325661 ], [ -44.179330400000026, -22.784713999325643 ], [ -44.179205799999977, -22.78476879932564 ], [ -44.1790964, -22.784807699325647 ], [ -44.1789973, -22.784826399325645 ], [ -44.1789074, -22.78484929932565 ], [ -44.178819799999978, -22.784874499325639 ], [ -44.178746, -22.784899699325628 ], [ -44.1786836, -22.78493139932565 ], [ -44.178625800000013, -22.784971599325647 ], [ -44.1785749, -22.785020399325649 ], [ -44.178549, -22.785114099325618 ], [ -44.178546299999987, -22.785184399325626 ], [ -44.178573299999975, -22.785286899325648 ], [ -44.178641500000026, -22.785486399325645 ], [ -44.178716300000019, -22.785682899325611 ], [ -44.178782399999989, -22.785837099325601 ], [ -44.178834100000024, -22.785966999325648 ], [ -44.1788512, -22.786081099325603 ], [ -44.1788416, -22.786221399325605 ], [ -44.1788411, -22.786305099325602 ], [ -44.178832, -22.786365099325621 ], [ -44.1788181, -22.786457899325629 ], [ -44.178814100000011, -22.786542999325597 ], [ -44.178801299999982, -22.786624699325603 ], [ -44.178783599999974, -22.786713799325568 ], [ -44.178764699999988, -22.786777999325633 ], [ -44.178746, -22.786810099325624 ], [ -44.178717899999974, -22.786842699325621 ], [ -44.1786877, -22.786857499325606 ], [ -44.1786553, -22.78685949932559 ], [ -44.1785929, -22.786846299325575 ], [ -44.1785166, -22.7868329993256 ], [ -44.178421899999982, -22.78681969932563 ], [ -44.178283, -22.786827599325587 ], [ -44.1781383, -22.786857899325565 ], [ -44.177980699999978, -22.78691069932562 ], [ -44.177839100000021, -22.786980699325618 ], [ -44.1776997, -22.787074299325564 ], [ -44.177553400000022, -22.787174199325566 ], [ -44.177446499999967, -22.787248699325595 ], [ -44.177372699999978, -22.787311599325598 ], [ -44.1773086, -22.7873889993256 ], [ -44.1772427, -22.787515999325556 ], [ -44.177213100000017, -22.787633799325555 ], [ -44.177206800000015, -22.787707399325566 ], [ -44.1771855, -22.787806099325604 ], [ -44.177140599999973, -22.787938799325577 ], [ -44.177101, -22.788032199325553 ], [ -44.177077399999966, -22.788080899325582 ], [ -44.177033199999983, -22.788172599325559 ], [ -44.176983300000018, -22.788287899325553 ], [ -44.176960399999984, -22.788332299325539 ], [ -44.176907500000027, -22.788398799325545 ], [ -44.176837400000011, -22.788443299325539 ], [ -44.176769799999981, -22.788477099325579 ], [ -44.176705200000015, -22.78850319932555 ], [ -44.176604899999973, -22.788534899325558 ], [ -44.1765297, -22.788560999325586 ], [ -44.176436299999963, -22.788608399325536 ], [ -44.176309600000025, -22.788688199325581 ], [ -44.176191099999983, -22.788777699325586 ], [ -44.1760974, -22.788882599325582 ], [ -44.176016199999985, -22.789004099325552 ], [ -44.175988599999975, -22.789062599325575 ], [ -44.175979199999965, -22.789118899325558 ], [ -44.1759854, -22.789193899325536 ], [ -44.1760195, -22.789265599325564 ], [ -44.176069199999972, -22.789337599325552 ], [ -44.176143500000023, -22.789449399325559 ], [ -44.176244199999978, -22.789605499325535 ], [ -44.176330599999972, -22.789719399325556 ], [ -44.176407499999975, -22.789823599325512 ], [ -44.176453200000026, -22.789883199325541 ], [ -44.176502, -22.789951899325526 ], [ -44.176558899999975, -22.790058699325492 ], [ -44.176601100000013, -22.790141099325549 ], [ -44.176632299999987, -22.790253799325541 ], [ -44.176670899999976, -22.790472599325504 ], [ -44.1767029, -22.790669899325508 ], [ -44.176739199999986, -22.790974399325485 ], [ -44.176754099999989, -22.791092599325506 ], [ -44.176765, -22.791217899325481 ], [ -44.176765699999976, -22.791336099325513 ], [ -44.176737300000021, -22.791404599325514 ], [ -44.1766942, -22.791448599325516 ], [ -44.176641299999972, -22.7914833993255 ], [ -44.176603, -22.79150999932552 ], [ -44.176550299999974, -22.791557699325491 ], [ -44.17648939999998, -22.791594699325515 ], [ -44.176427499999981, -22.791621099325472 ], [ -44.176362499999975, -22.791638899325488 ], [ -44.176256200000012, -22.791667999325494 ], [ -44.176089600000012, -22.791703999325478 ], [ -44.1759308, -22.791716199325485 ], [ -44.175841900000016, -22.791718999325493 ] ] ] } },
{ "type": "Feature", "properties": { "NUCOMPTREC": 24.555, "NUDISTBACT": 0.0, "NUDISTCDAG": 0.0, "NUAREACONT": 69.06, "NUAREAMONT": 69.06, "NUDISTBACC": 0.0, "NUAREABACC": 69.06, "NUCOMPCDA": 24.555, "Shape__Len": 0, "OBJECTID": 32427, "ID": 55349, "COTRECHO": 55349, "COCURSODAG": "77939174", "COBACIA": "77939174", "NOGENERICO": "Rio", "NOLIGACAO": null, "NOESPECIF": "Ariró", "NORIOCOMP": "Rio Ariró", "NOORIGINAL": "Rio Ariró", "COCDADESAG": null, "NUTRJUS": 11570, "NUORDEMCDA": 1, "NUNIVOTTO": 8, "NUNIVOTCDA": 8, "NUSTRAHLER": 1, "DEDOMINIAL": "Federal", "DSVERSAO": "BHO bho_2017_v_01_05_50k de 2018-06-22" }, "geometry": { "type": "MultiLineString", "coordinates": [ [ [ -44.403063200000013, -22.807012499325126 ], [ -44.403594100000021, -22.807773799325119 ], [ -44.404066, -22.807936899325124 ], [ -44.4043019, -22.808208799325072 ], [ -44.4045969, -22.808534999325101 ], [ -44.404891799999973, -22.808861299325088 ], [ -44.4051278, -22.80918749932508 ], [ -44.405304699999981, -22.809622499325073 ], [ -44.405481699999989, -22.810111899325033 ], [ -44.4058946, -22.810492499325065 ], [ -44.4062485, -22.81070999932502 ], [ -44.406720399999983, -22.81103619932502 ], [ -44.4068974, -22.811416899325021 ], [ -44.4070744, -22.811960599325065 ], [ -44.407369300000028, -22.812341199325004 ], [ -44.407487300000014, -22.812884999324993 ], [ -44.4076053, -22.813483099324973 ], [ -44.407841200000014, -22.813809299324976 ], [ -44.4081951, -22.814026799324985 ], [ -44.408431099999973, -22.81451619932497 ], [ -44.408431099999973, -22.81538609932495 ], [ -44.408490099999987, -22.815929799324927 ], [ -44.40943390000001, -22.817452299324909 ], [ -44.409374899999989, -22.817778499324856 ], [ -44.409021, -22.818430899324881 ], [ -44.408726, -22.818702799324836 ], [ -44.4083721, -22.818974699324865 ], [ -44.408018200000015, -22.819246499324876 ], [ -44.407782199999971, -22.819518399324821 ], [ -44.407251299999977, -22.819681499324847 ], [ -44.406838400000019, -22.819898999324863 ], [ -44.406484499999983, -22.820170799324853 ], [ -44.406130599999976, -22.820442699324829 ], [ -44.405776600000017, -22.820768899324836 ], [ -44.405481699999989, -22.821203799324774 ], [ -44.4051278, -22.821856299324782 ], [ -44.4050098, -22.8225086993248 ], [ -44.404537899999966, -22.823106799324766 ], [ -44.4037121, -22.82370479932473 ], [ -44.4033581, -22.823976699324739 ], [ -44.402178400000018, -22.824085399324737 ], [ -44.401529499999974, -22.824194199324758 ], [ -44.4010576, -22.824357299324703 ], [ -44.400821699999987, -22.824737899324731 ], [ -44.400585700000022, -22.825281499324728 ], [ -44.400467699999972, -22.826042699324713 ], [ -44.400585700000022, -22.826640799324686 ], [ -44.400585700000022, -22.827238799324629 ], [ -44.400585700000022, -22.827673699324649 ], [ -44.400349800000015, -22.828108699324616 ], [ -44.400113799999971, -22.828326099324659 ], [ -44.399759899999985, -22.828869799324622 ], [ -44.399759899999978, -22.829630999324618 ], [ -44.399877899999964, -22.830065899324619 ], [ -44.399877899999979, -22.830826999324582 ], [ -44.399818900000014, -22.831588099324541 ], [ -44.399700900000028, -22.832349299324516 ], [ -44.3995239, -22.83316479932455 ], [ -44.399818900000014, -22.833817099324495 ], [ -44.400290799999986, -22.834360799324514 ], [ -44.4004087, -22.835393699324481 ], [ -44.4004751, -22.836698499324466 ], [ -44.400511, -22.837873199324424 ], [ -44.4009977, -22.838607099324406 ], [ -44.4015728, -22.839218699324395 ], [ -44.401794, -22.839626399324366 ], [ -44.401794, -22.84019719932434 ], [ -44.4014401, -22.840564199324373 ], [ -44.400865, -22.840768099324347 ], [ -44.4004668, -22.840890399324337 ], [ -44.400002299999976, -22.84103309932436 ], [ -44.3997147, -22.841624299324312 ], [ -44.3997147, -22.841991199324315 ], [ -44.3997147, -22.842561999324317 ], [ -44.3999802, -22.843051299324319 ], [ -44.4004668, -22.843458999324302 ], [ -44.4009977, -22.843785099324272 ], [ -44.40117470000002, -22.844070499324257 ], [ -44.401174700000013, -22.84455979932428 ], [ -44.40117470000002, -22.84504899932428 ], [ -44.4011304, -22.845538299324232 ], [ -44.4010862, -22.845986699324261 ], [ -44.4007322, -22.84610899932424 ], [ -44.4004226, -22.846149799324209 ], [ -44.399891700000012, -22.846149799324209 ], [ -44.3991396, -22.846149799324209 ], [ -44.39882990000001, -22.846231399324243 ], [ -44.3985202, -22.846435199324191 ], [ -44.3982105, -22.846516699324216 ], [ -44.397812400000021, -22.846353699324244 ], [ -44.3973257, -22.846353699324226 ], [ -44.3969275, -22.846557499324231 ], [ -44.396573600000011, -22.846720599324247 ], [ -44.39604270000001, -22.846924399324202 ], [ -44.395600300000012, -22.846883699324199 ], [ -44.395025200000021, -22.846679799324225 ], [ -44.39378640000001, -22.846557499324231 ], [ -44.3932555, -22.846516699324216 ], [ -44.392768900000014, -22.846435199324191 ], [ -44.392415, -22.846435199324191 ], [ -44.392105300000033, -22.846679799324225 ], [ -44.391751399999976, -22.8470467993242 ], [ -44.391441699999973, -22.847087499324186 ], [ -44.391132, -22.847128299324218 ], [ -44.390822300000018, -22.847576799324212 ], [ -44.390158699999965, -22.847862099324178 ], [ -44.389716299999961, -22.847862099324175 ], [ -44.389318100000011, -22.847862099324175 ], [ -44.388919900000012, -22.848065999324213 ], [ -44.38869870000002, -22.84839219932417 ], [ -44.38869870000002, -22.848799799324162 ], [ -44.388610299999982, -22.849166799324131 ], [ -44.388167899999971, -22.849452199324144 ], [ -44.387725400000022, -22.849411399324168 ], [ -44.387327299999974, -22.849574499324167 ], [ -44.387150299999973, -22.849941399324113 ], [ -44.386929099999968, -22.850104499324132 ], [ -44.3866637, -22.850267499324122 ], [ -44.3862876, -22.850308299324134 ], [ -44.3857789, -22.850715999324109 ], [ -44.385513399999979, -22.850960599324122 ], [ -44.385071, -22.851001399324105 ], [ -44.384849799999976, -22.85091979932411 ], [ -44.384495899999983, -22.850797499324123 ], [ -44.384141899999975, -22.850634499324151 ], [ -44.383876499999978, -22.850389799324148 ], [ -44.383168599999969, -22.84981909932414 ], [ -44.3826378, -22.84969679932416 ], [ -44.381952, -22.849615199324173 ], [ -44.381310499999984, -22.849574499324167 ], [ -44.380956599999983, -22.849533699324155 ], [ -44.380276400000014, -22.849304399324158 ], [ -44.3799778, -22.848922199324164 ], [ -44.379612800000011, -22.848677499324189 ], [ -44.379247799999973, -22.848677499324189 ], [ -44.378982399999984, -22.848677499324189 ], [ -44.3786837, -22.848708099324181 ], [ -44.37858419999997, -22.848922199324164 ], [ -44.3783851, -22.849304399324158 ], [ -44.3780201, -22.849350199324178 ], [ -44.37765510000002, -22.849166799324131 ], [ -44.377356500000012, -22.848830399324161 ], [ -44.3771906, -22.848646999324206 ], [ -44.376941699999975, -22.848509399324172 ], [ -44.3765934, -22.848341199324178 ], [ -44.3762615, -22.848188299324192 ], [ -44.376095599999985, -22.848004799324215 ], [ -44.375672, -22.847718599324207 ], [ -44.3751853, -22.847596299324227 ], [ -44.374787200000014, -22.84747399932418 ], [ -44.3745217, -22.847310899324238 ], [ -44.3743005, -22.84710709932423 ], [ -44.374212, -22.846740099324183 ], [ -44.374035100000022, -22.846373199324248 ], [ -44.3736369, -22.846087799324255 ], [ -44.3733272, -22.845843199324221 ], [ -44.372752100000014, -22.845557799324236 ], [ -44.372, -22.845557799324236 ], [ -44.3716903, -22.845720899324245 ], [ -44.3715133, -22.846087799324255 ], [ -44.371336400000018, -22.846332399324215 ], [ -44.3710267, -22.846536299324249 ], [ -44.37067280000003, -22.846576999324252 ], [ -44.370363100000013, -22.846576999324252 ], [ -44.370141900000021, -22.846740099324183 ], [ -44.370141900000021, -22.847025499324179 ], [ -44.370186100000012, -22.847514799324195 ], [ -44.370495800000015, -22.847840899324186 ], [ -44.370894, -22.84816709932419 ], [ -44.371336400000025, -22.848656299324194 ], [ -44.37118149999997, -22.849063999324169 ], [ -44.370954200000021, -22.849516299324158 ], [ -44.370733, -22.849883199324172 ], [ -44.370334899999989, -22.849883199324172 ], [ -44.369848199999979, -22.849883199324172 ], [ -44.36945, -22.84980169932415 ], [ -44.369273099999987, -22.849557099324169 ], [ -44.369007599999975, -22.84910859932419 ], [ -44.368476699999974, -22.848578599324171 ], [ -44.367990099999986, -22.848333999324201 ], [ -44.367503399999975, -22.848293199324189 ], [ -44.366928299999984, -22.848170899324185 ], [ -44.3662205, -22.848130199324203 ], [ -44.365866499999989, -22.848170899324185 ], [ -44.3651587, -22.848333999324201 ], [ -44.364849, -22.848578599324171 ], [ -44.3644951, -22.848782499324209 ], [ -44.3642739, -22.849149399324158 ], [ -44.3640527, -22.849312499324153 ], [ -44.3638757, -22.849720199324132 ], [ -44.3638315, -22.850005499324144 ], [ -44.3639642, -22.850290899324143 ], [ -44.3639642, -22.850657799324143 ], [ -44.3637872, -22.850983999324111 ], [ -44.363743, -22.851310099324092 ], [ -44.363875699999987, -22.851554799324088 ], [ -44.3640969, -22.851880899324126 ], [ -44.364008399999982, -22.852288599324105 ], [ -44.363848, -22.852716699324045 ], [ -44.363798299999985, -22.853068299324097 ], [ -44.3636158, -22.853419899324081 ], [ -44.3632508, -22.853756199324089 ], [ -44.362885800000015, -22.853817399324075 ], [ -44.36252080000002, -22.853572799324063 ], [ -44.362089500000017, -22.853328199324096 ], [ -44.361624899999981, -22.853266999324084 ], [ -44.361326299999973, -22.853481099324075 ], [ -44.3612268, -22.853878499324061 ], [ -44.3608286, -22.854061999324045 ], [ -44.3605632, -22.853939699324073 ], [ -44.360297699999983, -22.853756199324089 ], [ -44.359766799999989, -22.853572799324063 ], [ -44.359534600000018, -22.853633899324038 ], [ -44.3592028, -22.853695099324035 ], [ -44.35893729999998, -22.853542199324057 ], [ -44.359003700000024, -22.853297599324087 ], [ -44.359103199999986, -22.85305299932406 ], [ -44.3588378, -22.852655499324111 ], [ -44.3584396, -22.852624899324102 ], [ -44.3580414, -22.852624899324102 ], [ -44.3577428, -22.852624899324102 ], [ -44.3574774, -22.852502599324065 ], [ -44.357377799999988, -22.852227399324089 ], [ -44.35717870000002, -22.851921699324102 ], [ -44.356880100000012, -22.851921699324091 ], [ -44.3562829, -22.852074499324118 ], [ -44.355984200000023, -22.852135699324112 ], [ -44.3556193, -22.852471999324074 ], [ -44.355718799999984, -22.852777799324095 ], [ -44.355884699999983, -22.853144699324059 ], [ -44.355884699999983, -22.853511599324055 ], [ -44.355685600000015, -22.853725699324034 ], [ -44.355453399999988, -22.853817399324075 ], [ -44.355420200000026, -22.854214899324031 ], [ -44.3555197, -22.854673499324033 ], [ -44.3553708, -22.855251699324018 ], [ -44.3552183, -22.855673299323989 ], [ -44.354557399999976, -22.856001199323988 ], [ -44.354150699999984, -22.856422799324005 ], [ -44.353947300000016, -22.856797599323976 ], [ -44.353744, -22.857219199323954 ], [ -44.353388100000011, -22.857828199323937 ], [ -44.3527272, -22.858156199323947 ], [ -44.352066299999976, -22.85834349932394 ], [ -44.351456199999966, -22.85848409932396 ], [ -44.350846199999971, -22.858718299323971 ], [ -44.3502869, -22.859186799323911 ], [ -44.349880199999973, -22.859514699323885 ], [ -44.349473499999974, -22.860170499323885 ], [ -44.349016, -22.860592099323917 ], [ -44.3485584, -22.861201099323896 ], [ -44.348202599999979, -22.861341699323916 ], [ -44.34744, -22.861341699323916 ], [ -44.347033300000021, -22.861528999323909 ], [ -44.346423200000011, -22.861810099323886 ], [ -44.3452031, -22.861810099323886 ], [ -44.3443388, -22.861810099323886 ], [ -44.343576299999981, -22.861810099323886 ], [ -44.34316960000001, -22.861950599323869 ], [ -44.3426103, -22.862044299323838 ], [ -44.3414919, -22.861903799323862 ], [ -44.3405768, -22.861997499323842 ], [ -44.339458400000012, -22.862184899323854 ], [ -44.3383908, -22.862231699323857 ], [ -44.337577300000021, -22.862465899323862 ], [ -44.336611399999981, -22.862606499323881 ], [ -44.3357472, -22.863402799323847 ], [ -44.3352896, -22.864105499323806 ], [ -44.334832100000028, -22.864386499323835 ], [ -44.333917, -22.864527099323784 ], [ -44.3336119, -22.864714399323841 ], [ -44.333459399999981, -22.865229699323777 ], [ -44.333459399999967, -22.865791799323791 ], [ -44.3335103, -22.866588199323786 ], [ -44.333052699999989, -22.86715029932375 ], [ -44.3326968, -22.867759299323723 ], [ -44.332646, -22.868649299323732 ], [ -44.332595200000021, -22.869258199323692 ], [ -44.332341, -22.869586099323683 ], [ -44.33213760000001, -22.870616599323672 ], [ -44.3320868, -22.871881399323645 ], [ -44.331883399999988, -22.872911899323636 ], [ -44.3318326, -22.873708199323612 ], [ -44.331730900000011, -22.874457599323609 ], [ -44.331527600000015, -22.874832299323558 ], [ -44.331171700000027, -22.875253899323575 ], [ -44.33107, -22.87567549932356 ], [ -44.331527600000015, -22.876190699323544 ], [ -44.331375, -22.876518599323528 ], [ -44.33107, -22.876752799323558 ], [ -44.3305108, -22.877033799323506 ], [ -44.3302566, -22.877408499323518 ], [ -44.3298499, -22.878111099323512 ], [ -44.32959570000002, -22.878766899323505 ], [ -44.32959570000002, -22.879563099323455 ], [ -44.3293923, -22.879937799323464 ], [ -44.329036499999965, -22.880171999323483 ], [ -44.3288331, -22.880499899323464 ], [ -44.328884, -22.880874599323473 ], [ -44.3293923, -22.881249299323397 ], [ -44.329799, -22.881483499323409 ], [ -44.330256599999977, -22.881858199323418 ], [ -44.3304091, -22.882232899323416 ], [ -44.3305108, -22.882560799323411 ], [ -44.3308667, -22.882935499323352 ], [ -44.3315784, -22.883263299323392 ], [ -44.332290100000016, -22.883591199323384 ], [ -44.332900199999983, -22.884153199323368 ], [ -44.333357700000015, -22.884715299323336 ], [ -44.333967799999982, -22.885511499323343 ], [ -44.33432370000002, -22.886213999323299 ], [ -44.334222, -22.886776099323331 ], [ -44.3341203, -22.887384999323274 ], [ -44.333815300000012, -22.887946999323258 ], [ -44.333866100000023, -22.888789999323215 ], [ -44.334018599999979, -22.889258399323275 ], [ -44.33432370000002, -22.889679899323209 ], [ -44.334476199999983, -22.89019509932325 ], [ -44.3346795, -22.890616599323195 ], [ -44.334984599999984, -22.891553299323174 ], [ -44.3351879, -22.892208999323152 ], [ -44.3351879, -22.893473499323175 ], [ -44.335086199999964, -22.895346799323136 ], [ -44.334882900000018, -22.896423999323101 ], [ -44.3351879, -22.896564499323087 ], [ -44.335594599999979, -22.896377199323108 ], [ -44.336103, -22.896236699323058 ], [ -44.3365606, -22.896189799323082 ], [ -44.336967300000026, -22.896423999323101 ], [ -44.3368656, -22.896892299323063 ], [ -44.336611399999981, -22.897407499323027 ], [ -44.3362555, -22.897688499323049 ], [ -44.3358488, -22.898109999323005 ], [ -44.3356963, -22.898718799323017 ], [ -44.3356963, -22.899280799322991 ], [ -44.335442100000023, -22.899468099322977 ], [ -44.334730400000012, -22.89979589932301 ], [ -44.3346287, -22.900404699323001 ], [ -44.3346795, -22.901060399322976 ], [ -44.3347812, -22.901575499322931 ], [ -44.33498459999997, -22.901996999322943 ], [ -44.3349337, -22.902512099322951 ], [ -44.334476199999983, -22.903167799322919 ], [ -44.333917, -22.903401899322926 ], [ -44.3335611, -22.903495599322905 ], [ -44.333256100000028, -22.90377659932291 ], [ -44.333256100000028, -22.904057499322924 ], [ -44.333510199999978, -22.904525799322887 ], [ -44.3334683, -22.905221799322863 ], [ -44.333454099999983, -22.905456099322841 ], [ -44.332900199999983, -22.905556099322872 ], [ -44.332646, -22.906164899322874 ], [ -44.332747700000027, -22.90663319932283 ], [ -44.333052699999989, -22.906867299322826 ], [ -44.333052699999989, -22.907335599322845 ], [ -44.332857100000012, -22.907736299322838 ], [ -44.3324377, -22.908122599322809 ], [ -44.3318276, -22.90843869932278 ], [ -44.331370100000015, -22.908754799322796 ], [ -44.3305694, -22.909703099322773 ], [ -44.329616199999968, -22.910159599322739 ], [ -44.32923490000001, -22.910264999322738 ], [ -44.328510400000013, -22.910826899322771 ], [ -44.327214, -22.912161499322739 ], [ -44.3248501, -22.915146699322619 ], [ -44.3238968, -22.916130099322601 ], [ -44.323671199999971, -22.917330399322619 ], [ -44.323172699999979, -22.917998399322563 ], [ -44.322699, -22.918468099322567 ], [ -44.32232879999998, -22.918983099322553 ], [ -44.3223898, -22.919371399322532 ], [ -44.3225827, -22.919752899322532 ], [ -44.3228396, -22.920322399322515 ], [ -44.3230064, -22.920738099322506 ], [ -44.323109699999975, -22.920995499322522 ], [ -44.3232782, -22.921363499322482 ], [ -44.323720200000018, -22.921675399322517 ], [ -44.324121199999979, -22.921965599322515 ], [ -44.324370900000019, -22.922242599322498 ], [ -44.324642200000021, -22.922521399322477 ], [ -44.324838199999988, -22.922702599322449 ], [ -44.325304899999985, -22.922815999322488 ], [ -44.325650900000021, -22.922845999322448 ], [ -44.3261519, -22.92303529932245 ], [ -44.3268096, -22.923019399322445 ], [ -44.327533, -22.922826799322472 ], [ -44.327847, -22.922762799322467 ], [ -44.328145199999987, -22.92282509932248 ], [ -44.328408299999971, -22.922993799322445 ], [ -44.329018299999966, -22.923010199322491 ], [ -44.329454399999975, -22.923193899322463 ], [ -44.329826500000017, -22.923189699322485 ], [ -44.330323299999968, -22.922886199322466 ], [ -44.330850899999973, -22.922774299322494 ], [ -44.3311756, -22.922887099322498 ], [ -44.3313627, -22.923140499322447 ], [ -44.331329, -22.923411099322472 ], [ -44.331197599999989, -22.923764499322466 ], [ -44.3309625, -22.924072399322458 ], [ -44.330882499999973, -22.924704099322419 ], [ -44.330514600000015, -22.92503669932244 ], [ -44.3301229, -22.92554989932243 ], [ -44.330269699999974, -22.925852399322391 ], [ -44.330578100000025, -22.926282499322394 ], [ -44.3312603, -22.92659689932238 ], [ -44.331700099999971, -22.926926899322385 ], [ -44.3318327, -22.927266599322373 ], [ -44.332117799999985, -22.928312699322341 ], [ -44.33267080000001, -22.929306299322327 ] ] ] } },
{ "type": "Feature", "properties": { "NUCOMPTREC": 20.523, "NUDISTBACT": 0.0, "NUDISTCDAG": 0.0, "NUAREACONT": 151.399, "NUAREAMONT": 734.523, "NUDISTBACC": 0.0, "NUAREABACC": 734.523, "NUCOMPCDA": 71.245, "Shape__Len": 0, "OBJECTID": 33409, "ID": 20818, "COTRECHO": 20818, "COCURSODAG": "779392", "COBACIA": "7793921", "NOGENERICO": "Rio", "NOLIGACAO": null, "NOESPECIF": "Mambucaba", "NORIOCOMP": "Rio Mambucaba", "NOORIGINAL": "Rio Mambucaba", "COCDADESAG": null, "NUTRJUS": 111844, "NUORDEMCDA": 1, "NUNIVOTTO": 7, "NUNIVOTCDA": 6, "NUSTRAHLER": 2, "DEDOMINIAL": "Federal", "DSVERSAO": "BHO bho_2017_v_01_05_50k de 2018-06-22" }, "geometry": { "type": "MultiLineString", "coordinates": [ [ [ -44.572767899999967, -22.951307099321831 ], [ -44.5723961, -22.951333399321825 ], [ -44.571995800000025, -22.951333399321825 ], [ -44.571624, -22.951307099321831 ], [ -44.571252300000019, -22.951307099321831 ], [ -44.57085189999998, -22.951307099321831 ], [ -44.5704801, -22.951359699321831 ], [ -44.570165599999989, -22.951543999321814 ], [ -44.569851, -22.95172839932178 ], [ -44.568900199999973, -22.952745499321775 ], [ -44.5686106, -22.952992299321792 ], [ -44.56833180000001, -22.953229299321745 ], [ -44.568031599999983, -22.953446599321779 ], [ -44.5676884, -22.953545299321732 ], [ -44.567302299999987, -22.953802099321784 ], [ -44.5670235, -22.954039099321751 ], [ -44.5666804, -22.954137799321774 ], [ -44.566315799999984, -22.954177299321774 ], [ -44.5659726, -22.954354999321762 ], [ -44.56565089999998, -22.954552499321732 ], [ -44.565350599999981, -22.954749999321731 ], [ -44.565007499999979, -22.954967299321762 ], [ -44.564642900000024, -22.955026499321697 ], [ -44.564171, -22.955046299321737 ], [ -44.563806399999976, -22.955026499321697 ], [ -44.563420399999984, -22.955006799321716 ], [ -44.5630557, -22.954967299321762 ], [ -44.5627126, -22.954769799321742 ], [ -44.562390900000025, -22.954591999321721 ], [ -44.562026300000014, -22.954512999321764 ], [ -44.561661699999988, -22.95457229932174 ], [ -44.5614901, -22.95486849932173 ], [ -44.5614686, -22.955204299321707 ], [ -44.5614686, -22.955539999321704 ], [ -44.5613828, -22.955875699321691 ], [ -44.561318500000034, -22.956211399321678 ], [ -44.561318500000034, -22.95654719932169 ], [ -44.561318500000034, -22.95688289932167 ], [ -44.5615651, -22.957248299321684 ], [ -44.561683099999982, -22.957574099321654 ], [ -44.5617689, -22.95792959932167 ], [ -44.5617689, -22.958265299321649 ], [ -44.5617474, -22.958620799321658 ], [ -44.5616617, -22.958956499321634 ], [ -44.5614686, -22.959252699321613 ], [ -44.5612327, -22.959509499321651 ], [ -44.5609968, -22.959766199321614 ], [ -44.560675100000026, -22.959983399321626 ], [ -44.5603319, -22.960101899321611 ], [ -44.560031700000025, -22.960299399321617 ], [ -44.5596885, -22.96043759932159 ], [ -44.559323899999981, -22.960496899321612 ], [ -44.5589807, -22.960654899321625 ], [ -44.5586376, -22.960773399321582 ], [ -44.558273, -22.96095109932158 ], [ -44.557972699999986, -22.961148599321593 ], [ -44.557693900000011, -22.961365799321605 ], [ -44.557522300000016, -22.961661999321571 ], [ -44.557436499999987, -22.961997699321568 ], [ -44.557350699999972, -22.962333499321563 ], [ -44.55734, -22.962777799321575 ], [ -44.557329299999985, -22.963123399321507 ], [ -44.557372199999975, -22.963459099321565 ], [ -44.557479399999977, -22.963794799321544 ], [ -44.557608099999982, -22.964110799321539 ], [ -44.5578226, -22.964426699321503 ], [ -44.557972699999986, -22.964742699321487 ], [ -44.55818720000002, -22.965019199321475 ], [ -44.5583587, -22.965315399321504 ], [ -44.558508899999985, -22.965631299321473 ], [ -44.558723400000019, -22.965927599321478 ], [ -44.558959300000026, -22.966184299321487 ], [ -44.559195199999976, -22.966460699321495 ], [ -44.559409699999989, -22.966737199321472 ], [ -44.559602700000028, -22.967072899321469 ], [ -44.5596456, -22.967428399321474 ], [ -44.559667, -22.967764099321453 ], [ -44.5596885, -22.968099799321447 ], [ -44.559913699999974, -22.968603299321405 ], [ -44.560096, -22.968909399321394 ], [ -44.560310500000021, -22.969205599321423 ], [ -44.560546400000028, -22.9694820993214 ], [ -44.560675100000026, -22.969817799321365 ], [ -44.560632199999986, -22.970153399321401 ], [ -44.5604391, -22.970449699321399 ], [ -44.560396299999979, -22.970824799321367 ], [ -44.5605249, -22.971140799321361 ], [ -44.560632199999986, -22.971456699321323 ], [ -44.5605249, -22.971772699321306 ], [ -44.5601603, -22.971910899321358 ], [ -44.5597957, -22.971970099321371 ], [ -44.559409699999989, -22.971910899321358 ], [ -44.559023599999989, -22.971930699321302 ], [ -44.558701900000017, -22.972088599321349 ], [ -44.5583587, -22.972226899321353 ], [ -44.557994099999974, -22.972286099321348 ], [ -44.557629500000012, -22.972286099321348 ], [ -44.5572649, -22.972226899321353 ], [ -44.556900299999988, -22.972128099321353 ], [ -44.556578600000023, -22.971910899321358 ], [ -44.556214, -22.97179239932137 ], [ -44.5558279, -22.971733199321385 ], [ -44.555463299999985, -22.971733199321385 ], [ -44.555077299999979, -22.971871399321344 ], [ -44.554777, -22.97206889932135 ], [ -44.554584, -22.972365099321326 ], [ -44.5545411, -22.972720499321309 ], [ -44.554498200000012, -22.973056199321292 ], [ -44.554476799999968, -22.973391899321342 ], [ -44.554605400000014, -22.9737077993213 ], [ -44.554884300000019, -22.973924999321305 ], [ -44.555098699999974, -22.974201499321296 ], [ -44.555184499999989, -22.974537199321265 ], [ -44.555270300000018, -22.974872899321269 ], [ -44.5553132, -22.975228299321298 ], [ -44.555098699999974, -22.975524499321256 ], [ -44.554819899999977, -22.975741699321276 ], [ -44.554476799999968, -22.975860199321257 ], [ -44.5541121, -22.975800899321275 ], [ -44.553811900000021, -22.975603499321235 ], [ -44.553533099999974, -22.975366499321265 ], [ -44.553318600000011, -22.975090099321264 ], [ -44.553147, -22.974774099321287 ], [ -44.552954, -22.974477899321304 ], [ -44.5526752, -22.974260699321302 ], [ -44.552439199999981, -22.974003999321273 ], [ -44.552246200000013, -22.9737077993213 ], [ -44.552181899999987, -22.97337209932131 ], [ -44.551924499999977, -22.973115399321298 ], [ -44.551688599999977, -22.972858699321343 ], [ -44.5514741, -22.972582299321335 ], [ -44.551109499999988, -22.97252299932136 ], [ -44.550744899999977, -22.97252299932136 ], [ -44.550380299999965, -22.972582299321335 ], [ -44.5501873, -22.972878499321304 ], [ -44.5501658, -22.97323389932134 ], [ -44.5501658, -22.973569599321323 ], [ -44.550122900000019, -22.973905299321316 ], [ -44.550015700000017, -22.974221199321281 ], [ -44.549908399999978, -22.974537199321265 ], [ -44.5497583, -22.974853099321304 ], [ -44.5495224, -22.975129599321274 ], [ -44.549265, -22.975366499321265 ], [ -44.548943300000012, -22.975524499321256 ], [ -44.548621599999976, -22.975682499321262 ], [ -44.5484715, -22.975998399321234 ], [ -44.548428600000015, -22.97633409932121 ], [ -44.5485787, -22.976649999321243 ], [ -44.5488575, -22.976867199321248 ], [ -44.549114900000014, -22.977104199321207 ], [ -44.5493937, -22.977321399321209 ], [ -44.549479500000011, -22.977656999321237 ], [ -44.5494152, -22.977992699321224 ], [ -44.549072, -22.978130899321197 ], [ -44.5487074, -22.978130899321197 ], [ -44.548364199999973, -22.978288899321196 ], [ -44.548128299999966, -22.978585099321172 ], [ -44.547870900000014, -22.978821999321177 ], [ -44.5475278, -22.978940499321201 ], [ -44.5471632, -22.978979999321158 ], [ -44.5468629, -22.978782499321209 ], [ -44.546691300000013, -22.978486399321206 ], [ -44.546412499999974, -22.978269199321211 ], [ -44.546026499999982, -22.978308599321192 ], [ -44.54574760000002, -22.978545599321212 ], [ -44.545919200000014, -22.978841799321181 ], [ -44.546005, -22.979177499321189 ], [ -44.5458549, -22.979493399321193 ], [ -44.545597499999985, -22.979750099321162 ], [ -44.5452972, -22.979947499321142 ], [ -44.544997, -22.980144999321144 ], [ -44.544750299999976, -22.980401699321174 ], [ -44.5445037, -22.980638599321175 ], [ -44.544310699999983, -22.98093479932113 ], [ -44.544289199999973, -22.981270499321138 ], [ -44.5442678, -22.981645599321109 ], [ -44.544310699999983, -22.981981299321085 ], [ -44.5445466, -22.982257699321114 ], [ -44.544868300000012, -22.982474899321105 ], [ -44.54519, -22.982632899321086 ], [ -44.545415199999979, -22.982850099321112 ], [ -44.54551170000002, -22.983185699321066 ], [ -44.545383, -22.983501699321071 ], [ -44.545061299999986, -22.983699099321097 ], [ -44.5447396, -22.983876799321092 ], [ -44.544417899999985, -22.984054499321072 ], [ -44.5441176, -22.984271699321091 ], [ -44.543817400000023, -22.98446919932104 ], [ -44.54356, -22.984725799321033 ], [ -44.543345499999987, -22.985002299321071 ], [ -44.543281200000024, -22.985357699321039 ], [ -44.543281200000024, -22.985752599321049 ], [ -44.543281200000017, -22.986088199321006 ], [ -44.543259700000021, -22.986423899320997 ], [ -44.543281200000024, -22.986759499321014 ], [ -44.543388400000019, -22.987075399320979 ], [ -44.543495600000021, -22.987430799321025 ], [ -44.54356, -22.987766499320998 ], [ -44.543753, -22.988062699320981 ], [ -44.5440104, -22.988319299320967 ], [ -44.544332100000013, -22.988536499320976 ], [ -44.544589499999979, -22.988773399320976 ], [ -44.5447396, -22.989089399320971 ], [ -44.544825399999979, -22.989424999320928 ], [ -44.544997, -22.989740899320942 ], [ -44.5453187, -22.990422099320917 ], [ -44.545490299999983, -22.990728099320936 ], [ -44.545597499999985, -22.991043999320901 ], [ -44.545618900000015, -22.991379599320918 ], [ -44.545640400000018, -22.991715299320891 ], [ -44.545618900000022, -22.992050899320869 ], [ -44.545597499999985, -22.992386599320845 ], [ -44.545490299999983, -22.992702499320881 ], [ -44.545232899999966, -22.992959099320871 ], [ -44.544932599999989, -22.993156599320873 ], [ -44.5445466, -22.993196099320841 ], [ -44.544182, -22.993196099320841 ], [ -44.543795900000013, -22.993176299320876 ], [ -44.5434313, -22.993038099320831 ], [ -44.54310959999998, -22.992880199320883 ], [ -44.542745, -22.992840699320862 ], [ -44.542358900000011, -22.992840699320862 ], [ -44.5419943, -22.992840699320862 ], [ -44.541779799999965, -22.99311709932087 ], [ -44.541694099999972, -22.993452699320827 ], [ -44.541672600000027, -22.993788399320874 ], [ -44.5417584, -22.994143699320833 ], [ -44.542037199999982, -22.994380699320867 ], [ -44.5423804, -22.994518899320848 ], [ -44.542702099999971, -22.994676799320793 ], [ -44.543002399999978, -22.994874199320851 ], [ -44.543281200000024, -22.995091399320792 ], [ -44.54356, -22.995308599320797 ], [ -44.5438603, -22.995525799320806 ], [ -44.5440104, -22.995841699320813 ], [ -44.543988899999988, -22.996206899320804 ], [ -44.543774499999984, -22.99649319932076 ], [ -44.543409899999972, -22.996552399320766 ], [ -44.5430667, -22.996433999320804 ], [ -44.5427664, -22.996236499320808 ], [ -44.542466199999978, -22.996039099320811 ], [ -44.542165899999986, -22.995841699320813 ], [ -44.5418871, -22.995624499320815 ], [ -44.541543900000015, -22.995486299320792 ], [ -44.5411793, -22.995486299320792 ], [ -44.5408362, -22.995624499320815 ], [ -44.5406646, -22.99592059932078 ], [ -44.540728899999969, -22.996275999320801 ], [ -44.540900500000028, -22.996591899320787 ], [ -44.541115, -22.996887999320776 ], [ -44.5412222, -22.997203899320755 ], [ -44.541286599999978, -22.997539599320739 ], [ -44.541308, -22.99787519932076 ], [ -44.541308, -22.998210799320727 ], [ -44.541501, -22.998506999320757 ], [ -44.5418656, -22.998585899320755 ], [ -44.5422302, -22.998526699320745 ], [ -44.5426377, -22.998506999320757 ], [ -44.542959499999988, -22.998329299320773 ], [ -44.5432383, -22.998112099320767 ], [ -44.54356, -22.997934399320766 ], [ -44.543946, -22.997914699320766 ], [ -44.544310600000017, -22.997993599320715 ], [ -44.544568, -22.998230599320745 ], [ -44.5444822, -22.998566199320763 ], [ -44.544332100000013, -22.998882099320728 ], [ -44.5440962, -22.999158499320753 ], [ -44.543795900000013, -22.999375599320725 ], [ -44.5434742, -22.999573099320745 ], [ -44.543056, -22.999819799320722 ], [ -44.542680599999976, -22.999908699320692 ], [ -44.542316, -22.999908699320692 ], [ -44.5419514, -22.999908699320692 ], [ -44.5415868, -22.999987599320708 ], [ -44.541447399999981, -23.000391099320691 ], [ -44.5418752, -23.00087929932069 ], [ -44.542163099999982, -23.001295199320683 ], [ -44.5421311, -23.001615099320652 ], [ -44.5423551, -23.001966999320636 ], [ -44.54296290000002, -23.001966999320636 ], [ -44.543506799999982, -23.001391099320642 ], [ -44.543890700000013, -23.001007199320682 ], [ -44.54430660000002, -23.000478599320701 ], [ -44.544500299999982, -23.000326799320675 ], [ -44.544798300000018, -23.000311899320668 ], [ -44.545010400000024, -23.000478599320701 ], [ -44.545010400000024, -23.000815299320674 ], [ -44.545010400000024, -23.001167199320669 ], [ -44.544946400000015, -23.001423099320675 ], [ -44.544562499999984, -23.001774999320666 ], [ -44.544146599999969, -23.001966999320636 ], [ -44.543858699999987, -23.002158899320634 ], [ -44.543474800000013, -23.002606799320667 ], [ -44.543154899999983, -23.002862799320635 ], [ -44.54293089999998, -23.003214699320619 ], [ -44.5428989, -23.0035985993206 ], [ -44.5429949, -23.004046499320619 ], [ -44.543474800000013, -23.004174399320618 ], [ -44.5439867, -23.003982499320621 ], [ -44.544498499999968, -23.003694499320616 ], [ -44.54485039999998, -23.003214699320619 ], [ -44.545138399999985, -23.003118699320645 ], [ -44.545490299999983, -23.003214699320619 ], [ -44.545842199999981, -23.003438599320603 ], [ -44.5459222, -23.003934499320629 ], [ -44.5455223, -23.004398399320614 ], [ -44.5448184, -23.004654299320627 ], [ -44.54430660000002, -23.00491019932057 ], [ -44.544210599999978, -23.005134199320569 ], [ -44.544210599999978, -23.005486099320567 ], [ -44.544370599999979, -23.005869999320602 ], [ -44.544498499999968, -23.006125899320534 ], [ -44.544658500000011, -23.006317899320553 ], [ -44.5451064, -23.006477799320589 ], [ -44.545618199999964, -23.006445799320549 ], [ -44.546098099999988, -23.005965999320562 ], [ -44.546258099999974, -23.005326099320566 ], [ -44.546354, -23.004750299320591 ], [ -44.546674, -23.004238399320627 ], [ -44.547249799999975, -23.003822499320631 ], [ -44.5476337, -23.0035985993206 ], [ -44.5479216, -23.003694499320616 ], [ -44.548081599999982, -23.004110399320616 ], [ -44.548241599999983, -23.004622299320602 ], [ -44.548305500000019, -23.005262099320568 ], [ -44.548305500000019, -23.005677999320557 ], [ -44.548305500000019, -23.006093899320565 ], [ -44.547985600000011, -23.006445799320549 ], [ -44.547601699999973, -23.006573799320552 ], [ -44.5470899, -23.006637799320572 ], [ -44.546514, -23.006669799320548 ], [ -44.546386, -23.006957699320534 ], [ -44.546482, -23.007437599320532 ], [ -44.54661, -23.007885499320516 ], [ -44.546706, -23.008301399320512 ], [ -44.54645, -23.008557299320508 ], [ -44.54597009999997, -23.008653299320486 ], [ -44.5454583, -23.008493299320509 ], [ -44.5451064, -23.008141399320518 ], [ -44.544754500000018, -23.007629499320533 ], [ -44.544082600000024, -23.007533599320514 ], [ -44.543634800000014, -23.007917499320527 ], [ -44.543474800000013, -23.008333299320519 ], [ -44.543378800000028, -23.008909199320495 ], [ -44.543378800000028, -23.009293099320484 ], [ -44.5435708, -23.009644999320461 ], [ -44.544210599999978, -23.009868899320498 ], [ -44.544722499999978, -23.010028899320478 ], [ -44.545202300000028, -23.010156899320506 ], [ -44.545714200000013, -23.010252799320469 ], [ -44.5461621, -23.010412799320456 ], [ -44.54645, -23.010636699320479 ], [ -44.546546, -23.010892699320458 ], [ -44.546514, -23.011308599320451 ], [ -44.5462261, -23.011628499320409 ], [ -44.5458102, -23.011788499320453 ], [ -44.545362300000029, -23.011980399320464 ], [ -44.544786499999987, -23.012300299320426 ], [ -44.5446265, -23.01258819932039 ], [ -44.544594500000017, -23.013036099320438 ], [ -44.544658500000018, -23.013579999320381 ], [ -44.5449784, -23.013931899320369 ], [ -44.545266299999973, -23.014187799320375 ], [ -44.545650200000011, -23.014315799320396 ], [ -44.546418, -23.014283799320356 ], [ -44.546961899999978, -23.01402789932035 ], [ -44.547473799999977, -23.01412379932038 ], [ -44.5477937, -23.01447579932038 ], [ -44.5477937, -23.014827699320374 ], [ -44.547473799999977, -23.015275499320325 ], [ -44.5470899, -23.015467499320348 ], [ -44.546737899999975, -23.015595499320362 ], [ -44.5463221, -23.015659399320352 ], [ -44.54558620000001, -23.015819399320328 ], [ -44.545010400000024, -23.015947399320357 ], [ -44.544722499999978, -23.016107299320332 ], [ -44.544498499999968, -23.016523199320329 ], [ -44.5445305, -23.016875099320298 ], [ -44.5446905, -23.017163099320314 ], [ -44.5449784, -23.017770899320308 ], [ -44.545138399999985, -23.018250799320267 ], [ -44.545362300000015, -23.018826599320292 ], [ -44.5455862, -23.019178499320265 ], [ -44.545938200000023, -23.019402499320261 ], [ -44.5464526, -23.019938899320238 ], [ -44.546681700000022, -23.020744799320219 ], [ -44.546241599999966, -23.021322699320201 ], [ -44.545624599999982, -23.021338399320207 ], [ -44.544987699999972, -23.021181399320206 ], [ -44.544565299999981, -23.021282099320224 ], [ -44.544353100000023, -23.021674199320202 ], [ -44.544486300000017, -23.02192499932022 ], [ -44.544907500000022, -23.022148099320184 ], [ -44.545381299999967, -23.022650999320188 ], [ -44.545262700000023, -23.022948599320184 ], [ -44.544672800000015, -23.02341109932015 ], [ -44.54408380000001, -23.023531699320138 ], [ -44.543311800000019, -23.023807699320177 ], [ -44.5426375, -23.023955199320152 ], [ -44.542024599999984, -23.023937099320172 ], [ -44.541411700000026, -23.023918899320172 ], [ -44.5407343, -23.023758499320149 ], [ -44.5401463, -23.023537299320157 ], [ -44.539541699999965, -23.023451399320159 ], [ -44.5389164, -23.023534799320167 ], [ -44.538440799999989, -23.023733499320141 ], [ -44.5379643, -23.024273999320155 ], [ -44.537816599999985, -23.024808399320129 ], [ -44.5374337, -23.025254399320119 ], [ -44.5371205, -23.025466899320151 ], [ -44.536381699999986, -23.025472199320145 ], [ -44.535586700000017, -23.025267499320112 ], [ -44.534855100000023, -23.024213499320119 ], [ -44.534517100000016, -23.022889599320163 ], [ -44.533909, -23.021867899320224 ], [ -44.5335013, -23.021366199320198 ], [ -44.532867399999986, -23.021034799320208 ], [ -44.5321619, -23.02076939932024 ], [ -44.53135020000002, -23.020699999320211 ], [ -44.5307904, -23.020583799320235 ], [ -44.5299736, -23.020889999320236 ], [ -44.5295251, -23.021535499320244 ], [ -44.529381600000015, -23.022036099320172 ], [ -44.5293514, -23.022614699320215 ], [ -44.5293327, -23.023433699320162 ], [ -44.529155800000012, -23.024204999320155 ], [ -44.528679300000022, -23.024745499320137 ], [ -44.528057, -23.025136799320119 ], [ -44.527357699999968, -23.02548729932014 ], [ -44.526549199999977, -23.025725799320099 ], [ -44.525826, -23.025937499320097 ], [ -44.5249935, -23.026037299320102 ], [ -44.524132899999984, -23.026032099320126 ], [ -44.523503399999981, -23.026149199320134 ], [ -44.522455499999971, -23.02633309932008 ], [ -44.521642799999988, -23.026605499320102 ], [ -44.521341, -23.027058399320076 ], [ -44.521339899999987, -23.027400199320063 ], [ -44.521257699999971, -23.02773509932004 ], [ -44.5212841, -23.028321999320067 ] ] ] } },
{ "type": "Feature", "properties": { "NUCOMPTREC": 31.108, "NUDISTBACT": 34.661, "NUDISTCDAG": 34.661, "NUAREACONT": 239.663, "NUAREAMONT": 258.483, "NUDISTBACC": 0.0, "NUAREABACC": 734.523, "NUCOMPCDA": 71.245, "Shape__Len": 0, "OBJECTID": 34485, "ID": 7244, "COTRECHO": 7244, "COCURSODAG": "779392", "COBACIA": "7793927", "NOGENERICO": "Rio", "NOLIGACAO": null, "NOESPECIF": "Mambucaba", "NORIOCOMP": "Rio Mambucaba", "NOORIGINAL": "Rio Mambucaba", "COCDADESAG": null, "NUTRJUS": 55338, "NUORDEMCDA": 1, "NUNIVOTTO": 7, "NUNIVOTCDA": 6, "NUSTRAHLER": 2, "DEDOMINIAL": "Federal", "DSVERSAO": "BHO bho_2017_v_01_05_50k de 2018-06-22" }, "geometry": { "type": "MultiLineString", "coordinates": [ [ [ -44.621043, -22.7299075993269 ], [ -44.6206363, -22.730493799326869 ], [ -44.620331299999968, -22.730751699326873 ], [ -44.619975399999987, -22.73084539932691 ], [ -44.6196195, -22.730892299326889 ], [ -44.619263699999976, -22.731032999326903 ], [ -44.6190603, -22.731314299326893 ], [ -44.618907799999988, -22.731642599326861 ], [ -44.618806099999972, -22.73197079932687 ], [ -44.618907799999988, -22.732298999326858 ], [ -44.6190603, -22.732627199326878 ], [ -44.6191111, -22.732955499326849 ], [ -44.6191111, -22.733330599326813 ], [ -44.618907799999988, -22.733611899326842 ], [ -44.618755299999975, -22.733940099326787 ], [ -44.618450199999977, -22.734127699326805 ], [ -44.618094400000032, -22.734268399326833 ], [ -44.617738499999966, -22.734362099326809 ], [ -44.617331799999981, -22.734362099326809 ], [ -44.6169759, -22.734408999326845 ], [ -44.616670899999974, -22.73459659932676 ], [ -44.616569200000015, -22.73492479932678 ], [ -44.6164167, -22.735252999326789 ], [ -44.616111699999969, -22.735440599326786 ], [ -44.6158067, -22.73562809932676 ], [ -44.615552499999978, -22.735862599326801 ], [ -44.615501600000023, -22.736190799326724 ], [ -44.615552499999978, -22.736518999326748 ], [ -44.6158575, -22.736706499326779 ], [ -44.6162134, -22.73684719932675 ], [ -44.6165184, -22.737034799326743 ], [ -44.61662009999997, -22.737362999326745 ], [ -44.6166963, -22.737722399326728 ], [ -44.617077600000016, -22.737863099326756 ], [ -44.617281, -22.738144399326742 ], [ -44.617331799999981, -22.738472599326734 ], [ -44.617382599999985, -22.738800799326675 ], [ -44.6174335, -22.739129099326711 ], [ -44.61778930000002, -22.739269699326716 ], [ -44.6179419, -22.739597899326672 ], [ -44.6179419, -22.739972999326699 ], [ -44.617738499999966, -22.740254299326672 ], [ -44.6174335, -22.740441899326676 ], [ -44.617077600000016, -22.740582499326681 ], [ -44.6167726, -22.740770099326681 ], [ -44.616518400000018, -22.741004499326642 ], [ -44.6161202, -22.741910999326642 ], [ -44.6161202, -22.742317299326654 ], [ -44.6161879, -22.742692399326621 ], [ -44.6161879, -22.7430674993266 ], [ -44.615916799999972, -22.743380099326629 ], [ -44.6155779, -22.743505099326605 ], [ -44.615306700000026, -22.743755199326596 ], [ -44.6150356, -22.744005199326587 ], [ -44.6149, -22.744380299326565 ], [ -44.614832200000016, -22.744755399326543 ], [ -44.614696700000025, -22.745067899326539 ], [ -44.614357799999986, -22.745255499326532 ], [ -44.613951, -22.74519299932653 ], [ -44.613612100000019, -22.745067899326539 ], [ -44.613273199999973, -22.744942899326592 ], [ -44.6128665, -22.74500539932658 ], [ -44.612527600000014, -22.74519299932653 ], [ -44.612120899999979, -22.74519299932653 ], [ -44.6117142, -22.745130499326581 ], [ -44.61130739999998, -22.745067899326539 ], [ -44.6109007, -22.745067899326539 ], [ -44.610629599999974, -22.745317999326556 ], [ -44.610561800000028, -22.745693099326527 ], [ -44.610697399999985, -22.746005599326526 ], [ -44.610968500000013, -22.746255699326529 ], [ -44.6112397, -22.746505699326512 ], [ -44.611271400000014, -22.746794899326527 ], [ -44.61134770000001, -22.747216799326498 ], [ -44.61134770000001, -22.747568499326491 ], [ -44.6112714, -22.747955199326483 ], [ -44.6111952, -22.748306899326479 ], [ -44.611080800000025, -22.748658499326442 ], [ -44.611080800000025, -22.749010099326497 ], [ -44.6111952, -22.749326599326487 ], [ -44.611500200000016, -22.749502399326449 ], [ -44.6118434, -22.749643099326477 ], [ -44.612224700000013, -22.749678199326453 ], [ -44.612567800000022, -22.749783699326475 ], [ -44.612796600000024, -22.750064999326469 ], [ -44.612796600000024, -22.750416599326432 ], [ -44.6126822, -22.750768299326424 ], [ -44.612377200000026, -22.751014399326394 ], [ -44.612110299999976, -22.751260499326413 ], [ -44.611957800000027, -22.75157699932641 ], [ -44.611919600000022, -22.751928599326384 ], [ -44.6119959, -22.752280199326364 ], [ -44.612034, -22.752631799326412 ], [ -44.6118434, -22.752948299326398 ], [ -44.611652699999972, -22.753229599326367 ], [ -44.611385799999987, -22.753475699326387 ], [ -44.611233299999974, -22.753792199326369 ], [ -44.6111952, -22.754143799326368 ], [ -44.611080800000025, -22.754495399326352 ], [ -44.6107376, -22.754671199326356 ], [ -44.610394499999984, -22.754776699326314 ], [ -44.610203800000022, -22.755057999326358 ], [ -44.610203800000029, -22.755409599326331 ], [ -44.610242, -22.755761199326304 ], [ -44.6103182, -22.756112799326278 ], [ -44.6107376, -22.756517199326325 ], [ -44.610852, -22.756851199326331 ], [ -44.6109283, -22.75720279932629 ], [ -44.611042699999985, -22.757519199326261 ], [ -44.611309600000027, -22.757765399326246 ], [ -44.6116146, -22.757941199326272 ], [ -44.611729, -22.758257599326242 ], [ -44.611729, -22.758609199326262 ], [ -44.611576500000012, -22.758925699326259 ], [ -44.611309600000027, -22.759206899326209 ], [ -44.6109664, -22.759347599326237 ], [ -44.610623200000013, -22.759523399326209 ], [ -44.610280100000026, -22.759663999326214 ], [ -44.609975099999986, -22.759874999326236 ], [ -44.60967, -22.760085899326192 ], [ -44.609365, -22.760296899326224 ], [ -44.609212500000012, -22.760613299326199 ], [ -44.6091743, -22.760964899326165 ], [ -44.609136200000016, -22.761316499326206 ], [ -44.608907400000014, -22.761597799326175 ], [ -44.608716800000025, -22.761879099326165 ], [ -44.608716800000025, -22.762230699326143 ], [ -44.608716800000025, -22.762582299326183 ], [ -44.608793100000014, -22.762933799326127 ], [ -44.6087549, -22.763285399326097 ], [ -44.608526199999972, -22.763566699326148 ], [ -44.6083736, -22.763883099326115 ], [ -44.6083736, -22.764234699326089 ], [ -44.6081067, -22.764920299326132 ], [ -44.608068600000017, -22.765289499326091 ], [ -44.6081067, -22.765641099326064 ], [ -44.608144900000013, -22.765992699326109 ], [ -44.608183, -22.766344199326049 ], [ -44.608221099999987, -22.766730999326043 ], [ -44.608259299999986, -22.767082599326045 ], [ -44.608183, -22.767469299326049 ], [ -44.6079161, -22.767750599326043 ], [ -44.607496700000013, -22.76782089932605 ], [ -44.607153499999981, -22.767961499326049 ], [ -44.606810399999972, -22.76810209932605 ], [ -44.606505299999981, -22.768277899326012 ], [ -44.606162200000036, -22.768418599326044 ], [ -44.605819, -22.768559199326045 ], [ -44.605552100000011, -22.768805299326001 ], [ -44.6053615, -22.769086599325991 ], [ -44.605285200000026, -22.769473299326005 ], [ -44.605247099999978, -22.769824899325997 ], [ -44.605285200000026, -22.770176399326001 ], [ -44.6053233, -22.770527999325981 ], [ -44.605285200000026, -22.770879599325962 ], [ -44.605437699999982, -22.771371799325955 ], [ -44.605475800000015, -22.771758499325912 ], [ -44.605475800000015, -22.772110099325943 ], [ -44.605285200000026, -22.772391299325911 ], [ -44.6050183, -22.772637399325937 ], [ -44.6047514, -22.772883499325911 ], [ -44.6046751, -22.773235099325934 ], [ -44.6045608, -22.773551499325905 ], [ -44.6042557, -22.773727299325923 ], [ -44.603874399999988, -22.773621799325905 ], [ -44.6036838, -22.773340499325929 ], [ -44.603340600000017, -22.773235099325934 ], [ -44.6029593, -22.773305399325952 ], [ -44.602654299999976, -22.773516299325884 ], [ -44.6023874, -22.773762399325914 ], [ -44.602082399999972, -22.773938199325869 ], [ -44.601853600000027, -22.774254599325893 ], [ -44.6017392, -22.774570999325864 ], [ -44.6017392, -22.77492259932589 ], [ -44.6017011, -22.775274099325848 ], [ -44.601510399999988, -22.775555399325828 ], [ -44.601357899999975, -22.775871799325863 ], [ -44.601205400000026, -22.776188199325812 ], [ -44.6012435, -22.776539699325827 ], [ -44.601434200000021, -22.776820999325817 ], [ -44.6017392, -22.776996799325826 ], [ -44.602025200000014, -22.777207699325835 ], [ -44.602311199999967, -22.777488899325792 ], [ -44.602578100000017, -22.777734999325812 ], [ -44.602692400000024, -22.778051399325779 ], [ -44.602730599999973, -22.778402999325817 ], [ -44.6028068, -22.778754499325771 ], [ -44.602997500000015, -22.779070899325795 ], [ -44.60315, -22.779387299325773 ], [ -44.603340600000017, -22.779668599325749 ], [ -44.603455, -22.779984899325733 ], [ -44.603493099999973, -22.780371599325772 ], [ -44.603455, -22.780723199325752 ], [ -44.603340600000017, -22.781074699325718 ], [ -44.603188100000011, -22.781391099325727 ], [ -44.6030356, -22.781707499325694 ], [ -44.602883099999978, -22.782023899325722 ], [ -44.602883099999978, -22.78237539932568 ], [ -44.602883099999978, -22.782726999325725 ], [ -44.602853400000022, -22.783193799325669 ], [ -44.602815299999975, -22.78356289932567 ], [ -44.602624699999964, -22.783844099325677 ], [ -44.6024721, -22.784160499325651 ], [ -44.602167099999974, -22.78433629932567 ], [ -44.6018621, -22.784511999325662 ], [ -44.601480799999976, -22.784582299325656 ], [ -44.601061399999985, -22.784582299325656 ], [ -44.600680099999977, -22.784511999325662 ], [ -44.600222499999973, -22.784301099325646 ], [ -44.59995559999998, -22.784054999325697 ], [ -44.5998412, -22.783738599325655 ], [ -44.599574299999972, -22.783457399325663 ], [ -44.5992693, -22.783246499325706 ], [ -44.5988499, -22.783211299325682 ], [ -44.598468599999983, -22.783211299325682 ], [ -44.598087299999975, -22.783211299325682 ], [ -44.597706, -22.783105899325697 ], [ -44.597515400000013, -22.782824599325721 ], [ -44.5973629, -22.782473099325703 ], [ -44.5972104, -22.782156699325686 ], [ -44.596943500000016, -22.781875499325722 ], [ -44.5966384, -22.781699699325713 ], [ -44.5962953, -22.781559099325708 ], [ -44.595952099999977, -22.781312999325735 ], [ -44.595761499999981, -22.780996599325722 ], [ -44.5956089, -22.780680199325747 ], [ -44.595456399999989, -22.780363799325727 ], [ -44.595380200000022, -22.780012299325765 ], [ -44.595265799999986, -22.779695899325741 ], [ -44.595075099999974, -22.779414699325784 ], [ -44.5947701, -22.779203699325766 ], [ -44.594465099999979, -22.778992799325799 ], [ -44.594083800000014, -22.778887299325799 ], [ -44.5937025, -22.778922499325816 ], [ -44.59339749999998, -22.779098299325771 ], [ -44.593321199999984, -22.779449799325782 ], [ -44.59339749999998, -22.779801399325752 ], [ -44.5937025, -22.78008259932577 ], [ -44.594045699999981, -22.780223199325782 ], [ -44.594388799999983, -22.780328699325743 ], [ -44.594732, -22.780434099325735 ], [ -44.5949989, -22.780680199325747 ], [ -44.595075099999974, -22.781031799325717 ], [ -44.594922600000025, -22.781348199325745 ], [ -44.594693899999982, -22.781664599325733 ], [ -44.59450320000002, -22.78198089932572 ], [ -44.594312600000023, -22.78233249932569 ], [ -44.594236299999984, -22.782683999325705 ], [ -44.594160100000011, -22.7830355993257 ], [ -44.594236299999984, -22.783422299325654 ], [ -44.5945413, -22.78359799932565 ], [ -44.594846399999987, -22.783773799325665 ], [ -44.5951895, -22.783949599325691 ], [ -44.595532699999971, -22.784054999325697 ], [ -44.595761499999973, -22.784336199325647 ], [ -44.596028400000016, -22.78461749932567 ], [ -44.596142799999988, -22.784933899325637 ], [ -44.5963334, -22.785215099325644 ], [ -44.5964859, -22.785724799325649 ], [ -44.596676600000016, -22.786023599325642 ], [ -44.596829099999987, -22.786339999325598 ], [ -44.596943500000016, -22.786656399325633 ], [ -44.597019699999969, -22.787043099325594 ], [ -44.597057800000016, -22.787394599325623 ], [ -44.597057800000016, -22.787746099325567 ], [ -44.597057800000016, -22.788097599325589 ], [ -44.5971341, -22.788449199325566 ], [ -44.597286600000025, -22.788765499325574 ], [ -44.5973629, -22.789117099325551 ], [ -44.597248499999971, -22.789468599325552 ], [ -44.5971341, -22.789784899325504 ], [ -44.59686720000002, -22.790030999325534 ], [ -44.59656219999998, -22.790206799325528 ], [ -44.596180899999972, -22.790241899325533 ], [ -44.5958377, -22.790382499325531 ], [ -44.595532699999971, -22.790558299325507 ], [ -44.595265799999986, -22.79080439932552 ], [ -44.594922600000025, -22.790980099325527 ], [ -44.5945795, -22.791120699325518 ], [ -44.594198199999987, -22.791190999325522 ], [ -44.593816899999972, -22.791296499325483 ], [ -44.59351190000001, -22.791472199325472 ], [ -44.593245, -22.791718299325499 ], [ -44.5930162, -22.791999499325446 ], [ -44.5928637, -22.792315899325477 ], [ -44.59278740000002, -22.792667399325495 ], [ -44.59278740000002, -22.79301889932545 ], [ -44.59278740000002, -22.793370399325479 ], [ -44.5926349, -22.793686799325421 ], [ -44.5922536, -22.79372189932543 ], [ -44.591872299999963, -22.793616499325427 ], [ -44.591491, -22.793247399325445 ], [ -44.5914148, -22.792878299325444 ], [ -44.591529200000025, -22.792561899325481 ], [ -44.591643499999975, -22.792245599325479 ], [ -44.5916054, -22.791894099325457 ], [ -44.5914148, -22.791612799325481 ], [ -44.59103349999998, -22.791612799325481 ], [ -44.590728500000012, -22.791858899325504 ], [ -44.590575899999969, -22.792175299325475 ], [ -44.590461600000026, -22.792526799325483 ], [ -44.590194699999984, -22.792772899325445 ], [ -44.5898515, -22.792878299325444 ], [ -44.5894702, -22.792878299325444 ], [ -44.589088899999979, -22.792913499325458 ], [ -44.5887839, -22.793089199325443 ], [ -44.588745800000019, -22.793440699325465 ], [ -44.58886009999997, -22.793792199325409 ], [ -44.5892033, -22.793932799325436 ], [ -44.589584600000023, -22.793932799325436 ], [ -44.589965899999982, -22.79403829932544 ], [ -44.5902709, -22.794214099325401 ], [ -44.5905378, -22.794460099325399 ], [ -44.590766599999988, -22.794741299325413 ], [ -44.590804699999978, -22.795092799325428 ], [ -44.590842800000011, -22.795444299325379 ], [ -44.590804699999978, -22.795795799325393 ], [ -44.590728500000012, -22.796147299325359 ], [ -44.590461600000026, -22.796393399325371 ], [ -44.590156499999978, -22.796569199325404 ], [ -44.5898515, -22.796744899325404 ], [ -44.589699, -22.79706129932536 ], [ -44.589432100000018, -22.797307299325357 ], [ -44.589127, -22.797483099325383 ], [ -44.588974500000013, -22.797799399325321 ], [ -44.588898299999975, -22.798150899325343 ], [ -44.588783900000017, -22.798467299325356 ], [ -44.5886314, -22.798783599325308 ], [ -44.588478899999984, -22.799099999325332 ], [ -44.588212, -22.799345999325308 ], [ -44.587830699999984, -22.799345999325308 ], [ -44.5876781, -22.799029699325317 ], [ -44.58764, -22.798678199325312 ], [ -44.58764, -22.798326699325347 ], [ -44.587601899999981, -22.79793999932533 ], [ -44.587335, -22.797693999325332 ], [ -44.58714429999997, -22.797412799325368 ], [ -44.58703, -22.797096399325348 ], [ -44.586991800000021, -22.796744899325404 ], [ -44.586686799999988, -22.796533999325376 ], [ -44.58630549999998, -22.796463699325379 ], [ -44.585924200000015, -22.796463699325379 ], [ -44.5855811, -22.796358199325358 ], [ -44.58531420000002, -22.796112199325361 ], [ -44.585047299999985, -22.795866099325409 ], [ -44.584589699999974, -22.795901299325411 ], [ -44.58439909999997, -22.79621759932536 ], [ -44.584360899999979, -22.796569099325374 ], [ -44.584360899999979, -22.796920699325359 ], [ -44.5840559, -22.797096399325348 ], [ -44.583712699999978, -22.79727219932537 ], [ -44.5834077, -22.797447899325363 ], [ -44.583331499999979, -22.797799399325321 ], [ -44.58321710000002, -22.798115799325348 ], [ -44.5832171, -22.798467299325356 ], [ -44.5832171, -22.798818799325318 ], [ -44.583553900000027, -22.799053099325278 ], [ -44.583935199999978, -22.799193699325297 ], [ -44.584189400000014, -22.799427999325285 ], [ -44.584341900000027, -22.799756099325325 ], [ -44.584291, -22.800130999325319 ], [ -44.5840877, -22.800412199325265 ], [ -44.583782699999965, -22.800599699325307 ], [ -44.583477599999981, -22.800787099325255 ], [ -44.58332510000001, -22.801115199325292 ], [ -44.58332510000001, -22.801490099325274 ], [ -44.583375900000021, -22.801818199325261 ], [ -44.5837318, -22.801911899325248 ], [ -44.5840877, -22.801958799325266 ], [ -44.584443599999986, -22.802005599325227 ], [ -44.584748600000012, -22.802193099325255 ], [ -44.584901100000025, -22.802521199325248 ], [ -44.585002799999977, -22.802849199325266 ], [ -44.585002799999977, -22.803270999325214 ], [ -44.585002799999977, -22.8036458993252 ], [ -44.585002799999977, -22.80402079932519 ], [ -44.585053599999981, -22.804348899325174 ], [ -44.585409500000026, -22.804489499325165 ], [ -44.5857653, -22.804536399325201 ], [ -44.5862229, -22.804583199325208 ], [ -44.586578799999977, -22.804630099325188 ], [ -44.58688380000001, -22.804817499325193 ], [ -44.587138, -22.805051899325196 ], [ -44.587290499999988, -22.805379899325157 ], [ -44.587443, -22.805707999325147 ], [ -44.587392200000011, -22.806035999325168 ], [ -44.587392200000011, -22.806410899325147 ], [ -44.5873413, -22.806738999325137 ], [ -44.587544700000016, -22.807020099325122 ], [ -44.587748, -22.807301299325125 ], [ -44.5879514, -22.807582499325161 ], [ -44.588205599999974, -22.807816799325128 ], [ -44.5884089, -22.808097999325081 ], [ -44.5885106, -22.808426099325118 ], [ -44.588612300000023, -22.808754099325085 ], [ -44.5888157, -22.8090352993251 ], [ -44.5890698, -22.80926959932507 ], [ -44.5893749, -22.809456999325082 ], [ -44.589679900000029, -22.809738199325089 ], [ -44.5899849, -22.809925699325074 ], [ -44.590137500000019, -22.810253699325035 ], [ -44.590340799999979, -22.810698899325025 ], [ -44.590442499999988, -22.811050399325037 ], [ -44.590239100000019, -22.811331499325032 ], [ -44.5898833, -22.811472099325027 ], [ -44.5895274, -22.811612699325039 ], [ -44.589222399999976, -22.81180019932501 ], [ -44.5890698, -22.812128199325031 ], [ -44.5889682, -22.812456199324988 ], [ -44.5889682, -22.812831099324985 ], [ -44.588764799999979, -22.813112299324985 ], [ -44.5884598, -22.813299699325 ], [ -44.588103900000021, -22.813440299325013 ], [ -44.587748, -22.813346599324969 ], [ -44.587392200000011, -22.813299699325 ], [ -44.5870871, -22.813112299324985 ], [ -44.5869346, -22.812784299324971 ], [ -44.58688380000001, -22.812456199324988 ], [ -44.586833, -22.812128199325031 ], [ -44.5867313, -22.811800199325013 ], [ -44.586477100000018, -22.811565799325013 ], [ -44.586121199999972, -22.811378399325069 ], [ -44.5857653, -22.811331499325032 ], [ -44.5853078, -22.811331499325032 ], [ -44.584951900000014, -22.811378399325069 ], [ -44.5845961, -22.811425299325027 ], [ -44.584189400000014, -22.811425299325027 ], [ -44.5837826, -22.811425299325027 ], [ -44.583426799999984, -22.811472099325027 ], [ -44.5830201, -22.811472099325027 ], [ -44.582816700000024, -22.811190899325009 ], [ -44.582460799999978, -22.811144099325023 ], [ -44.5821558, -22.811331499325032 ], [ -44.582105, -22.811659599325012 ], [ -44.5819525, -22.811987599325029 ], [ -44.581749100000025, -22.812268799325043 ], [ -44.58139319999998, -22.812409399324974 ], [ -44.5810374, -22.812549899325035 ], [ -44.580681500000019, -22.812690499324972 ], [ -44.580325599999966, -22.812784299324971 ], [ -44.580020600000012, -22.812971699324994 ], [ -44.579664700000016, -22.813159099324999 ], [ -44.579563099999966, -22.813487199324982 ], [ -44.579563099999966, -22.813862099324965 ], [ -44.579512200000011, -22.814190099324996 ], [ -44.579461400000014, -22.814518099324943 ], [ -44.579512200000011, -22.814892999324933 ], [ -44.579766399999976, -22.815127299324917 ], [ -44.579918899999988, -22.815455299324938 ], [ -44.579918899999988, -22.815830199324914 ], [ -44.579918899999988, -22.816205099324911 ], [ -44.5799698, -22.816533099324928 ], [ -44.5799698, -22.816907999324915 ], [ -44.579817199999972, -22.817235999324865 ], [ -44.579613900000027, -22.81751719932489 ], [ -44.579258, -22.817610899324862 ], [ -44.578953, -22.817798399324889 ], [ -44.578698799999984, -22.818032699324878 ], [ -44.5784446, -22.818266999324862 ], [ -44.578037900000027, -22.818266999324862 ], [ -44.5772245, -22.818243499324872 ], [ -44.576970300000021, -22.817985799324862 ], [ -44.5766653, -22.817798399324889 ], [ -44.576233100000017, -22.81751719932489 ], [ -44.5758518, -22.817423499324907 ], [ -44.575343499999974, -22.817845199324914 ], [ -44.575623099999966, -22.818454399324878 ], [ -44.575953500000026, -22.81864179932489 ], [ -44.57625860000001, -22.818829299324864 ], [ -44.5763602, -22.819157299324836 ], [ -44.576411099999973, -22.819485299324839 ], [ -44.576411099999973, -22.819860199324825 ], [ -44.576309400000014, -22.820188199324853 ], [ -44.576411099999973, -22.820516199324807 ], [ -44.5766653, -22.820797399324825 ], [ -44.5768686, -22.821078499324813 ], [ -44.576970300000021, -22.821406499324834 ], [ -44.576970300000021, -22.821781399324816 ], [ -44.576970300000021, -22.822156299324817 ], [ -44.576970300000021, -22.82253109932477 ], [ -44.576970300000021, -22.822905999324753 ], [ -44.576919499999974, -22.823233999324771 ], [ -44.576919499999974, -22.823608899324771 ], [ -44.576873400000011, -22.82416379932474 ], [ -44.576902, -22.824519699324732 ], [ -44.576730399999967, -22.824835999324716 ], [ -44.576473, -22.825073199324738 ], [ -44.576501599999979, -22.825415799324677 ], [ -44.576759, -22.825652999324699 ], [ -44.5768448, -22.82602199932473 ], [ -44.5768448, -22.826364699324696 ], [ -44.5768162, -22.826707299324681 ], [ -44.576616, -22.826997199324683 ], [ -44.576244299999985, -22.826997199324683 ], [ -44.5758725, -22.826997199324683 ], [ -44.57547210000002, -22.827208099324675 ], [ -44.5753292, -22.827524399324684 ], [ -44.5753292, -22.827866999324673 ], [ -44.575043199999982, -22.828104199324638 ], [ -44.5746714, -22.828183299324625 ], [ -44.57444270000002, -22.828446899324643 ], [ -44.574414100000013, -22.828789499324664 ], [ -44.574642799999985, -22.82907939932463 ], [ -44.574986, -22.829263899324612 ], [ -44.5753578, -22.829422099324596 ], [ -44.575529300000028, -22.829738299324582 ], [ -44.575557899999978, -22.830080999324618 ], [ -44.575557899999978, -22.830423599324607 ], [ -44.575557899999978, -22.830766199324611 ], [ -44.575963100000031, -22.831091299324594 ], [ -44.5762871, -22.831266999324594 ], [ -44.576477800000021, -22.831548099324593 ], [ -44.576706600000016, -22.831864399324534 ], [ -44.576859099999972, -22.832180699324546 ], [ -44.577126, -22.832426699324522 ], [ -44.577621700000016, -22.832321199324571 ], [ -44.577964800000018, -22.832215799324519 ], [ -44.578308, -22.832110399324531 ], [ -44.5787274, -22.832040099324526 ], [ -44.5791087, -22.832040099324526 ], [ -44.579413699999968, -22.832286099324524 ], [ -44.5795281, -22.832602399324522 ], [ -44.579642499999977, -22.832918599324568 ], [ -44.5797569, -22.833234899324513 ], [ -44.579833099999973, -22.833586299324498 ], [ -44.5797187, -22.833902599324492 ], [ -44.5793756, -22.834043199324508 ], [ -44.578994299999977, -22.834113399324501 ], [ -44.578613, -22.834078299324506 ], [ -44.578308, -22.83386739932449 ], [ -44.5780029, -22.833656599324499 ], [ -44.5776598, -22.833797199324497 ], [ -44.5773929, -22.834078299324506 ], [ -44.5772404, -22.834394599324494 ], [ -44.577049699999968, -22.83471079932448 ], [ -44.5766451, -22.835015399324465 ], [ -44.576244799999976, -22.835050499324502 ], [ -44.5759016, -22.835261399324462 ], [ -44.575672899999965, -22.835542499324458 ], [ -44.575596599999983, -22.835893899324443 ], [ -44.5754822, -22.836210099324479 ], [ -44.5752534, -22.836491299324432 ], [ -44.574948399999982, -22.83670209932448 ], [ -44.5746052, -22.836842699324418 ], [ -44.5744909, -22.837158899324461 ], [ -44.5744146, -22.83751029932446 ], [ -44.5746052, -22.837791399324452 ], [ -44.5749103, -22.838002299324426 ], [ -44.5752916, -22.838037399324445 ], [ -44.5756728, -22.838107699324443 ], [ -44.5759016, -22.838388799324434 ], [ -44.576130400000011, -22.838669899324422 ], [ -44.576321, -22.839021299324411 ], [ -44.576511700000019, -22.839302499324361 ], [ -44.576893, -22.839478199324368 ], [ -44.577236099999986, -22.839618699324401 ], [ -44.577617400000015, -22.839688999324387 ], [ -44.577960599999983, -22.839794399324397 ], [ -44.5782656, -22.840005199324391 ], [ -44.5783037, -22.840356599324373 ], [ -44.5782656, -22.840707999324366 ], [ -44.577960599999983, -22.840953999324366 ], [ -44.577617400000015, -22.841129699324348 ], [ -44.577617400000015, -22.841481099324337 ], [ -44.577655499999977, -22.841832499324337 ], [ -44.577884299999987, -22.842113599324325 ], [ -44.578227500000018, -22.842289299324328 ], [ -44.578570599999978, -22.842429799324311 ], [ -44.578951899999986, -22.842640699324317 ], [ -44.579257, -22.842886599324288 ], [ -44.579562, -22.843062299324298 ], [ -44.579905100000019, -22.84316769932429 ], [ -44.5802483, -22.843273099324271 ], [ -44.5806296, -22.84323799932428 ], [ -44.581010900000024, -22.84299199932428 ], [ -44.581354, -22.842886599324288 ], [ -44.5816972, -22.843027199324297 ], [ -44.5819641, -22.843308299324299 ], [ -44.5819641, -22.843659699324281 ], [ -44.5817735, -22.84397589932426 ], [ -44.5817735, -22.844327299324267 ], [ -44.5821166, -22.844467799324295 ], [ -44.582497900000021, -22.844502999324249 ], [ -44.582879199999979, -22.844502999324249 ], [ -44.5832605, -22.844538099324289 ], [ -44.583374900000024, -22.844854399324237 ], [ -44.583374900000024, -22.845205699324254 ], [ -44.583470200000015, -22.845732799324256 ], [ -44.583718, -22.846013899324234 ], [ -44.583908699999988, -22.846294999324218 ], [ -44.584213700000021, -22.846540999324233 ], [ -44.5845187, -22.846751799324199 ], [ -44.584823799999981, -22.846927499324224 ], [ -44.5851288, -22.84713829932419 ], [ -44.5853576, -22.847419399324178 ], [ -44.585433799999976, -22.84777079932417 ], [ -44.585433799999976, -22.848122199324173 ], [ -44.585395699999985, -22.848473499324193 ], [ -44.585395699999985, -22.848824899324182 ], [ -44.585586299999981, -22.849105999324181 ], [ -44.585815099999984, -22.849387099324154 ], [ -44.5861201, -22.849633099324166 ], [ -44.586463299999984, -22.849808699324129 ], [ -44.5868446, -22.849949299324148 ], [ -44.587149599999961, -22.850124999324134 ], [ -44.587454700000016, -22.850370899324112 ], [ -44.58816719999998, -22.850823299324134 ], [ -44.588152900000011, -22.851205399324151 ], [ -44.588009899999975, -22.851521599324119 ], [ -44.5879241, -22.851890599324083 ], [ -44.588038499999982, -22.852206799324073 ], [ -44.588210100000019, -22.852522999324115 ], [ -44.588496, -22.852760199324052 ], [ -44.5888392, -22.852865599324051 ], [ -44.589211, -22.852918299324077 ], [ -44.58958269999998, -22.852997399324071 ], [ -44.589782899999989, -22.853313599324036 ], [ -44.5898401, -22.853656199324057 ], [ -44.5900403, -22.853945999324061 ], [ -44.590240400000027, -22.854235899324042 ], [ -44.590526399999987, -22.854446699324029 ], [ -44.5907838, -22.854683899324034 ], [ -44.5910697, -22.85489469932401 ], [ -44.5913557, -22.855105499324004 ], [ -44.591613100000011, -22.855342699324016 ], [ -44.5920992, -22.856014599323995 ], [ -44.5922994, -22.856317699323974 ], [ -44.592499599999989, -22.856607499323982 ], [ -44.592585400000019, -22.856950099323996 ], [ -44.592785499999984, -22.857266299323975 ], [ -44.592928500000028, -22.857608899323981 ], [ -44.5930143, -22.857951399323948 ], [ -44.592985699999986, -22.858293999323944 ], [ -44.5930143, -22.858636499323936 ], [ -44.593357500000025, -22.858768299323945 ], [ -44.593729199999977, -22.858768299323945 ], [ -44.594101, -22.858610199323941 ], [ -44.594472699999983, -22.858583799323952 ], [ -44.594844500000015, -22.858662899323956 ], [ -44.595101899999968, -22.858900099323964 ], [ -44.595445, -22.859058199323925 ], [ -44.595731, -22.859268999323916 ], [ -44.596017, -22.859532499323915 ], [ -44.596188499999982, -22.859874999323893 ], [ -44.596388699999977, -22.860164899323877 ], [ -44.596588899999965, -22.860454699323892 ], [ -44.596646099999987, -22.860797299323888 ], [ -44.59664609999998, -22.861139899323906 ], [ -44.596932, -22.861350699323875 ], [ -44.597218, -22.861587799323875 ], [ -44.5974754, -22.862101599323879 ], [ -44.5974754, -22.86245739932383 ], [ -44.5972466, -22.862720899323843 ], [ -44.597418199999986, -22.863037099323822 ], [ -44.597732800000017, -22.863221499323846 ], [ -44.598018700000011, -22.863458699323861 ], [ -44.598361899999979, -22.863643099323816 ], [ -44.59861919999998, -22.863880299323824 ], [ -44.598819400000025, -22.864170099323839 ], [ -44.599019600000013, -22.864459999323824 ], [ -44.599277, -22.864697099323799 ], [ -44.599620099999981, -22.864802499323797 ], [ -44.59999190000002, -22.86485519932382 ], [ -44.60036359999998, -22.864881499323829 ], [ -44.600735400000012, -22.864881499323808 ], [ -44.60105, -22.865065999323814 ], [ -44.6012215, -22.865382199323797 ], [ -44.6012501, -22.865724699323778 ], [ -44.6012501, -22.866067299323767 ], [ -44.6012215, -22.866409799323762 ], [ -44.601021399999979, -22.866699699323792 ], [ -44.60082119999997, -22.867015799323742 ], [ -44.600764, -22.867358399323738 ], [ -44.600849799999985, -22.867700899323722 ], [ -44.601121400000011, -22.867938099323741 ], [ -44.601507500000018, -22.867938099323741 ], [ -44.601907900000015, -22.867964399323739 ], [ -44.602308199999982, -22.868148899323721 ], [ -44.6025656, -22.86838599932371 ], [ -44.60268, -22.868728499323687 ], [ -44.602794399999986, -22.869044699323727 ], [ -44.603080299999988, -22.869255499323724 ], [ -44.6033377, -22.869518999323724 ], [ -44.603537899999985, -22.869808799323675 ], [ -44.603738, -22.870098699323709 ], [ -44.603823799999979, -22.870441199323697 ], [ -44.604024, -22.870730999323644 ], [ -44.604224199999976, -22.871020899323682 ], [ -44.604510100000027, -22.871231699323683 ], [ -44.60476749999998, -22.87149509932366 ], [ -44.605024899999989, -22.87173229932365 ], [ -44.6052537, -22.872022099323608 ], [ -44.6055968, -22.87218019932363 ], [ -44.605968599999976, -22.872206499323642 ], [ -44.6063689, -22.872285599323632 ], [ -44.606654900000017, -22.872496399323609 ], [ -44.6067979, -22.872812499323626 ], [ -44.606883700000026, -22.873155099323633 ], [ -44.607141, -22.873392199323611 ], [ -44.6073412, -22.873708399323601 ], [ -44.607455599999987, -22.874024599323583 ], [ -44.6079846, -22.874709599323598 ], [ -44.608199099999972, -22.874999399323542 ], [ -44.608570900000011, -22.875052099323582 ], [ -44.608942599999978, -22.875052099323582 ], [ -44.609314400000017, -22.875131199323565 ], [ -44.609628900000011, -22.875394599323567 ], [ -44.609943499999979, -22.875579099323534 ], [ -44.610172299999988, -22.875842499323529 ], [ -44.6102295, -22.876185099323529 ], [ -44.610343899999968, -22.876501199323542 ], [ -44.610429599999975, -22.876843699323523 ], [ -44.610601200000019, -22.877159899323498 ], [ -44.6108014, -22.877449699323517 ], [ -44.611058800000016, -22.877686899323518 ], [ -44.6114305, -22.877765899323492 ], [ -44.611802300000015, -22.877897599323482 ], [ -44.612116800000024, -22.878253299323479 ], [ -44.612317, -22.878582699323459 ], [ -44.612574400000028, -22.878846099323464 ], [ -44.612831799999974, -22.879083199323503 ], [ -44.6129747, -22.879399399323468 ], [ -44.612889, -22.87974189932347 ], [ -44.6126888, -22.880031699323471 ], [ -44.612574400000028, -22.88034789932345 ], [ -44.612831799999974, -22.880584999323432 ], [ -44.613117699999975, -22.880822099323417 ], [ -44.613289300000019, -22.881164599323398 ], [ -44.613289300000019, -22.881507099323446 ], [ -44.613518100000022, -22.881770599323399 ], [ -44.613861199999974, -22.881902299323393 ], [ -44.614233, -22.881902299323393 ], [ -44.6146048, -22.881875999323391 ], [ -44.6149765, -22.881954999323415 ], [ -44.615262499999965, -22.882165799323403 ], [ -44.6153769, -22.88248189932342 ], [ -44.6154055, -22.882824399323393 ], [ -44.6154055, -22.883166899323371 ], [ -44.6153769, -22.883509399323348 ], [ -44.615291099999986, -22.883851899323396 ], [ -44.6152053, -22.88419439932337 ], [ -44.6153483, -22.884510599323335 ], [ -44.6156628, -22.884747699323338 ], [ -44.61597740000002, -22.884958499323329 ], [ -44.61626339999998, -22.885169199323343 ], [ -44.616549299999981, -22.885406299323325 ], [ -44.6169211, -22.885458999323351 ], [ -44.617292799999966, -22.885458999323351 ], [ -44.617664600000012, -22.885458999323351 ], [ -44.618036300000021, -22.885458999323351 ], [ -44.6184081, -22.885458999323351 ], [ -44.618779899999979, -22.885485399323318 ], [ -44.619008599999965, -22.885748799323313 ], [ -44.619037199999987, -22.886091299323287 ], [ -44.619037199999987, -22.886460199323288 ], [ -44.619266, -22.88674999932331 ], [ -44.619580600000013, -22.886934399323263 ], [ -44.619837899999986, -22.887197799323303 ], [ -44.6198951, -22.887540299323295 ], [ -44.620009499999973, -22.887856499323263 ], [ -44.620152500000017, -22.888172599323291 ], [ -44.620467099999985, -22.888383399323274 ], [ -44.620753, -22.888686299323275 ], [ -44.620753, -22.889041999323261 ], [ -44.620724399999965, -22.889384499323256 ], [ -44.6208102, -22.889726999323223 ], [ -44.621010399999989, -22.890016699323208 ], [ -44.6212964, -22.890253799323194 ], [ -44.621668100000015, -22.890306499323231 ], [ -44.622068500000019, -22.890227499323213 ], [ -44.622411600000021, -22.890122099323204 ], [ -44.6227834, -22.890122099323204 ], [ -44.6230122, -22.890385599323221 ], [ -44.622955, -22.890728099323201 ], [ -44.6230122, -22.891070499323217 ], [ -44.6232981, -22.891281299323197 ] ] ] } },
{ "type": "Feature", "properties": { "NUCOMPTREC": 3.994, "NUDISTBACT": 30.667, "NUDISTCDAG": 30.667, "NUAREACONT": 5.51, "NUAREAMONT": 341.876, "NUDISTBACC": 0.0, "NUAREABACC": 734.523, "NUCOMPCDA": 71.245, "Shape__Len": 0, "OBJECTID": 34895, "ID": 55338, "COTRECHO": 55338, "COCURSODAG": "779392", "COBACIA": "7793925", "NOGENERICO": "Rio", "NOLIGACAO": null, "NOESPECIF": "Mambucaba", "NORIOCOMP": "Rio Mambucaba", "NOORIGINAL": "Rio Mambucaba", "COCDADESAG": null, "NUTRJUS": 20798, "NUORDEMCDA": 1, "NUNIVOTTO": 7, "NUNIVOTCDA": 6, "NUSTRAHLER": 2, "DEDOMINIAL": "Federal", "DSVERSAO": "BHO bho_2017_v_01_05_50k de 2018-06-22" }, "geometry": { "type": "MultiLineString", "coordinates": [ [ [ -44.6232981, -22.891281299323197 ], [ -44.623412499999972, -22.891597399323203 ], [ -44.623641299999974, -22.891860899323159 ], [ -44.623927200000018, -22.892071599323184 ], [ -44.624213199999986, -22.8923613993232 ], [ -44.6244992, -22.892624899323142 ], [ -44.6247851, -22.892835599323163 ], [ -44.625099700000021, -22.893046399323165 ], [ -44.625414299999981, -22.893230799323188 ], [ -44.6257574, -22.893441499323146 ], [ -44.626072, -22.893652299323122 ], [ -44.626358, -22.893889399323108 ], [ -44.626615300000026, -22.894126499323164 ], [ -44.626844100000021, -22.894389899323155 ], [ -44.627101499999981, -22.89462699932314 ], [ -44.6273731, -22.894989199323113 ], [ -44.627587600000027, -22.89539099932313 ], [ -44.627644799999985, -22.895759799323102 ], [ -44.627644799999985, -22.896102199323057 ], [ -44.627587600000027, -22.896444699323087 ], [ -44.6274446, -22.896760799323037 ], [ -44.627416, -22.897103299323096 ], [ -44.6274732, -22.897445799323066 ], [ -44.627759200000014, -22.897656499323034 ], [ -44.628130899999967, -22.89770919932306 ], [ -44.6285027, -22.897761899323022 ], [ -44.628845899999988, -22.897893599323019 ], [ -44.629074600000017, -22.898156999323067 ], [ -44.629189, -22.89847309932302 ], [ -44.629160399999982, -22.898841899322996 ], [ -44.6289031, -22.899078999322988 ], [ -44.628617099999978, -22.899316099323023 ], [ -44.628331100000018, -22.899526899323018 ], [ -44.628188099999988, -22.899842999322978 ], [ -44.628159499999981, -22.900185399322979 ], [ -44.628273900000011, -22.900501499323006 ], [ -44.6284741, -22.900791299322965 ], [ -44.628559900000027, -22.901133799322995 ], [ -44.6287315, -22.901449899322952 ], [ -44.629074600000017, -22.901634299322978 ], [ -44.629332, -22.901871399322967 ], [ -44.629589399999972, -22.90218749932297 ], [ -44.629818100000023, -22.902450899322961 ], [ -44.629732400000016, -22.902793299322923 ], [ -44.629589399999986, -22.903109399322933 ], [ -44.6293892, -22.903399199322934 ], [ -44.6292176, -22.903741699322914 ], [ -44.629246200000011, -22.904084099322869 ], [ -44.629475, -22.904400199322893 ], [ -44.629618, -22.904742699322874 ], [ -44.6296466, -22.905308999322855 ], [ -44.6296466, -22.90566459932289 ], [ -44.6298181, -22.905980699322843 ], [ -44.6301899, -22.906059699322871 ], [ -44.630561699999987, -22.906086099322835 ], [ -44.6309048, -22.905954399322859 ], [ -44.631190800000013, -22.905717299322852 ], [ -44.631476700000015, -22.905506599322887 ], [ -44.631734100000017, -22.905243099322874 ], [ -44.632048699999977, -22.905058799322894 ], [ -44.6324204, -22.90503239932286 ], [ -44.632735, -22.905216799322876 ], [ -44.6331068, -22.905243099322874 ], [ -44.633478500000017, -22.905190499322874 ], [ -44.6338503, -22.90516409932286 ], [ -44.6341362, -22.905401199322849 ], [ -44.6343364, -22.905690999322857 ], [ -44.634708199999977, -22.905717299322852 ], [ -44.6351085, -22.905822699322858 ], [ -44.635423100000025, -22.906007099322874 ], [ -44.6355375, -22.906323199322834 ], [ -44.6355661, -22.906665599322835 ], [ -44.63562330000002, -22.90700799932285 ], [ -44.6358234, -22.907324099322818 ], [ -44.6361094, -22.907561199322803 ], [ -44.636395400000012, -22.907771899322817 ], [ -44.6366527, -22.90800899932281 ], [ -44.636967299999981, -22.908219699322817 ], [ -44.637224699999976, -22.908456799322792 ], [ -44.637510599999978, -22.908667499322767 ], [ -44.637839499999984, -22.909075799322768 ], [ -44.638139799999962, -22.909299699322794 ], [ -44.638425700000028, -22.909510399322762 ], [ -44.6387403, -22.909694799322786 ], [ -44.638854700000024, -22.910037299322756 ], [ -44.639054900000012, -22.910353399322762 ], [ -44.639255, -22.910643099322765 ], [ -44.639426599999965, -22.910959199322718 ], [ -44.639626799999974, -22.911248899322707 ], [ -44.639912700000025, -22.911485999322764 ], [ -44.64017009999997, -22.911723099322742 ], [ -44.6402559, -22.912065499322711 ], [ -44.640313100000014, -22.912407899322716 ], [ -44.64039889999998, -22.912750299322717 ], [ -44.64042749999998, -22.913092799322705 ], [ -44.640313100000014, -22.913408899322658 ], [ -44.6401987, -22.913724899322656 ], [ -44.639941299999968, -22.913961999322702 ], [ -44.639598200000016, -22.914067399322693 ], [ -44.639226399999984, -22.914146399322668 ], [ -44.638854700000024, -22.914093699322695 ], [ -44.6385401, -22.914278099322654 ] ] ] } },
{ "type": "Feature", "properties": { "NUCOMPTREC": 36.048, "NUDISTBACT": 492.564, "NUDISTCDAG": 91.67, "NUAREACONT": 138.844, "NUAREAMONT": 143.326, "NUDISTBACC": 400.894, "NUAREABACC": 1125.188, "NUCOMPCDA": 130.094, "Shape__Len": 0, "OBJECTID": 34955, "ID": 11380, "COTRECHO": 11380, "COCURSODAG": "77892", "COBACIA": "778927", "NOGENERICO": "Rio", "NOLIGACAO": "do", "NOESPECIF": "Braço", "NORIOCOMP": "Rio do Braço", "NOORIGINAL": "Rio do Braço", "COCDADESAG": "778", "NUTRJUS": 54966, "NUORDEMCDA": 2, "NUNIVOTTO": 6, "NUNIVOTCDA": 5, "NUSTRAHLER": 2, "DEDOMINIAL": "Federal", "DSVERSAO": "BHO bho_2017_v_01_05_50k de 2018-06-22" }, "geometry": { "type": "MultiLineString", "coordinates": [ [ [ -44.378183200000024, -22.794246699325409 ], [ -44.378152699999987, -22.794481199325428 ], [ -44.378145, -22.794889399325399 ], [ -44.37829, -22.795390999325388 ], [ -44.378295700000024, -22.795827799325384 ], [ -44.378129800000011, -22.796203499325369 ], [ -44.377683499999989, -22.79674709932539 ], [ -44.3775423, -22.79708089932539 ], [ -44.377519399999969, -22.797271599325335 ], [ -44.377534700000012, -22.797492899325349 ], [ -44.3777369, -22.797977399325312 ], [ -44.3777769, -22.798084199325345 ], [ -44.377817, -22.798221499325344 ], [ -44.377721599999987, -22.798496199325314 ], [ -44.3775786, -22.798738399325327 ], [ -44.376977800000027, -22.799554699325284 ], [ -44.3769072, -22.799703499325318 ], [ -44.376830900000016, -22.800041099325274 ], [ -44.376724099999983, -22.800279499325278 ], [ -44.376558100000018, -22.80046069932526 ], [ -44.3762205, -22.800676299325303 ], [ -44.375924899999973, -22.800683899325289 ], [ -44.375099, -22.800517999325297 ], [ -44.3743399, -22.800556099325277 ], [ -44.37391070000001, -22.800504599325286 ], [ -44.373327099999983, -22.800437899325306 ], [ -44.372970399999986, -22.800455099325308 ], [ -44.372711, -22.800504599325286 ], [ -44.37236189999998, -22.800657199325261 ], [ -44.372041500000023, -22.800899399325264 ], [ -44.371856499999971, -22.801154999325259 ], [ -44.3716486, -22.801565099325263 ], [ -44.3713472, -22.801889399325233 ], [ -44.3710249, -22.802114399325234 ], [ -44.3704088, -22.80245009932522 ], [ -44.3701322, -22.802833499325246 ], [ -44.370025399999967, -22.803144399325223 ], [ -44.3699148, -22.8033427993252 ], [ -44.3696726, -22.803617399325216 ], [ -44.3692701, -22.803977899325208 ], [ -44.36912130000001, -22.804288799325192 ], [ -44.369079399999976, -22.804717999325156 ], [ -44.369134700000018, -22.805305399325182 ], [ -44.36946660000001, -22.806295399325162 ], [ -44.369470400000012, -22.806606299325146 ], [ -44.369499, -22.806711199325154 ], [ -44.3694838, -22.80688279932512 ], [ -44.369518099999986, -22.806985799325144 ], [ -44.369539099999983, -22.807041099325126 ], [ -44.369531400000014, -22.807243399325138 ], [ -44.369527600000019, -22.807311999325147 ], [ -44.369464699999973, -22.807500799325123 ], [ -44.369397900000024, -22.807596199325097 ], [ -44.369315899999989, -22.807653399325115 ], [ -44.36922629999998, -22.807685799325125 ], [ -44.368837199999973, -22.807737299325101 ], [ -44.368701699999974, -22.807777399325133 ], [ -44.368593, -22.807832699325132 ], [ -44.3684862, -22.807912799325102 ], [ -44.368413700000019, -22.807985299325097 ], [ -44.3683565, -22.808114999325099 ], [ -44.3683565, -22.808341999325087 ], [ -44.3683985, -22.808490699325091 ], [ -44.368526299999985, -22.808738699325087 ], [ -44.3686598, -22.808925599325097 ], [ -44.369134700000018, -22.809486399325113 ], [ -44.369218600000011, -22.809640899325043 ], [ -44.369220499999976, -22.809726699325065 ], [ -44.369163300000018, -22.809799199325052 ], [ -44.3690641, -22.809829699325082 ], [ -44.368862, -22.809806799325063 ], [ -44.368442300000027, -22.809633199325074 ], [ -44.36836790000001, -22.809633199325074 ], [ -44.368287800000019, -22.809677099325068 ], [ -44.368270699999975, -22.809822099325089 ], [ -44.3683031, -22.809863999325078 ], [ -44.368324099999988, -22.810022299325077 ], [ -44.368303099999984, -22.810142499325057 ], [ -44.368232499999969, -22.810274099325081 ], [ -44.3678625, -22.810634599325066 ], [ -44.3677996, -22.810764299325061 ], [ -44.367812899999983, -22.81099129932505 ], [ -44.367898700000012, -22.811239199325023 ], [ -44.3679045, -22.811569199325028 ], [ -44.367727100000025, -22.811910599325003 ], [ -44.3676603, -22.812118499325013 ], [ -44.36765650000001, -22.81244469932502 ], [ -44.367618400000033, -22.812652599324974 ], [ -44.367439100000013, -22.812841399325013 ], [ -44.367296, -22.812921499325007 ], [ -44.367091899999984, -22.812961599324986 ], [ -44.366968, -22.813018799325018 ], [ -44.366901199999965, -22.813087499324993 ], [ -44.366863, -22.813186599324986 ], [ -44.36672, -22.813276299324965 ], [ -44.366573099999982, -22.813312499324987 ], [ -44.366428199999973, -22.813287699324981 ], [ -44.3659761, -22.813133199324977 ], [ -44.365749100000016, -22.813087499324993 ], [ -44.3654859, -22.813068399325019 ], [ -44.3652437, -22.81310839932496 ], [ -44.364698200000021, -22.813335399325027 ], [ -44.3641298, -22.813514699324969 ], [ -44.3640039, -22.813644399324968 ], [ -44.3640001, -22.813947699325002 ], [ -44.364131699999973, -22.814237599324986 ], [ -44.364185099999986, -22.814552299324959 ], [ -44.3641374, -22.814666699324935 ], [ -44.364095500000026, -22.814737299324943 ], [ -44.363981, -22.814783099324963 ], [ -44.363923800000016, -22.814805999324939 ], [ -44.3633115, -22.814950999324957 ], [ -44.363172299999967, -22.815036799324925 ], [ -44.362966299999968, -22.815271399324921 ], [ -44.362836599999973, -22.815328599324918 ], [ -44.3626592, -22.815332399324923 ], [ -44.362148100000013, -22.815059699324959 ], [ -44.362026, -22.815040599324927 ], [ -44.36174369999997, -22.815067299324955 ], [ -44.36155489999998, -22.815038699324951 ], [ -44.361404199999967, -22.81496619932496 ], [ -44.361257299999963, -22.81487659932494 ], [ -44.361108499999986, -22.814716399324961 ], [ -44.3610132, -22.814636199324951 ], [ -44.3609045, -22.814571399324944 ], [ -44.36075570000002, -22.814502699324947 ], [ -44.3605936, -22.814470399324961 ], [ -44.360461900000011, -22.814516099324962 ], [ -44.360402799999974, -22.814552299324959 ], [ -44.360372299999987, -22.814619099324975 ], [ -44.360353200000013, -22.814723999324958 ], [ -44.360395200000021, -22.815002499324933 ], [ -44.3603857, -22.815107399324926 ], [ -44.3603208, -22.815166499324924 ], [ -44.360233100000016, -22.815193199324955 ], [ -44.360135800000016, -22.815170299324926 ], [ -44.359947, -22.814969999324969 ], [ -44.359876400000012, -22.814943299324938 ], [ -44.359781, -22.814954799324969 ], [ -44.359723799999976, -22.81499669932494 ], [ -44.359710399999976, -22.815149299324915 ], [ -44.359756199999978, -22.815439199324935 ], [ -44.35974479999998, -22.815605199324942 ], [ -44.3596895, -22.81569099932495 ], [ -44.359599800000012, -22.815740599324961 ], [ -44.3595254, -22.815767299324936 ], [ -44.359397600000023, -22.815731099324946 ], [ -44.359290799999989, -22.815675799324936 ], [ -44.3591955, -22.815580399324929 ], [ -44.359184, -22.81537819932494 ], [ -44.3592412, -22.815238999324972 ], [ -44.3592698, -22.815107399324926 ], [ -44.359256500000015, -22.814985299324942 ], [ -44.359180200000011, -22.814857499324965 ], [ -44.3590696, -22.814821299324947 ], [ -44.3589437, -22.814834599324929 ], [ -44.358819700000026, -22.814887999324945 ], [ -44.3587377, -22.814987199324971 ], [ -44.358537399999982, -22.815360999324941 ], [ -44.3583028, -22.81559949932495 ], [ -44.357944200000013, -22.815702499324917 ], [ -44.357578, -22.815727299324916 ], [ -44.3573816, -22.815687199324937 ], [ -44.3571832, -22.815563199324924 ], [ -44.357055399999979, -22.815401099324909 ], [ -44.356990499999988, -22.815130299324967 ], [ -44.3568341, -22.815034899324953 ], [ -44.356683499999967, -22.815046299324955 ], [ -44.3564584, -22.815118799324946 ], [ -44.356138, -22.815311499324949 ], [ -44.355924300000027, -22.815401099324912 ], [ -44.355760299999979, -22.81541449932492 ], [ -44.355686, -22.815381999324938 ], [ -44.3556249, -22.815269499324941 ], [ -44.3555925, -22.814893699324966 ], [ -44.35577360000002, -22.814487499324947 ], [ -44.3557717, -22.814338699324963 ], [ -44.3556878, -22.814243299324961 ], [ -44.3556077, -22.814189899324948 ], [ -44.35548, -22.814125099324983 ], [ -44.355333, -22.814115499324981 ], [ -44.35519, -22.814060199324949 ], [ -44.3551175, -22.813947699325002 ], [ -44.355062200000013, -22.813690199324981 ], [ -44.3549802, -22.813554799325004 ], [ -44.354850500000012, -22.813440299325013 ], [ -44.354743699999979, -22.813404099324984 ], [ -44.3545911, -22.813394599324972 ], [ -44.354369799999965, -22.813470899325015 ], [ -44.354207700000018, -22.813524299324957 ], [ -44.3541219, -22.813550999324995 ], [ -44.354047499999979, -22.813550999324995 ], [ -44.353973100000019, -22.813508999324998 ], [ -44.353925399999973, -22.813459399324984 ], [ -44.3538949, -22.813350699324989 ], [ -44.353986399999989, -22.813161899324999 ], [ -44.353996, -22.813066499324982 ], [ -44.3539407, -22.812999699324969 ], [ -44.353835800000013, -22.812953999324986 ], [ -44.35373850000002, -22.81293109932502 ], [ -44.353471500000012, -22.812965399325002 ], [ -44.353353200000015, -22.812906299325007 ], [ -44.353297899999973, -22.812816599325021 ], [ -44.3532884, -22.812648799324986 ], [ -44.353225399999985, -22.812576299324988 ], [ -44.3531072, -22.812517199325011 ], [ -44.35301370000002, -22.812507699325025 ], [ -44.35272759999998, -22.812650699325005 ], [ -44.352630299999973, -22.812650699325005 ], [ -44.352529199999978, -22.812614499324997 ], [ -44.352475799999965, -22.812568699324991 ], [ -44.3524453, -22.812509599325008 ], [ -44.352380400000015, -22.812337899324987 ], [ -44.3523442, -22.81227499932502 ], [ -44.35225650000001, -22.812160499325014 ], [ -44.35215729999998, -22.81208799932504 ], [ -44.352052399999984, -22.812011699325044 ], [ -44.3518712, -22.811916399324993 ], [ -44.351699499999988, -22.81183429932501 ], [ -44.35151639999998, -22.811815299325005 ], [ -44.3512761, -22.811809599325041 ], [ -44.351026199999971, -22.811866799325049 ], [ -44.350904099999973, -22.811912599325048 ], [ -44.350787799999978, -22.811988899325019 ], [ -44.3505932, -22.812221599324992 ], [ -44.350536, -22.812284499324981 ], [ -44.350469299999979, -22.812334099325 ], [ -44.350394900000026, -22.812356999325019 ], [ -44.350301399999978, -22.812364599325029 ], [ -44.35020609999998, -22.812351299324995 ], [ -44.349981, -22.812255899325038 ], [ -44.349839799999977, -22.812190999324997 ], [ -44.349733, -22.81217389932501 ], [ -44.349639599999982, -22.812181499325028 ], [ -44.3495595, -22.812208199325006 ], [ -44.349485099999974, -22.812307399325007 ], [ -44.349397300000021, -22.812519099324977 ], [ -44.34934770000001, -22.812591599325017 ], [ -44.349237099999982, -22.812664099325008 ], [ -44.349090199999978, -22.81270789932503 ], [ -44.349004400000013, -22.812747999325001 ], [ -44.34889, -22.812833799325013 ], [ -44.348855599999965, -22.812919699325011 ], [ -44.3488461, -22.813018799325 ], [ -44.348914799999989, -22.813144699324994 ], [ -44.348960499999976, -22.813318299324973 ], [ -44.348937700000022, -22.813470899325015 ], [ -44.348880399999985, -22.813533799325 ], [ -44.348767899999984, -22.813596799325005 ], [ -44.3486611, -22.813640599324966 ], [ -44.348457, -22.813676899324996 ], [ -44.348209100000012, -22.813694099324998 ], [ -44.34802209999998, -22.81371499932499 ], [ -44.347614, -22.813804699324969 ], [ -44.347549099999981, -22.81389049932498 ], [ -44.3475396, -22.814062199324994 ], [ -44.347686399999986, -22.814315799324941 ], [ -44.347717, -22.814508499324948 ], [ -44.3475586, -22.814983399324959 ], [ -44.3475358, -22.815185599324945 ], [ -44.3477227, -22.81608589932495 ], [ -44.347707399999983, -22.816188899324931 ], [ -44.3474728, -22.816513099324926 ], [ -44.347366, -22.816738199324867 ], [ -44.347337400000015, -22.816955599324864 ], [ -44.347415599999977, -22.817199799324928 ], [ -44.347711199999985, -22.817539299324913 ], [ -44.347778, -22.817661299324882 ], [ -44.347808499999985, -22.817901699324878 ], [ -44.347732199999982, -22.818126699324861 ], [ -44.3472001, -22.818828599324878 ], [ -44.3471505, -22.819072799324857 ], [ -44.3472039, -22.819385599324818 ], [ -44.347600600000021, -22.82030869932483 ], [ -44.347642599999972, -22.820487999324843 ], [ -44.3476235, -22.82104499932483 ], [ -44.347699799999987, -22.821382599324792 ], [ -44.347850499999986, -22.821758299324792 ], [ -44.3480202, -22.822004399324822 ], [ -44.348115600000028, -22.822238999324796 ], [ -44.348148, -22.822370599324788 ], [ -44.3481481, -22.822486999324806 ], [ -44.3481061, -22.822605199324776 ], [ -44.3480508, -22.822690999324799 ], [ -44.347926799999982, -22.822834099324794 ], [ -44.34781229999998, -22.822879899324747 ], [ -44.347688399999974, -22.822883699324748 ], [ -44.3474347, -22.822822599324763 ], [ -44.347131400000016, -22.822700599324794 ], [ -44.3467766, -22.822481199324805 ], [ -44.346656499999987, -22.822427799324807 ], [ -44.346448599999974, -22.822389699324741 ], [ -44.3460442, -22.822338199324772 ], [ -44.345819100000028, -22.822269499324793 ], [ -44.345527300000022, -22.82199869932478 ], [ -44.345313700000013, -22.821693499324777 ], [ -44.345178299999979, -22.821554299324799 ], [ -44.3448864, -22.821435999324812 ], [ -44.344598399999988, -22.821474099324774 ], [ -44.3443982, -22.821668699324775 ], [ -44.344333300000017, -22.822055899324795 ], [ -44.3440968, -22.822429699324765 ], [ -44.343721099999982, -22.82272159932479 ], [ -44.343553199999967, -22.822910399324783 ], [ -44.343465499999979, -22.823280399324748 ], [ -44.3435971, -22.823854499324717 ], [ -44.343616199999978, -22.824140599324753 ], [ -44.343591399999973, -22.824260799324716 ], [ -44.343507400000021, -22.824428599324701 ], [ -44.3432881, -22.824544999324736 ], [ -44.3430325, -22.824571699324711 ], [ -44.342342, -22.824323699324715 ], [ -44.342197100000014, -22.824277999324739 ], [ -44.342042600000021, -22.82426839932473 ], [ -44.341914799999969, -22.824255099324748 ], [ -44.341602, -22.824180699324739 ], [ -44.341340699999989, -22.824068199324739 ], [ -44.341088899999981, -22.823854499324717 ], [ -44.340898200000019, -22.823722899324746 ], [ -44.3407189, -22.823604699324729 ], [ -44.3405682, -22.823530299324759 ], [ -44.3402496, -22.823448299324745 ], [ -44.3401066, -22.823524599324745 ], [ -44.34003790000002, -22.823646599324761 ], [ -44.339957799999972, -22.824314199324746 ], [ -44.33988729999998, -22.824495399324721 ], [ -44.3397099, -22.824674699324735 ], [ -44.339509599999985, -22.824777699324759 ], [ -44.339162499999979, -22.824831099324705 ], [ -44.33863980000001, -22.824773899324747 ], [ -44.338153499999976, -22.8246689993247 ], [ -44.337331399999982, -22.824384799324758 ], [ -44.3369518, -22.824352399324752 ], [ -44.33670769999997, -22.824422899324741 ], [ -44.336499800000013, -22.824565999324733 ], [ -44.336150700000012, -22.824962699324733 ], [ -44.336021, -22.825052399324719 ], [ -44.335332499999986, -22.825126799324721 ], [ -44.33492050000001, -22.825405199324674 ], [ -44.334766, -22.825403299324716 ], [ -44.334575299999976, -22.825241199324715 ], [ -44.334499, -22.825086699324714 ], [ -44.334521800000012, -22.824766299324736 ], [ -44.3344684, -22.824522099324764 ], [ -44.334396, -22.824394299324723 ], [ -44.334260500000028, -22.824285599324735 ], [ -44.334077400000012, -22.824216999324712 ], [ -44.333545300000026, -22.824152099324738 ], [ -44.333367899999978, -22.824070099324704 ], [ -44.3331695, -22.82393849932474 ], [ -44.3325782, -22.823480699324755 ], [ -44.3324886, -22.823412099324745 ], [ -44.3323894, -22.82337009932473 ], [ -44.332282599999971, -22.823370099324734 ], [ -44.3321891, -22.823406299324748 ], [ -44.33213, -22.823469299324742 ], [ -44.332078500000016, -22.823526499324775 ], [ -44.3320938, -22.82361799932476 ], [ -44.332208200000032, -22.823816399324741 ], [ -44.332275, -22.82393849932474 ], [ -44.332322700000013, -22.824083399324746 ], [ -44.332322700000013, -22.824195999324711 ], [ -44.332290199999989, -22.824287499324754 ], [ -44.332149099999981, -22.824602199324744 ], [ -44.332109, -22.824855899324714 ], [ -44.3321148, -22.825248799324719 ], [ -44.33242180000002, -22.826179599324686 ], [ -44.332442800000024, -22.826314999324712 ], [ -44.3324199, -22.826433299324705 ], [ -44.3323132, -22.82681279932471 ], [ -44.3323608, -22.827282099324673 ], [ -44.332431400000019, -22.827543399324675 ], [ -44.3326088, -22.827938199324652 ], [ -44.333173400000021, -22.828708799324655 ], [ -44.3332954, -22.828979599324644 ], [ -44.3332706, -22.829254299324635 ], [ -44.333205799999966, -22.829372499324606 ], [ -44.3329769, -22.829591899324637 ], [ -44.332563, -22.829671999324621 ], [ -44.3322559, -22.829715899324619 ], [ -44.3321262, -22.829710099324618 ], [ -44.332044199999984, -22.829664399324628 ], [ -44.3319469, -22.829588099324628 ], [ -44.3318764, -22.829465999324654 ], [ -44.3316494, -22.828949099324614 ], [ -44.33155210000001, -22.828832799324619 ], [ -44.3313976, -22.828731699324624 ], [ -44.331225899999986, -22.828699199324653 ], [ -44.3309799, -22.828722099324615 ], [ -44.330821599999979, -22.828765999324595 ], [ -44.330505, -22.828922399324654 ], [ -44.3301826, -22.828985299324632 ], [ -44.329917500000015, -22.828914799324636 ], [ -44.329412, -22.82865159932464 ], [ -44.328754, -22.828382599324634 ], [ -44.328061600000012, -22.828235799324663 ], [ -44.327767900000019, -22.828243399324659 ], [ -44.327586699999976, -22.828277699324644 ], [ -44.327491300000013, -22.828350199324642 ], [ -44.327443599999974, -22.82843599932465 ], [ -44.3274475, -22.82852569932464 ], [ -44.3275428, -22.828638199324633 ], [ -44.327674399999971, -22.828683999324653 ], [ -44.328033, -22.828727899324626 ], [ -44.3281303, -22.828807999324606 ], [ -44.3281417, -22.828926199324638 ], [ -44.328096, -22.82903489932464 ], [ -44.328094099999987, -22.829401199324625 ], [ -44.328044499999983, -22.829494599324587 ], [ -44.327964399999985, -22.829526999324614 ], [ -44.327836600000012, -22.829517499324613 ], [ -44.327619099999986, -22.829412599324616 ], [ -44.327529500000018, -22.82938969932459 ], [ -44.327418799999968, -22.829423999324636 ], [ -44.32736929999998, -22.829500299324618 ], [ -44.327354, -22.829628099324591 ], [ -44.3274227, -22.829902799324625 ], [ -44.32756, -22.830162199324612 ], [ -44.328061600000012, -22.830844999324601 ], [ -44.328139799999974, -22.83098619932456 ], [ -44.328193199999987, -22.83116159932456 ], [ -44.328185599999976, -22.831279899324603 ], [ -44.3281379, -22.831356199324588 ], [ -44.3280502, -22.831400099324565 ], [ -44.327905199999975, -22.831413399324546 ], [ -44.327787, -22.831380999324601 ], [ -44.327670599999969, -22.83129129932454 ], [ -44.3275352, -22.831173099324573 ], [ -44.3271823, -22.830698199324555 ], [ -44.3270832, -22.830574199324587 ], [ -44.3269573, -22.830478799324577 ], [ -44.326781799999978, -22.830383399324621 ], [ -44.326581499999975, -22.830314799324608 ], [ -44.3258834, -22.83014499932461 ], [ -44.325357, -22.829881799324614 ], [ -44.32513, -22.82970439932463 ], [ -44.324428099999977, -22.828743099324633 ], [ -44.3242583, -22.828594399324626 ], [ -44.32402560000002, -22.828479899324631 ], [ -44.323253200000011, -22.828273899324639 ], [ -44.323142500000017, -22.828178599324644 ], [ -44.32304340000001, -22.828001199324671 ], [ -44.323051, -22.827888599324648 ], [ -44.323230299999977, -22.827505299324653 ], [ -44.323171100000017, -22.827234399324666 ], [ -44.3231998, -22.827016999324687 ], [ -44.3234973, -22.826665999324664 ], [ -44.3235717, -22.826562999324697 ], [ -44.32360790000002, -22.826463799324678 ], [ -44.3235393, -22.826309299324681 ], [ -44.323321799999974, -22.826051899324685 ], [ -44.3232074, -22.825878299324692 ], [ -44.323115799999982, -22.825702799324677 ], [ -44.323117700000012, -22.825580699324703 ], [ -44.323154, -22.825445299324709 ], [ -44.323234099999979, -22.8253556993247 ], [ -44.32329320000003, -22.825260299324746 ], [ -44.323264600000016, -22.82514779932475 ], [ -44.323148300000021, -22.825092499324704 ], [ -44.3230014, -22.825065799324722 ], [ -44.3224444, -22.82519349932474 ], [ -44.322221300000024, -22.825206899324737 ], [ -44.322, -22.825178299324737 ], [ -44.321815, -22.825185899324723 ], [ -44.321633799999972, -22.825218299324721 ], [ -44.321246599999988, -22.825563599324717 ], [ -44.321107400000017, -22.825607399324724 ], [ -44.320804099999982, -22.825634099324713 ], [ -44.320499, -22.825605599324724 ], [ -44.320290199999981, -22.825582999324695 ], [ -44.3202872, -22.825582599324722 ], [ -44.3200888, -22.825613199324735 ], [ -44.3199839, -22.825693299324719 ], [ -44.319938200000031, -22.825761899324668 ], [ -44.319907600000022, -22.825874499324698 ], [ -44.319827499999974, -22.826244499324659 ], [ -44.3196997, -22.826496299324656 ], [ -44.3196158, -22.826559199324709 ], [ -44.319444200000021, -22.826608799324667 ], [ -44.3192343, -22.826606899324684 ], [ -44.318769, -22.826515399324695 ], [ -44.3186412, -22.826505799324686 ], [ -44.3185, -22.826532499324674 ], [ -44.3177943, -22.826660299324693 ], [ -44.317512, -22.826645099324683 ], [ -44.317121, -22.826603099324682 ], [ -44.3168807, -22.826620299324674 ], [ -44.3168215, -22.826831999324707 ], [ -44.31676049999998, -22.826963599324689 ], [ -44.316665100000016, -22.82707609932466 ], [ -44.316548800000021, -22.827156199324648 ], [ -44.31638670000001, -22.82719629932469 ], [ -44.3163371, -22.827196299324697 ], [ -44.316236, -22.827196299324697 ], [ -44.3159956, -22.827098999324633 ], [ -44.315787699999987, -22.826931199324662 ], [ -44.3156981, -22.826868199324661 ], [ -44.3156123, -22.826845299324681 ], [ -44.315436799999986, -22.8268395993247 ], [ -44.315310899999986, -22.826889199324643 ], [ -44.315169799999971, -22.827037999324698 ], [ -44.315169799999971, -22.827154299324686 ], [ -44.3152956, -22.827470899324641 ], [ -44.315320400000012, -22.827692199324655 ], [ -44.315228900000022, -22.827886699324676 ], [ -44.3151507, -22.828230099324628 ], [ -44.3151621, -22.828762199324657 ], [ -44.315282299999971, -22.829273399324606 ], [ -44.315583699999983, -22.830038299324613 ], [ -44.315587499999985, -22.830164099324588 ], [ -44.315553099999974, -22.830335799324605 ], [ -44.3154692, -22.830412099324587 ], [ -44.315362400000019, -22.830452099324589 ], [ -44.3151717, -22.830474999324572 ], [ -44.31384989999998, -22.830099299324569 ], [ -44.313621, -22.830083999324611 ], [ -44.31336349999998, -22.830150799324606 ], [ -44.313281500000016, -22.830204199324623 ], [ -44.313178499999985, -22.830349099324579 ], [ -44.313157499999981, -22.830700099324584 ], [ -44.31307930000002, -22.830925199324611 ], [ -44.312947699999988, -22.830997599324565 ], [ -44.312411699999984, -22.83109869932456 ], [ -44.3122305, -22.831234199324566 ], [ -44.31188150000002, -22.831932299324567 ], [ -44.311788, -22.832018099324578 ], [ -44.3116812, -22.832048599324562 ], [ -44.3115439, -22.832044799324567 ], [ -44.311444699999981, -22.832006599324565 ], [ -44.311341700000028, -22.831934199324536 ], [ -44.311210099999983, -22.831794899324542 ], [ -44.311105199999986, -22.831607999324579 ], [ -44.31096789999998, -22.831340999324578 ], [ -44.310750400000018, -22.831192199324555 ], [ -44.310632199999986, -22.831136899324573 ], [ -44.3104662, -22.831094899324562 ], [ -44.309945500000019, -22.831070099324563 ], [ -44.309775800000018, -22.831043399324571 ], [ -44.309487699999977, -22.830909899324567 ], [ -44.309035699999981, -22.830646699324589 ], [ -44.308783899999966, -22.83060089932458 ], [ -44.307904599999972, -22.830564699324615 ], [ -44.307252300000016, -22.830467399324572 ], [ -44.307073, -22.830501699324603 ], [ -44.306979599999977, -22.830579999324584 ], [ -44.3069967, -22.830764999324572 ], [ -44.307397299999984, -22.831194099324595 ], [ -44.307485, -22.831371499324558 ], [ -44.307494500000018, -22.831533599324572 ], [ -44.307355299999976, -22.83191699932453 ], [ -44.307294300000017, -22.832088699324537 ], [ -44.3072093, -22.832432899324566 ], [ -44.307204099999971, -22.832447599324563 ], [ -44.307172900000012, -22.832507999324555 ], [ -44.307142699999979, -22.832550299324524 ], [ -44.307105, -22.83260049932456 ], [ -44.3070735, -22.832642099324534 ], [ -44.30703560000002, -22.832716899324524 ], [ -44.307003599999973, -22.832784999324542 ], [ -44.306955300000027, -22.832951199324562 ], [ -44.306845, -22.833160799324517 ], [ -44.3067881, -22.833235399324504 ], [ -44.306748500000026, -22.833279699324514 ], [ -44.306711399999983, -22.833311099324526 ], [ -44.306647600000019, -22.833353399324555 ], [ -44.306596899999981, -22.833379599324545 ], [ -44.306536199999982, -22.833400399324535 ], [ -44.3064791, -22.833409399324509 ], [ -44.3064248, -22.833406099324499 ], [ -44.306376199999981, -22.8333979993245 ], [ -44.306329300000016, -22.833380899324535 ], [ -44.306276099999984, -22.833351099324545 ], [ -44.306200400000023, -22.833254399324517 ], [ -44.306189099999976, -22.833181399324531 ], [ -44.3061928, -22.833110999324497 ], [ -44.306211, -22.833039399324555 ], [ -44.306231299999972, -22.83296869932451 ], [ -44.306242100000027, -22.832877299324547 ], [ -44.306236800000015, -22.832816799324529 ], [ -44.306231799999971, -22.832759499324556 ], [ -44.306239600000019, -22.832714099324519 ], [ -44.30626239999998, -22.832666499324567 ], [ -44.306292499999969, -22.832621099324513 ], [ -44.3063222, -22.832571899324549 ], [ -44.3063535, -22.832494599324562 ], [ -44.306365099999987, -22.832449099324563 ], [ -44.306367500000015, -22.832387399324571 ], [ -44.3063626, -22.83231739932457 ], [ -44.306350800000018, -22.832249099324557 ], [ -44.306338200000027, -22.832143899324556 ], [ -44.306313699999976, -22.832040599324582 ], [ -44.3062797, -22.831931999324549 ], [ -44.306247, -22.831841499324558 ], [ -44.3062104, -22.831768699324563 ], [ -44.3061667, -22.831702199324578 ], [ -44.306111499999986, -22.83164389932459 ], [ -44.306033899999989, -22.831589099324535 ], [ -44.305937099999987, -22.831535799324559 ], [ -44.30586749999997, -22.831509399324585 ], [ -44.3057683, -22.831474899324547 ], [ -44.30564279999998, -22.831427799324555 ], [ -44.305548499999979, -22.831377299324544 ], [ -44.305432100000019, -22.831324699324554 ], [ -44.3053145, -22.83127439932456 ], [ -44.305218599999982, -22.831238199324556 ], [ -44.3051135, -22.831202299324552 ], [ -44.305003800000016, -22.831162799324581 ], [ -44.304889300000013, -22.831116699324571 ], [ -44.304776100000026, -22.831065799324566 ], [ -44.304698799999983, -22.831033299324584 ], [ -44.3045709, -22.830993999324573 ], [ -44.3044964, -22.830978499324601 ], [ -44.3043967, -22.830962699324573 ], [ -44.304322099999979, -22.830937499324591 ], [ -44.304298, -22.830922799324579 ], [ -44.304274, -22.830908099324567 ], [ -44.304235399999989, -22.830880399324592 ], [ -44.3041791, -22.830841399324587 ], [ -44.304113099999988, -22.830804899324551 ], [ -44.3040454, -22.830774199324591 ], [ -44.303960300000014, -22.830747099324583 ], [ -44.303861900000015, -22.830712499324594 ], [ -44.303766699999976, -22.830690899324562 ], [ -44.303621099999987, -22.830670999324578 ], [ -44.303543199999979, -22.830669199324575 ], [ -44.303424099999965, -22.830673699324571 ], [ -44.30331080000002, -22.830685699324594 ], [ -44.303205699999978, -22.830713699324576 ], [ -44.303123500000019, -22.830730199324591 ], [ -44.3030132, -22.830756099324564 ], [ -44.302908800000012, -22.830766699324613 ], [ -44.302812399999986, -22.830760899324563 ], [ -44.302721399999989, -22.830743599324588 ], [ -44.302637699999984, -22.830731599324555 ], [ -44.302519399999987, -22.830726899324581 ], [ -44.302432300000014, -22.830732999324599 ], [ -44.30235, -22.830751299324561 ], [ -44.302255899999977, -22.830778799324595 ], [ -44.302180899999989, -22.830801399324574 ], [ -44.302109, -22.830824199324585 ], [ -44.302037400000017, -22.830848099324616 ], [ -44.301952799999981, -22.830861199324598 ], [ -44.3018594, -22.830864899324578 ], [ -44.301726299999977, -22.830862099324577 ], [ -44.301411499999972, -22.830763699324567 ], [ -44.301046699999965, -22.830555199324586 ], [ -44.3007121, -22.830368699324598 ], [ -44.3005144, -22.8302675993246 ], [ -44.300359300000025, -22.830146999324608 ], [ -44.300169900000014, -22.829968299324619 ], [ -44.299978899999985, -22.829745299324621 ], [ -44.2997881, -22.829572999324597 ], [ -44.29957910000001, -22.829407999324623 ], [ -44.2993563, -22.829215899324641 ], [ -44.2992132, -22.829107499324643 ], [ -44.299054, -22.829025599324645 ], [ -44.298857899999973, -22.828984099324654 ], [ -44.2986747, -22.82898559932465 ], [ -44.2984692, -22.829040099324608 ], [ -44.298307599999987, -22.829096199324599 ], [ -44.2981474, -22.829092999324626 ], [ -44.297972800000025, -22.829031299324626 ], [ -44.2978063, -22.828926999324651 ], [ -44.2976646, -22.828853599324631 ], [ -44.2974909, -22.828756999324622 ], [ -44.297337200000023, -22.82859789932461 ], [ -44.297258100000022, -22.828419299324654 ], [ -44.297196799999988, -22.828234299324677 ], [ -44.2971319, -22.828039399324673 ], [ -44.2970767, -22.827845099324641 ], [ -44.297040700000032, -22.82767829932466 ], [ -44.2970042, -22.827563499324654 ], [ -44.296922699999982, -22.827387599324677 ], [ -44.296882200000027, -22.827322099324665 ], [ -44.296750700000018, -22.827204199324637 ], [ -44.296616, -22.82712409932466 ], [ -44.296530500000017, -22.827091299324675 ], [ -44.296447800000017, -22.827074099324673 ], [ -44.296346500000027, -22.827073399324679 ], [ -44.296265, -22.827073199324641 ], [ -44.296168799999968, -22.827085599324633 ], [ -44.29606960000001, -22.827124899324659 ], [ -44.2959624, -22.827170099324665 ], [ -44.2958496, -22.827211699324689 ], [ -44.2956345, -22.827325899324666 ], [ -44.295040299999982, -22.827670699324671 ], [ -44.2944918, -22.827896899324632 ], [ -44.2943833, -22.82796499932466 ], [ -44.2941952, -22.828112999324624 ], [ -44.293994100000013, -22.828248899324642 ], [ -44.293908, -22.828309099324649 ], [ -44.293668500000024, -22.828475799324622 ], [ -44.2935289, -22.828494499324606 ], [ -44.293456100000014, -22.828512299324633 ], [ -44.2933751, -22.828563499324609 ], [ -44.2932798, -22.828635299324617 ], [ -44.293196500000015, -22.828703799324664 ], [ -44.293091899999979, -22.828753399324622 ], [ -44.2929345, -22.828795699324623 ], [ -44.292841399999979, -22.828818999324653 ], [ -44.292727800000037, -22.828853999324611 ], [ -44.29264460000001, -22.828874899324649 ], [ -44.292589500000012, -22.828899899324636 ], [ -44.292546800000011, -22.828931299324651 ], [ -44.2924911, -22.828958699324616 ], [ -44.29233, -22.829017099324606 ], [ -44.292158500000028, -22.829093999324602 ], [ -44.292, -22.829157699324629 ], [ -44.29186420000002, -22.829215199324643 ], [ -44.291644299999966, -22.829283999324591 ], [ -44.29148, -22.829341099324644 ], [ -44.291378199999983, -22.829363399324595 ], [ -44.2912695, -22.82937309932462 ], [ -44.291151500000012, -22.829361499324616 ], [ -44.290992, -22.829316799324637 ], [ -44.290726199999988, -22.82920469932461 ], [ -44.290442, -22.829061799324606 ], [ -44.290205, -22.828928199324658 ], [ -44.290007, -22.828803099324649 ], [ -44.28979320000002, -22.828700999324663 ], [ -44.289517199999977, -22.828644399324606 ], [ -44.289238899999987, -22.828606799324618 ], [ -44.288913499999971, -22.828541199324658 ], [ -44.288639400000022, -22.828480599324617 ], [ -44.2883448, -22.828415399324637 ], [ -44.288055499999977, -22.828326199324639 ], [ -44.2878392, -22.828262599324667 ], [ -44.2876402, -22.828252099324629 ], [ -44.287466699999975, -22.828192099324667 ], [ -44.287334499999986, -22.828161899324641 ], [ -44.287175100000013, -22.828200299324632 ], [ -44.2870823, -22.828243599324665 ], [ -44.286999400000013, -22.828315299324618 ], [ -44.2868264, -22.828372599324673 ], [ -44.286635699999977, -22.828370599324668 ], [ -44.2864356, -22.828281499324643 ], [ -44.286359100000027, -22.828239999324644 ], [ -44.286233200000026, -22.828199699324671 ], [ -44.286115600000016, -22.82817789932465 ], [ -44.286020199999989, -22.828159899324643 ], [ -44.28587349999998, -22.828184699324645 ], [ -44.285814, -22.828216199324626 ], [ -44.285714799999987, -22.828302099324617 ], [ -44.285672299999987, -22.828366099324619 ], [ -44.2856276, -22.828452599324631 ], [ -44.285594100000019, -22.82853879932463 ], [ -44.2855781, -22.828637699324634 ], [ -44.285567800000017, -22.828739999324618 ], [ -44.2855473, -22.828833399324633 ], [ -44.285512200000014, -22.8289277993246 ], [ -44.285503399999975, -22.828983199324618 ], [ -44.2855184, -22.829160699324607 ], [ -44.2855358, -22.829324999324601 ], [ -44.285541599999974, -22.829514499324631 ], [ -44.2855482, -22.82972559932464 ], [ -44.2855667, -22.829873199324616 ], [ -44.285605, -22.829973099324619 ], [ -44.285640699999988, -22.830026199324632 ], [ -44.2857242, -22.83010729932462 ], [ -44.285797699999982, -22.830174399324562 ], [ -44.285861899999972, -22.830255299324577 ], [ -44.285905599999964, -22.830338499324579 ], [ -44.285950800000016, -22.830439599324571 ], [ -44.2859927, -22.830547199324602 ], [ -44.286047100000019, -22.830731599324555 ], [ -44.2860728, -22.830860299324566 ], [ -44.28609380000001, -22.830968799324566 ], [ -44.286095199999977, -22.831058199324548 ], [ -44.286095, -22.831134199324591 ], [ -44.2860862, -22.831214299324575 ], [ -44.2860779, -22.831280099324591 ], [ -44.286085399999976, -22.831383099324551 ], [ -44.2861052, -22.831443199324596 ], [ -44.286138, -22.831515499324592 ], [ -44.286180399999985, -22.831569299324574 ], [ -44.2862242, -22.83161919932455 ], [ -44.286285, -22.831668799324561 ], [ -44.2863393, -22.831729899324582 ], [ -44.286367400000024, -22.831771199324553 ], [ -44.2863883, -22.831827899324569 ], [ -44.286399099999983, -22.831890299324566 ], [ -44.28641, -22.831952599324602 ], [ -44.28638560000001, -22.832008999324582 ], [ -44.286307, -22.832133899324536 ], [ -44.2861914, -22.832296699324516 ], [ -44.2860162, -22.832497699324527 ], [ -44.285823900000025, -22.832724699324562 ], [ -44.2856458, -22.83288609932454 ], [ -44.28553440000001, -22.832983499324545 ], [ -44.2854724, -22.8330194993245 ], [ -44.285407599999985, -22.833039099324534 ], [ -44.2853402, -22.833042499324506 ], [ -44.2852378, -22.83303949932451 ], [ -44.285150400000013, -22.833025799324496 ], [ -44.28487610000002, -22.832919599324576 ], [ -44.284741600000018, -22.832870599324508 ], [ -44.284691899999977, -22.832864799324518 ], [ -44.28462050000001, -22.83287559932457 ], [ -44.2845681, -22.83289039932453 ], [ -44.2845405, -22.832916199324533 ], [ -44.2843542, -22.833032799324556 ], [ -44.284254499999975, -22.833088299324526 ], [ -44.284188700000016, -22.833110599324534 ], [ -44.2840885, -22.833128499324513 ], [ -44.2839957, -22.833141699324543 ], [ -44.283910199999973, -22.833131299324528 ], [ -44.2838749, -22.83312009932451 ], [ -44.283819400000027, -22.833100499324534 ], [ -44.283626599999984, -22.832989099324546 ], [ -44.283247300000021, -22.832853999324538 ], [ -44.283034699999973, -22.83278509932456 ], [ -44.28298130000001, -22.83278339932453 ], [ -44.2829435, -22.832795799324519 ], [ -44.282916, -22.832819799324518 ], [ -44.2829013, -22.832857699324521 ], [ -44.282907500000022, -22.832964999324531 ], [ -44.282952700000017, -22.833215699324505 ], [ -44.2829967, -22.833557599324532 ], [ -44.283009400000019, -22.833769599324494 ], [ -44.2830225, -22.833899299324511 ], [ -44.283051, -22.834040599324467 ], [ -44.2830874, -22.834124899324515 ], [ -44.283136, -22.83420779932451 ], [ -44.283205099999975, -22.834313299324535 ], [ -44.283226099999972, -22.834345399324526 ], [ -44.2832467, -22.834370999324477 ], [ -44.2832522, -22.834413299324495 ], [ -44.283252699999984, -22.834458099324497 ], [ -44.283248500000013, -22.834488899324491 ], [ -44.283236400000014, -22.83457619932452 ], [ -44.283234900000018, -22.834663399324516 ], [ -44.2832449, -22.83473679932446 ], [ -44.283268500000027, -22.834804699324504 ], [ -44.2833, -22.834903199324479 ], [ -44.283361899999974, -22.835008199324506 ], [ -44.2834489, -22.835098599324475 ], [ -44.283677899999986, -22.835302499324502 ], [ -44.2837419, -22.835374399324468 ], [ -44.283814, -22.835490799324479 ], [ -44.2838605, -22.835586599324479 ], [ -44.2839765, -22.835935899324454 ], [ -44.284035599999982, -22.836064599324448 ], [ -44.284054, -22.836120799324462 ], [ -44.2840597, -22.836177199324457 ], [ -44.2840552, -22.836233799324464 ], [ -44.284023499999982, -22.836326099324467 ], [ -44.2839811, -22.836380999324472 ], [ -44.283946, -22.836398099324441 ], [ -44.283908, -22.836396499324444 ], [ -44.28381430000001, -22.836379299324435 ], [ -44.2837052, -22.83634129932447 ], [ -44.283631500000013, -22.836304899324492 ], [ -44.283524399999969, -22.836231499324462 ], [ -44.283366300000012, -22.836116499324472 ], [ -44.2831804, -22.836013799324451 ], [ -44.283004399999975, -22.835899099324475 ], [ -44.282535699999983, -22.835669199324467 ], [ -44.282386099999989, -22.83559909932449 ], [ -44.2821791, -22.835502099324462 ], [ -44.281931900000011, -22.835398999324482 ], [ -44.2816125, -22.83523439932447 ], [ -44.281504600000012, -22.835178399324509 ], [ -44.281262099999985, -22.835052399324486 ], [ -44.280819399999984, -22.834835099324508 ], [ -44.2806016, -22.834718099324473 ], [ -44.280216600000024, -22.834516999324499 ], [ -44.2800573, -22.834417799324477 ], [ -44.279882699999973, -22.834318799324503 ], [ -44.279319199999968, -22.834010999324491 ], [ -44.2790958, -22.83391969932455 ], [ -44.278882599999974, -22.83383289932452 ], [ -44.2784236, -22.833666499324515 ], [ -44.27764209999998, -22.833335299324524 ], [ -44.27710860000002, -22.833142299324557 ], [ -44.2767108, -22.832964999324531 ], [ -44.276265500000022, -22.832733399324542 ], [ -44.276042599999982, -22.83259609932454 ], [ -44.275653200000022, -22.832356199324536 ], [ -44.2749966, -22.831997999324535 ], [ -44.274760300000018, -22.831891499324531 ], [ -44.274578799999972, -22.831831899324555 ], [ -44.274426, -22.831791099324523 ], [ -44.2743484, -22.831777799324563 ], [ -44.274281299999984, -22.83177879932456 ], [ -44.274199099999969, -22.831796699324546 ], [ -44.2741145, -22.831833899324561 ], [ -44.2740263, -22.831895199324563 ], [ -44.273956399999975, -22.831943799324531 ], [ -44.2737699, -22.832063799324569 ], [ -44.2736264, -22.832142399324564 ], [ -44.2735237, -22.832179799324557 ], [ -44.2733695, -22.832225199324533 ], [ -44.2731685, -22.83226399932455 ], [ -44.273075600000013, -22.832272899324565 ], [ -44.273049800000017, -22.832275399324562 ], [ -44.272879699999969, -22.832274299324538 ], [ -44.27267089999998, -22.832261799324581 ], [ -44.272476, -22.832238399324542 ], [ -44.27238490000002, -22.83221329932454 ], [ -44.2722467, -22.832162599324537 ], [ -44.272186499999968, -22.832125099324536 ], [ -44.272083899999977, -22.832037899324547 ], [ -44.271914700000032, -22.831853199324577 ], [ -44.271587899999986, -22.831440099324571 ], [ -44.271459900000018, -22.831249799324596 ], [ -44.271396, -22.83116179932459 ], [ -44.271311500000024, -22.831086099324562 ], [ -44.271198299999973, -22.830998799324558 ], [ -44.271022599999974, -22.830907399324587 ], [ -44.2705992, -22.830703499324617 ], [ -44.27028150000001, -22.8305393993246 ], [ -44.269887499999982, -22.83034959932457 ], [ -44.2695741, -22.830208899324614 ], [ -44.269377299999967, -22.830131999324596 ], [ -44.2690412, -22.830008599324582 ], [ -44.268605200000017, -22.829852699324608 ], [ -44.2683225, -22.829735299324582 ], [ -44.268079, -22.829569499324609 ], [ -44.2676308, -22.829244299324653 ], [ -44.26752190000002, -22.829158599324654 ], [ -44.267489899999973, -22.82912519932464 ], [ -44.267484200000013, -22.829105899324631 ], [ -44.267484099999983, -22.829098399324639 ], [ -44.2674839, -22.829086599324611 ], [ -44.267493600000023, -22.829050299324631 ], [ -44.2675062, -22.829028299324616 ], [ -44.2675292, -22.828999099324598 ], [ -44.267560100000019, -22.828976899324612 ], [ -44.267617200000018, -22.828954499324627 ], [ -44.268006500000013, -22.828798699324626 ], [ -44.2681417, -22.828758399324656 ], [ -44.268310499999977, -22.8287055993246 ], [ -44.268424499999981, -22.828658299324605 ], [ -44.268812299999979, -22.828448299324638 ], [ -44.268983, -22.828364099324634 ], [ -44.26905, -22.828317399324643 ], [ -44.2691064, -22.828268399324646 ], [ -44.2691888, -22.828209499324661 ], [ -44.269245399999988, -22.828165299324674 ], [ -44.269307799999972, -22.828109999324624 ], [ -44.269359099999974, -22.82805859932466 ], [ -44.2694176, -22.827980599324643 ], [ -44.26946479999998, -22.827851899324639 ], [ -44.2694952, -22.827667799324626 ], [ -44.269522, -22.827430499324645 ], [ -44.269518, -22.827357999324665 ], [ -44.269506799999988, -22.827319399324701 ], [ -44.2694715, -22.827247299324672 ], [ -44.269354299999975, -22.827129999324683 ], [ -44.269252199999968, -22.82702859932467 ], [ -44.269182600000022, -22.826944599324666 ], [ -44.269123700000016, -22.82687259932468 ], [ -44.269015500000023, -22.826684899324665 ], [ -44.26891569999998, -22.826526099324706 ], [ -44.268779400000021, -22.826379699324701 ], [ -44.268697, -22.826312699324696 ], [ -44.2685819, -22.826232899324662 ], [ -44.2683619, -22.826118099324663 ], [ -44.2679192, -22.825793799324682 ], [ -44.267589400000013, -22.82554949932473 ], [ -44.2674212, -22.825407799324704 ], [ -44.267332800000013, -22.825316299324705 ], [ -44.26730809999998, -22.825265499324715 ], [ -44.267299, -22.825204799324709 ], [ -44.267312600000025, -22.825100099324704 ], [ -44.267355800000011, -22.824637799324744 ], [ -44.267334600000019, -22.824499299324753 ], [ -44.267334199999986, -22.824482299324735 ], [ -44.267289399999981, -22.824343999324718 ], [ -44.2671947, -22.82394819932475 ], [ -44.2671401, -22.82359079932473 ], [ -44.267123700000013, -22.82329869932477 ], [ -44.26713460000002, -22.823057399324746 ], [ -44.267111600000014, -22.822316699324773 ], [ -44.267101500000017, -22.822209399324809 ], [ -44.267081399999988, -22.822124199324804 ], [ -44.267019899999973, -22.821942999324762 ], [ -44.266977899999972, -22.821816399324778 ], [ -44.266855099999987, -22.821604899324811 ], [ -44.266652700000016, -22.821239999324781 ], [ -44.266519800000026, -22.821052699324799 ], [ -44.266423499999974, -22.82085779932482 ], [ -44.2663943, -22.820795099324808 ], [ -44.266332499999983, -22.82066279932479 ], [ -44.266169, -22.820277499324803 ], [ -44.266121199999979, -22.820138299324825 ], [ -44.2660429, -22.81979859932483 ], [ -44.2659433, -22.819366199324833 ], [ -44.265887500000012, -22.819123799324853 ], [ -44.265849399999979, -22.818945099324857 ], [ -44.265824300000013, -22.818879099324857 ], [ -44.265715899999968, -22.818747299324851 ], [ -44.265610200000033, -22.818620299324884 ], [ -44.265470100000016, -22.81849339932489 ], [ -44.2653598, -22.818403199324852 ], [ -44.2653065, -22.818378899324895 ], [ -44.265250599999987, -22.81836199932485 ], [ -44.265166, -22.818362399324883 ], [ -44.2650708, -22.818362799324859 ], [ -44.264954199999977, -22.818348599324846 ], [ -44.264595699999965, -22.818239799324893 ], [ -44.264263500000027, -22.818182299324871 ], [ -44.263990499999977, -22.818134399324894 ], [ -44.263945200000016, -22.818122299324902 ], [ -44.263883099999987, -22.81806849932487 ], [ -44.263822800000014, -22.817977899324891 ], [ -44.263737, -22.817813599324911 ], [ -44.263697499999978, -22.817705599324896 ], [ -44.26367, -22.817540899324875 ], [ -44.263661, -22.817373799324891 ], [ -44.263638599999979, -22.817319699324873 ], [ -44.26350530000002, -22.817052099324908 ], [ -44.263379900000018, -22.816779399324879 ], [ -44.2633103, -22.816636899324905 ], [ -44.2632476, -22.81644259932493 ], [ -44.2631323, -22.816154799324902 ], [ -44.26300220000001, -22.815921099324957 ], [ -44.262957099999987, -22.815805399324915 ], [ -44.262913299999973, -22.81562559932491 ], [ -44.2628952, -22.815413599324948 ], [ -44.262897099999975, -22.815260699324959 ], [ -44.262924199999972, -22.815164499324936 ], [ -44.262988399999976, -22.815065699324943 ], [ -44.2632168, -22.814669999324927 ], [ -44.2632496, -22.814593399324934 ], [ -44.263276399999988, -22.814482299324965 ], [ -44.263330600000018, -22.81428979932495 ], [ -44.263339700000017, -22.814220599324976 ], [ -44.263331900000018, -22.814109599324947 ], [ -44.2632931, -22.81403799932496 ], [ -44.263239, -22.813998599324954 ], [ -44.263206799999971, -22.813986299324974 ], [ -44.263137299999983, -22.813969099324982 ], [ -44.2630567, -22.813932199324984 ], [ -44.262983799999965, -22.81388289932498 ], [ -44.2628573, -22.81378349932497 ], [ -44.262754799999982, -22.813724299324967 ], [ -44.262630899999976, -22.81365769932501 ], [ -44.262472399999979, -22.813593599324967 ], [ -44.2623138, -22.813526999325013 ], [ -44.262211400000012, -22.813475199325005 ], [ -44.262154399999979, -22.813428299324979 ], [ -44.262102700000014, -22.813381299324998 ], [ -44.2620637, -22.813307199324981 ], [ -44.2620281, -22.813146399324982 ], [ -44.2619901, -22.812875699325016 ], [ -44.2619338, -22.812716699325012 ], [ -44.261871400000011, -22.812590999325007 ], [ -44.2618119, -22.81246259932502 ], [ -44.2617555, -22.812339699325005 ], [ -44.261703800000014, -22.812259299325014 ], [ -44.26165, -22.81219439932503 ], [ -44.2616107, -22.81215949932502 ], [ -44.26160220000002, -22.812151899325013 ], [ -44.261562799999979, -22.812100499324998 ], [ -44.261525899999981, -22.812042399325009 ], [ -44.2615065, -22.811996399325015 ], [ -44.261489499999975, -22.81194469932505 ], [ -44.261493499999965, -22.811907299324986 ], [ -44.261500899999987, -22.811897099325041 ], [ -44.261516799999974, -22.81187529932501 ], [ -44.261565, -22.81184349932504 ], [ -44.261630599999982, -22.811795699325025 ], [ -44.261704099999974, -22.811717599325039 ], [ -44.2617353, -22.811635799325003 ], [ -44.2617608, -22.811546899325005 ], [ -44.2617576, -22.811390999325049 ], [ -44.2617601, -22.811300199325043 ], [ -44.261766099999988, -22.81124319932502 ], [ -44.261797300000012, -22.811175599325054 ], [ -44.2618458, -22.811092099325045 ], [ -44.261875299999971, -22.81099499932504 ], [ -44.26187950000002, -22.810929099325062 ], [ -44.2618721, -22.810868499325082 ], [ -44.261843600000027, -22.810804299325024 ], [ -44.261794, -22.810730999325024 ], [ -44.2617578, -22.810646399325051 ], [ -44.2616972, -22.810471599325091 ], [ -44.2616233, -22.810282399325072 ], [ -44.261551199999978, -22.810109199325066 ], [ -44.261421799999987, -22.809806799325063 ], [ -44.261308199999974, -22.809496299325048 ], [ -44.2612075, -22.809204499325105 ], [ -44.261171699999977, -22.809094699325083 ], [ -44.2611741, -22.809010999325078 ], [ -44.261197499999973, -22.80894879932508 ], [ -44.261232300000017, -22.808906199325094 ], [ -44.2612747, -22.808879599325092 ], [ -44.2613306, -22.808862099325086 ], [ -44.26140179999998, -22.808849999325091 ], [ -44.2614941, -22.808836099325088 ], [ -44.2615692, -22.808822199325107 ], [ -44.261598100000015, -22.808802799325107 ], [ -44.261632899999988, -22.808767299325091 ], [ -44.261660099999972, -22.808719299325091 ], [ -44.2616875, -22.808624999325094 ], [ -44.261701599999974, -22.808500399325123 ], [ -44.2616721, -22.808290599325112 ], [ -44.261631099999988, -22.808055299325087 ], [ -44.261615, -22.807888799325106 ], [ -44.2616069, -22.807610899325102 ], [ -44.261588800000027, -22.807400599325135 ], [ -44.2615587, -22.807242899325136 ], [ -44.2615265, -22.807150099325124 ], [ -44.2614638, -22.807017999325165 ], [ -44.261328900000024, -22.806697699325113 ], [ -44.26131, -22.806647799325152 ], [ -44.2612949, -22.806585399325165 ], [ -44.26129150000002, -22.806512299325142 ], [ -44.261293299999977, -22.806494699325114 ], [ -44.261305600000014, -22.80637759932517 ], [ -44.261304100000025, -22.806304599325131 ], [ -44.261279399999978, -22.806252799325133 ], [ -44.261245, -22.806211699325161 ], [ -44.2611895, -22.806173999325154 ], [ -44.26108390000001, -22.806134299325151 ], [ -44.260965, -22.806096399325149 ], [ -44.260828899999971, -22.80602449932513 ], [ -44.2605734, -22.805831899325145 ], [ -44.260312899999967, -22.805648999325189 ], [ -44.26021320000001, -22.805540899325145 ], [ -44.26009670000002, -22.805397899325158 ], [ -44.2599538, -22.805158499325167 ], [ -44.259835399999986, -22.804943299325164 ], [ -44.259706199999982, -22.804666599325206 ], [ -44.259614100000022, -22.804508699325179 ], [ -44.2596001, -22.80448469932518 ], [ -44.259492899999984, -22.804372299325205 ], [ -44.2594047, -22.804325899325157 ], [ -44.259324900000024, -22.804311499325181 ], [ -44.259273099999966, -22.804325299325214 ], [ -44.25923419999998, -22.80434309932518 ], [ -44.2591994, -22.804388899325186 ], [ -44.259171, -22.804460699325169 ], [ -44.259140100000018, -22.804586499325218 ], [ -44.259107299999982, -22.804678299325175 ], [ -44.2590497, -22.804796599325165 ], [ -44.2589931, -22.804894299325174 ], [ -44.258971200000012, -22.804952199325189 ], [ -44.2589666, -22.805010099325191 ], [ -44.2589706, -22.805062099325156 ], [ -44.2589941, -22.805100199325206 ], [ -44.2590521, -22.805215099325164 ], [ -44.2591117, -22.80536329932518 ], [ -44.259124, -22.805479299325167 ], [ -44.259123400000014, -22.805585199325154 ], [ -44.259092599999981, -22.80569099932519 ], [ -44.259072600000025, -22.805715899325147 ], [ -44.258999800000019, -22.805736599325151 ], [ -44.258883299999979, -22.805736099325156 ], [ -44.258744200000017, -22.805735399325162 ], [ -44.2585944, -22.805734699325168 ], [ -44.2584279, -22.805746599325193 ], [ -44.258318299999978, -22.805775899325173 ], [ -44.258228799999969, -22.80581899932514 ], [ -44.258196899999966, -22.805851099325146 ], [ -44.258195199999989, -22.805879099325185 ], [ -44.2582026, -22.805908599325164 ], [ -44.258241600000019, -22.805966199325166 ], [ -44.258274700000015, -22.806014099325193 ], [ -44.2583242, -22.806092799325146 ], [ -44.258365700000013, -22.806193099325121 ], [ -44.258388700000012, -22.806323799325106 ], [ -44.2583894, -22.80647379932514 ], [ -44.258361900000018, -22.80654449932511 ], [ -44.258324300000027, -22.806586799325146 ], [ -44.2582461, -22.806609999325119 ], [ -44.258107100000011, -22.806574699325136 ], [ -44.257930900000012, -22.806501499325176 ], [ -44.257711700000016, -22.806407499325125 ], [ -44.2574968, -22.806293199325175 ], [ -44.2571656, -22.80616639932515 ], [ -44.256851100000013, -22.806055499325172 ], [ -44.2566896, -22.806030999325163 ], [ -44.25658, -22.806034399325135 ], [ -44.2564152, -22.806081699325141 ], [ -44.256059900000018, -22.806201899325167 ], [ -44.2557549, -22.806256899325142 ], [ -44.255459, -22.806331799325164 ], [ -44.255191599999982, -22.806375899325126 ], [ -44.254953899999968, -22.80636919932515 ], [ -44.254731699999979, -22.806328599325123 ], [ -44.254637399999986, -22.806294299325135 ], [ -44.254579799999981, -22.80623749932515 ], [ -44.2545103, -22.80613839932515 ], [ -44.254464700000028, -22.805990899325145 ], [ -44.2544534, -22.805954599325162 ], [ -44.254424, -22.80575399932513 ], [ -44.254419199999973, -22.805458799325159 ], [ -44.2543744, -22.805291999325178 ], [ -44.254314, -22.805209799325173 ], [ -44.254238, -22.805172799325156 ], [ -44.2541101, -22.805160899325152 ], [ -44.2539638, -22.805162999325169 ], [ -44.253784100000018, -22.805156499325193 ], [ -44.2535921, -22.805158399325155 ], [ -44.253326099999974, -22.805102599325185 ], [ -44.253079599999978, -22.805042199325179 ], [ -44.252921300000033, -22.805013199325202 ], [ -44.252750699999979, -22.805015199325183 ], [ -44.2525951, -22.805051199325149 ], [ -44.2522642, -22.805120999325165 ], [ -44.2518984, -22.80515029932516 ], [ -44.251630299999981, -22.805143399325196 ], [ -44.251365500000013, -22.805082899325171 ], [ -44.250989600000018, -22.804956099325203 ], [ -44.250391, -22.804781599325196 ], [ -44.250206100000014, -22.804671899325204 ], [ -44.250073199999967, -22.804588899325203 ], [ -44.250000399999969, -22.804551699325181 ], [ -44.2499472, -22.804532399325208 ], [ -44.249889699999983, -22.804519799325163 ], [ -44.249795600000034, -22.804500699325182 ], [ -44.249656099999982, -22.804460999325194 ], [ -44.249588800000019, -22.804448199325222 ], [ -44.249514700000013, -22.804454099325174 ], [ -44.249395100000015, -22.804467599325196 ], [ -44.2493328, -22.804459499325191 ], [ -44.249271799999974, -22.804447799325178 ], [ -44.2491812, -22.804394399325172 ], [ -44.249126, -22.80433799932517 ], [ -44.2490489, -22.804264299325197 ], [ -44.248926700000027, -22.804142199325202 ], [ -44.248820599999988, -22.804038399325226 ], [ -44.248721, -22.803970099325209 ], [ -44.248622599999976, -22.803917699325208 ], [ -44.2485127, -22.803878799325222 ], [ -44.2484129, -22.803852399325173 ], [ -44.248258599999978, -22.80379119932519 ], [ -44.248075, -22.803708199325218 ], [ -44.24792860000003, -22.803653699325178 ], [ -44.247854599999975, -22.803628299325226 ], [ -44.247789800000021, -22.803616699325225 ], [ -44.2476636, -22.803614499325185 ], [ -44.247555200000022, -22.803617499325167 ], [ -44.247361599999984, -22.803644999325233 ], [ -44.247232199999985, -22.803670799325229 ], [ -44.247184500000017, -22.8036898993252 ], [ -44.247035799999985, -22.803771999325189 ], [ -44.246984199999979, -22.803819299325195 ], [ -44.246909699999989, -22.803885899325198 ], [ -44.2468657, -22.803924399325226 ], [ -44.246825800000011, -22.803947299325205 ], [ -44.2467742, -22.803976799325191 ], [ -44.2466713, -22.80400629932522 ], [ -44.2465952, -22.804023499325222 ], [ -44.2464868, -22.804024799325177 ], [ -44.246405200000019, -22.803994399325209 ], [ -44.2462172, -22.803925399325234 ], [ -44.246090700000025, -22.803851099325183 ], [ -44.245940500000017, -22.803736299325234 ], [ -44.24571450000002, -22.80355419932522 ], [ -44.245384300000012, -22.803300599325219 ], [ -44.245211400000017, -22.803171699325219 ], [ -44.244992599999982, -22.803045499325219 ], [ -44.2447522, -22.80292439932521 ], [ -44.244499299999973, -22.802804299325231 ], [ -44.244168199999983, -22.802615399325205 ], [ -44.2440196, -22.802524399325222 ], [ -44.24378890000002, -22.802359999325258 ], [ -44.2435309, -22.80215399932522 ], [ -44.24338, -22.802002799325273 ], [ -44.243310300000019, -22.80192619932528 ], [ -44.24327779999998, -22.801890499325257 ], [ -44.2431995, -22.801783799325268 ], [ -44.243165, -22.801733199325248 ], [ -44.2431456, -22.801686899325244 ], [ -44.243133699999987, -22.801646199325251 ], [ -44.243134, -22.801594299325227 ], [ -44.243155399999978, -22.801545399325271 ], [ -44.2432124, -22.801506699325259 ], [ -44.24325929999997, -22.801491499325248 ], [ -44.243336600000021, -22.801482099325256 ], [ -44.2434455, -22.801485399325241 ], [ -44.2435317, -22.801487199325258 ], [ -44.243587699999978, -22.801488899325236 ], [ -44.243674, -22.801475299325261 ], [ -44.243709, -22.80144879932525 ], [ -44.243739399999981, -22.801418099325225 ], [ -44.2437714, -22.801379099325278 ], [ -44.243792699999958, -22.801344099325242 ], [ -44.2438143, -22.801282599325237 ], [ -44.243847899999984, -22.801215499325281 ], [ -44.243908, -22.801047799325254 ], [ -44.2439314, -22.8009662993253 ], [ -44.2439549, -22.800884799325281 ], [ -44.2439612, -22.800771199325254 ], [ -44.2439503, -22.800659399325252 ], [ -44.2439117, -22.800506199325252 ], [ -44.243829199999986, -22.800294599325277 ], [ -44.2437933, -22.80022079932526 ], [ -44.24375179999997, -22.800165699325266 ], [ -44.243689599999982, -22.800094099325307 ], [ -44.243594200000018, -22.799992399325298 ], [ -44.2435388, -22.79994609932529 ], [ -44.243507500000021, -22.799906899325308 ], [ -44.243481200000019, -22.799871699325287 ], [ -44.243456499999979, -22.799834499325268 ], [ -44.243412499999977, -22.799795499325313 ], [ -44.243349, -22.799764899325314 ], [ -44.2432832, -22.799745899325295 ], [ -44.243224899999973, -22.799738499325283 ], [ -44.243149599999974, -22.799742399325304 ], [ -44.2431234, -22.799755099325317 ], [ -44.243083300000023, -22.79979329932528 ], [ -44.242999, -22.79986559932529 ], [ -44.242926, -22.799925399325296 ], [ -44.2428246, -22.800006699325287 ], [ -44.242748399999975, -22.800062899325287 ], [ -44.2426595, -22.800117799325289 ], [ -44.2425649, -22.800161999325304 ], [ -44.242453599999969, -22.800189099325308 ], [ -44.242337, -22.80020999932529 ], [ -44.242233899999974, -22.800218399325306 ], [ -44.24215880000002, -22.800210899325315 ], [ -44.2421165, -22.800203599325268 ], [ -44.242056900000016, -22.800178299325314 ], [ -44.242015700000017, -22.800137099325262 ], [ -44.241963399999968, -22.800071899325275 ], [ -44.2419112, -22.799979199325296 ], [ -44.241867300000024, -22.799901899325306 ], [ -44.2418123, -22.799814299325277 ], [ -44.2416938, -22.799669899325334 ], [ -44.2415221, -22.799493499325276 ], [ -44.241466, -22.799449999325283 ], [ -44.2413853, -22.799384699325334 ], [ -44.2413485, -22.799342499325324 ], [ -44.241303399999978, -22.799291399325323 ], [ -44.241262600000027, -22.799228899325318 ], [ -44.241236699999988, -22.799189299325324 ], [ -44.241196, -22.799101299325336 ], [ -44.241146800000024, -22.798978399325332 ], [ -44.241044, -22.798753099325317 ], [ -44.240944300000024, -22.798546699325296 ], [ -44.240856599999979, -22.798405199325334 ], [ -44.2407268, -22.798170299325324 ], [ -44.240676899999976, -22.798058299325319 ], [ -44.2406474, -22.797939399325347 ], [ -44.240645299999976, -22.797833999325359 ], [ -44.2406522, -22.797718199325374 ], [ -44.240655699999984, -22.797687599325354 ], [ -44.2406793, -22.797627299325342 ], [ -44.240713400000011, -22.797580899325371 ], [ -44.2407202, -22.797571499325343 ], [ -44.2407478, -22.797546199325346 ], [ -44.2407953, -22.797509799325361 ], [ -44.2408375, -22.797447499325333 ], [ -44.240873099999988, -22.797367299325366 ], [ -44.240877899999987, -22.797303199325338 ], [ -44.240877500000011, -22.797185599325335 ], [ -44.240865400000018, -22.797113399325365 ], [ -44.2408352, -22.797018399325378 ], [ -44.2408057, -22.796964499325366 ], [ -44.240773100000013, -22.796903399325384 ], [ -44.240737500000016, -22.796829199325359 ], [ -44.2407159, -22.796772499325336 ], [ -44.240714500000017, -22.796730399325376 ], [ -44.2407303, -22.796658399325391 ], [ -44.240768600000017, -22.796592499325349 ], [ -44.240811300000018, -22.796530699325395 ], [ -44.2408516, -22.796495799325378 ], [ -44.240947899999973, -22.796428099325389 ], [ -44.241035099999976, -22.796383099325393 ], [ -44.2412205, -22.796305499325392 ], [ -44.241442199999987, -22.796241999325378 ], [ -44.241502500000024, -22.796227799325383 ], [ -44.2415694, -22.796215799325399 ], [ -44.24169669999997, -22.796183299325389 ], [ -44.241761499999988, -22.796162999325364 ], [ -44.2418508, -22.796126199325386 ], [ -44.241922400000014, -22.796097699325401 ], [ -44.241985100000022, -22.7960483993254 ], [ -44.242016499999977, -22.795981399325409 ], [ -44.242028300000015, -22.795903999325393 ], [ -44.242023, -22.795790299325411 ], [ -44.242001500000015, -22.795691999325363 ], [ -44.2419676, -22.795617199325374 ], [ -44.2419294, -22.795542299325415 ], [ -44.241845500000011, -22.795434099325405 ], [ -44.241730800000028, -22.795326699325379 ], [ -44.241527599999984, -22.795163499325408 ], [ -44.241447600000015, -22.795094599325438 ], [ -44.241372399999982, -22.79502859932543 ], [ -44.2412801, -22.794914299325431 ], [ -44.241194199999988, -22.794735299325428 ], [ -44.2411171, -22.794556899325386 ], [ -44.241061699999982, -22.794446299325436 ], [ -44.240936700000013, -22.794222099325442 ], [ -44.240915799999982, -22.794185999325464 ], [ -44.240882699999986, -22.794140599325416 ], [ -44.240856300000011, -22.794103499325441 ], [ -44.240760500000029, -22.794003599325432 ], [ -44.240667799999983, -22.793910399325434 ], [ -44.2406396, -22.793885899325453 ], [ -44.240581299999967, -22.793821899325447 ], [ -44.240519, -22.793733499325405 ], [ -44.2405031, -22.793682799325438 ], [ -44.24048729999997, -22.793602099325426 ], [ -44.2404826, -22.793508199325462 ], [ -44.240478100000011, -22.793457599325457 ], [ -44.240465200000017, -22.793411599325466 ], [ -44.240437, -22.793354699325462 ], [ -44.240369, -22.793269799325468 ], [ -44.240305200000023, -22.793196899325455 ], [ -44.240275600000018, -22.793139899325485 ], [ -44.240251600000015, -22.793094899325485 ], [ -44.24023, -22.79303989932545 ], [ -44.240223399999984, -22.792994899325461 ], [ -44.240223899999982, -22.792917499325448 ], [ -44.240223, -22.792860999325477 ], [ -44.240228, -22.792786699325472 ], [ -44.240234, -22.792622099325477 ], [ -44.2402313, -22.792558599325485 ], [ -44.240220500000014, -22.792463099325495 ], [ -44.2401969, -22.792411499325478 ], [ -44.2401631, -22.792370299325491 ], [ -44.2401008, -22.792328699325456 ], [ -44.2400139, -22.792247399325472 ], [ -44.2399683, -22.792183299325448 ], [ -44.239888699999987, -22.7920360993255 ], [ -44.239775300000012, -22.791777999325511 ], [ -44.2396688, -22.791509399325495 ], [ -44.239617800000012, -22.791363699325469 ], [ -44.239580199999978, -22.791246899325458 ], [ -44.239555499999987, -22.791170199325496 ], [ -44.2395328, -22.791113099325525 ], [ -44.239516499999979, -22.791035799325478 ], [ -44.239515900000015, -22.791031499325477 ], [ -44.2395103, -22.790994299325526 ], [ -44.2394916, -22.790906299325517 ], [ -44.239471499999979, -22.790839699325502 ], [ -44.2394425, -22.790744599325492 ], [ -44.239390399999984, -22.790566599325484 ], [ -44.239371, -22.790488699325547 ], [ -44.239351199999987, -22.790428199325529 ], [ -44.239329, -22.790389499325517 ], [ -44.239299800000019, -22.790340299325539 ], [ -44.239232300000033, -22.790230099325495 ], [ -44.2392211, -22.790205899325507 ], [ -44.2392115, -22.790157499325538 ], [ -44.239218400000034, -22.790090999325539 ], [ -44.2392466, -22.790018699325543 ], [ -44.2392747, -22.789946299325511 ], [ -44.2393506, -22.789765599325538 ], [ -44.239384299999983, -22.789646599325554 ], [ -44.239395699999982, -22.789566299325529 ], [ -44.239388799999972, -22.789466999325537 ], [ -44.239348800000016, -22.789402099325553 ], [ -44.239275599999985, -22.789330299325556 ], [ -44.2391642, -22.789222499325536 ], [ -44.23906369999996, -22.789104599325519 ], [ -44.2389756, -22.78898949932556 ], [ -44.238900199999989, -22.788879399325548 ], [ -44.2388611, -22.788816899325528 ], [ -44.238795900000014, -22.788723699325537 ], [ -44.238750700000018, -22.788665599325558 ], [ -44.238697600000023, -22.788621999325539 ], [ -44.238648300000023, -22.78857579932555 ], [ -44.238620799999971, -22.788526299325564 ], [ -44.238602399999976, -22.788469899325548 ], [ -44.238589900000022, -22.788452899325542 ], [ -44.238570499999973, -22.788438999325539 ], [ -44.2385441, -22.788433499325553 ], [ -44.238514899999977, -22.788432899325528 ], [ -44.238495399999969, -22.788424799325529 ], [ -44.238472600000016, -22.78840659932554 ], [ -44.238443, -22.788382199325554 ], [ -44.2384014, -22.788347599325576 ], [ -44.2383757, -22.788324299325545 ], [ -44.238347299999987, -22.788292199325568 ], [ -44.238322700000033, -22.788257199325543 ], [ -44.23830329999997, -22.788219499325589 ], [ -44.2382788, -22.788164899325594 ], [ -44.238255499999973, -22.788113899325548 ], [ -44.23824, -22.788079899325577 ], [ -44.238220599999977, -22.788044699325571 ], [ -44.23817780000001, -22.787995599325559 ], [ -44.2381401, -22.787961599325598 ], [ -44.23805, -22.787889099325543 ], [ -44.2380083, -22.787853799325568 ], [ -44.237978399999974, -22.787829399325599 ], [ -44.237929, -22.787770999325591 ], [ -44.237896700000022, -22.787707899325568 ], [ -44.2378746, -22.78765539932559 ], [ -44.23785, -22.787601899325615 ], [ -44.23781630000002, -22.787556999325577 ], [ -44.237783799999988, -22.787510799325592 ], [ -44.237737, -22.787442399325567 ], [ -44.2376903, -22.787363499325618 ], [ -44.2376461, -22.787270099325593 ], [ -44.237636099999975, -22.787236399325568 ], [ -44.237621900000015, -22.787182399325602 ], [ -44.237598100000014, -22.787120599325565 ], [ -44.237580799999989, -22.787090899325595 ], [ -44.237533699999972, -22.787042099325596 ], [ -44.237491, -22.787004199325605 ], [ -44.2374448, -22.78696689932557 ], [ -44.237395699999965, -22.786942299325609 ], [ -44.237358099999987, -22.786929999325572 ], [ -44.237306499999981, -22.786919899325575 ], [ -44.2372467, -22.786911999325575 ], [ -44.2371033, -22.786882999325574 ], [ -44.237005500000016, -22.786862599325602 ], [ -44.236882799999982, -22.786828199325598 ], [ -44.236738800000012, -22.786769099325621 ], [ -44.236589799999983, -22.786692999325616 ], [ -44.2364773, -22.786629399325577 ], [ -44.2364091, -22.786576299325585 ], [ -44.236285399999986, -22.786435799325602 ], [ -44.2361151, -22.786213099325611 ], [ -44.2359503, -22.786010899325618 ], [ -44.235818699999975, -22.785867199325605 ], [ -44.235726, -22.78577479932563 ], [ -44.23555529999998, -22.785636999325636 ], [ -44.2354123, -22.785549799325633 ], [ -44.2353519, -22.785521499325647 ], [ -44.235266599999989, -22.785457199325617 ], [ -44.2351663, -22.785346199325627 ], [ -44.2350004, -22.785122599325668 ], [ -44.234918499999985, -22.785000199325655 ], [ -44.234781100000021, -22.784795099325645 ], [ -44.234704099999981, -22.784704199325674 ], [ -44.23463, -22.784637099325643 ], [ -44.234505899999981, -22.784549699325666 ], [ -44.2343343, -22.78442879932566 ], [ -44.234177100000011, -22.784318999325635 ], [ -44.234061199999985, -22.784235399325667 ], [ -44.2340186, -22.784194399325642 ], [ -44.233901100000018, -22.784057799325673 ], [ -44.2337895, -22.783913499325646 ], [ -44.233709799999986, -22.783818999325668 ], [ -44.23365, -22.783751799325653 ], [ -44.233445599999982, -22.783573899325685 ], [ -44.233410900000031, -22.783546699325655 ], [ -44.233374299999973, -22.783522899325654 ], [ -44.2333329, -22.7835043993257 ], [ -44.2332953, -22.783499799325689 ], [ -44.233251900000027, -22.783498799325688 ], [ -44.233217099999983, -22.78349419932567 ], [ -44.233187, -22.783486199325701 ], [ -44.2331492, -22.78345249932568 ], [ -44.2331193, -22.783413099325688 ], [ -44.233097900000018, -22.78337019932566 ], [ -44.2330793, -22.783328199325709 ], [ -44.233064500000012, -22.783275799325683 ], [ -44.233046499999986, -22.78318799932568 ], [ -44.233031100000012, -22.783101399325709 ], [ -44.2330187, -22.783033699325667 ], [ -44.2329939, -22.782974799325665 ], [ -44.232965499999978, -22.78292699932566 ], [ -44.232924, -22.782861499325719 ], [ -44.232901500000018, -22.782819299325723 ], [ -44.2328814, -22.782780399325688 ], [ -44.232870699999978, -22.782737399325669 ], [ -44.2328561, -22.782641499325717 ], [ -44.2328374, -22.78251369932568 ], [ -44.2328187, -22.782403799325703 ], [ -44.232797300000023, -22.78233839932571 ], [ -44.2327619, -22.782263999325693 ], [ -44.232665699999984, -22.78209999932572 ], [ -44.232581400000015, -22.781968199325703 ], [ -44.232476, -22.781797199325741 ], [ -44.2324534, -22.781766199325709 ], [ -44.2324383, -22.781741399325714 ], [ -44.2324175, -22.781709599325715 ], [ -44.2323854, -22.781667999325741 ], [ -44.2323596, -22.781647099325696 ], [ -44.232308100000012, -22.781627999325728 ], [ -44.232248500000019, -22.781612699325702 ], [ -44.232216, -22.781594899325739 ], [ -44.232195699999963, -22.781575899325716 ], [ -44.232170100000019, -22.781549399325741 ], [ -44.2321175, -22.781489999325732 ], [ -44.232085199999965, -22.7814382993257 ], [ -44.2320365, -22.781372699325754 ], [ -44.232019799999989, -22.78134429932572 ], [ -44.231983300000017, -22.781302999325703 ], [ -44.231960599999979, -22.781268899325717 ], [ -44.231933299999973, -22.781229099325753 ], [ -44.231899899999966, -22.781186399325755 ], [ -44.231850800000018, -22.781125599325726 ], [ -44.2318376, -22.781108699325731 ], [ -44.231822, -22.781087299325755 ], [ -44.231802800000018, -22.781057999325707 ], [ -44.23179440000002, -22.781043399325721 ], [ -44.231778799999965, -22.781004099325742 ], [ -44.231765900000021, -22.780938899325744 ], [ -44.231761300000016, -22.780895099325743 ], [ -44.2317666, -22.780812699325736 ], [ -44.2317728, -22.780746199325758 ], [ -44.231775, -22.780694099325743 ], [ -44.2317656, -22.78064539932576 ], [ -44.2317387, -22.780587799325716 ], [ -44.231688599999984, -22.780531799325747 ], [ -44.231609400000025, -22.780435399325732 ], [ -44.231557399999978, -22.780372199325733 ], [ -44.231516899999967, -22.780319899325743 ], [ -44.2314513, -22.780242199325723 ], [ -44.23137209999998, -22.780131399325768 ], [ -44.231321900000012, -22.78008619932578 ], [ -44.231292900000021, -22.780069899325753 ], [ -44.2312367, -22.780049899325746 ], [ -44.231222, -22.780046499325781 ], [ -44.231157199999977, -22.780031499325769 ], [ -44.2310162, -22.780025399325766 ], [ -44.230971599999961, -22.780021599325771 ], [ -44.230915299999985, -22.780026699325756 ], [ -44.230858899999987, -22.780035399325733 ], [ -44.230796699999985, -22.780047699325777 ], [ -44.230717, -22.780061699325728 ], [ -44.230635399999983, -22.780077499325756 ], [ -44.2305597, -22.780084299325761 ], [ -44.23050139999998, -22.780091299325736 ], [ -44.230398400000013, -22.780097999325765 ], [ -44.2302742, -22.780091999325776 ], [ -44.230183, -22.78008069932574 ], [ -44.2301074, -22.780067799325732 ], [ -44.229962, -22.780020299325763 ], [ -44.2298257, -22.779973799325742 ], [ -44.229675699999966, -22.779923399325721 ], [ -44.2295383, -22.779887199325774 ], [ -44.229280399999986, -22.779825699325766 ], [ -44.229083800000012, -22.779776099325744 ], [ -44.228808, -22.779721499325753 ], [ -44.228703699999976, -22.779687199325782 ], [ -44.228608800000011, -22.779653299325766 ], [ -44.228537099999983, -22.779633199325737 ], [ -44.228495899999984, -22.779621599325747 ], [ -44.228326, -22.779587199325757 ], [ -44.228179399999988, -22.779561999325772 ], [ -44.228046, -22.779547999325747 ], [ -44.2279448, -22.779543099325785 ], [ -44.22788, -22.779547199325783 ], [ -44.227808, -22.779553199325775 ], [ -44.227599699999978, -22.779581899325745 ], [ -44.2275363, -22.779573499325782 ], [ -44.2274226, -22.779570999325731 ], [ -44.227279300000021, -22.779562899325729 ], [ -44.227082900000021, -22.779556099325735 ], [ -44.226792900000021, -22.779566299325765 ], [ -44.226610400000027, -22.779579099325733 ], [ -44.2264083, -22.779594099325767 ], [ -44.226252900000027, -22.779613899325774 ], [ -44.226028400000011, -22.779651599325792 ], [ -44.225905, -22.779685299325745 ], [ -44.2256582, -22.779752599325761 ], [ -44.225422700000017, -22.77982769932574 ], [ -44.225272, -22.779884099325763 ], [ -44.225092, -22.779917399325758 ], [ -44.225003099999974, -22.779937499325779 ], [ -44.224911799999973, -22.779957599325748 ], [ -44.2247663, -22.77998199932577 ], [ -44.2246528, -22.780008899325743 ], [ -44.2246093, -22.780023799325733 ], [ -44.224593500000026, -22.780029099325734 ], [ -44.2243972, -22.780125399325723 ], [ -44.224337900000023, -22.780150199325739 ], [ -44.2242564, -22.780193199325733 ], [ -44.224182199999966, -22.780236199325742 ], [ -44.2240562, -22.780297199325759 ], [ -44.223962299999975, -22.780335499325719 ], [ -44.223898099999985, -22.780348899325713 ], [ -44.2238365, -22.780359999325732 ], [ -44.22375, -22.78039609932576 ], [ -44.223678300000017, -22.780445999325739 ], [ -44.223628700000013, -22.780495999325776 ], [ -44.223534700000016, -22.780563999325771 ], [ -44.223408099999972, -22.780641799325757 ], [ -44.223245, -22.780718599325731 ], [ -44.223160899999982, -22.780768399325741 ], [ -44.223047099999967, -22.780840899325714 ], [ -44.222948, -22.780936299325731 ], [ -44.2228736, -22.781024999325734 ], [ -44.222791599999987, -22.781152399325716 ], [ -44.222712, -22.781282199325734 ], [ -44.2226069, -22.781427399325707 ], [ -44.2225108, -22.781523999325721 ], [ -44.222438, -22.781586399325704 ], [ -44.222365299999971, -22.781633199325693 ], [ -44.222257599999963, -22.781674299325733 ], [ -44.222152699999974, -22.781683699325701 ], [ -44.2220125, -22.781683099325715 ], [ -44.2218924, -22.781666799325706 ], [ -44.2217662, -22.781636199325689 ], [ -44.22169539999998, -22.781604399325712 ], [ -44.2216355, -22.781569899325749 ], [ -44.221491099999973, -22.781497799325731 ], [ -44.2213365, -22.781456999325709 ], [ -44.2211621, -22.781441499325759 ], [ -44.220851, -22.781428599325753 ], [ -44.2206802, -22.781422199325739 ], [ -44.2204721, -22.781409399325685 ], [ -44.220311200000026, -22.781397099325716 ], [ -44.22018759999996, -22.7813643993257 ], [ -44.2201258, -22.781331999325751 ], [ -44.220071599999976, -22.781283599325715 ], [ -44.219997799999973, -22.781202899325706 ], [ -44.219864799999975, -22.781014199325746 ], [ -44.219810199999976, -22.780912799325733 ], [ -44.219742900000028, -22.78076159932575 ], [ -44.219649600000018, -22.780574799325759 ], [ -44.21958080000001, -22.780447999325727 ], [ -44.219504, -22.78036489932574 ], [ -44.2194037, -22.780294399325754 ], [ -44.219258599999982, -22.780239299325753 ], [ -44.219030499999974, -22.780196099325764 ], [ -44.218899099999973, -22.780185099325728 ], [ -44.218776100000021, -22.780163799325788 ], [ -44.218644900000015, -22.780126799325771 ], [ -44.218399099999985, -22.780050499325771 ], [ -44.218293099999975, -22.780008499325774 ], [ -44.218164600000016, -22.779963799325781 ], [ -44.218078199999979, -22.779924499325748 ], [ -44.217989, -22.779856699325734 ], [ -44.217863, -22.779713999325772 ], [ -44.217733899999985, -22.77954169932574 ], [ -44.217628199999972, -22.779413399325779 ], [ -44.217544, -22.779317999325748 ], [ -44.217465899999972, -22.779235099325756 ], [ -44.217354100000016, -22.779158199325764 ], [ -44.217237, -22.779113699325766 ], [ -44.217062600000013, -22.779066699325767 ], [ -44.21687050000002, -22.779058799325757 ], [ -44.2166183, -22.779092199325767 ], [ -44.216503400000022, -22.779121699325806 ], [ -44.2163633, -22.779178799325777 ], [ -44.216223099999979, -22.779256699325789 ], [ -44.216080499999975, -22.779318399325799 ], [ -44.2158756, -22.779375199325763 ], [ -44.215736400000026, -22.779388299325767 ], [ -44.215626499999985, -22.779403899325732 ], [ -44.215491799999988, -22.779405599325777 ], [ -44.215392099999967, -22.779370399325778 ], [ -44.2152752, -22.779316699325754 ], [ -44.215163299999965, -22.779246799325783 ], [ -44.215028899999986, -22.779174399325761 ], [ -44.214847099999986, -22.779124999325798 ], [ -44.214662499999967, -22.779100999325795 ], [ -44.214537800000016, -22.779098099325775 ], [ -44.214395500000016, -22.7791019993258 ], [ -44.2142682, -22.779110599325797 ], [ -44.2141464, -22.779129799325787 ], [ -44.2141259, -22.779132999325785 ], [ -44.213950899999979, -22.779182999325759 ], [ -44.213773600000025, -22.77920759932579 ], [ -44.213587599999983, -22.779237699325783 ], [ -44.21348260000002, -22.77927179932578 ], [ -44.2134125, -22.779306099325758 ], [ -44.2133687, -22.779350599325767 ], [ -44.2133422, -22.779377499325786 ], [ -44.213266799999978, -22.779476499325749 ], [ -44.213166300000012, -22.779600799325781 ], [ -44.213042700000024, -22.779736099325742 ], [ -44.2128571, -22.779899599325788 ], [ -44.212617899999984, -22.780128599325764 ], [ -44.2124784, -22.780298999325762 ], [ -44.212360400000023, -22.780446399325765 ], [ -44.2121457, -22.780617699325724 ], [ -44.211931900000025, -22.780748199325728 ], [ -44.211768099999965, -22.780822999325736 ], [ -44.2116221, -22.780907799325753 ], [ -44.211445099999985, -22.781069399325716 ], [ -44.2112998, -22.78124349932575 ], [ -44.210954599999972, -22.78160999932572 ], [ -44.210835, -22.781725399325744 ], [ -44.210610299999978, -22.781885499325703 ], [ -44.2104777, -22.781948599325727 ], [ -44.210378699999978, -22.781985799325685 ], [ -44.2102573, -22.782018499325709 ], [ -44.210057800000016, -22.782054799325728 ], [ -44.209952400000013, -22.782080899325681 ], [ -44.209870799999976, -22.78210109932569 ], [ -44.209847, -22.782107099325728 ], [ -44.209646, -22.782185199325717 ], [ -44.209476699999989, -22.782267099325715 ], [ -44.209289300000016, -22.782385799325684 ], [ -44.2090695, -22.782509799325698 ], [ -44.2088867, -22.782561399325715 ], [ -44.2086367, -22.782607799325692 ], [ -44.2084221, -22.782655899325697 ], [ -44.208209300000021, -22.782690999325688 ], [ -44.208042700000014, -22.782703299325672 ], [ -44.207893899999981, -22.782697599325708 ], [ -44.2077506, -22.782665699325683 ], [ -44.20761090000002, -22.782622399325682 ], [ -44.207482500000012, -22.782560999325693 ], [ -44.207355399999976, -22.782484899325691 ], [ -44.207223, -22.782397299325726 ], [ -44.2071424, -22.782351599325722 ], [ -44.2071108, -22.782333699325676 ], [ -44.207021, -22.782289499325696 ], [ -44.2069002, -22.782260099325669 ], [ -44.206793, -22.782256299325674 ], [ -44.2067364, -22.782262699325695 ], [ -44.206670299999985, -22.782277199325723 ], [ -44.206576700000021, -22.782305399325686 ], [ -44.2064279, -22.782370999325714 ], [ -44.206235400000018, -22.782467199325684 ], [ -44.2060659, -22.782575399325676 ], [ -44.205850199999986, -22.782714199325682 ], [ -44.2057284, -22.782796999325704 ], [ -44.205690899999972, -22.782822399325688 ], [ -44.205552899999986, -22.782932599325658 ], [ -44.205458, -22.78301519932571 ], [ -44.205344, -22.783076899325707 ], [ -44.205222199999973, -22.783105899325697 ], [ -44.2051037, -22.7831215993257 ], [ -44.2049725, -22.783126899325694 ], [ -44.2048542, -22.783129799325668 ], [ -44.2047637, -22.783136299325712 ], [ -44.204671299999958, -22.783149699325708 ], [ -44.2045928, -22.783170399325698 ], [ -44.204401800000021, -22.783256799325688 ], [ -44.204045099999973, -22.783456099325701 ], [ -44.2038938, -22.783534099325664 ], [ -44.2037338, -22.78363759932569 ], [ -44.2036292, -22.783719699325683 ], [ -44.2035416, -22.783813799325689 ], [ -44.203396100000013, -22.784004499325647 ], [ -44.2032585, -22.784203299325668 ], [ -44.2030555, -22.784528299325629 ], [ -44.2029258, -22.784806199325622 ], [ -44.2028553, -22.784943399325609 ], [ -44.2027969, -22.785074999325637 ], [ -44.202750700000024, -22.785212399325609 ], [ -44.202620599999982, -22.785396899325644 ], [ -44.2024783, -22.78552519932563 ], [ -44.20231050000001, -22.785638399325613 ], [ -44.202245199999986, -22.78568249932562 ], [ -44.2021467, -22.7857293993256 ], [ -44.202050400000012, -22.785770499325618 ], [ -44.2018559, -22.78580669932564 ], [ -44.201695, -22.785838799325635 ], [ -44.201576699999976, -22.785841299325632 ], [ -44.201499, -22.785826799325619 ], [ -44.2014196, -22.785815499325643 ], [ -44.20131989999998, -22.785796199325617 ], [ -44.201164300000016, -22.785809499325651 ], [ -44.2010611, -22.785840199325627 ], [ -44.200999, -22.785864099325654 ], [ -44.200906, -22.785874699325635 ], [ -44.20080589999997, -22.785881899325616 ], [ -44.2007274, -22.785868299325628 ], [ -44.200638200000014, -22.785832499325643 ], [ -44.2005944, -22.785806099325626 ], [ -44.200555099999974, -22.78578249932561 ], [ -44.2003833, -22.785636799325637 ], [ -44.200220300000019, -22.785475699325641 ], [ -44.200046400000012, -22.785300599325659 ], [ -44.1999075, -22.785146499325627 ], [ -44.199747100000017, -22.784974299325622 ], [ -44.199580299999965, -22.784808099325669 ], [ -44.199499, -22.784717699325633 ], [ -44.199409100000025, -22.784644699325646 ], [ -44.1993084, -22.784575999325668 ], [ -44.199278, -22.784557999325653 ], [ -44.199242299999973, -22.784549499325674 ], [ -44.199202899999982, -22.78454199932564 ], [ -44.1991334, -22.784544099325657 ], [ -44.1990869, -22.784550899325652 ], [ -44.1990219, -22.784567899325666 ], [ -44.1989426, -22.784594299325629 ], [ -44.198868, -22.784622899325651 ], [ -44.198745599999988, -22.784671599325673 ], [ -44.198622699999987, -22.784732699325655 ], [ -44.198538699999965, -22.784785399325617 ], [ -44.198492, -22.784833999325642 ], [ -44.198481, -22.784845399325647 ], [ -44.19846519999998, -22.784888499325671 ], [ -44.198455700000011, -22.784925699325605 ], [ -44.198461399999978, -22.78501629932564 ], [ -44.1984956, -22.785158899325634 ], [ -44.1985512, -22.785321999325642 ], [ -44.1985911, -22.785470499325605 ], [ -44.198602900000019, -22.785601399325643 ], [ -44.1985922, -22.785817199325621 ], [ -44.19856, -22.785956599325626 ], [ -44.198509100000017, -22.786078499325587 ], [ -44.198404700000019, -22.78622629932563 ], [ -44.1982263, -22.786435199325641 ], [ -44.198119599999977, -22.786535499325613 ], [ -44.1980719, -22.78656629932561 ], [ -44.197957200000019, -22.786596799325594 ], [ -44.197839900000019, -22.786601399325598 ], [ -44.197703199999971, -22.786574799325596 ], [ -44.197503700000027, -22.786501799325595 ], [ -44.197375799999975, -22.786443799325578 ], [ -44.1972927, -22.78639389932561 ], [ -44.197265599999987, -22.786377699325616 ], [ -44.197168700000013, -22.786307599325589 ], [ -44.197111600000028, -22.786235599325618 ], [ -44.197094400000019, -22.786151499325626 ], [ -44.1970802, -22.785902899325599 ], [ -44.197070399999973, -22.785607099325613 ], [ -44.1970624, -22.785494999325653 ], [ -44.1970473, -22.785433999325633 ], [ -44.197023, -22.785389999325641 ], [ -44.196988, -22.785360499325648 ], [ -44.1969338, -22.785329399325665 ], [ -44.196856799999978, -22.785289899325637 ], [ -44.1966876, -22.78522089932564 ], [ -44.196329600000013, -22.785061099325652 ], [ -44.195943199999988, -22.78490339932566 ], [ -44.19574369999998, -22.78480979932565 ], [ -44.1955663, -22.784734799325673 ], [ -44.195326799999968, -22.784638799325627 ], [ -44.195147099999986, -22.78456999932563 ], [ -44.1949085, -22.784491899325637 ], [ -44.194749, -22.784433099325661 ], [ -44.194653300000027, -22.784386299325647 ], [ -44.19458, -22.784326699325664 ], [ -44.194523100000019, -22.784259899325654 ], [ -44.194432899999967, -22.78412759932564 ], [ -44.194382599999976, -22.784031799325636 ], [ -44.1943486, -22.783947399325651 ], [ -44.1943053, -22.783854399325659 ], [ -44.1942573, -22.783749099325679 ], [ -44.19418150000002, -22.783589099325642 ], [ -44.194093899999984, -22.783400699325696 ], [ -44.194023, -22.783261499325658 ], [ -44.1939668, -22.783188999325656 ], [ -44.193892800000015, -22.78311309932565 ], [ -44.193788, -22.783026599325712 ], [ -44.193666, -22.782953699325695 ], [ -44.193585700000028, -22.782917499325698 ], [ -44.193540499999976, -22.782897199325671 ], [ -44.193439599999969, -22.782865499325698 ], [ -44.193336900000013, -22.78284359932568 ], [ -44.193281899999981, -22.782840099325689 ], [ -44.193228700000013, -22.782847999325686 ], [ -44.193171800000016, -22.782867399325688 ], [ -44.1930633, -22.782921099325701 ], [ -44.192879199999979, -22.782996099325679 ], [ -44.192662499999983, -22.783077199325668 ], [ -44.192533500000025, -22.783130999325707 ], [ -44.1922917, -22.783225599325654 ], [ -44.19218510000001, -22.78325279932568 ], [ -44.192100700000019, -22.78327499932568 ], [ -44.1919952, -22.783303199325658 ], [ -44.19184749999998, -22.783336399325673 ], [ -44.1916764, -22.783376199325691 ], [ -44.191604299999987, -22.783395799325675 ], [ -44.1915469, -22.783407499325683 ], [ -44.1915012, -22.783406699325678 ], [ -44.191470200000019, -22.783402399325674 ], [ -44.1914064, -22.78338509932566 ], [ -44.191341500000014, -22.783366899325657 ], [ -44.1912471, -22.783332099325673 ], [ -44.191141099999982, -22.783296899325666 ], [ -44.19108619999998, -22.783287299325671 ], [ -44.191034899999963, -22.783290599325664 ], [ -44.190966100000011, -22.783306399325706 ], [ -44.190879699999982, -22.783337199325679 ], [ -44.190711899999989, -22.783408899325661 ], [ -44.190549499999975, -22.783499399325652 ], [ -44.1904022, -22.783599399325681 ], [ -44.190206600000018, -22.783743699325679 ], [ -44.1899545, -22.783956399325678 ], [ -44.189818399999979, -22.784074199325691 ], [ -44.189781200000027, -22.784106499325656 ], [ -44.189736700000019, -22.784148899325643 ], [ -44.189586500000019, -22.784292199325638 ], [ -44.189454399999974, -22.784421999325644 ], [ -44.189322300000015, -22.78456049932565 ], [ -44.189201799999985, -22.784690999325662 ], [ -44.189142600000032, -22.784741699325622 ], [ -44.1890295, -22.784806099325671 ], [ -44.188945400000016, -22.784836999325631 ], [ -44.1888551, -22.78486319932566 ], [ -44.1887623, -22.784884799325628 ], [ -44.188679499999978, -22.784904099325654 ], [ -44.1885044, -22.78494989932565 ], [ -44.188299900000011, -22.785001099325623 ], [ -44.1881343, -22.7850419993256 ], [ -44.1879687, -22.785082899325655 ], [ -44.187739500000013, -22.785140899325622 ], [ -44.187625799999971, -22.785154799325614 ], [ -44.187426, -22.785160299325607 ], [ -44.1872427, -22.785157199325656 ], [ -44.187140100000015, -22.785151599325644 ], [ -44.187019099999986, -22.785131299325634 ], [ -44.186837500000017, -22.785096299325655 ], [ -44.18675380000002, -22.785082799325629 ], [ -44.186604400000014, -22.785045799325616 ], [ -44.1865616, -22.785032299325657 ], [ -44.18651569999998, -22.785018699325665 ], [ -44.186449900000014, -22.784997599325646 ], [ -44.186387299999978, -22.784973599325646 ], [ -44.186339799999985, -22.784937999325646 ], [ -44.1863096, -22.784896199325644 ], [ -44.186276599999978, -22.784837099325632 ], [ -44.186251500000026, -22.784785499325647 ], [ -44.1862029, -22.784664499325665 ], [ -44.186155699999958, -22.784541399325665 ], [ -44.186129, -22.784483799325631 ], [ -44.186088199999972, -22.784396699325644 ], [ -44.186036300000019, -22.784288299325674 ], [ -44.185976499999974, -22.784183399325691 ], [ -44.185926, -22.784112499325669 ], [ -44.185882, -22.784034199325667 ], [ -44.1858062, -22.783936299325656 ], [ -44.1857074, -22.783851299325647 ], [ -44.1856313, -22.78378939932567 ], [ -44.1855418, -22.783702899325647 ], [ -44.1854675, -22.783610299325687 ], [ -44.185399500000024, -22.7835316993257 ], [ -44.1853765, -22.783506199325647 ], [ -44.185299499999985, -22.783421199325705 ], [ -44.1852316, -22.783336899325679 ], [ -44.1851383, -22.783210899325656 ], [ -44.185060799999967, -22.783114599325664 ], [ -44.184975500000014, -22.782984199325682 ], [ -44.1849217, -22.782891999325692 ], [ -44.1848617, -22.782797199325699 ], [ -44.184803199999976, -22.782709799325708 ], [ -44.184741599999988, -22.782625299325709 ], [ -44.184683, -22.78254819932571 ], [ -44.1846435, -22.782502699325708 ], [ -44.184542, -22.782419499325712 ], [ -44.184443900000012, -22.7823463993257 ] ] ] } },
{ "type": "Feature", "properties": { "NUCOMPTREC": 80.382, "NUDISTBACT": 410.443, "NUDISTCDAG": 9.549, "NUAREACONT": 564.613, "NUAREAMONT": 897.496, "NUDISTBACC": 400.894, "NUAREABACC": 1125.188, "NUCOMPCDA": 130.094, "Shape__Len": 0, "OBJECTID": 34958, "ID": 20457, "COTRECHO": 20457, "COCURSODAG": "77892", "COBACIA": "778923", "NOGENERICO": "Rio", "NOLIGACAO": null, "NOESPECIF": "Piraí", "NORIOCOMP": "Rio Piraí", "NOORIGINAL": "Rio Piraí", "COCDADESAG": "778", "NUTRJUS": 3351, "NUORDEMCDA": 2, "NUNIVOTTO": 6, "NUNIVOTCDA": 5, "NUSTRAHLER": 2, "DEDOMINIAL": "Federal", "DSVERSAO": "BHO bho_2017_v_01_05_50k de 2018-06-22" }, "geometry": { "type": "MultiLineString", "coordinates": [ [ [ -44.175841900000016, -22.791718999325493 ], [ -44.175815600000028, -22.791719799325495 ], [ -44.1756851, -22.791722699325458 ], [ -44.175573799999988, -22.791713299325519 ], [ -44.1754449, -22.791704699325507 ], [ -44.175310700000011, -22.791692299325515 ], [ -44.175184800000011, -22.791686399325485 ], [ -44.175024, -22.791680299325485 ], [ -44.174895499999984, -22.791686099325485 ], [ -44.174700200000011, -22.791711399325479 ], [ -44.174491300000014, -22.791742599325513 ], [ -44.174286400000028, -22.791773899325491 ], [ -44.1741134, -22.7918077993255 ], [ -44.174032899999986, -22.791830799325488 ], [ -44.173971, -22.791852699325478 ], [ -44.1739088, -22.79187819932547 ], [ -44.173833100000024, -22.791922999325479 ], [ -44.173778, -22.791967699325458 ], [ -44.173738599999972, -22.791999999325444 ], [ -44.173699, -22.792049699325478 ], [ -44.173675800000012, -22.79208829932546 ], [ -44.173664799999983, -22.792134599325479 ], [ -44.173670300000026, -22.792175599325478 ], [ -44.173687299999983, -22.792207599325444 ], [ -44.173729400000013, -22.792247399325472 ], [ -44.1737691, -22.792278999325497 ], [ -44.173862, -22.792353599325484 ], [ -44.1739033, -22.792410999325494 ], [ -44.173979499999966, -22.792516699325482 ], [ -44.174048500000026, -22.792673099325469 ], [ -44.17410610000001, -22.792803599325477 ], [ -44.174149600000021, -22.79293239932543 ], [ -44.1742378, -22.793088499325478 ], [ -44.1743417, -22.793302799325453 ], [ -44.1744438, -22.793513199325453 ], [ -44.1745229, -22.793685599325453 ], [ -44.174588799999981, -22.793831499325446 ], [ -44.1746445, -22.793995999325425 ], [ -44.174668600000018, -22.794155099325437 ], [ -44.174666600000023, -22.794252699325451 ], [ -44.1746268, -22.794523099325421 ], [ -44.174591799999966, -22.794713099325442 ], [ -44.174561299999979, -22.79484499932542 ], [ -44.174509199999989, -22.794973299325395 ], [ -44.174408799999973, -22.795123699325387 ], [ -44.174323300000019, -22.795248799325435 ], [ -44.174183500000019, -22.795382699325398 ], [ -44.174068700000021, -22.795461499325384 ], [ -44.1739675, -22.795512399325407 ], [ -44.173876600000028, -22.795541499325417 ], [ -44.173760099999967, -22.795570499325382 ], [ -44.173653199999983, -22.795592399325368 ], [ -44.1735481, -22.79559579932539 ], [ -44.173485899999989, -22.795586199325403 ], [ -44.173405399999986, -22.795565499325413 ], [ -44.173326200000012, -22.795562899325386 ], [ -44.173233200000027, -22.795562399325394 ], [ -44.173151299999965, -22.795568099325415 ], [ -44.173034, -22.795557199325412 ], [ -44.1729611, -22.795534299325379 ], [ -44.172883899999981, -22.795490899325394 ], [ -44.172813399999988, -22.795439199325379 ], [ -44.172702899999983, -22.7953378993254 ], [ -44.172654500000014, -22.795273999325417 ], [ -44.1726084, -22.7951955993254 ], [ -44.172584599999979, -22.795094799325412 ], [ -44.1725833, -22.7949955993254 ], [ -44.172582900000016, -22.794968599325422 ], [ -44.172615399999984, -22.794824199325394 ], [ -44.1726403, -22.794767399325437 ], [ -44.172681099999963, -22.794705699325423 ], [ -44.172702500000014, -22.794647299325415 ], [ -44.172713400000028, -22.794596899325406 ], [ -44.172721299999978, -22.794450899325437 ], [ -44.172706100000028, -22.794351799325444 ], [ -44.172664600000012, -22.794271099325425 ], [ -44.172612599999972, -22.794198699325417 ], [ -44.172562, -22.794155499325413 ], [ -44.1724962, -22.794115899325433 ], [ -44.1723601, -22.794045999325416 ], [ -44.172153499999979, -22.793951999325429 ], [ -44.171959800000018, -22.793869899325436 ], [ -44.171848899999972, -22.793821199325453 ], [ -44.17176319999998, -22.79379429932543 ], [ -44.171696100000013, -22.793776499325421 ], [ -44.1715446, -22.793761499325452 ], [ -44.1713835, -22.793741099325427 ], [ -44.171260800000034, -22.793717299325461 ], [ -44.1711517, -22.793663499325419 ], [ -44.171046600000011, -22.793598899325442 ], [ -44.1709396, -22.793518399325411 ], [ -44.170797900000025, -22.793394199325459 ], [ -44.170681600000023, -22.793269199325454 ], [ -44.1705978, -22.793167499325435 ], [ -44.170485, -22.793057899325468 ], [ -44.170332099999989, -22.792955799325476 ], [ -44.1701943, -22.792902999325491 ], [ -44.170046800000016, -22.792874099325452 ], [ -44.1699274, -22.792855299325439 ], [ -44.1698212, -22.792828599325453 ], [ -44.169699200000025, -22.792766399325473 ], [ -44.1696172, -22.792713299325467 ], [ -44.169563200000027, -22.792647999325442 ], [ -44.1695494, -22.792627799325452 ], [ -44.1695188, -22.792582799325448 ], [ -44.169491199999975, -22.792509799325472 ], [ -44.169473200000027, -22.792439999325467 ], [ -44.1694552, -22.792403099325465 ], [ -44.1693866, -22.792323799325484 ], [ -44.1692622, -22.792192699325458 ], [ -44.1691869, -22.792097499325482 ], [ -44.169157, -22.792043799325462 ], [ -44.169143599999977, -22.791984499325501 ], [ -44.1691371, -22.791915299325517 ], [ -44.1691346, -22.791750499325452 ], [ -44.169142599999979, -22.791588099325509 ], [ -44.1691771, -22.79138679932549 ], [ -44.1691813, -22.791279599325495 ], [ -44.169172399999979, -22.7911106993255 ], [ -44.169149300000029, -22.790866499325503 ], [ -44.169114499999978, -22.790643099325514 ], [ -44.169043900000013, -22.790351799325514 ], [ -44.168979299999982, -22.790160299325553 ], [ -44.168908699999974, -22.789987099325543 ], [ -44.1688467, -22.789861499325497 ], [ -44.168767399999972, -22.789700899325535 ], [ -44.168696300000015, -22.789546599325508 ], [ -44.1686464, -22.789433199325547 ], [ -44.1686049, -22.789299599325531 ], [ -44.168562399999985, -22.789162999325512 ], [ -44.1685084, -22.788989099325537 ], [ -44.168451600000019, -22.788842399325564 ], [ -44.168298199999981, -22.78855209932556 ], [ -44.168185, -22.788348699325528 ], [ -44.1679783, -22.787966899325589 ], [ -44.16789510000001, -22.78776169932555 ], [ -44.167780100000016, -22.787551599325564 ], [ -44.167652, -22.787362499325571 ], [ -44.1674974, -22.787210499325596 ], [ -44.167391, -22.787104799325597 ], [ -44.1672762, -22.786973199325562 ], [ -44.167212600000042, -22.786876299325598 ], [ -44.167166899999984, -22.786755799325579 ], [ -44.1671518, -22.78658889932564 ], [ -44.167148, -22.786491299325636 ], [ -44.1671584, -22.786327799325605 ], [ -44.1671905, -22.786124599325603 ], [ -44.167214699999981, -22.786000899325586 ], [ -44.167249599999984, -22.785870499325597 ], [ -44.1673185, -22.785612799325641 ], [ -44.1673548, -22.785456799325651 ], [ -44.167372199999988, -22.785373699325614 ], [ -44.1673867, -22.785270499325662 ], [ -44.1674018, -22.785163399325626 ], [ -44.167402400000014, -22.785066399325643 ], [ -44.1673968, -22.784975099325639 ], [ -44.167385, -22.784896999325635 ], [ -44.16736070000001, -22.784839799325642 ], [ -44.167317500000017, -22.784786099325672 ], [ -44.167273799999975, -22.784745399325665 ], [ -44.1671536, -22.784661199325669 ], [ -44.1670881, -22.784618199325664 ], [ -44.166999200000021, -22.784584399325681 ], [ -44.1668472, -22.784540799325651 ], [ -44.166705400000019, -22.784523999325618 ], [ -44.166641299999974, -22.784520299325649 ], [ -44.1665142, -22.78452889932564 ], [ -44.1664308, -22.784506799325637 ], [ -44.1663676, -22.784456899325665 ], [ -44.1663279, -22.784388599325649 ], [ -44.1662771, -22.784236999325685 ], [ -44.166255299999989, -22.784142099325649 ], [ -44.166225600000011, -22.784011999325674 ], [ -44.166082, -22.783829899325674 ], [ -44.1660005, -22.783682099325684 ], [ -44.16592780000002, -22.783525299325674 ], [ -44.165905800000019, -22.783416799325671 ], [ -44.1659085, -22.783321199325677 ], [ -44.1659295, -22.783245899325685 ], [ -44.165983299999986, -22.783145999325672 ], [ -44.166060099999989, -22.78300289932568 ], [ -44.1661095, -22.78285879932568 ], [ -44.166137699999979, -22.782716499325673 ], [ -44.166145099999987, -22.78250099932572 ], [ -44.166147500000015, -22.782295499325688 ], [ -44.166131399999976, -22.782170199325698 ], [ -44.166098799999986, -22.782061099325723 ], [ -44.1660356, -22.781967399325698 ], [ -44.165973899999983, -22.781883799325716 ], [ -44.165913699999969, -22.781818499325706 ], [ -44.165836, -22.781754899325726 ], [ -44.165719700000011, -22.781672899325709 ], [ -44.165602, -22.781569699325701 ], [ -44.165528900000012, -22.781491299325751 ], [ -44.165487, -22.781410199325702 ], [ -44.165459100000014, -22.781325999325698 ], [ -44.165439400000025, -22.781200899325707 ], [ -44.1654183, -22.781067099325693 ], [ -44.165402500000035, -22.781003999325723 ], [ -44.1653435, -22.780852199325761 ], [ -44.165221599999988, -22.780600199325729 ], [ -44.165079499999983, -22.780323799325778 ], [ -44.165021299999978, -22.780227399325742 ], [ -44.1649339, -22.78008619932578 ], [ -44.1648647, -22.779996199325776 ], [ -44.164736899999966, -22.779835299325754 ], [ -44.164632, -22.779707299325739 ], [ -44.164538699999966, -22.779586199325745 ], [ -44.1644913, -22.77952479932576 ], [ -44.164452499999982, -22.779459899325758 ], [ -44.164403900000018, -22.779406299325778 ], [ -44.1643502, -22.77936859932576 ], [ -44.1642597, -22.779349999325802 ], [ -44.164202199999977, -22.779349699325781 ], [ -44.164158, -22.779361999325765 ], [ -44.1640966, -22.77939909932574 ], [ -44.1640461, -22.779435099325774 ], [ -44.163913299999983, -22.779506399325754 ], [ -44.1637854, -22.779568699325793 ], [ -44.163646799999981, -22.779636499325743 ], [ -44.163549400000022, -22.779684199325782 ], [ -44.163496599999974, -22.779717899325743 ], [ -44.163458400000025, -22.779758599325739 ], [ -44.1634421, -22.779817499325734 ], [ -44.163441700000014, -22.779877599325779 ], [ -44.163461, -22.779943099325799 ], [ -44.1635069, -22.780022699325762 ], [ -44.1635784, -22.780146699325741 ], [ -44.163654899999983, -22.780251399325746 ], [ -44.163766, -22.780383099325736 ], [ -44.163803799999975, -22.780450999325783 ], [ -44.163817699999974, -22.780497599325734 ], [ -44.1638087, -22.780543999325765 ], [ -44.163782299999973, -22.780579399325774 ], [ -44.16374739999997, -22.780630699325762 ], [ -44.163710200000025, -22.780672899325747 ], [ -44.1636702, -22.780694299325734 ], [ -44.16361669999997, -22.780700299325719 ], [ -44.163553499999978, -22.780698499325784 ], [ -44.1634709, -22.780698399325747 ], [ -44.163393699999965, -22.780699599325736 ], [ -44.163332200000013, -22.780706499325746 ], [ -44.163267099999977, -22.780722999325754 ], [ -44.163164400000021, -22.780767599325721 ], [ -44.1630629, -22.780836799325716 ], [ -44.162934399999983, -22.780924399325727 ], [ -44.162785699999972, -22.78100319932571 ], [ -44.162646699999982, -22.781056299325726 ], [ -44.162492199999974, -22.781082399325737 ], [ -44.162288699999976, -22.781081399325736 ], [ -44.162123300000019, -22.781068099325751 ], [ -44.161998200000021, -22.781044599325714 ], [ -44.161902100000013, -22.781009199325759 ], [ -44.1618358, -22.780978999325733 ], [ -44.161751299999985, -22.780940599325742 ], [ -44.16165, -22.78088559932571 ], [ -44.161511099999984, -22.780806999325726 ], [ -44.1613891, -22.780738099325731 ], [ -44.161288099999972, -22.780683999325735 ], [ -44.161221, -22.780638499325743 ], [ -44.161139400000017, -22.780553799325741 ], [ -44.161052, -22.780493699325763 ], [ -44.160973500000019, -22.78042989932576 ], [ -44.160896, -22.780359799325733 ], [ -44.16073369999998, -22.780197099325754 ], [ -44.160655, -22.780130499325725 ], [ -44.160578900000026, -22.780074099325731 ], [ -44.160408099999977, -22.779943899325726 ], [ -44.160315, -22.77987609932579 ], [ -44.1602042, -22.779802199325768 ], [ -44.159906700000015, -22.779563099325788 ], [ -44.1598265, -22.779507599325761 ], [ -44.1598139, -22.779501699325781 ], [ -44.15969519999998, -22.779436699325789 ], [ -44.159569499999975, -22.779375299325803 ], [ -44.159495, -22.779354199325766 ], [ -44.1593866, -22.779332399325757 ], [ -44.159278700000016, -22.779342299325783 ], [ -44.1591783, -22.779377099325739 ], [ -44.159106599999966, -22.779411399325785 ], [ -44.1590552, -22.779446199325758 ], [ -44.159018300000021, -22.779491899325745 ], [ -44.1589527, -22.779570499325747 ], [ -44.158905, -22.779696999325768 ], [ -44.158858800000019, -22.779825299325783 ], [ -44.158771300000012, -22.780007799325784 ], [ -44.1586914, -22.78015909932574 ], [ -44.1586451, -22.780242899325785 ], [ -44.158608, -22.780293599325734 ], [ -44.158568100000025, -22.780351199325718 ], [ -44.158520300000021, -22.780433399325737 ], [ -44.158481, -22.780516299325736 ], [ -44.158440700000021, -22.780601399325761 ], [ -44.158398299999988, -22.780728499325757 ], [ -44.158355299999975, -22.780829299325728 ], [ -44.1583106, -22.780922499325715 ], [ -44.158265, -22.780983199325714 ], [ -44.1582062, -22.78107839932574 ], [ -44.1581607, -22.781177099325713 ], [ -44.1580535, -22.781390199325696 ], [ -44.157995, -22.78152429932571 ], [ -44.157934, -22.781643599325726 ], [ -44.157872499999989, -22.781787699325694 ], [ -44.157792799999974, -22.78193849932574 ], [ -44.157715600000017, -22.782090699325735 ], [ -44.157645100000025, -22.782237099325691 ], [ -44.157590500000019, -22.78238229932569 ], [ -44.1575606, -22.782433499325723 ], [ -44.1574807, -22.782528199325693 ], [ -44.157367099999981, -22.782647599325717 ], [ -44.1573083, -22.782709399325668 ], [ -44.157267400000016, -22.782753299325716 ], [ -44.15722820000002, -22.78277939932568 ], [ -44.157177400000016, -22.782804399325663 ], [ -44.157125899999983, -22.782846399325681 ], [ -44.157045400000015, -22.782911599325669 ], [ -44.156973499999985, -22.78297279932567 ], [ -44.15695820000002, -22.782988899325705 ], [ -44.156927499999988, -22.783021099325666 ], [ -44.156870799999972, -22.783075999325675 ], [ -44.1568024, -22.783144599325688 ], [ -44.156747600000017, -22.78319389932571 ], [ -44.156669099999988, -22.783249499325692 ], [ -44.156593400000013, -22.783307199325698 ], [ -44.1564998, -22.783351099325685 ], [ -44.156413699999973, -22.783364699325663 ], [ -44.1563327, -22.783370599325679 ], [ -44.1562399, -22.78337159932569 ], [ -44.156160699999987, -22.783355599325677 ], [ -44.156059700000014, -22.783311299325653 ], [ -44.155970500000016, -22.783270199325699 ], [ -44.155883, -22.783211699325673 ], [ -44.1558294, -22.783148899325699 ], [ -44.1557911, -22.783078399325699 ], [ -44.155759499999988, -22.783003199325684 ], [ -44.155729300000012, -22.782918299325697 ], [ -44.1556999, -22.782794699325695 ], [ -44.155695499999979, -22.782780699325695 ], [ -44.155687, -22.78270629932565 ], [ -44.1556665, -22.782614899325708 ], [ -44.1556622, -22.782579999325687 ], [ -44.1556509, -22.782519299325696 ], [ -44.1556301, -22.782432199325726 ], [ -44.155608, -22.782375099325716 ], [ -44.155519799999972, -22.782150199325702 ], [ -44.15547, -22.782022499325674 ], [ -44.1554223, -22.781922699325712 ], [ -44.1553841, -22.781814699325693 ], [ -44.1553435, -22.781712899325719 ], [ -44.1553331, -22.781673599325696 ], [ -44.1553265, -22.781597199325741 ], [ -44.155309, -22.781537499325733 ], [ -44.155296599999978, -22.781470499325724 ], [ -44.155287699999967, -22.78137229932571 ], [ -44.155265799999988, -22.781274199325704 ], [ -44.1552466, -22.781181199325729 ], [ -44.155210800000013, -22.781078599325731 ], [ -44.1551711, -22.780980799325736 ], [ -44.155122100000028, -22.780896599325729 ], [ -44.1550717, -22.780811799325718 ], [ -44.154993400000031, -22.780743699325754 ], [ -44.1548988, -22.780673299325741 ], [ -44.1547734, -22.78062439932577 ], [ -44.154667599999982, -22.780592899325733 ], [ -44.1545615, -22.780569299325759 ], [ -44.1544637, -22.780544999325762 ], [ -44.154356399999983, -22.780530599325751 ], [ -44.154257200000011, -22.780529099325765 ], [ -44.154106, -22.780538099325742 ], [ -44.1539904, -22.780547299325761 ], [ -44.153797100000013, -22.780567599325728 ], [ -44.1537103, -22.780591199325745 ], [ -44.153642900000023, -22.780593799325754 ], [ -44.153581, -22.780586099325738 ], [ -44.15349, -22.780549699325729 ], [ -44.153401700000025, -22.780515199325773 ], [ -44.153379200000018, -22.780507499325726 ], [ -44.153325400000028, -22.780461599325779 ], [ -44.153240400000016, -22.780404399325747 ], [ -44.153176, -22.780377899325778 ], [ -44.153002300000026, -22.780294899325753 ], [ -44.152891099999977, -22.780231799325772 ], [ -44.1527663, -22.780163599325729 ], [ -44.152671600000019, -22.78013449932573 ], [ -44.1525123, -22.780058299325777 ], [ -44.1524068, -22.780005799325785 ], [ -44.152272599999989, -22.779932199325778 ], [ -44.152202600000017, -22.779876899325735 ], [ -44.151985, -22.779732799325746 ], [ -44.151885900000018, -22.779647499325776 ], [ -44.151794900000027, -22.779585599325781 ], [ -44.1517453, -22.779522599325777 ], [ -44.151674899999989, -22.779462599325754 ], [ -44.1516146, -22.779388999325754 ], [ -44.15150269999998, -22.779268799325788 ], [ -44.1514042, -22.779178899325743 ], [ -44.1513, -22.779083699325774 ], [ -44.1512, -22.779021099325803 ], [ -44.1510629, -22.778914799325783 ], [ -44.150955099999976, -22.778843399325797 ], [ -44.150778199999984, -22.778714999325764 ], [ -44.150665600000018, -22.778638399325761 ], [ -44.1505801, -22.77859419932577 ], [ -44.150519799999984, -22.778555199325819 ], [ -44.1504367, -22.778501599325825 ], [ -44.150395899999978, -22.778475299325816 ], [ -44.1503007, -22.77842739932581 ], [ -44.1502087, -22.778399199325815 ], [ -44.150153499999988, -22.778373399325815 ], [ -44.150081199999981, -22.778318199325785 ], [ -44.149976599999988, -22.778257999325788 ], [ -44.149884900000018, -22.778191399325831 ], [ -44.149824799999976, -22.7781257993258 ], [ -44.149757099999981, -22.778057399325832 ], [ -44.1496816, -22.777971999325786 ], [ -44.1496431, -22.777914199325799 ], [ -44.149621099999983, -22.777832999325796 ], [ -44.149606300000016, -22.777752199325814 ], [ -44.149605099999974, -22.777654499325809 ], [ -44.149600299999967, -22.777556199325808 ], [ -44.1496038, -22.777513299325818 ], [ -44.149603599999985, -22.777462899325801 ], [ -44.149600799999973, -22.777395299325839 ], [ -44.149596599999988, -22.777349899325813 ], [ -44.149580800000031, -22.777282799325839 ], [ -44.14956769999997, -22.77720609932582 ], [ -44.149552099999987, -22.777134499325804 ], [ -44.149532299999969, -22.777048099325828 ], [ -44.149512699999988, -22.776971099325852 ], [ -44.14949619999998, -22.776911499325813 ], [ -44.149473600000022, -22.776850299325808 ], [ -44.149429600000012, -22.776780599325829 ], [ -44.1493944, -22.776734999325811 ], [ -44.149346799999982, -22.776674199325829 ], [ -44.149284099999981, -22.776597099325841 ], [ -44.1492374, -22.776528299325832 ], [ -44.1492273, -22.776497499325849 ], [ -44.149224899999979, -22.776468199325844 ], [ -44.149228400000027, -22.776401599325823 ], [ -44.149240799999973, -22.77635209932582 ], [ -44.1492359, -22.776305799325829 ], [ -44.14921709999998, -22.776281199325869 ], [ -44.1491277, -22.77621709932583 ], [ -44.149063300000016, -22.77616629932583 ], [ -44.149005699999975, -22.776107999325859 ], [ -44.148936199999973, -22.776040599325842 ], [ -44.14883750000002, -22.775969799325829 ], [ -44.148737700000027, -22.775878699325862 ], [ -44.148638, -22.775822799325873 ], [ -44.148562700000014, -22.775777799325862 ], [ -44.148499300000019, -22.775735499325847 ], [ -44.148469200000015, -22.775704699325857 ], [ -44.148417400000014, -22.775639199325862 ], [ -44.1483333, -22.775571399325848 ], [ -44.148232399999976, -22.775502899325851 ], [ -44.148173499999977, -22.775453399325869 ], [ -44.148107499999981, -22.775401199325835 ], [ -44.1479627, -22.77529999932587 ], [ -44.1478859, -22.775264399325891 ], [ -44.147756300000033, -22.775192199325861 ], [ -44.147520199999974, -22.775101999325869 ], [ -44.147438599999987, -22.77507039932588 ], [ -44.147349299999981, -22.775051699325882 ], [ -44.1472185, -22.775020399325889 ], [ -44.147115, -22.775019399325885 ], [ -44.147006799999986, -22.77501849932586 ], [ -44.146894499999966, -22.775022999325838 ], [ -44.146861600000022, -22.77502469932589 ], [ -44.1467295, -22.775031699325869 ], [ -44.1466466, -22.775030999325878 ], [ -44.1464768, -22.775065799325869 ], [ -44.1463551, -22.775086299325867 ], [ -44.146210100000012, -22.775125099325891 ], [ -44.1460384, -22.775169599325888 ], [ -44.145835499999976, -22.775239399325841 ], [ -44.145699499999978, -22.775306099325885 ], [ -44.145583699999975, -22.775392099325838 ], [ -44.1454756, -22.775482399325842 ], [ -44.145354699999977, -22.775584299325846 ], [ -44.145233800000021, -22.775700899325869 ], [ -44.145090200000027, -22.77580599932584 ], [ -44.144979200000023, -22.775863999325853 ], [ -44.1448176, -22.775901299325831 ], [ -44.14467209999998, -22.775903399325856 ], [ -44.144529700000021, -22.77589969932588 ], [ -44.144400099999984, -22.77589609932587 ], [ -44.144174599999978, -22.77588289932584 ], [ -44.143845699999986, -22.775869399325821 ], [ -44.1436559, -22.775868399325834 ], [ -44.143440899999973, -22.775843799325866 ], [ -44.143285299999988, -22.775810199325868 ], [ -44.143232399999988, -22.775798699325843 ], [ -44.1429068, -22.775726499325863 ], [ -44.14268809999998, -22.775675999325824 ], [ -44.1425431, -22.775624199325826 ], [ -44.142413200000021, -22.775572499325875 ], [ -44.1422966, -22.775512899325879 ], [ -44.1421752, -22.77544019932586 ], [ -44.142108399999977, -22.775375299325873 ], [ -44.142085, -22.775316399325863 ], [ -44.142081399999988, -22.775259399325851 ], [ -44.142089600000027, -22.775215299325886 ], [ -44.1421216, -22.775176899325885 ], [ -44.142194099999976, -22.775126299325887 ], [ -44.142236200000013, -22.77510449932587 ], [ -44.1423021, -22.775068699325878 ], [ -44.14235960000002, -22.775042699325834 ], [ -44.14240860000001, -22.775029999325891 ], [ -44.142444899999987, -22.775026299325845 ], [ -44.142493899999977, -22.775010999325872 ], [ -44.142522100000015, -22.774981399325867 ], [ -44.1425307, -22.77493869932588 ], [ -44.1425239, -22.77490889932589 ], [ -44.142502499999985, -22.774881599325894 ], [ -44.142429400000019, -22.774830899325867 ], [ -44.1423201, -22.774753599325873 ], [ -44.142181699999973, -22.774667699325892 ], [ -44.142041, -22.774545899325897 ], [ -44.1419652, -22.77448529932586 ], [ -44.141897099999987, -22.774445599325858 ], [ -44.141839899999972, -22.774419899325874 ], [ -44.141762099999987, -22.774402399325869 ], [ -44.141711699999966, -22.774393699325898 ], [ -44.1416271, -22.774361399325862 ], [ -44.141574699999978, -22.774314399325878 ], [ -44.1415498, -22.774267499325902 ], [ -44.141538899999986, -22.774176199325883 ], [ -44.141510700000026, -22.774092799325903 ], [ -44.141446, -22.774052999325882 ], [ -44.141379099999988, -22.774002799325892 ], [ -44.141298899999974, -22.77392979932592 ], [ -44.1411986, -22.773858699325906 ], [ -44.141142, -22.77383169932591 ], [ -44.141046300000021, -22.773805399325912 ], [ -44.1409504, -22.773807299325895 ], [ -44.1408543, -22.773827799325886 ], [ -44.14074549999998, -22.773871599325908 ], [ -44.1406392, -22.773931799325904 ], [ -44.1405606, -22.773985199325914 ], [ -44.140476700000015, -22.774080599325881 ], [ -44.140383199999967, -22.774108099325858 ], [ -44.140233299999977, -22.774161199325874 ], [ -44.1401017, -22.774214299325859 ], [ -44.1400759, -22.774223799325906 ], [ -44.139970199999979, -22.774262699325892 ], [ -44.13984379999998, -22.774294699325864 ], [ -44.13972769999998, -22.774303499325857 ], [ -44.13962429999998, -22.7742864993259 ], [ -44.13958109999998, -22.774257699325915 ], [ -44.139523499999989, -22.774177899325867 ], [ -44.139486099999985, -22.774112199325881 ], [ -44.139446200000016, -22.7740371993259 ], [ -44.139403, -22.773994199325898 ], [ -44.1393377, -22.773949399325879 ], [ -44.13926470000002, -22.773909299325901 ], [ -44.1391918, -22.773876099325904 ], [ -44.1389779, -22.773774499325899 ], [ -44.138872100000015, -22.773734099325907 ], [ -44.1387815, -22.773705599325929 ], [ -44.1387487, -22.773652999325925 ], [ -44.138716, -22.773600999325883 ], [ -44.1386283, -22.773501899325897 ], [ -44.138558699999969, -22.773408399325913 ], [ -44.138518299999973, -22.77332589932589 ], [ -44.138532399999981, -22.773304599325908 ], [ -44.1385608, -22.773232599325894 ], [ -44.138585299999981, -22.773158699325922 ], [ -44.1386223, -22.772997199325925 ], [ -44.1386313, -22.772835799325922 ], [ -44.1386344, -22.772667299325946 ], [ -44.1386331, -22.772556299325945 ], [ -44.138629, -22.77250029932592 ], [ -44.138621899999983, -22.772403099325945 ], [ -44.138600399999966, -22.772323399325945 ], [ -44.1385532, -22.772210199325951 ], [ -44.138476099999984, -22.772063599325957 ], [ -44.138412800000033, -22.771972499325944 ], [ -44.138353400000021, -22.771885199325933 ], [ -44.1382678, -22.771804699325955 ], [ -44.1381781, -22.771735099325948 ], [ -44.1380428, -22.771641799325948 ], [ -44.137923300000011, -22.771568999325954 ], [ -44.137747900000029, -22.771452799325964 ], [ -44.137612600000011, -22.771361399325954 ], [ -44.137463500000031, -22.771247699325958 ], [ -44.137309800000011, -22.771159199325961 ], [ -44.137222099999967, -22.771116199325963 ], [ -44.1371583, -22.771089899325958 ], [ -44.137112399999971, -22.771085999325994 ], [ -44.137063099999978, -22.771099299325975 ], [ -44.136977600000016, -22.771133099325937 ], [ -44.13689770000002, -22.771172199325978 ], [ -44.136783799999989, -22.771200499325968 ], [ -44.1366643, -22.771218299325945 ], [ -44.1365245, -22.771217499325939 ], [ -44.136374, -22.77119819932598 ], [ -44.136285900000011, -22.771181899325946 ], [ -44.136242, -22.771161899325943 ], [ -44.136198, -22.771141899325933 ], [ -44.136082, -22.771054399325998 ], [ -44.1359774, -22.770964299325975 ], [ -44.135895399999988, -22.770884799325941 ], [ -44.135867099999984, -22.770833999325948 ], [ -44.135861700000014, -22.770789199326 ], [ -44.135870599999969, -22.770731299325984 ], [ -44.1358753, -22.770721099325957 ], [ -44.1358937, -22.770681399325969 ], [ -44.135950799999989, -22.770631599325974 ], [ -44.136033699999984, -22.770571499326 ], [ -44.136199599999983, -22.770482099325946 ], [ -44.1362795, -22.770443099326005 ], [ -44.136336700000015, -22.77038809932596 ], [ -44.1363741, -22.770319799325957 ], [ -44.1363973, -22.770246199325953 ], [ -44.136449299999967, -22.770112099325967 ], [ -44.136512499999988, -22.770012399325974 ], [ -44.136579, -22.769940799325955 ], [ -44.1366675, -22.76988329932599 ], [ -44.136790099999985, -22.769833899325967 ], [ -44.136912499999987, -22.769797699326027 ], [ -44.137208499999986, -22.769749299326012 ], [ -44.137451199999987, -22.769707599325997 ], [ -44.137607800000012, -22.769676799326003 ], [ -44.137684700000015, -22.769656099326006 ], [ -44.137803299999966, -22.769600599325983 ], [ -44.137925199999984, -22.769518799326022 ], [ -44.138108, -22.769399799325978 ], [ -44.138465399999973, -22.769126999326037 ], [ -44.138661300000017, -22.768956099326036 ], [ -44.138800100000026, -22.768830399326031 ], [ -44.1389148, -22.768718799326003 ], [ -44.139048300000013, -22.768578199325997 ], [ -44.139133399999984, -22.76847559932601 ], [ -44.139227399999974, -22.768344999326043 ], [ -44.139298399999973, -22.768238399326002 ], [ -44.1393825, -22.768094899326009 ], [ -44.13943230000001, -22.76801429932604 ], [ -44.1394864, -22.767919399326011 ], [ -44.139571900000014, -22.767786299326048 ], [ -44.1396401, -22.767677099326061 ], [ -44.139738200000011, -22.76753919932602 ], [ -44.139775299999982, -22.767474199326024 ], [ -44.139822400000014, -22.76737489932605 ], [ -44.139851099999987, -22.767294199326034 ], [ -44.139900899999979, -22.767205799326042 ], [ -44.139949100000031, -22.767156499326042 ], [ -44.140044100000019, -22.767088299326062 ], [ -44.1401285, -22.767036799326082 ], [ -44.14020679999998, -22.767007499326038 ], [ -44.140279, -22.766996699326047 ], [ -44.1403773, -22.766982399326078 ], [ -44.1404736, -22.766953199326046 ], [ -44.140663, -22.76688689932605 ], [ -44.140768200000018, -22.766844799326069 ], [ -44.1408333, -22.766818799326074 ], [ -44.140941899999973, -22.766774499326051 ], [ -44.141158899999986, -22.766712299326048 ], [ -44.1414883, -22.766636699326053 ], [ -44.1416567, -22.766597999326056 ], [ -44.141839399999981, -22.766551399326094 ], [ -44.141962200000023, -22.766507199326043 ], [ -44.1420736, -22.766473499326082 ], [ -44.142188, -22.766413399326048 ], [ -44.142260299999968, -22.766360799326026 ], [ -44.142285300000026, -22.766342599326034 ], [ -44.142409400000012, -22.766204299326102 ], [ -44.142515399999979, -22.766117799326086 ], [ -44.1425901, -22.766017799326075 ], [ -44.1426649, -22.765902099326073 ], [ -44.1427311, -22.765794199326109 ], [ -44.1427946, -22.765680999326058 ], [ -44.14288119999997, -22.765530099326067 ], [ -44.1429475, -22.76541689932608 ], [ -44.143023, -22.765231499326124 ], [ -44.143055300000022, -22.765067999326082 ], [ -44.143059, -22.764930699326076 ], [ -44.143034300000018, -22.764787099326082 ], [ -44.1429781, -22.764660099326111 ], [ -44.142882400000012, -22.76444469932613 ], [ -44.1428348, -22.764301899326128 ], [ -44.1427787, -22.764156299326142 ], [ -44.14270879999998, -22.763942099326147 ], [ -44.142698, -22.763817499326148 ], [ -44.142710599999987, -22.76363539932613 ], [ -44.142685799999981, -22.763475799326109 ], [ -44.142655499999982, -22.763319899326142 ], [ -44.142631, -22.763104899326116 ], [ -44.142614900000012, -22.762954299326132 ], [ -44.1425822, -22.76271549932617 ], [ -44.142557500000017, -22.762551699326181 ], [ -44.1425163, -22.762313799326169 ], [ -44.1424753, -22.762038099326144 ], [ -44.142450499999988, -22.761892799326166 ], [ -44.1423719, -22.761698799326162 ], [ -44.142312899999972, -22.761518099326167 ], [ -44.142259599999981, -22.76138569932619 ], [ -44.142197899999978, -22.761224299326162 ], [ -44.1421163, -22.761035399326222 ], [ -44.142046, -22.760884599326193 ], [ -44.1419305, -22.760675299326191 ], [ -44.1418112, -22.760455799326202 ], [ -44.141760299999987, -22.760333299326213 ], [ -44.141711, -22.760225699326185 ], [ -44.1416514, -22.76005789932621 ], [ -44.141612899999977, -22.759938799326221 ], [ -44.1415748, -22.759753099326232 ], [ -44.1415578, -22.759629099326208 ], [ -44.1415303, -22.759468799326214 ], [ -44.1415202, -22.759376299326213 ], [ -44.14151110000001, -22.759283099326247 ], [ -44.141507400000016, -22.759244399326228 ], [ -44.141500899999983, -22.759144999326235 ], [ -44.141492, -22.759000699326251 ], [ -44.141491200000026, -22.758899999326232 ], [ -44.141478399999983, -22.758686399326237 ], [ -44.1414694, -22.758549999326267 ], [ -44.1414684, -22.758487199326236 ], [ -44.1414674, -22.758421799326264 ], [ -44.1414734, -22.758361699326279 ], [ -44.1414836, -22.758305499326266 ], [ -44.1414952, -22.758259599326234 ], [ -44.14150810000001, -22.758226999326233 ], [ -44.1415281, -22.758188999326272 ], [ -44.141543800000022, -22.758158999326238 ], [ -44.14159080000001, -22.758114299326245 ], [ -44.1416489, -22.758074099326254 ], [ -44.14173790000001, -22.758025199326291 ], [ -44.1418124, -22.757991199326248 ], [ -44.141909899999966, -22.757941399326253 ], [ -44.1419988, -22.757880999326261 ], [ -44.142122700000016, -22.757772499326254 ], [ -44.142186, -22.75770399932626 ], [ -44.142238099999979, -22.757606299326291 ], [ -44.14227570000002, -22.757521799326273 ], [ -44.142291399999969, -22.757466799326245 ], [ -44.142302, -22.757429299326279 ], [ -44.1423115, -22.757333099326264 ], [ -44.1423092, -22.757235099326277 ], [ -44.142330599999973, -22.757030699326258 ], [ -44.142357199999985, -22.756895799326273 ], [ -44.1423752, -22.756745099326274 ], [ -44.142376, -22.756623299326289 ], [ -44.142368, -22.75653319932627 ], [ -44.142355, -22.756357799326288 ], [ -44.142347299999983, -22.756213999326313 ], [ -44.142357, -22.756033099326324 ], [ -44.1423659, -22.75598819932631 ], [ -44.142380399999972, -22.755948499326291 ], [ -44.1424323, -22.755874699326306 ], [ -44.142495600000011, -22.75580089932631 ], [ -44.142573500000012, -22.755690199326317 ], [ -44.142614, -22.75561359932631 ], [ -44.142674399999976, -22.75554509932633 ], [ -44.142751799999978, -22.755492599326352 ], [ -44.142826800000016, -22.755460599326309 ], [ -44.142944100000022, -22.755429399326346 ], [ -44.143067099999989, -22.755408899326333 ], [ -44.14314730000001, -22.755382899326303 ], [ -44.1432595, -22.755303899326325 ], [ -44.143331299999986, -22.755251299326318 ], [ -44.1434406, -22.755127499326342 ], [ -44.143570099999977, -22.754985199326363 ], [ -44.143668, -22.754866699326328 ], [ -44.143790599999981, -22.754697799326316 ], [ -44.1438167, -22.754632699326343 ], [ -44.143835, -22.754563399326351 ], [ -44.143838800000012, -22.754500299326359 ], [ -44.143829200000027, -22.754426799326318 ], [ -44.1438116, -22.754373599326353 ], [ -44.14376249999998, -22.754274799326364 ], [ -44.143684, -22.754154999326371 ], [ -44.1436256, -22.754055299326353 ], [ -44.143608200000017, -22.753948299326346 ], [ -44.143600199999973, -22.753782699326351 ], [ -44.143603400000011, -22.753622699326364 ], [ -44.143606599999984, -22.753471799326366 ], [ -44.143620899999959, -22.753346099326354 ], [ -44.143647799999989, -22.753208099326368 ], [ -44.1436711, -22.753104599326349 ], [ -44.143697299999985, -22.752998099326387 ], [ -44.143733199999978, -22.752916999326413 ], [ -44.1437719, -22.752829399326384 ], [ -44.143845, -22.752706099326399 ], [ -44.143906399999985, -22.752610699326375 ], [ -44.1439765, -22.752517599326364 ], [ -44.1440379, -22.752422299326369 ], [ -44.144095800000017, -22.752331199326406 ], [ -44.144132, -22.752271799326415 ], [ -44.144160199999988, -22.752195299326381 ], [ -44.1441762, -22.752117999326405 ], [ -44.144187, -22.752008099326414 ], [ -44.1441949, -22.751905899326388 ], [ -44.1441855, -22.751787799326394 ], [ -44.1441701, -22.75170729932643 ], [ -44.1441335, -22.751630199326446 ], [ -44.1441004, -22.751568299326383 ], [ -44.144063099999975, -22.751504999326414 ], [ -44.143989799999986, -22.751418799326423 ], [ -44.1439386, -22.751354799326414 ], [ -44.1438999, -22.751279199326419 ], [ -44.143873900000017, -22.751215399326391 ], [ -44.143859599999985, -22.751158799326408 ], [ -44.143852700000025, -22.751106299326416 ], [ -44.1438513, -22.751041599326427 ], [ -44.143834700000014, -22.750985199326422 ], [ -44.143832700000011, -22.750936299326398 ], [ -44.143848900000023, -22.750868499326458 ], [ -44.143857599999983, -22.750826799326436 ], [ -44.143884300000018, -22.750730399326436 ], [ -44.143914199999976, -22.750636799326433 ], [ -44.143952099999979, -22.750578099326418 ], [ -44.144032200000019, -22.750493699326437 ], [ -44.144098400000019, -22.750432199326422 ], [ -44.144160899999974, -22.750361999326433 ], [ -44.144213200000024, -22.75026439932644 ], [ -44.1442323, -22.750209399326447 ], [ -44.1442515, -22.750154299326457 ], [ -44.144279200000028, -22.750078399326441 ], [ -44.144307299999973, -22.750006399326463 ], [ -44.144430100000022, -22.749615599326482 ], [ -44.144442799999979, -22.749374299326458 ], [ -44.144422500000019, -22.749173999326455 ], [ -44.14435, -22.749021499326496 ], [ -44.1442167, -22.748928699326495 ], [ -44.1440185, -22.748851599326496 ], [ -44.143854799999986, -22.748782599326507 ], [ -44.1437474, -22.748697999326478 ], [ -44.1436147, -22.748513099326516 ], [ -44.143516700000021, -22.748304399326489 ], [ -44.143435800000013, -22.748115799326492 ], [ -44.1433586, -22.747908699326477 ], [ -44.1433465, -22.747772499326508 ], [ -44.143326100000024, -22.747580199326507 ], [ -44.1432716, -22.747311599326498 ], [ -44.143251399999983, -22.747091299326542 ], [ -44.1432059, -22.746778799326535 ], [ -44.1431642, -22.74654229932651 ], [ -44.143118300000019, -22.746285799326554 ], [ -44.1429986, -22.74599039932653 ], [ -44.142857600000013, -22.745745399326534 ], [ -44.142720699999977, -22.745532499326568 ], [ -44.142631, -22.745379799326582 ], [ -44.142597099999982, -22.745275599326572 ], [ -44.1425891, -22.745175399326552 ], [ -44.142611400000014, -22.74506339932654 ], [ -44.14266379999998, -22.74497159932654 ], [ -44.142842, -22.74478439932658 ], [ -44.142994199999983, -22.744609099326571 ], [ -44.1430679, -22.744565399326561 ], [ -44.1431589, -22.744525899326565 ], [ -44.143297599999983, -22.744476599326568 ], [ -44.1434405, -22.744425299326565 ], [ -44.143540200000011, -22.744361799326555 ], [ -44.143644199999983, -22.744298299326609 ], [ -44.143718099999987, -22.744230599326571 ], [ -44.143835500000016, -22.744095099326564 ], [ -44.143957100000016, -22.743979599326565 ], [ -44.144043899999986, -22.743907999326563 ], [ -44.144156699999982, -22.743836599326599 ], [ -44.144195599999982, -22.743824799326617 ], [ -44.144251699999977, -22.743833099326604 ], [ -44.144316199999984, -22.743869499326614 ], [ -44.144458100000016, -22.743970299326577 ], [ -44.144558899999986, -22.744035099326595 ], [ -44.144670899999987, -22.744079699326569 ], [ -44.1447917, -22.744100399326555 ], [ -44.144942599999986, -22.744129199326558 ], [ -44.1452445, -22.744190899326551 ], [ -44.145490400000028, -22.744228199326592 ], [ -44.145702, -22.74423339932655 ], [ -44.1459997, -22.744274999326592 ], [ -44.1461377, -22.744311799326578 ], [ -44.14641, -22.744409599326556 ], [ -44.146586599999964, -22.744482599326599 ], [ -44.1468064, -22.74455979932657 ], [ -44.1470349, -22.74462909932657 ], [ -44.147211700000014, -22.74466609932659 ], [ -44.1473714, -22.744682999326574 ], [ -44.147578599999974, -22.744684099326538 ], [ -44.1476998, -22.744640699326563 ], [ -44.1478644, -22.74457349932657 ], [ -44.1480419, -22.744490399326594 ], [ -44.148224, -22.744383199326585 ], [ -44.148398400000019, -22.744237699326547 ], [ -44.148501899999978, -22.744124499326571 ], [ -44.148602299999986, -22.743960899326577 ], [ -44.148629, -22.74382489932659 ], [ -44.148617100000024, -22.743664599326582 ], [ -44.1485437, -22.743562199326576 ], [ -44.148414699999982, -22.743478599326615 ], [ -44.148234300000013, -22.743414399326603 ], [ -44.147902400000021, -22.743320499326575 ], [ -44.147686599999979, -22.743287299326614 ], [ -44.147462299999965, -22.743258099326596 ], [ -44.14727670000002, -22.743233099326602 ], [ -44.147099799999978, -22.743212099326598 ], [ -44.1468755, -22.743174899326593 ], [ -44.146651099999985, -22.743137699326585 ], [ -44.1463966, -22.743092299326609 ], [ -44.1461721, -22.74309109932662 ], [ -44.14593450000001, -22.743101799326581 ], [ -44.1456971, -22.743092499326604 ], [ -44.1454986, -22.7430674993266 ], [ -44.145290499999987, -22.742963999326591 ], [ -44.1449852, -22.742754199326594 ], [ -44.144813, -22.742665199326591 ], [ -44.14465, -22.742500099326588 ], [ -44.1445342, -22.742367399326593 ], [ -44.1444144, -22.742178599326603 ], [ -44.144294699999989, -22.741997799326615 ], [ -44.144079700000013, -22.741840499326663 ], [ -44.1438558, -22.741731199326647 ], [ -44.143588799999968, -22.741613599326644 ], [ -44.1432615, -22.741479699326653 ], [ -44.143015900000023, -22.741390299326621 ], [ -44.1426564, -22.74127829932663 ], [ -44.142445399999978, -22.741177099326674 ], [ -44.142200100000032, -22.741039599326662 ], [ -44.141955, -22.740878199326655 ], [ -44.141705699999989, -22.740688599326649 ], [ -44.141408800000015, -22.740514899326662 ], [ -44.141176400000013, -22.740389499326664 ], [ -44.1409438, -22.740304199326694 ], [ -44.140805899999975, -22.740263399326683 ], [ -44.140681, -22.740198699326683 ], [ -44.1405302, -22.740149799326659 ], [ -44.14028, -22.740104399326668 ], [ -44.140084600000023, -22.74008909932666 ], [ -44.13994120000001, -22.740077899326696 ], [ -44.1397164, -22.740132699326686 ], [ -44.139400799999976, -22.740179099326653 ], [ -44.139133, -22.740197699326689 ], [ -44.138956, -22.740188699326652 ], [ -44.138887300000022, -22.740116299326687 ], [ -44.138810200000023, -22.740015799326667 ], [ -44.138698200000015, -22.739971099326663 ], [ -44.1385471, -22.739974299326651 ], [ -44.1383131, -22.740016899326669 ], [ -44.138205500000026, -22.740036499326635 ], [ -44.137950400000015, -22.74009119932667 ], [ -44.137704, -22.740141899326709 ], [ -44.1372867, -22.740191899326689 ], [ -44.136992799999966, -22.740230299326683 ], [ -44.136772099999966, -22.740305199326702 ], [ -44.136603200000025, -22.740380399326675 ], [ -44.136417199999968, -22.740435399326682 ], [ -44.1363091, -22.740450799326688 ], [ -44.136183899999985, -22.740450199326666 ], [ -44.1360331, -22.740401299326631 ], [ -44.1359342, -22.740332699326686 ], [ -44.135849, -22.740140099326695 ], [ -44.1357891, -22.740047699326659 ], [ -44.135668899999985, -22.739934899326659 ], [ -44.1355363, -22.739745999326715 ], [ -44.13543809999998, -22.739569299326718 ], [ -44.1353138, -22.739408499326714 ], [ -44.1352195, -22.739295899326699 ], [ -44.1350648, -22.739186899326675 ], [ -44.1348686, -22.739083299326708 ], [ -44.13466870000002, -22.738997999326685 ], [ -44.1345101, -22.738944499326713 ], [ -44.134292899999984, -22.738844499326728 ], [ -44.134114300000014, -22.738728399326721 ], [ -44.13395609999997, -22.738611799326701 ], [ -44.1337868, -22.738460099326716 ], [ -44.133632799999987, -22.738294399326684 ], [ -44.133512499999981, -22.738174499326732 ], [ -44.133426, -22.738093299326721 ], [ -44.133263899999967, -22.738001299326733 ], [ -44.1330977, -22.737961799326719 ], [ -44.1329804, -22.737964699326735 ], [ -44.1327986, -22.737998699326717 ], [ -44.132563600000019, -22.738071099326724 ], [ -44.132225800000015, -22.73819579932675 ], [ -44.1321479, -22.738264399326717 ], [ -44.132096699999977, -22.738366299326724 ], [ -44.132056499999976, -22.738589799326711 ], [ -44.132037, -22.738852099326671 ], [ -44.132050699999979, -22.73903449932671 ], [ -44.132094600000016, -22.739167299326709 ], [ -44.132198099999968, -22.739283799326707 ], [ -44.132319800000012, -22.739353499326683 ], [ -44.132474, -22.739488299326691 ], [ -44.132616100000014, -22.739635499326692 ], [ -44.13292389999998, -22.739951999326699 ], [ -44.1331725, -22.740215699326694 ], [ -44.133403499999986, -22.740519599326699 ], [ -44.133536400000018, -22.740691599326652 ], [ -44.133648900000026, -22.740805399326664 ], [ -44.133773500000011, -22.740888899326677 ], [ -44.133898499999979, -22.740908999326638 ], [ -44.13408, -22.740945799326674 ], [ -44.134234600000013, -22.740993599326682 ], [ -44.134478, -22.741133099326653 ], [ -44.134745300000013, -22.741258799326669 ], [ -44.1349929, -22.741382499326626 ], [ -44.1351798, -22.741499499326636 ], [ -44.135357699999979, -22.741630299326644 ], [ -44.135479700000012, -22.741739599326653 ], [ -44.135710300000021, -22.742017099326628 ], [ -44.135955799999977, -22.742294599326602 ], [ -44.136150699999973, -22.742571899326599 ], [ -44.13626249999998, -22.742810999326622 ], [ -44.1363505, -22.743024199326587 ], [ -44.1364, -22.743217799326636 ], [ -44.13643739999997, -22.743425099326622 ], [ -44.136426799999974, -22.743681999326572 ], [ -44.13637440000003, -22.743963399326571 ], [ -44.13631279999997, -22.744251499326591 ], [ -44.1362697, -22.74447489932658 ], [ -44.136256399999972, -22.744704099326547 ], [ -44.1362844, -22.744977699326558 ], [ -44.1363371, -22.745202899326536 ], [ -44.136389300000019, -22.745424199326553 ], [ -44.136397299999985, -22.745573399326563 ], [ -44.1363819, -22.745656099326563 ], [ -44.1363129, -22.745730299326542 ], [ -44.1362297, -22.74602189932655 ], [ -44.136042, -22.746026399326546 ], [ -44.135624, -22.746181899326558 ], [ -44.1354458, -22.746050399326542 ], [ -44.134949600000027, -22.745646099326535 ], [ -44.134801700000018, -22.745479499326532 ], [ -44.1346072, -22.745312699326568 ], [ -44.1343935, -22.745189999326541 ], [ -44.134102199999965, -22.745083499326583 ], [ -44.133933300000024, -22.744973599326542 ], [ -44.133413800000021, -22.744880099326551 ], [ -44.133109499999982, -22.744952999326575 ], [ -44.132930299999984, -22.745023799326585 ], [ -44.132762899999989, -22.745111299326574 ], [ -44.132563100000027, -22.745290099326525 ], [ -44.1325771, -22.745428299326576 ], [ -44.132616499999976, -22.745790299326547 ], [ -44.132584800000018, -22.746176299326528 ], [ -44.132557799999979, -22.746531899326516 ], [ -44.1324133, -22.746768699326534 ], [ -44.132142499999986, -22.747189799326513 ], [ -44.13196929999998, -22.747571799326501 ], [ -44.131872699999967, -22.747783999326529 ], [ -44.131799699999981, -22.7480182993265 ], [ -44.131776, -22.748364499326485 ], [ -44.131795699999984, -22.748653999326475 ], [ -44.131693900000016, -22.748768199326449 ], [ -44.131513700000021, -22.748939399326449 ], [ -44.131346599999972, -22.749086499326435 ], [ -44.131144, -22.749172999326458 ], [ -44.1309354, -22.749180899326454 ], [ -44.1306945, -22.749155399326472 ], [ -44.1305107, -22.749101099326495 ], [ -44.130370299999974, -22.749163899326444 ], [ -44.1301704, -22.749204199326481 ], [ -44.1299467, -22.74924169932649 ], [ -44.129792, -22.749207699326462 ], [ -44.1296878, -22.749204299326436 ], [ -44.129595100000017, -22.749250799326489 ], [ -44.129393, -22.749410999326464 ], [ -44.12921069999998, -22.749503899326427 ], [ -44.128974599999978, -22.749618599326478 ], [ -44.1287593, -22.749749999326454 ], [ -44.128645399999982, -22.749854299326444 ], [ -44.1285158, -22.750001299326453 ], [ -44.128482, -22.750031899326459 ], [ -44.1284217, -22.750079199326457 ], [ -44.128351, -22.750151999326459 ], [ -44.128251499999969, -22.750249299326459 ], [ -44.128152899999968, -22.750345699326459 ], [ -44.1280405, -22.750443399326436 ], [ -44.12794980000001, -22.750507199326456 ], [ -44.1278658, -22.750555499326449 ], [ -44.1277549, -22.750603099326405 ], [ -44.127592199999974, -22.750663099326438 ], [ -44.1273913, -22.750737599326417 ], [ -44.127274199999981, -22.750774899326444 ], [ -44.127107299999977, -22.750827999326454 ], [ -44.126976099999972, -22.750860199326404 ], [ -44.126864800000021, -22.750881199326397 ], [ -44.126766400000015, -22.7509008993264 ], [ -44.126668, -22.750927899326452 ], [ -44.126606200000012, -22.750913699326443 ], [ -44.12655849999998, -22.750904499326406 ], [ -44.126517299999989, -22.750904199326403 ], [ -44.126465399999965, -22.750914999326444 ], [ -44.1263859, -22.750915099326424 ], [ -44.12632150000001, -22.750872199326423 ], [ -44.126291, -22.750793699326398 ], [ -44.1262671, -22.750711899326422 ], [ -44.126271499999966, -22.750663399326452 ], [ -44.1262901, -22.750606299326449 ], [ -44.126357700000021, -22.750575299326414 ], [ -44.126389500000016, -22.750570299326434 ], [ -44.126422199999979, -22.750562499326431 ], [ -44.126458800000023, -22.750545099326438 ], [ -44.1264893, -22.750518499326432 ], [ -44.126535900000022, -22.75047049932644 ], [ -44.1265535, -22.75043089932646 ], [ -44.12658290000001, -22.750316699326429 ], [ -44.126592099999989, -22.750235199326472 ], [ -44.1265879, -22.75017549932646 ], [ -44.126576100000023, -22.750110099326424 ], [ -44.1265565, -22.750058899326451 ], [ -44.126518200000014, -22.750000599326466 ], [ -44.1264036, -22.749946899326453 ], [ -44.1263803, -22.749917699326467 ], [ -44.1263485, -22.749874899326461 ], [ -44.1263123, -22.749818599326481 ], [ -44.126277599999973, -22.749775799326454 ], [ -44.126215399999985, -22.749692799326461 ], [ -44.126202299999989, -22.749676699326461 ], [ -44.1261705, -22.749641899326438 ], [ -44.126124, -22.749601899326468 ], [ -44.1261058, -22.749585099326453 ], [ -44.126057399999979, -22.749540299326437 ], [ -44.125933700000012, -22.749449899326468 ], [ -44.125754099999988, -22.749363999326459 ], [ -44.125597599999985, -22.749294299326429 ], [ -44.12538330000001, -22.749233299326473 ], [ -44.125165599999988, -22.749162299326482 ], [ -44.125, -22.749104899326493 ], [ -44.1248082, -22.748984799326486 ], [ -44.124647799999977, -22.748877599326494 ], [ -44.124509199999984, -22.74876989932649 ], [ -44.1244608, -22.748710899326461 ], [ -44.124410199999986, -22.748601999326478 ], [ -44.124364300000018, -22.748522599326492 ], [ -44.1242666, -22.748424199326479 ], [ -44.123966399999972, -22.748262399326467 ], [ -44.123755599999981, -22.748165799326468 ], [ -44.12365089999998, -22.748126699326487 ], [ -44.12355580000002, -22.748112699326466 ], [ -44.123434, -22.74810399932651 ], [ -44.1233105, -22.748087399326455 ], [ -44.123135600000012, -22.748054599326483 ], [ -44.122989299999979, -22.74800559932649 ], [ -44.122732499999984, -22.747886499326494 ], [ -44.1225146, -22.747778199326525 ], [ -44.122432499999988, -22.747728399326519 ], [ -44.122410399999971, -22.747702799326515 ], [ -44.1224004, -22.747657699326489 ], [ -44.122415, -22.747497499326517 ], [ -44.1224145, -22.747429599326484 ], [ -44.122401299999979, -22.747366399326481 ], [ -44.122354700000017, -22.747284399326514 ], [ -44.122175, -22.747040299326493 ], [ -44.122067500000014, -22.746880799326512 ], [ -44.1220171, -22.746788399326537 ], [ -44.122001099999984, -22.746735399326496 ], [ -44.1219949, -22.746647199326503 ], [ -44.122003600000021, -22.746551599326509 ], [ -44.1220328, -22.746363599326525 ], [ -44.122066099999969, -22.746280799326566 ], [ -44.122136300000015, -22.74617839932656 ], [ -44.122160199999989, -22.746133499326525 ], [ -44.1221691, -22.746089599326542 ], [ -44.122170499999967, -22.746034799326555 ], [ -44.122139100000027, -22.745861699326529 ], [ -44.122128799999984, -22.745704399326559 ], [ -44.122137399999978, -22.745588399326522 ], [ -44.122018700000012, -22.745483899326555 ], [ -44.121944400000018, -22.74542129932653 ], [ -44.121892600000017, -22.745382399326541 ], [ -44.121849899999965, -22.745351199326564 ], [ -44.1217813, -22.745290199326565 ], [ -44.1217385, -22.745248999326563 ], [ -44.121615, -22.745079699326588 ], [ -44.1215778, -22.745011199326576 ], [ -44.1215221, -22.744967699326587 ], [ -44.121459800000025, -22.744896799326561 ], [ -44.121421399999967, -22.744809899326569 ], [ -44.121392800000024, -22.744681499326585 ], [ -44.121392399999984, -22.744559299326557 ], [ -44.1214185, -22.744485999326564 ], [ -44.121472700000027, -22.744431199326588 ], [ -44.121545799999978, -22.744382399326589 ], [ -44.121606400000019, -22.744303399326554 ], [ -44.1216192, -22.744249499326596 ], [ -44.121652700000013, -22.744107699326563 ], [ -44.121675200000027, -22.743995999326575 ], [ -44.121666, -22.743862699326613 ], [ -44.121639300000027, -22.743761999326598 ], [ -44.12165959999998, -22.743674999326583 ], [ -44.1217004, -22.743617899326601 ], [ -44.121799899999978, -22.743528299326581 ], [ -44.121925, -22.743416599326579 ], [ -44.1220174, -22.743331599326574 ], [ -44.1220548, -22.743271399326627 ], [ -44.1220717, -22.743196599326577 ], [ -44.122091599999976, -22.743063499326627 ], [ -44.122028600000014, -22.743038899326592 ], [ -44.12191360000002, -22.742974699326595 ], [ -44.121794500000021, -22.742916899326623 ], [ -44.121768700000018, -22.742904399326591 ], [ -44.12148, -22.742762699326619 ], [ -44.121363700000018, -22.742698199326622 ], [ -44.121304599999981, -22.742653999326631 ], [ -44.121250799999977, -22.742592299326642 ], [ -44.12122249999998, -22.742567999326631 ], [ -44.121162399999989, -22.742516299326592 ], [ -44.1209308, -22.742383399326624 ], [ -44.120810199999987, -22.742314199326643 ], [ -44.1206108, -22.742185999326619 ], [ -44.120320699999979, -22.742014399326656 ], [ -44.120112300000024, -22.741880499326605 ], [ -44.1198819, -22.741686999326653 ], [ -44.1197543, -22.741583999326636 ], [ -44.119615899999985, -22.741521999326608 ], [ -44.119422299999982, -22.741478099326624 ], [ -44.119192199999986, -22.741425599326661 ], [ -44.118972299999989, -22.741346799326614 ], [ -44.118711500000011, -22.741287499326646 ], [ -44.118682200000023, -22.741279099326633 ], [ -44.1183734, -22.741190399326634 ], [ -44.118130599999972, -22.741094499326625 ], [ -44.117809599999987, -22.740950799326665 ], [ -44.11757, -22.740847899326663 ], [ -44.1174542, -22.740812699326657 ], [ -44.117034499999981, -22.74072419932665 ], [ -44.116817799999964, -22.740690099326656 ], [ -44.116758899999986, -22.740676199326668 ], [ -44.1165904, -22.740636399326696 ], [ -44.1164397, -22.740577799326648 ], [ -44.1163254, -22.74051009932667 ], [ -44.116244400000028, -22.740430299326679 ], [ -44.116182900000013, -22.740325599326674 ], [ -44.1161574, -22.740220499326689 ], [ -44.116156600000011, -22.740114299326684 ], [ -44.116206700000021, -22.739931499326683 ], [ -44.116263699999983, -22.739796699326682 ], [ -44.1162835, -22.739696399326704 ], [ -44.116274200000028, -22.739529299326694 ], [ -44.1162339, -22.739269799326689 ], [ -44.116178400000024, -22.738994399326732 ], [ -44.116133199999979, -22.738885099326705 ], [ -44.11603580000002, -22.738763299326724 ], [ -44.1159113, -22.738659699326742 ], [ -44.115757499999972, -22.73858809932673 ], [ -44.115553700000028, -22.738539299326725 ], [ -44.11537809999998, -22.738476299326724 ], [ -44.115161199999982, -22.738360799326724 ], [ -44.115007299999988, -22.738260599326704 ], [ -44.114932899999971, -22.73819319932673 ], [ -44.1146266, -22.73763689932672 ], [ -44.114491900000019, -22.737325399326718 ], [ -44.114465900000013, -22.73726739932674 ], [ -44.114372399999979, -22.737058599326748 ], [ -44.114233899999988, -22.736784899326743 ], [ -44.114117599999979, -22.736603899326731 ], [ -44.1140691, -22.736493199326731 ], [ -44.114038, -22.736385199326733 ], [ -44.114035699999988, -22.736306799326787 ], [ -44.114041900000018, -22.736261099326743 ], [ -44.114048799999978, -22.736210399326779 ], [ -44.114092, -22.73610059932675 ], [ -44.114118299999973, -22.736008099326749 ], [ -44.114138099999984, -22.735873299326755 ], [ -44.114142300000026, -22.73574929932678 ], [ -44.1141152, -22.735583699326781 ], [ -44.114068, -22.735360899326778 ], [ -44.114036899999974, -22.735081799326782 ], [ -44.1140244, -22.73482429932681 ], [ -44.113999200000023, -22.734581199326787 ], [ -44.113950199999977, -22.734318499326765 ], [ -44.113901199999987, -22.733958299326808 ], [ -44.113885200000027, -22.733675699326824 ], [ -44.113880400000028, -22.733453899326804 ], [ -44.1138806, -22.733182599326845 ], [ -44.1138823, -22.732953099326807 ], [ -44.113884499999976, -22.73280099932683 ], [ -44.1138745, -22.732693999326827 ], [ -44.113853699999986, -22.732581799326848 ], [ -44.113807, -22.732428699326867 ], [ -44.113749, -22.732244999326838 ], [ -44.113716099999969, -22.732068799326836 ], [ -44.113705900000014, -22.73195339932688 ], [ -44.113673300000016, -22.731778699326878 ], [ -44.1135926, -22.731581999326863 ], [ -44.1134902, -22.73138609932689 ], [ -44.113239500000013, -22.730850299326875 ], [ -44.113158100000021, -22.730655599326877 ], [ -44.113128599999982, -22.730534899326901 ], [ -44.1131188, -22.730399499326879 ], [ -44.1131052, -22.730276299326917 ], [ -44.11306159999998, -22.730137399326889 ], [ -44.112983900000017, -22.730026399326899 ], [ -44.1128615, -22.729897799326917 ], [ -44.112846100000013, -22.729879699326936 ], [ -44.11256730000003, -22.729551899326907 ], [ -44.112415100000028, -22.729343299326903 ], [ -44.112273899999977, -22.729183599326927 ], [ -44.1121719, -22.729093699326945 ], [ -44.1120654, -22.729001899326942 ], [ -44.1117562, -22.72878949932695 ], [ -44.111668099999974, -22.728742399326933 ], [ -44.111546799999985, -22.728697199326938 ], [ -44.111426, -22.728664199326971 ], [ -44.111288600000023, -22.728636399326966 ], [ -44.1110817, -22.728613499326951 ], [ -44.11087220000001, -22.728597799326934 ], [ -44.110673, -22.728595599326951 ], [ -44.1104558, -22.728600699326961 ], [ -44.110235400000015, -22.728603099326921 ], [ -44.110023599999984, -22.728614599326953 ], [ -44.109779600000032, -22.728640899326944 ], [ -44.10964360000002, -22.728637499326929 ], [ -44.1094753, -22.728631199326934 ], [ -44.109355, -22.728598999326916 ], [ -44.1091287, -22.728529399326952 ], [ -44.1089238, -22.728456599326943 ], [ -44.108733799999975, -22.728377799326928 ], [ -44.108543899999958, -22.728290599326929 ], [ -44.108365699999972, -22.728224499326966 ], [ -44.108171, -22.728157799326969 ], [ -44.107756100000024, -22.728020599326932 ], [ -44.1076796, -22.72798309932697 ], [ -44.107581299999978, -22.72791599932695 ], [ -44.107547, -22.72788909932698 ], [ -44.1074509, -22.727813699326976 ], [ -44.107280600000017, -22.727698999326936 ], [ -44.1071106, -22.727613199326974 ], [ -44.106901199999989, -22.727512199326938 ], [ -44.10663349999998, -22.727405399326976 ], [ -44.106084800000019, -22.727116599326962 ], [ -44.1059244, -22.72704999932699 ], [ -44.1058294, -22.727019499326971 ], [ -44.10575569999996, -22.727003799326958 ], [ -44.105681100000027, -22.727000899326985 ], [ -44.105634, -22.727006399326964 ], [ -44.105599299999987, -22.727021899326996 ], [ -44.105545600000021, -22.727072599326966 ], [ -44.105363, -22.727293599326963 ], [ -44.105326400000017, -22.727335599326981 ], [ -44.1052755, -22.727373599326992 ], [ -44.1051632, -22.727426299326975 ], [ -44.104974, -22.727509699326941 ], [ -44.104814700000027, -22.727601199326948 ], [ -44.104649199999983, -22.727709999326976 ], [ -44.104559499999986, -22.72777549932697 ], [ -44.104487099999972, -22.727838699326963 ], [ -44.104430400000012, -22.727902999326979 ], [ -44.1043859, -22.727973199326954 ], [ -44.1043414, -22.728068899326935 ], [ -44.104280899999985, -22.728210399326972 ], [ -44.104240899999965, -22.728333499326961 ], [ -44.104221699999982, -22.728445599326943 ], [ -44.1042269, -22.728522199326932 ], [ -44.104234599999984, -22.728536799326914 ], [ -44.104248, -22.72856199932696 ], [ -44.1042862, -22.728597799326916 ], [ -44.1043265, -22.728641399326964 ], [ -44.1043442, -22.728674499326946 ], [ -44.104369, -22.728774699326912 ], [ -44.104383499999983, -22.728881799326945 ], [ -44.104387, -22.728920099326906 ], [ -44.104396399999978, -22.7290231993269 ], [ -44.10441359999998, -22.729137199326949 ], [ -44.1044463, -22.729338699326949 ], [ -44.1044842, -22.729496099326933 ], [ -44.104499700000012, -22.729586199326942 ], [ -44.104515, -22.72969459932694 ], [ -44.1045122, -22.729776099326902 ], [ -44.104509099999966, -22.729856199326889 ], [ -44.1045153, -22.729941699326886 ], [ -44.104539, -22.730017999326876 ], [ -44.104599699999987, -22.730094499326913 ], [ -44.104696199999978, -22.730214399326922 ], [ -44.104747200000013, -22.730300799326912 ], [ -44.10482359999996, -22.730463699326879 ], [ -44.10490470000002, -22.730677699326893 ], [ -44.1049708, -22.730966899326894 ], [ -44.105004099999967, -22.731071999326861 ], [ -44.105059799999985, -22.731156399326849 ], [ -44.1051397, -22.731253299326873 ], [ -44.105204800000017, -22.73129499932686 ], [ -44.1052661, -22.731308799326886 ], [ -44.1053387, -22.731331699326876 ], [ -44.105367699999988, -22.731352799326899 ], [ -44.1053948, -22.731406899326895 ], [ -44.105413399999968, -22.73153129932685 ], [ -44.105408099999984, -22.731805999326859 ], [ -44.105409099999967, -22.731953899326868 ], [ -44.1054292, -22.732234799326861 ], [ -44.105423499999972, -22.732271799326842 ], [ -44.1053612, -22.732342299326884 ], [ -44.105313500000022, -22.732411199326858 ], [ -44.105302199999983, -22.732460399326818 ], [ -44.105309299999988, -22.732490799326847 ], [ -44.105328900000011, -22.732561699326865 ], [ -44.105317800000016, -22.732583599326855 ], [ -44.105263200000024, -22.732589999326855 ], [ -44.105157899999988, -22.732553999326839 ], [ -44.105067099999978, -22.732533299326839 ], [ -44.1049471, -22.732525899326831 ], [ -44.104814499999968, -22.73254929932687 ], [ -44.104643800000019, -22.732590699326856 ], [ -44.1044966, -22.732624399326859 ], [ -44.1043437, -22.732649399326871 ], [ -44.1042658, -22.732668899326868 ], [ -44.104238099999968, -22.732675799326824 ], [ -44.1041611, -22.732685199326834 ], [ -44.104089400000028, -22.732676499326878 ], [ -44.103981200000014, -22.732640199326841 ], [ -44.103866, -22.732565099326838 ], [ -44.103656100000016, -22.732329599326874 ], [ -44.103514700000012, -22.732159999326882 ], [ -44.103436699999961, -22.732030399326838 ], [ -44.103398, -22.731887499326891 ], [ -44.10336, -22.731664099326863 ], [ -44.103318899999962, -22.731536499326868 ], [ -44.10328, -22.731467599326852 ], [ -44.1032406, -22.73143069932685 ], [ -44.1031183, -22.731372099326862 ], [ -44.102954599999983, -22.731255299326861 ], [ -44.102785900000015, -22.731107399326866 ], [ -44.102680099999979, -22.730984399326914 ], [ -44.102507899999978, -22.730710099326895 ], [ -44.102371399999974, -22.73054229932692 ], [ -44.1021614, -22.730355699326928 ], [ -44.101926400000018, -22.730102699326878 ], [ -44.1018022, -22.729945499326909 ], [ -44.1016531, -22.729733599326888 ], [ -44.101502499999981, -22.729467699326918 ], [ -44.101270600000021, -22.729067199326902 ], [ -44.101266599999974, -22.729059699326925 ], [ -44.1012119, -22.728957699326948 ], [ -44.101157800000017, -22.728883399326911 ], [ -44.101079, -22.728813399326921 ], [ -44.101029200000028, -22.728780299326928 ], [ -44.1009335, -22.728746899326907 ], [ -44.100791599999972, -22.728747999326927 ], [ -44.1006059, -22.728764399326923 ], [ -44.100492700000011, -22.728775099326946 ], [ -44.100407299999972, -22.728766899326924 ], [ -44.100330199999974, -22.728756799326931 ], [ -44.1002656, -22.728754499326925 ], [ -44.100198700000014, -22.728767599326968 ], [ -44.100125499999983, -22.728813599326969 ], [ -44.0999349, -22.728970399326915 ], [ -44.09974540000001, -22.72909639932692 ], [ -44.0996207, -22.729189499326939 ], [ -44.099441599999977, -22.729341799326921 ], [ -44.099319400000013, -22.729409099326926 ], [ -44.0991844, -22.729474299326917 ], [ -44.099092700000028, -22.729504299326898 ], [ -44.098996399999976, -22.729512399326893 ], [ -44.098851, -22.729496399326937 ], [ -44.098670500000026, -22.729456199326929 ], [ -44.0985498, -22.72942599932691 ], [ -44.0984573, -22.72940279932692 ], [ -44.09827109999997, -22.729337799326927 ], [ -44.098198700000012, -22.729294499326901 ], [ -44.0981595, -22.729240799326934 ], [ -44.0981514, -22.729205499326898 ], [ -44.0981683, -22.729155099326945 ], [ -44.0982217, -22.729084699326929 ], [ -44.0982485, -22.729028199326951 ], [ -44.0982737, -22.728951499326929 ], [ -44.098292500000014, -22.728915299326911 ], [ -44.098326499999978, -22.728859599326956 ], [ -44.098387, -22.728709099326952 ], [ -44.098408099999979, -22.728611099326979 ], [ -44.098420299999979, -22.728508099326948 ], [ -44.098454300000014, -22.728298599326966 ], [ -44.0984985, -22.728054099326968 ], [ -44.098504699999964, -22.727898299326945 ], [ -44.098499600000025, -22.727721299326959 ], [ -44.098500600000023, -22.727585999326934 ], [ -44.0985064, -22.727464599326979 ], [ -44.0984967, -22.727388599326957 ], [ -44.098449099999982, -22.727280599326942 ], [ -44.098338800000022, -22.727147699326956 ], [ -44.09826450000002, -22.727090399326979 ], [ -44.0981999, -22.727065399326989 ], [ -44.098117, -22.727057299326979 ], [ -44.0979072, -22.727063199326949 ], [ -44.097803100000021, -22.727060799326974 ], [ -44.097727299999974, -22.727051699326985 ], [ -44.0974787, -22.726977499326953 ], [ -44.097279099999973, -22.726903699326954 ], [ -44.09711249999998, -22.726857399326949 ], [ -44.096822299999978, -22.726778899326973 ], [ -44.096655199999979, -22.726720299326995 ], [ -44.0965132, -22.726654599327002 ], [ -44.096479499999987, -22.726641599326971 ], [ -44.0963067, -22.726575199326998 ], [ -44.096155300000021, -22.72652999932702 ], [ -44.096028, -22.726491399326981 ], [ -44.095940499999983, -22.726474699326978 ], [ -44.0958635, -22.726468899326985 ], [ -44.0957363, -22.726464599326956 ], [ -44.095705899999984, -22.726463799326961 ], [ -44.09568969999998, -22.726532699327002 ], [ -44.0956739, -22.726571399326993 ], [ -44.0956493, -22.726608499326986 ], [ -44.09561930000001, -22.726632799326989 ], [ -44.095581400000015, -22.726642199326989 ], [ -44.095514900000012, -22.726644999327004 ], [ -44.095422699999972, -22.72663809932698 ], [ -44.095323, -22.726624799327002 ], [ -44.0952337, -22.726605099326964 ], [ -44.095151199999975, -22.726581299327009 ], [ -44.095082199999972, -22.726556299327015 ], [ -44.095013499999986, -22.726523999326972 ], [ -44.094947199999979, -22.726486399326991 ], [ -44.094889, -22.726447799327012 ], [ -44.094840700000013, -22.726414599326993 ], [ -44.094764399999974, -22.726396299326968 ], [ -44.0946227, -22.726338399326966 ], [ -44.094467, -22.726331199327007 ], [ -44.094345200000021, -22.72631879932699 ], [ -44.094221100000027, -22.726296799326988 ], [ -44.0940703, -22.726258699327019 ], [ -44.093926899999985, -22.72620559932701 ], [ -44.093775400000027, -22.726146099326986 ], [ -44.0936507, -22.726099799326981 ], [ -44.093596600000012, -22.726079999327023 ], [ -44.093564300000025, -22.726060999327007 ], [ -44.093541899999984, -22.726032399326996 ], [ -44.093528400000011, -22.725990999327024 ], [ -44.0935255, -22.725941999326984 ], [ -44.093529, -22.725907199326993 ], [ -44.093548100000021, -22.725833899326993 ], [ -44.093585800000021, -22.725703199327 ], [ -44.0936229, -22.725600799327019 ], [ -44.093665699999967, -22.725513299327005 ], [ -44.093695599999975, -22.725473499327045 ], [ -44.093720299999973, -22.725453699327026 ], [ -44.093763599999988, -22.725431899326995 ], [ -44.093816, -22.725413199327019 ], [ -44.09388689999998, -22.72539079932703 ], [ -44.093925899999988, -22.725373999327001 ], [ -44.093970800000022, -22.725345799327027 ], [ -44.0939748, -22.72525829932702 ], [ -44.0940417, -22.724971399327032 ], [ -44.094052, -22.724869499327045 ], [ -44.0940435, -22.724740699327022 ], [ -44.0940081, -22.724664299327006 ], [ -44.09393080000001, -22.724544099327019 ], [ -44.093807599999984, -22.724426899327057 ], [ -44.093587099999979, -22.724224399327063 ], [ -44.093476099999975, -22.724072399327056 ], [ -44.09334530000001, -22.723848599327045 ], [ -44.0932135, -22.723690199327066 ], [ -44.093050199999986, -22.723474199327061 ], [ -44.092990199999974, -22.723411699327059 ], [ -44.092915, -22.723369299327054 ], [ -44.092799500000012, -22.723337599327039 ], [ -44.0926268, -22.723300699327044 ], [ -44.092486300000019, -22.723248599327047 ], [ -44.092322500000016, -22.723163699327056 ], [ -44.092149899999981, -22.723042599327052 ], [ -44.092029599999989, -22.72298289932705 ], [ -44.091825500000013, -22.722905599327049 ], [ -44.091622200000018, -22.722843399327068 ], [ -44.091124499999971, -22.722680799327062 ], [ -44.090955699999988, -22.722581899327089 ], [ -44.090802100000012, -22.722481599327068 ], [ -44.090771299999972, -22.722446499327067 ], [ -44.09074720000001, -22.722419099327112 ], [ -44.090677599999985, -22.722286599327106 ], [ -44.090623199999975, -22.722162999327125 ], [ -44.0905738, -22.722043499327079 ], [ -44.090549, -22.721958499327101 ], [ -44.090546300000028, -22.721915599327087 ], [ -44.0905504, -22.721882199327073 ], [ -44.090571599999976, -22.721842399327112 ], [ -44.0906058, -22.721784599327076 ], [ -44.090618699999979, -22.721751699327129 ], [ -44.09063680000002, -22.721688099327089 ], [ -44.090685099999973, -22.721461999327076 ], [ -44.090711899999967, -22.721385099327122 ], [ -44.090745500000018, -22.721305199327123 ], [ -44.0907732, -22.72126679932714 ], [ -44.0908172, -22.72121879932709 ], [ -44.090869600000012, -22.721175199327114 ], [ -44.090955, -22.721128599327098 ], [ -44.091066800000014, -22.721087099327097 ], [ -44.0911509, -22.721063499327126 ], [ -44.091217500000027, -22.721038499327133 ], [ -44.0912816, -22.721001599327135 ], [ -44.0913435, -22.720947199327121 ], [ -44.091424500000016, -22.720852199327144 ], [ -44.0915056, -22.720776599327138 ], [ -44.0915842, -22.720705799327131 ], [ -44.091698599999972, -22.720620599327141 ], [ -44.091796199999969, -22.720526899327112 ], [ -44.091875, -22.720440299327141 ], [ -44.091908699999969, -22.720395399327096 ], [ -44.091930600000012, -22.72035549932712 ], [ -44.091955199999958, -22.720291399327142 ], [ -44.091983799999973, -22.72018669932713 ], [ -44.092002900000011, -22.720133499327101 ], [ -44.092038, -22.720063399327152 ], [ -44.09205930000001, -22.72001759932715 ], [ -44.0920999, -22.719961199327145 ], [ -44.092146599999971, -22.719912599327127 ], [ -44.0922038, -22.719866099327131 ], [ -44.092289499999985, -22.719812799327126 ], [ -44.092414, -22.719742399327117 ], [ -44.092539900000013, -22.719653499327141 ], [ -44.0927365, -22.719530699327144 ], [ -44.092892899999974, -22.719415499327187 ], [ -44.0929375, -22.71937809932713 ], [ -44.0929792, -22.719327599327141 ], [ -44.0930108, -22.719258099327146 ], [ -44.093095300000016, -22.719036399327152 ], [ -44.093112799999972, -22.718968399327146 ], [ -44.093134, -22.718859799327188 ], [ -44.093146600000019, -22.71880939932716 ], [ -44.093174200000021, -22.718750299327169 ], [ -44.093207099999958, -22.718713899327192 ], [ -44.093240200000025, -22.718694799327135 ], [ -44.09330970000002, -22.718677499327196 ], [ -44.0933683, -22.718663999327173 ], [ -44.0934692, -22.718638099327197 ], [ -44.0935225, -22.718614399327155 ], [ -44.0935799, -22.718573099327187 ], [ -44.0936787, -22.718492899327174 ], [ -44.093807799999972, -22.71839679932717 ], [ -44.093934699999977, -22.718308699327206 ], [ -44.094112199999984, -22.718210399327162 ], [ -44.094181, -22.718167999327161 ], [ -44.094370099999985, -22.718051799327196 ], [ -44.094472399999979, -22.717977099327168 ], [ -44.094546400000013, -22.717902199327202 ], [ -44.094585100000018, -22.717844299327222 ], [ -44.094636499999972, -22.717747499327167 ], [ -44.094652399999973, -22.717711899327167 ], [ -44.094653199999975, -22.717685499327199 ], [ -44.0946467, -22.717641199327193 ], [ -44.094647800000018, -22.717520299327195 ], [ -44.094671, -22.717351899327195 ], [ -44.094726299999977, -22.7171744993272 ], [ -44.094777299999976, -22.717038399327187 ], [ -44.0948485, -22.716892299327196 ], [ -44.09487, -22.716832499327225 ], [ -44.094881199999968, -22.716783099327195 ], [ -44.09488, -22.716730899327228 ], [ -44.094859900000017, -22.716663599327234 ], [ -44.09481790000001, -22.716558899327218 ], [ -44.0947488, -22.716423699327219 ], [ -44.094654100000014, -22.716267199327227 ], [ -44.0945633, -22.716107699327239 ], [ -44.094480499999968, -22.715996899327234 ], [ -44.0943148, -22.715819599327212 ], [ -44.094188200000012, -22.715719099327242 ], [ -44.0940802, -22.715659199327245 ], [ -44.093996399999973, -22.715630999327221 ], [ -44.093892900000014, -22.71563499932725 ], [ -44.093385300000016, -22.715716599327237 ], [ -44.093050600000026, -22.715769899327245 ], [ -44.0929046, -22.715778599327258 ], [ -44.0926751, -22.715777299327247 ], [ -44.09246940000002, -22.715767599327226 ], [ -44.0923528, -22.715753499327242 ], [ -44.092265899999973, -22.715748699327232 ], [ -44.092207499999965, -22.715757799327239 ], [ -44.0921619, -22.715777599327268 ], [ -44.092052, -22.715829399327252 ], [ -44.091844200000018, -22.715895199327203 ], [ -44.091776, -22.715914899327213 ], [ -44.0917137, -22.715941699327214 ], [ -44.091673399999983, -22.715971499327249 ], [ -44.091562899999978, -22.716104599327217 ], [ -44.091501199999982, -22.716192799327224 ], [ -44.0914545, -22.716305099327229 ], [ -44.0914095, -22.716373099327228 ], [ -44.091318899999969, -22.716463099327218 ], [ -44.091224300000022, -22.716556199327236 ], [ -44.091109599999974, -22.716641699327248 ], [ -44.090964699999972, -22.716728799327214 ], [ -44.090793799999972, -22.716820899327224 ], [ -44.09070220000001, -22.71688159932723 ], [ -44.0904152, -22.717116399327207 ], [ -44.090377699999983, -22.717150399327185 ], [ -44.090337200000022, -22.717178499327197 ], [ -44.090306600000019, -22.717185399327207 ], [ -44.0902714, -22.717182099327207 ], [ -44.0902127, -22.717147399327185 ], [ -44.090152600000025, -22.717110599327228 ], [ -44.0900807, -22.717088899327223 ], [ -44.08996830000001, -22.717085199327197 ], [ -44.08983360000002, -22.717089599327213 ], [ -44.089694800000018, -22.717100899327193 ], [ -44.0895294, -22.717126399327189 ], [ -44.0894076, -22.717151299327224 ], [ -44.089324799999972, -22.717186599327196 ], [ -44.0892526, -22.717222099327223 ], [ -44.08911310000002, -22.717290699327176 ], [ -44.088995399999988, -22.717371099327178 ], [ -44.0888546, -22.717507299327234 ], [ -44.0887351, -22.717669599327213 ], [ -44.0886691, -22.717809799327192 ], [ -44.0885971, -22.717952399327174 ], [ -44.088515400000013, -22.718097599327205 ], [ -44.088418499999989, -22.718229999327185 ], [ -44.08833090000001, -22.718319199327173 ], [ -44.088237499999984, -22.718397499327146 ], [ -44.088119800000023, -22.718488999327139 ], [ -44.088038600000012, -22.718517799327149 ], [ -44.087951499999981, -22.718530199327152 ], [ -44.087862500000028, -22.718525599327187 ], [ -44.0878098, -22.718511199327192 ], [ -44.087747299999982, -22.718464299327174 ], [ -44.0876616, -22.718386599327154 ], [ -44.0875522, -22.718322799327186 ], [ -44.087250499999975, -22.71817719932719 ], [ -44.087131699999979, -22.718111299327152 ], [ -44.087015199999989, -22.718036599327178 ], [ -44.086883899999975, -22.717918599327216 ], [ -44.0867564, -22.717801499327205 ], [ -44.086655399999977, -22.717733999327194 ], [ -44.086527900000014, -22.717675299327194 ], [ -44.086428099999971, -22.717637299327173 ], [ -44.086323900000018, -22.717582199327179 ], [ -44.08625330000001, -22.717537999327181 ], [ -44.086225500000012, -22.717511799327205 ], [ -44.086208100000015, -22.717469099327221 ], [ -44.0862065, -22.717426399327213 ], [ -44.086208699999979, -22.7173562993272 ], [ -44.086203300000015, -22.717309099327238 ], [ -44.08618, -22.71717639932724 ], [ -44.086173499999973, -22.71703269932722 ], [ -44.086178599999968, -22.716949399327184 ], [ -44.086181099999969, -22.716852999327219 ], [ -44.0861726, -22.716714499327239 ], [ -44.086156099999982, -22.716605399327214 ], [ -44.08612219999997, -22.716472399327209 ], [ -44.086107799999979, -22.716289999327248 ], [ -44.08610010000001, -22.716113199327232 ], [ -44.086085200000014, -22.715996999327242 ], [ -44.086059200000022, -22.715922999327208 ], [ -44.0860217, -22.715865599327213 ], [ -44.0859575, -22.715824399327207 ], [ -44.0858821, -22.715815299327208 ], [ -44.085778300000015, -22.715810299327227 ], [ -44.0856887, -22.715798799327256 ], [ -44.085599, -22.715787299327229 ], [ -44.085431200000016, -22.715726599327226 ], [ -44.085146599999959, -22.715629599327244 ], [ -44.084796700000027, -22.715522299327226 ], [ -44.084640700000016, -22.715494399327262 ], [ -44.084502, -22.715483199327238 ], [ -44.084385600000019, -22.715479599327207 ], [ -44.084345, -22.715476799327227 ], [ -44.08411610000001, -22.715461099327282 ], [ -44.0835601, -22.715457899327241 ], [ -44.0833829, -22.71546039932722 ], [ -44.083246499999966, -22.715472799327223 ], [ -44.0831898, -22.715487199327228 ], [ -44.083092099999988, -22.715540799327233 ], [ -44.083031399999982, -22.715617499327244 ], [ -44.082973499999973, -22.71570689932722 ], [ -44.082931400000014, -22.715752799327259 ], [ -44.082835400000029, -22.715802099327256 ], [ -44.082715800000017, -22.715823599327251 ], [ -44.0825843, -22.715828299327235 ], [ -44.082470899999969, -22.715812899327236 ], [ -44.08236549999998, -22.715780899327267 ], [ -44.082239300000033, -22.715731399327218 ], [ -44.082146099999981, -22.715704499327252 ], [ -44.081984200000022, -22.715618899327225 ], [ -44.0818124, -22.715503099327215 ], [ -44.0817414, -22.71543429932726 ], [ -44.081695200000013, -22.715356899327265 ], [ -44.0815905, -22.715228299327237 ], [ -44.0814269, -22.71509189932727 ], [ -44.0813367, -22.715000999327216 ], [ -44.0813154, -22.71497959932724 ], [ -44.081152299999985, -22.714786699327252 ], [ -44.0809923, -22.714591399327279 ], [ -44.080935300000021, -22.714489999327281 ], [ -44.08089539999996, -22.714379899327259 ], [ -44.0808796, -22.71429299932726 ], [ -44.0808864, -22.714194999327301 ], [ -44.080917699999979, -22.714083799327298 ], [ -44.080975299999984, -22.713985999327249 ], [ -44.081075899999966, -22.713865899327253 ], [ -44.081179799999973, -22.713716799327262 ], [ -44.0812497, -22.71359949932728 ], [ -44.081279400000014, -22.713569199327285 ], [ -44.0813124, -22.713545199327296 ], [ -44.0813465, -22.713528599327297 ], [ -44.081408899999978, -22.713518499327304 ], [ -44.081480399999975, -22.713517799327263 ], [ -44.0815419, -22.713531999327266 ], [ -44.081685499999985, -22.713584299327259 ], [ -44.081907, -22.713677999327309 ], [ -44.0821851, -22.713807199327299 ], [ -44.082402699999989, -22.713913599327295 ], [ -44.082567799999985, -22.714011899327271 ], [ -44.082612499999982, -22.714042199327263 ], [ -44.0826723, -22.714071099327278 ], [ -44.0827522, -22.714091799327282 ], [ -44.082810400000021, -22.71409889932729 ], [ -44.0828401, -22.714097399327279 ], [ -44.083068799999978, -22.714010399327293 ], [ -44.083132700000021, -22.713988599327262 ], [ -44.083183399999989, -22.713976699327269 ], [ -44.083265400000023, -22.713968699327278 ], [ -44.083334200000024, -22.713973799327288 ], [ -44.083417600000018, -22.713984699327302 ], [ -44.0835958, -22.713991399327266 ], [ -44.0837224, -22.713977099327305 ], [ -44.083801699999988, -22.713954399327253 ], [ -44.083881299999973, -22.713912099327288 ], [ -44.0839844, -22.713826999327264 ], [ -44.084111, -22.713697499327306 ], [ -44.084215599999986, -22.713604499327261 ], [ -44.084287599999982, -22.713531499327274 ], [ -44.0843092, -22.713499199327298 ], [ -44.084317600000027, -22.71345989932728 ], [ -44.0843145, -22.713417599327308 ], [ -44.084289500000011, -22.713378999327272 ], [ -44.0842326, -22.713335199327318 ], [ -44.084199399999989, -22.71328889932731 ], [ -44.08417050000002, -22.713227799327328 ], [ -44.0841492, -22.713139599327281 ], [ -44.084136499999985, -22.713065399327309 ], [ -44.0841188, -22.713008099327325 ], [ -44.084076900000014, -22.712939999327304 ], [ -44.084039399999988, -22.712904699327328 ], [ -44.083954899999974, -22.712852999327307 ], [ -44.083849900000018, -22.712787999327311 ], [ -44.083769299999972, -22.712717199327304 ], [ -44.0836824, -22.71261019932728 ], [ -44.083557699999965, -22.712410099327315 ], [ -44.0834476, -22.712264599327341 ], [ -44.083339599999981, -22.712152199327317 ], [ -44.083235, -22.71200809932731 ], [ -44.083140500000013, -22.711855999327337 ], [ -44.083071099999984, -22.711778299327332 ], [ -44.082997700000014, -22.711728299327341 ], [ -44.082933, -22.711659499327329 ], [ -44.082875699999988, -22.711565299327351 ], [ -44.082765100000017, -22.71137739932734 ], [ -44.082650499999986, -22.711166699327332 ], [ -44.082589499999976, -22.711008399327376 ], [ -44.082562600000017, -22.710896499327344 ], [ -44.0825327, -22.710736399327331 ], [ -44.082506599999988, -22.710676899327371 ], [ -44.082434200000016, -22.710540599327356 ], [ -44.082348599999975, -22.710405299327356 ], [ -44.082265, -22.710252299327347 ], [ -44.0822101, -22.710185599327357 ], [ -44.082084300000027, -22.710077799327401 ], [ -44.082061099999976, -22.710057999327375 ], [ -44.081849599999984, -22.709875499327381 ], [ -44.081580200000019, -22.70960639932737 ], [ -44.0811726, -22.70918389932741 ], [ -44.08107560000002, -22.709052099327401 ], [ -44.080959399999976, -22.708886599327421 ], [ -44.080942400000019, -22.708865399327387 ], [ -44.0808356, -22.708732599327416 ], [ -44.0807719, -22.708622799327415 ], [ -44.0807287, -22.70850699932739 ], [ -44.080668800000019, -22.708413199327403 ], [ -44.080554099999965, -22.70830209932744 ], [ -44.0804703, -22.708195699327398 ], [ -44.080314900000012, -22.707969999327403 ], [ -44.080272400000013, -22.707926599327429 ], [ -44.0801753, -22.707851499327429 ], [ -44.0800633, -22.707762299327442 ], [ -44.079981299999979, -22.707670999327433 ], [ -44.079939599999982, -22.707592399327432 ], [ -44.0799053, -22.707498499327439 ], [ -44.07990419999998, -22.70741479932742 ], [ -44.0799343, -22.707311099327459 ], [ -44.079964, -22.707258399327436 ], [ -44.0799958, -22.707231699327458 ], [ -44.080026799999978, -22.707220899327414 ], [ -44.0800696, -22.707208499327411 ], [ -44.0800979, -22.707193499327449 ], [ -44.080123500000013, -22.707169199327442 ], [ -44.0801472, -22.707117799327438 ], [ -44.080163799999966, -22.707022199327433 ], [ -44.080172199999986, -22.706860999327446 ], [ -44.080184499999966, -22.706751799327446 ], [ -44.080213300000018, -22.70667079932743 ], [ -44.0802261, -22.70663479932746 ], [ -44.08031, -22.706441399327474 ], [ -44.080317700000016, -22.706425099327436 ], [ -44.0803785, -22.706295099327431 ], [ -44.080470699999978, -22.706134199327476 ], [ -44.0804872, -22.706070599327433 ], [ -44.080502799999977, -22.705966099327473 ], [ -44.0805497, -22.705708799327496 ], [ -44.080599899999982, -22.70553599932747 ], [ -44.080639799999965, -22.705459499327482 ], [ -44.080686099999973, -22.705408099327471 ], [ -44.0807717, -22.705359899327501 ], [ -44.080832699999959, -22.705329799327487 ], [ -44.080936199999989, -22.705306099327441 ], [ -44.0810692, -22.705306799327492 ], [ -44.0812962, -22.705340199327509 ], [ -44.0814765, -22.705370099327453 ], [ -44.081545899999981, -22.705385099327479 ], [ -44.081701399999979, -22.705418699327478 ], [ -44.0818964, -22.705462399327462 ], [ -44.08210780000001, -22.705516899327485 ], [ -44.082186299999989, -22.70555989932749 ], [ -44.0822728, -22.705627399327497 ], [ -44.0823659, -22.705687299327501 ], [ -44.08238469999997, -22.70569929932746 ], [ -44.0825183, -22.705756099327434 ], [ -44.0826361, -22.705805399327438 ], [ -44.082825, -22.705840599327473 ], [ -44.083063900000013, -22.705849299327483 ], [ -44.083569800000021, -22.705873299327465 ], [ -44.083769299999972, -22.705891799327489 ], [ -44.0838926, -22.70590789932746 ], [ -44.083988499999975, -22.705920599327488 ], [ -44.084109800000022, -22.705925399327473 ], [ -44.084266399999983, -22.705903199327491 ], [ -44.0844584, -22.705870699327448 ], [ -44.084631100000024, -22.705853599327465 ], [ -44.084799700000026, -22.705848599327496 ], [ -44.0849351, -22.705852599327486 ], [ -44.085055300000015, -22.705880099327459 ], [ -44.085129199999983, -22.705914799327466 ], [ -44.085177400000013, -22.705969799327452 ], [ -44.085197199999982, -22.706021399327469 ], [ -44.085211099999974, -22.706123099327485 ], [ -44.085232500000018, -22.706212699327445 ], [ -44.085264800000012, -22.706306199327432 ], [ -44.085443699999978, -22.706737799327421 ], [ -44.085496799999987, -22.706847699327472 ], [ -44.085578199999979, -22.706981199327398 ], [ -44.085633099999988, -22.707128299327461 ], [ -44.0856602, -22.707228899327458 ], [ -44.085692400000028, -22.707369599327436 ], [ -44.085811299999982, -22.707794499327402 ], [ -44.0858925, -22.707988799327431 ], [ -44.085946299999989, -22.708107899327434 ], [ -44.0859967, -22.708228999327424 ], [ -44.086060499999967, -22.708374799327416 ], [ -44.086114199999983, -22.708468799327402 ], [ -44.0861494, -22.708512399327418 ], [ -44.086233199999981, -22.708580499327397 ], [ -44.0863172, -22.708622599327413 ], [ -44.086427300000018, -22.708673599327398 ], [ -44.086508, -22.708725299327423 ], [ -44.0866588, -22.708845899327375 ], [ -44.086785299999974, -22.708966299327379 ], [ -44.086914400000012, -22.709080499327413 ], [ -44.087048499999973, -22.709183699327365 ], [ -44.087192, -22.709283399327404 ], [ -44.087266600000014, -22.70932369932741 ], [ -44.0873841, -22.709378199327389 ], [ -44.087503799999972, -22.709404899327364 ], [ -44.087589799999982, -22.709408799327388 ], [ -44.0876611, -22.709384899327357 ], [ -44.0877251, -22.709338499327387 ], [ -44.087787499999983, -22.709245099327372 ], [ -44.0878333, -22.709152999327411 ], [ -44.08795930000003, -22.708789999327422 ], [ -44.088031699999988, -22.708622699327371 ], [ -44.088064499999973, -22.708557699327386 ], [ -44.0880874, -22.708495399327418 ], [ -44.08809530000002, -22.708419099327436 ], [ -44.088094099999978, -22.708326999327411 ], [ -44.088078, -22.7082192993274 ], [ -44.0880341, -22.708029299327439 ], [ -44.087992299999989, -22.707841699327439 ], [ -44.0879539, -22.707691699327427 ], [ -44.087885599999986, -22.707538699327415 ], [ -44.0878161, -22.707381999327428 ], [ -44.08769489999996, -22.707122599327413 ], [ -44.087618299999974, -22.706919499327459 ], [ -44.0875509, -22.706702599327485 ], [ -44.0875142, -22.706547299327461 ], [ -44.087504299999971, -22.706441799327443 ], [ -44.0875201, -22.706314399327461 ], [ -44.087556899999989, -22.706162299327485 ], [ -44.087612299999989, -22.706064999327495 ], [ -44.087676, -22.705994999327427 ], [ -44.087754599999975, -22.705949999327434 ], [ -44.0879025, -22.705880599327454 ], [ -44.0879956, -22.705820599327449 ], [ -44.0880613, -22.705754599327442 ], [ -44.088197499999971, -22.705592799327455 ], [ -44.0882876, -22.705470099327492 ], [ -44.088449, -22.705284399327464 ], [ -44.08858350000002, -22.705114499327468 ], [ -44.0887887, -22.704840099327505 ], [ -44.088939200000034, -22.704670299327468 ], [ -44.089176500000015, -22.704434199327469 ], [ -44.089255700000024, -22.704368499327487 ], [ -44.0893423, -22.704327299327474 ], [ -44.0894515, -22.704280899327522 ], [ -44.0895024, -22.704244699327514 ], [ -44.089582, -22.704130299327481 ], [ -44.0896937, -22.704031299327504 ], [ -44.0898012, -22.703950099327489 ], [ -44.0899238, -22.703848099327537 ], [ -44.090063900000011, -22.703671899327535 ], [ -44.090293200000019, -22.703479599327512 ], [ -44.0903657, -22.703425899327531 ], [ -44.09054, -22.703296899327523 ], [ -44.0906228, -22.703260499327524 ], [ -44.090688199999981, -22.703253999327547 ], [ -44.090762199999972, -22.703252299327499 ], [ -44.0908177, -22.70325549932755 ], [ -44.0908549, -22.703256699327518 ], [ -44.090901900000013, -22.703251799327496 ], [ -44.090959300000016, -22.703228999327557 ], [ -44.091017299999976, -22.703186699327535 ], [ -44.091092, -22.703122699327537 ], [ -44.091160899999977, -22.703077999327526 ], [ -44.091279299999989, -22.703003299327506 ], [ -44.091421799999978, -22.702901099327544 ], [ -44.092065199999972, -22.702495299327552 ], [ -44.092127600000019, -22.702444899327524 ], [ -44.0921654, -22.702403299327553 ], [ -44.0922092, -22.702327399327551 ], [ -44.092251700000027, -22.702223799327559 ], [ -44.0923945, -22.701865199327539 ], [ -44.092437700000012, -22.701748399327546 ], [ -44.092460800000026, -22.701654099327548 ], [ -44.0924612, -22.701588899327554 ], [ -44.0924501, -22.701464899327572 ], [ -44.092456500000033, -22.70139409932759 ], [ -44.092484, -22.701328799327577 ], [ -44.092541400000016, -22.701255599327592 ], [ -44.092586900000015, -22.70117779932756 ], [ -44.092664399999983, -22.701008899327551 ], [ -44.0926966, -22.700949399327591 ], [ -44.0927327, -22.700903699327597 ], [ -44.092780399999981, -22.700862999327615 ], [ -44.0928397, -22.7008282993276 ], [ -44.092844899999989, -22.700825299327597 ], [ -44.092930500000023, -22.700785799327591 ], [ -44.0930692, -22.70073539932757 ], [ -44.093218, -22.700685499327594 ], [ -44.093368100000028, -22.700630399327611 ], [ -44.0935182, -22.700554199327581 ], [ -44.093701099999969, -22.700483799327557 ], [ -44.0940248, -22.700333099327615 ], [ -44.094154899999978, -22.700265299327604 ], [ -44.094256499999972, -22.700195599327579 ], [ -44.0946619, -22.699962999327639 ], [ -44.094804, -22.699879499327611 ], [ -44.0948467, -22.699840199327596 ], [ -44.0948838, -22.699793099327625 ], [ -44.094910099999986, -22.699748199327594 ], [ -44.094911500000023, -22.699714999327636 ], [ -44.094892899999984, -22.699656699327594 ], [ -44.094854, -22.699620199327651 ], [ -44.0947997, -22.699592399327585 ], [ -44.0947726, -22.699570299327611 ], [ -44.094766900000032, -22.699535099327605 ], [ -44.094774599999987, -22.699452399327594 ], [ -44.0947878, -22.699328099327609 ], [ -44.094800099999986, -22.699194499327593 ], [ -44.094826800000014, -22.699058899327628 ], [ -44.094844599999981, -22.6989679993276 ], [ -44.094864200000018, -22.698817499327653 ], [ -44.094865799999972, -22.698766899327644 ], [ -44.0948644, -22.698729799327662 ], [ -44.094854699999978, -22.698706799327667 ], [ -44.0948176, -22.69867409932764 ], [ -44.094753599999983, -22.698631499327607 ], [ -44.094644899999984, -22.698546599327617 ], [ -44.094538600000021, -22.698439699327633 ], [ -44.094449399999966, -22.698331099327671 ], [ -44.094411799999989, -22.698238799327658 ], [ -44.0943284, -22.698092299327627 ], [ -44.094193599999976, -22.697874499327657 ], [ -44.0940686, -22.697703699327626 ], [ -44.0939245, -22.697520399327637 ], [ -44.093816300000015, -22.69734369932765 ], [ -44.093753600000014, -22.697281299327656 ], [ -44.0936812, -22.697236599327653 ], [ -44.093555400000014, -22.697188099327665 ], [ -44.093412199999982, -22.697165999327645 ], [ -44.093269, -22.697133299327685 ], [ -44.0931772, -22.697091399327647 ], [ -44.0930841, -22.697007599327677 ], [ -44.092978, -22.696866999327668 ], [ -44.092831499999988, -22.69672749932769 ], [ -44.092757199999987, -22.696682799327693 ], [ -44.092581199999984, -22.696590999327693 ], [ -44.092424900000026, -22.696536899327683 ], [ -44.092247400000026, -22.696489799327672 ], [ -44.092066, -22.696455199327694 ], [ -44.0918807, -22.696438199327673 ], [ -44.0916237, -22.696415099327702 ], [ -44.091520600000024, -22.696396799327687 ], [ -44.0914557, -22.696373399327694 ], [ -44.091351, -22.696308999327666 ], [ -44.0911969, -22.696198299327687 ], [ -44.090979, -22.696097099327673 ], [ -44.090912399999972, -22.696056899327676 ], [ -44.090845699999988, -22.696016599327695 ], [ -44.0907565, -22.695927499327674 ], [ -44.0907036, -22.69583329932771 ], [ -44.09062560000001, -22.695633299327699 ], [ -44.0905598, -22.695408899327727 ], [ -44.090481500000017, -22.695221399327696 ], [ -44.090421400000018, -22.695044999327717 ], [ -44.0904094, -22.6949073993277 ], [ -44.090418600000014, -22.694811699327722 ], [ -44.0904344, -22.694778699327696 ], [ -44.090463100000022, -22.694736599327722 ], [ -44.09051879999997, -22.694686499327716 ], [ -44.0906002, -22.694633999327742 ], [ -44.09066050000002, -22.69460339932774 ], [ -44.090756100000021, -22.6945382993277 ], [ -44.0908053, -22.694494699327738 ], [ -44.090867100000025, -22.694379099327733 ], [ -44.0909489, -22.694250399327718 ], [ -44.0910351, -22.694139099327707 ], [ -44.0911059, -22.694050399327704 ], [ -44.0911484, -22.693987999327732 ], [ -44.0911592, -22.693957999327743 ], [ -44.09116640000002, -22.693892199327728 ], [ -44.0911557, -22.693840899327739 ], [ -44.091120499999981, -22.693773799327719 ], [ -44.090977899999984, -22.693593599327727 ], [ -44.090822699999983, -22.693372999327757 ], [ -44.0907229, -22.693268899327773 ], [ -44.090517299999981, -22.693049699327791 ], [ -44.0903204, -22.692879199327756 ], [ -44.08993450000002, -22.692586899327754 ], [ -44.089786300000014, -22.692456699327764 ], [ -44.089690599999969, -22.692352599327773 ], [ -44.089666599999987, -22.692335999327788 ], [ -44.089620500000017, -22.692303999327766 ], [ -44.0895259, -22.692259499327754 ], [ -44.089485200000013, -22.692247099327748 ], [ -44.0894202, -22.692227299327801 ], [ -44.0892859, -22.692168299327776 ], [ -44.089075900000012, -22.692068599327825 ], [ -44.089013299999976, -22.692040899327786 ], [ -44.08895039999998, -22.692025899327767 ], [ -44.088877799999977, -22.692016499327817 ], [ -44.088793800000012, -22.692018299327756 ], [ -44.0887404, -22.692026999327783 ], [ -44.088654299999966, -22.692047799327806 ], [ -44.088578100000014, -22.692061899327786 ], [ -44.0884421, -22.692075699327763 ], [ -44.088331700000026, -22.692075099327798 ], [ -44.0881718, -22.692066999327803 ], [ -44.088053399999978, -22.69205779932777 ], [ -44.087924499999978, -22.692061399327788 ], [ -44.0877236, -22.692053099327801 ], [ -44.087511899999974, -22.692036599327782 ], [ -44.087430499999982, -22.69201389932779 ], [ -44.0873358, -22.691976399327782 ], [ -44.087158400000014, -22.691887699327786 ], [ -44.087001, -22.69181249932781 ], [ -44.0869849, -22.691804799327791 ], [ -44.086887400000023, -22.691728499327798 ], [ -44.0868337, -22.691659799327823 ], [ -44.0867677, -22.691590899327792 ], [ -44.086232600000024, -22.691277499327818 ], [ -44.086083299999984, -22.691152899327836 ], [ -44.085970599999989, -22.691072399327812 ], [ -44.085554199999983, -22.690831399327799 ], [ -44.0853032, -22.69067299932782 ], [ -44.0851506, -22.69052609932783 ], [ -44.084958500000027, -22.690306499327857 ], [ -44.084911799999972, -22.69025999932785 ], [ -44.084896599999979, -22.690212899327829 ], [ -44.0848873, -22.690146099327823 ], [ -44.084894, -22.690019099327806 ], [ -44.08489179999998, -22.689909299327848 ], [ -44.084891, -22.689871599327848 ], [ -44.084863799999987, -22.68973559932785 ], [ -44.084777599999988, -22.689581899327859 ], [ -44.084684700000025, -22.689486099327851 ], [ -44.084629899999982, -22.689413999327854 ], [ -44.08454660000001, -22.689269099327845 ], [ -44.0844737, -22.689103999327845 ], [ -44.0843762, -22.688873699327846 ], [ -44.0842912, -22.688636699327891 ], [ -44.084220599999973, -22.688487599327846 ], [ -44.084115699999984, -22.68831549932786 ], [ -44.084091699999988, -22.688252699327901 ], [ -44.084077499999964, -22.688176799327884 ], [ -44.0840817, -22.688104399327862 ], [ -44.084100400000011, -22.688039999327867 ], [ -44.084166900000014, -22.687919199327894 ], [ -44.0842339, -22.687838099327905 ], [ -44.0842968, -22.687782299327864 ], [ -44.084324499999965, -22.687750999327875 ], [ -44.084352299999985, -22.687685999327879 ], [ -44.084420099999981, -22.687315299327924 ], [ -44.084530299999976, -22.686875099327924 ], [ -44.0845387, -22.686792199327908 ], [ -44.0845281, -22.686735999327908 ], [ -44.0844841, -22.686656799327888 ], [ -44.084421500000012, -22.686621799327931 ], [ -44.084309800000021, -22.6865920993279 ], [ -44.0839717, -22.686513399327932 ], [ -44.0838756, -22.686506299327934 ], [ -44.083820699999983, -22.686512099327931 ], [ -44.0837336, -22.686524599327889 ], [ -44.083547399999986, -22.686525599327897 ], [ -44.083358499999974, -22.686520399327922 ], [ -44.083241, -22.686536099327924 ], [ -44.083054600000025, -22.686576099327937 ], [ -44.0829332, -22.686587399327905 ], [ -44.082774299999976, -22.686579299327907 ], [ -44.082581100000027, -22.686565199327934 ], [ -44.082316900000031, -22.686530399327886 ], [ -44.082294499999989, -22.686524399327912 ], [ -44.082030299999985, -22.686453299327901 ], [ -44.081826700000022, -22.686365399327915 ], [ -44.081477600000028, -22.686209099327915 ], [ -44.0812239, -22.686110599327929 ], [ -44.081089500000019, -22.686075099327898 ], [ -44.0809001, -22.686050899327924 ], [ -44.080702299999977, -22.686003099327927 ], [ -44.080399, -22.685867299327917 ], [ -44.080137799999974, -22.685710199327961 ], [ -44.0798846, -22.685539999327951 ], [ -44.0797731, -22.685432399327965 ], [ -44.079473599999972, -22.685012299327926 ], [ -44.079438, -22.684946099327949 ], [ -44.079340699999982, -22.684764999327982 ], [ -44.079217599999986, -22.684474399327954 ], [ -44.079119, -22.684300499327975 ], [ -44.078968499999974, -22.684056899327938 ], [ -44.078888899999974, -22.683942099327993 ], [ -44.078803900000018, -22.683851599327998 ], [ -44.078723, -22.683813399327995 ], [ -44.078672499999982, -22.683801699327979 ], [ -44.0785763, -22.683797699327982 ], [ -44.0784339, -22.683813399327995 ], [ -44.078129699999977, -22.683851899327948 ], [ -44.078022799999978, -22.683871399327963 ], [ -44.077918, -22.683896399327967 ], [ -44.077807300000018, -22.683910399327978 ], [ -44.077500699999973, -22.683895799327995 ], [ -44.077252, -22.683892599327972 ], [ -44.077070400000018, -22.683898799327991 ], [ -44.0769649, -22.683912399327973 ], [ -44.076811, -22.683932299327946 ], [ -44.076556, -22.683983899327966 ], [ -44.076366, -22.684055999327974 ], [ -44.076270799999975, -22.684115799327945 ], [ -44.07615770000001, -22.684215799327962 ], [ -44.076099300000017, -22.684302199327959 ], [ -44.0760492, -22.684424499327932 ], [ -44.0760462, -22.684585999327989 ], [ -44.0760735, -22.684644699327933 ], [ -44.07615370000002, -22.68474769932795 ], [ -44.076255699999983, -22.684847099327968 ], [ -44.076294599999983, -22.684890499327935 ], [ -44.07632, -22.684923599327945 ], [ -44.076325699999984, -22.684962099327961 ], [ -44.076309700000024, -22.685000399327929 ], [ -44.076272, -22.685029499327946 ], [ -44.076161, -22.68509289932792 ], [ -44.075976200000014, -22.685247699327942 ], [ -44.0756733, -22.685451099327956 ], [ -44.075641299999972, -22.685478999327923 ], [ -44.075606699999973, -22.685537699327924 ], [ -44.0755759, -22.685617099327938 ], [ -44.075556899999981, -22.685682999327927 ], [ -44.075531300000023, -22.68573449932795 ], [ -44.0754751, -22.685806799327953 ], [ -44.075309699999977, -22.685947299327932 ], [ -44.075197800000012, -22.68603709932794 ], [ -44.0751694, -22.68605939932791 ], [ -44.075086100000014, -22.686124699327909 ], [ -44.074974600000019, -22.686192699327904 ], [ -44.0748544, -22.686241099327933 ], [ -44.074803200000026, -22.686252199327935 ], [ -44.0746601, -22.686251499327945 ], [ -44.074501199999986, -22.686227099327912 ], [ -44.074309299999982, -22.686175699327904 ], [ -44.0739972, -22.686086899327954 ], [ -44.073771899999983, -22.686046299327906 ], [ -44.0735398, -22.686030399327922 ], [ -44.07339589999998, -22.686027499327945 ], [ -44.0731525, -22.686021999327913 ], [ -44.072953700000028, -22.686031199327928 ], [ -44.072846500000026, -22.686032599327898 ], [ -44.0727453, -22.686005099327907 ], [ -44.07258, -22.685901599327941 ], [ -44.072482600000015, -22.685879399327895 ], [ -44.07237989999998, -22.685872599327915 ], [ -44.072241399999989, -22.685877999327925 ], [ -44.072147500000028, -22.68587859932795 ], [ -44.072077799999988, -22.685879099327938 ], [ -44.071901599999983, -22.68584909932791 ], [ -44.0717922, -22.685846399327929 ], [ -44.0716043, -22.685882599327954 ], [ -44.0715035, -22.685935799327908 ], [ -44.0713905, -22.686016699327901 ], [ -44.071328100000017, -22.686071699327947 ], [ -44.071300899999976, -22.686135699327952 ], [ -44.071278, -22.686218399327895 ], [ -44.07127730000002, -22.686323999327929 ], [ -44.071264699999965, -22.686519599327916 ], [ -44.071250399999983, -22.686653999327884 ], [ -44.071222200000022, -22.686848499327908 ], [ -44.071183399999988, -22.686980799327923 ], [ -44.0711303, -22.687211499327887 ], [ -44.071065799999985, -22.687589999327887 ], [ -44.071016900000018, -22.687768499327902 ], [ -44.070996599999987, -22.687828899327876 ], [ -44.0709665, -22.687918199327907 ], [ -44.070887200000016, -22.688077199327893 ], [ -44.0707881, -22.68820079932788 ], [ -44.070562699999975, -22.688447699327849 ], [ -44.070446, -22.688541299327873 ], [ -44.070394500000013, -22.68855549932788 ], [ -44.0703163, -22.688559099327886 ], [ -44.0702493, -22.688573199327887 ], [ -44.070123799999962, -22.688624299327881 ], [ -44.0698939, -22.688762999327857 ], [ -44.069855599999983, -22.68876549932785 ], [ -44.069828799999975, -22.688774099327858 ], [ -44.0697574, -22.688822099327847 ], [ -44.069736400000011, -22.688837599327854 ], [ -44.06960429999998, -22.688934799327896 ], [ -44.069492200000013, -22.689014199327836 ], [ -44.069433899999979, -22.689038699327885 ], [ -44.0693695, -22.689046999327875 ], [ -44.0692957, -22.689042199327876 ], [ -44.069169, -22.689021399327853 ], [ -44.0691, -22.689016599327864 ], [ -44.069007199999987, -22.689020499327885 ], [ -44.068881499999968, -22.689029899327842 ], [ -44.068801399999977, -22.689032399327836 ], [ -44.068746400000016, -22.689027699327855 ], [ -44.0686154, -22.688959199327858 ], [ -44.068522, -22.688909499327888 ], [ -44.068442100000027, -22.688876999327835 ], [ -44.068288399999965, -22.688838299327855 ], [ -44.06812530000002, -22.688800899327848 ], [ -44.067954, -22.688770599327853 ], [ -44.067629800000013, -22.688706999327884 ], [ -44.067523699999974, -22.688679099327857 ], [ -44.0674282, -22.688640699327873 ], [ -44.067332399999984, -22.68859899932788 ], [ -44.067193, -22.688529799327885 ], [ -44.0669906, -22.688442399327855 ], [ -44.0666704, -22.688307699327879 ], [ -44.066484, -22.688230899327873 ], [ -44.066369599999973, -22.68818509932786 ], [ -44.0663022, -22.688164299327852 ], [ -44.066197, -22.688160699327902 ], [ -44.0660555, -22.688175899327859 ], [ -44.065891099999988, -22.688217199327877 ], [ -44.065856100000012, -22.688231699327901 ], [ -44.065744400000035, -22.688258699327886 ], [ -44.0655919, -22.688272399327882 ], [ -44.0652367, -22.688292199327865 ], [ -44.065006700000033, -22.688292299327877 ], [ -44.064651799999979, -22.688280099327862 ], [ -44.0645255, -22.688291099327884 ], [ -44.0644153, -22.688326899327848 ], [ -44.064265700000021, -22.688379899327845 ], [ -44.064019799999983, -22.688441199327876 ], [ -44.063730899999989, -22.688516499327857 ], [ -44.063719199999973, -22.688519499327857 ], [ -44.0634465, -22.688561799327875 ], [ -44.0631793, -22.688582099327888 ], [ -44.062895799999971, -22.6885833993279 ], [ -44.062699399999978, -22.688585199327846 ], [ -44.062509, -22.688556399327847 ], [ -44.0623536, -22.688546699327883 ], [ -44.0621666, -22.688551499327886 ], [ -44.062079499999982, -22.688571599327872 ], [ -44.061928200000011, -22.688639199327877 ], [ -44.06172650000002, -22.688736999327869 ], [ -44.0615611, -22.688797199327873 ], [ -44.06144230000001, -22.688844699327859 ], [ -44.061381100000013, -22.688841499327893 ], [ -44.0612964, -22.688813299327858 ], [ -44.0611728, -22.688745599327856 ], [ -44.061002200000019, -22.688652799327865 ], [ -44.060858199999977, -22.688577699327855 ], [ -44.0607028, -22.688518499327841 ], [ -44.060577599999988, -22.688454899327891 ], [ -44.06053009999998, -22.688405699327838 ], [ -44.0604852, -22.68833289932785 ], [ -44.060425300000013, -22.688271899327894 ], [ -44.0603127, -22.68819899932787 ], [ -44.06027169999998, -22.68816089932789 ], [ -44.0602306, -22.688122799327854 ], [ -44.060124, -22.687990999327894 ], [ -44.059952099999983, -22.687672899327875 ], [ -44.059887399999973, -22.687603999327909 ], [ -44.05987140000002, -22.687586899327872 ], [ -44.059764500000028, -22.687519799327916 ], [ -44.0596036, -22.687469099327881 ], [ -44.0592982, -22.68739189932792 ], [ -44.059084199999965, -22.687357899327889 ], [ -44.058961, -22.68732449932789 ], [ -44.058804800000019, -22.687250799327909 ], [ -44.058646599999975, -22.687161099327927 ], [ -44.0584432, -22.687057199327917 ], [ -44.0582465, -22.686983199327891 ], [ -44.0579472, -22.686908999327915 ], [ -44.057629299999981, -22.686860199327917 ], [ -44.057407699999985, -22.686830899327926 ], [ -44.0570727, -22.68681019932793 ], [ -44.0568604, -22.686787799327902 ], [ -44.056684399999988, -22.686739999327898 ], [ -44.056523500000011, -22.686678299327891 ], [ -44.0563194, -22.686573899327886 ], [ -44.0562266, -22.686519699327931 ], [ -44.056083600000022, -22.686418399327891 ], [ -44.055987899999984, -22.686358799327916 ], [ -44.055972, -22.686348999327933 ], [ -44.055896599999983, -22.686325199327918 ], [ -44.0555678, -22.686276299327897 ], [ -44.055395700000012, -22.686240399327897 ], [ -44.055262200000016, -22.686192699327904 ], [ -44.055151599999988, -22.686133299327913 ], [ -44.054848, -22.685944599327964 ], [ -44.054684800000011, -22.68585249932794 ], [ -44.0544857, -22.685741099327906 ], [ -44.0543351, -22.68565609932795 ], [ -44.054257399999983, -22.685590199327901 ], [ -44.054197400000014, -22.685517399327917 ], [ -44.054160099999983, -22.685442499327955 ], [ -44.05415069999998, -22.685364599327951 ], [ -44.054161299999976, -22.685292199327936 ], [ -44.054192, -22.685229299327951 ], [ -44.054265499999971, -22.685168999327932 ], [ -44.054316299999982, -22.685110899327928 ], [ -44.0543344, -22.685028099327962 ], [ -44.054317799999971, -22.684876199327977 ], [ -44.054287499999987, -22.684577799327965 ], [ -44.054252799999965, -22.684417199327942 ], [ -44.054231800000032, -22.684320099327927 ], [ -44.0541816, -22.684195499327963 ], [ -44.0541055, -22.684118099327943 ], [ -44.054019600000011, -22.684059799327958 ], [ -44.053991199999977, -22.684040499327946 ], [ -44.053850899999986, -22.684010099327999 ], [ -44.053697699999987, -22.684018099327972 ], [ -44.05353150000002, -22.684052599327945 ], [ -44.053444599999978, -22.684061999327955 ], [ -44.0533257, -22.684074799327988 ], [ -44.053162900000025, -22.684070899327956 ], [ -44.0529621, -22.68403719932795 ], [ -44.0527867, -22.684012499327956 ], [ -44.0526398, -22.684017499327954 ], [ -44.0523938, -22.684048599327966 ], [ -44.052076399999969, -22.684093999327988 ], [ -44.051913399999989, -22.684134499328 ], [ -44.051693199999981, -22.684159599327963 ], [ -44.051532899999977, -22.684160599327949 ], [ -44.051438800000028, -22.684139199327984 ], [ -44.051279700000016, -22.684092499327999 ], [ -44.0511343, -22.684024999327985 ], [ -44.0510069, -22.683930599327979 ], [ -44.050957700000033, -22.68385859932798 ], [ -44.050938, -22.683787699327958 ], [ -44.0509475, -22.683706599327966 ], [ -44.0510319, -22.683476699328008 ], [ -44.051021, -22.683398699327974 ], [ -44.050972100000031, -22.683329699327984 ], [ -44.050885, -22.683264699327992 ], [ -44.050773, -22.683226599327998 ], [ -44.050604799999974, -22.683196399327976 ], [ -44.050459, -22.683187199328007 ], [ -44.0500728, -22.683199899327967 ], [ -44.049952800000028, -22.683185899327995 ], [ -44.0498341, -22.683145699327991 ], [ -44.049661800000017, -22.683055199328017 ], [ -44.049504800000022, -22.682976299327994 ], [ -44.04940629999998, -22.682929999328 ], [ -44.049303500000015, -22.682864799328019 ], [ -44.0492051, -22.682814299328026 ], [ -44.048910599999985, -22.682754099328008 ], [ -44.0487041, -22.682746599327981 ], [ -44.0485402, -22.682743599327978 ], [ -44.048426, -22.682765699328002 ], [ -44.0483941, -22.682771799328023 ], [ -44.048336699999986, -22.682798599328013 ], [ -44.0482793, -22.682825299327995 ], [ -44.048179499999989, -22.68288119932798 ], [ -44.047991299999971, -22.682985099327986 ], [ -44.04793189999998, -22.68300759932799 ], [ -44.047867900000028, -22.683008899328009 ], [ -44.047832299999982, -22.682999399328036 ], [ -44.047803499999986, -22.682991599327973 ], [ -44.047773899999974, -22.682983599327997 ], [ -44.0476552, -22.682930199327981 ], [ -44.0475181, -22.682861599328024 ], [ -44.04744, -22.682834799328017 ], [ -44.047326300000016, -22.682822199327987 ], [ -44.047259699999969, -22.682824999327973 ], [ -44.047239, -22.68279279932802 ], [ -44.0472148, -22.68276149932802 ], [ -44.047163099999977, -22.682702099327972 ], [ -44.0471311, -22.682672699328016 ], [ -44.0470917, -22.682648099327995 ], [ -44.0470474, -22.682632299328027 ], [ -44.046996799999981, -22.682617099328024 ], [ -44.046917, -22.68260729932798 ], [ -44.046840499999973, -22.682613399327984 ], [ -44.046805399999975, -22.682618099328028 ], [ -44.046740100000022, -22.682626899328003 ], [ -44.046640899999986, -22.682636599328013 ], [ -44.04655589999998, -22.682580699328025 ], [ -44.046477400000015, -22.682508399328022 ], [ -44.0464511, -22.682484199327991 ], [ -44.04633530000001, -22.682362199327997 ], [ -44.046145599999988, -22.682184099327987 ], [ -44.0459485, -22.682042699328029 ], [ -44.0456898, -22.681860099328016 ], [ -44.04561180000001, -22.681825899327993 ], [ -44.045487, -22.681788499328007 ], [ -44.045467700000017, -22.681782799328026 ], [ -44.045356399999989, -22.681770299328008 ], [ -44.045222, -22.681776599328007 ], [ -44.045052100000021, -22.681813199328047 ], [ -44.044607699999965, -22.681974199328035 ], [ -44.044128, -22.682181799328038 ], [ -44.0438198, -22.682294999328011 ], [ -44.0436851, -22.682344499328007 ], [ -44.043452699999989, -22.682398899328014 ], [ -44.0434206, -22.682400499328036 ], [ -44.043307299999974, -22.682405999328022 ], [ -44.0432131, -22.682415999327986 ], [ -44.0427977, -22.682539799327976 ], [ -44.042687, -22.682591099328036 ], [ -44.042631599999986, -22.682604699328021 ], [ -44.042620699999979, -22.682607399328003 ], [ -44.0421591, -22.682644399328023 ], [ -44.042053, -22.682654799328038 ], [ -44.0419657, -22.682649399328003 ], [ -44.04183949999998, -22.682627699328016 ], [ -44.0416606, -22.682618299328009 ], [ -44.041385100000014, -22.682639699327996 ], [ -44.0412372, -22.68267049932798 ], [ -44.0410314, -22.68272779932801 ], [ -44.040877799999983, -22.682741499328035 ], [ -44.0406072, -22.682718999328017 ], [ -44.040499, -22.682695299327971 ], [ -44.040397900000023, -22.682638199327986 ], [ -44.0402805, -22.682515399328015 ], [ -44.04017529999998, -22.682389199328004 ], [ -44.040056499999977, -22.682271499328017 ], [ -44.039902400000017, -22.68216159932798 ], [ -44.039811699999966, -22.68205239932799 ], [ -44.039731200000013, -22.681980699328015 ], [ -44.0397009, -22.681953699328023 ], [ -44.0396242, -22.681881799327996 ], [ -44.039591, -22.681850599328047 ], [ -44.039457099999986, -22.681749899328022 ], [ -44.039239599999974, -22.681584699328003 ], [ -44.038996, -22.681436499328058 ], [ -44.03882440000001, -22.681307599328061 ], [ -44.0386985, -22.681232199328043 ], [ -44.0384062, -22.681113999328012 ], [ -44.038352799999984, -22.681092399328048 ], [ -44.038165, -22.681023399328058 ], [ -44.0379671, -22.680971499328049 ], [ -44.037808, -22.680939499328069 ], [ -44.037763199999979, -22.680954799328035 ], [ -44.037742, -22.680971199328027 ], [ -44.037712399999968, -22.681007199328047 ], [ -44.037669600000022, -22.681079399328034 ], [ -44.037612799999977, -22.681175099328058 ], [ -44.0375808, -22.681216099328019 ], [ -44.037527899999986, -22.681282899328007 ], [ -44.0374703, -22.681340899328035 ], [ -44.0373733, -22.681427699328001 ], [ -44.037326199999988, -22.681459199328042 ], [ -44.037260699999983, -22.681491699327996 ], [ -44.037198699999969, -22.681514699328002 ], [ -44.037135700000015, -22.681533399328007 ], [ -44.037048599999984, -22.681542399328034 ], [ -44.0370075, -22.68153999932801 ], [ -44.036959500000023, -22.681523799328005 ], [ -44.0369159, -22.681500199328053 ], [ -44.036871399999988, -22.681476099328027 ], [ -44.036829399999981, -22.681459599328022 ], [ -44.036770699999977, -22.681445799328039 ], [ -44.036719, -22.681435899328033 ], [ -44.0366578, -22.681430999328008 ], [ -44.036577, -22.681434299328011 ], [ -44.036499699999972, -22.681442799328039 ], [ -44.036398799999972, -22.681454899328038 ], [ -44.036328799999978, -22.681458199328045 ], [ -44.0362834, -22.681456699328042 ], [ -44.036274900000024, -22.681456399328027 ], [ -44.0362121, -22.681452299328029 ], [ -44.036151, -22.681440799328048 ], [ -44.036088099999972, -22.681416999328043 ], [ -44.036041599999962, -22.681392099328018 ], [ -44.0359894, -22.681355799328031 ], [ -44.035961400000019, -22.681327199328042 ], [ -44.035931899999973, -22.681280699328031 ], [ -44.035892, -22.681213199328038 ], [ -44.0358625, -22.681172699328023 ], [ -44.0358274, -22.68112989932801 ], [ -44.035766599999981, -22.681068099328044 ], [ -44.035727399999985, -22.681019399328058 ], [ -44.0357108, -22.680987099328036 ], [ -44.035704699999989, -22.680951199328021 ], [ -44.0357075, -22.680920199328046 ], [ -44.035723099999977, -22.680893999328067 ], [ -44.035749099999975, -22.680850399328047 ], [ -44.035759199999973, -22.680821999328007 ], [ -44.03576120000001, -22.680795099328058 ], [ -44.035761499999971, -22.680747299328051 ], [ -44.0357541, -22.680691599328043 ], [ -44.0357237, -22.680670899328042 ], [ -44.035532900000021, -22.680553399328069 ], [ -44.0353377, -22.680427499328058 ], [ -44.0350883, -22.680252199328041 ], [ -44.034928799999982, -22.680156099328038 ], [ -44.0346626, -22.680047899328031 ], [ -44.034628199999986, -22.680022499328082 ], [ -44.0344705, -22.679905799328033 ], [ -44.034310399999974, -22.67976349932805 ], [ -44.0342162, -22.67972109932807 ], [ -44.033949399999983, -22.679708099328106 ], [ -44.0335796, -22.679736299328088 ], [ -44.033345399999973, -22.679742499328039 ], [ -44.0331921, -22.679718399328078 ], [ -44.032835799999987, -22.679601099328078 ], [ -44.0327125, -22.679589899328079 ], [ -44.0325646, -22.679600399328091 ], [ -44.032437099999981, -22.679622499328065 ], [ -44.03230910000002, -22.679625999328056 ], [ -44.032193699999979, -22.679585499328049 ], [ -44.031993199999988, -22.679476799328054 ], [ -44.031745300000011, -22.679339699328096 ], [ -44.031467599999985, -22.679122999328101 ], [ -44.031256400000011, -22.678986099328068 ], [ -44.0310414, -22.678855899328077 ], [ -44.030815299999972, -22.678756099328091 ], [ -44.030584799999978, -22.678672799328105 ], [ -44.0302964, -22.678576099328083 ], [ -44.029978299999989, -22.678403699328097 ], [ -44.029745100000014, -22.678276799328096 ], [ -44.0294313, -22.678142599328105 ], [ -44.02941629999998, -22.678136199328105 ], [ -44.0291651, -22.678029099328114 ], [ -44.0290605, -22.677994599328084 ], [ -44.02898720000001, -22.677988399328108 ], [ -44.028923099999986, -22.677991299328085 ], [ -44.0288215, -22.677999699328097 ], [ -44.028785599999985, -22.678001499328094 ], [ -44.028680099999967, -22.678015499328112 ], [ -44.0285852, -22.678015799328136 ], [ -44.028526699999986, -22.67799179932809 ], [ -44.02843109999997, -22.677959199328093 ], [ -44.028371199999981, -22.677956499328111 ], [ -44.0283124, -22.677963199328126 ], [ -44.028179200000011, -22.677981499328109 ], [ -44.02790119999996, -22.678004399328149 ], [ -44.0276753, -22.678067599328138 ], [ -44.027493199999981, -22.678111899328076 ], [ -44.0274797, -22.67811439932812 ], [ -44.0272539, -22.67815589932809 ], [ -44.027041199999978, -22.678198199328101 ], [ -44.026825499999973, -22.678233199328123 ], [ -44.026606800000017, -22.678248999328105 ], [ -44.0264123, -22.678247499328108 ], [ -44.026267299999979, -22.678230699328079 ], [ -44.0261135, -22.678189599328103 ], [ -44.0260667, -22.678179299328111 ], [ -44.0259125, -22.678145299328094 ], [ -44.025780499999982, -22.678108399328099 ], [ -44.025716, -22.67806229932814 ], [ -44.025649199999975, -22.677968199328131 ], [ -44.025554100000015, -22.677776799328115 ], [ -44.025526099999972, -22.677665199328107 ], [ -44.025513499999988, -22.677463499328105 ], [ -44.025512100000014, -22.677441499328104 ], [ -44.0255186, -22.677291599328125 ], [ -44.025563499999976, -22.677176499328095 ], [ -44.0256263, -22.677099899328109 ], [ -44.0256632, -22.677040099328135 ], [ -44.0256635, -22.677005399328117 ], [ -44.0256569, -22.676968099328143 ], [ -44.0256137, -22.676907299328118 ], [ -44.025564200000012, -22.676864999328149 ], [ -44.0255146, -22.676822699328149 ], [ -44.025344, -22.676709899328127 ], [ -44.025285100000019, -22.676642199328146 ], [ -44.0252329, -22.676568499328109 ], [ -44.025157499999978, -22.676495399328179 ], [ -44.025053699999987, -22.676425699328135 ], [ -44.0249167, -22.676344099328158 ], [ -44.024742899999978, -22.676237499328163 ], [ -44.0246095, -22.676142499328169 ], [ -44.024562600000024, -22.676109099328173 ], [ -44.02434049999998, -22.675974399328137 ], [ -44.024135899999976, -22.675858899328144 ], [ -44.023995099999965, -22.675756699328179 ], [ -44.023837800000017, -22.675595199328146 ], [ -44.023639600000017, -22.675340299328177 ], [ -44.023514499999969, -22.675189899328206 ], [ -44.02340670000001, -22.675080399328188 ], [ -44.023266499999977, -22.674976199328189 ], [ -44.0230239, -22.674769799328164 ], [ -44.022721, -22.674438799328215 ], [ -44.0226821, -22.674401099328218 ], [ -44.0225133, -22.674237899328183 ], [ -44.022323700000015, -22.674073499328223 ], [ -44.022227900000011, -22.673925999328208 ], [ -44.022161299999986, -22.673803199328223 ], [ -44.022033, -22.673607499328224 ], [ -44.021940700000016, -22.67351889932819 ], [ -44.021755700000028, -22.673410599328228 ], [ -44.021532400000012, -22.673283699328241 ], [ -44.0213513, -22.673215199328251 ], [ -44.021120399999987, -22.673173999328231 ], [ -44.0208892, -22.673169499328193 ], [ -44.020834499999978, -22.673175799328249 ], [ -44.0207107, -22.673189899328243 ], [ -44.020565, -22.673250199328191 ], [ -44.020518299999978, -22.673308099328207 ], [ -44.0204913, -22.67339669932824 ], [ -44.020490499999987, -22.673500599328221 ], [ -44.020490400000028, -22.673522299328216 ], [ -44.020469699999978, -22.67364159932821 ], [ -44.0204225, -22.673782099328193 ], [ -44.020386299999977, -22.673874099328188 ], [ -44.020356, -22.673932199328227 ], [ -44.020319200000017, -22.673984699328205 ], [ -44.020273499999988, -22.674049899328192 ], [ -44.020199, -22.674206999328231 ], [ -44.020155699999975, -22.674319699328205 ], [ -44.020137700000014, -22.674366599328174 ], [ -44.020127899999977, -22.674459299328227 ], [ -44.020138499999966, -22.674614799328168 ], [ -44.020167300000026, -22.674820099328162 ], [ -44.0202155, -22.67491979932818 ], [ -44.0203543, -22.675050199328158 ], [ -44.020820500000013, -22.675523199328154 ], [ -44.020964, -22.675660899328182 ], [ -44.0210077, -22.675734999328139 ], [ -44.0210336, -22.675830899328162 ], [ -44.0210442, -22.67598279932815 ], [ -44.021031600000015, -22.676092099328169 ], [ -44.021007, -22.676245199328136 ], [ -44.020973799999979, -22.676340699328172 ], [ -44.0209264, -22.676460499328154 ], [ -44.02083720000001, -22.67657869932814 ], [ -44.0207261, -22.676677999328135 ], [ -44.020604100000014, -22.676753799328107 ], [ -44.020353399999969, -22.676893599328167 ], [ -44.0201819, -22.676992399328146 ], [ -44.019654399999979, -22.677335999328143 ], [ -44.0194601, -22.677486099328132 ], [ -44.019429300000013, -22.677507099328142 ], [ -44.019221599999973, -22.677649099328118 ], [ -44.019005, -22.677803699328134 ], [ -44.0187581, -22.677936899328138 ], [ -44.018609899999987, -22.677990899328105 ], [ -44.0184226, -22.678073699328134 ], [ -44.018221299999986, -22.678192699328115 ], [ -44.018144, -22.678241499328117 ], [ -44.017976799999985, -22.678316799328105 ], [ -44.017864499999966, -22.678364999328078 ], [ -44.0174948, -22.67854489932812 ], [ -44.017466399999982, -22.678570799328089 ], [ -44.0174331, -22.678635899328114 ], [ -44.017420800000025, -22.678709799328072 ], [ -44.017396099999985, -22.678826599328076 ], [ -44.017375800000018, -22.678899999328095 ], [ -44.017320499999975, -22.679009899328076 ], [ -44.017277200000031, -22.679053999328087 ], [ -44.017249600000014, -22.679081699328073 ], [ -44.017220399999971, -22.679101999328093 ], [ -44.017100599999978, -22.679123899328065 ], [ -44.017085800000011, -22.679129299328078 ], [ -44.017030700000014, -22.679149299328092 ], [ -44.016939799999989, -22.679199399328102 ], [ -44.016815300000012, -22.679308199328062 ], [ -44.0166858, -22.679390299328098 ], [ -44.016565399999976, -22.679472799328053 ], [ -44.0164615, -22.679555099328095 ], [ -44.01635970000001, -22.679659999328077 ], [ -44.016211899999973, -22.679825399328095 ], [ -44.0161509, -22.67990899932807 ], [ -44.0160464, -22.680026299328077 ], [ -44.015874100000019, -22.680216199328076 ], [ -44.015754800000025, -22.680328599328057 ], [ -44.0155618, -22.680469999328071 ], [ -44.0155373, -22.680490999328068 ], [ -44.0153558, -22.680646899328043 ], [ -44.0153161, -22.68069189932805 ], [ -44.015267, -22.680727099328063 ], [ -44.015192500000012, -22.68075679932803 ], [ -44.01506490000002, -22.680835099328061 ], [ -44.0149295, -22.68091939932804 ], [ -44.014751900000022, -22.681019899328049 ], [ -44.01463990000002, -22.681089199328014 ], [ -44.014568600000011, -22.681149099328071 ], [ -44.014513299999969, -22.681256399328024 ], [ -44.0144414, -22.681377099328056 ], [ -44.014386100000024, -22.68146729932803 ], [ -44.0143562, -22.681506599327999 ], [ -44.0143226, -22.681538399328055 ], [ -44.0142248, -22.681606199328005 ], [ -44.014092600000026, -22.681715099328041 ], [ -44.0140768, -22.681728099328012 ], [ -44.01398469999998, -22.681800299328039 ], [ -44.01385160000001, -22.681890799328031 ], [ -44.0137049, -22.681968199327994 ], [ -44.013564700000018, -22.68203419932798 ], [ -44.013431799999978, -22.682101499327999 ], [ -44.0133209, -22.68217589932803 ], [ -44.013228799999965, -22.682254999328009 ], [ -44.0131369, -22.682342999328018 ], [ -44.0129961, -22.682461199327996 ], [ -44.012896800000014, -22.682557399328012 ], [ -44.012763099999972, -22.682689499327974 ], [ -44.012643200000014, -22.682795199327987 ], [ -44.012536099999977, -22.682916499327973 ], [ -44.0124558, -22.683025099328002 ], [ -44.012383, -22.683124199328017 ], [ -44.012325299999979, -22.683179799328009 ], [ -44.012236599999987, -22.683231099327987 ], [ -44.0120781, -22.683309799328022 ], [ -44.012005699999975, -22.683354299327998 ], [ -44.011955300000011, -22.683398999328002 ], [ -44.0119477, -22.683406199327976 ], [ -44.011873700000024, -22.683475299327974 ], [ -44.011647499999974, -22.683767799327963 ], [ -44.011423499999978, -22.684020599327962 ], [ -44.0113303, -22.684100499327979 ], [ -44.011236800000013, -22.684176699327999 ], [ -44.011140399999988, -22.684281199327948 ], [ -44.0108922, -22.684592599327928 ], [ -44.010829699999988, -22.684659499327978 ], [ -44.010731799999974, -22.684759799327939 ], [ -44.0106579, -22.684812599327941 ], [ -44.01057680000001, -22.684837999327979 ], [ -44.010493699999977, -22.684856899327954 ], [ -44.010374500000019, -22.684858899327946 ], [ -44.010123899999989, -22.684851899327963 ], [ -44.009943, -22.684849499327928 ], [ -44.009863499999987, -22.684861199327958 ], [ -44.0097455, -22.684898699327974 ], [ -44.009616400000027, -22.684960999327931 ], [ -44.0095263, -22.685010899327953 ], [ -44.009477199999985, -22.685058499327976 ], [ -44.009394499999978, -22.685108499327956 ], [ -44.00932210000002, -22.685142099327937 ], [ -44.009185, -22.685187699327912 ], [ -44.0090907, -22.685204799327941 ], [ -44.008975899999989, -22.685210899327949 ], [ -44.008828100000017, -22.685204799327963 ], [ -44.0087429, -22.685186499327941 ], [ -44.008656200000011, -22.685162799327951 ], [ -44.008560699999968, -22.68515129932792 ], [ -44.0084473, -22.685155999327957 ], [ -44.008206599999987, -22.685185999327942 ], [ -44.007969399999979, -22.685234999327935 ], [ -44.0076992, -22.685280099327937 ], [ -44.007568, -22.68531889932796 ], [ -44.007396700000015, -22.685394199327959 ], [ -44.007229699999975, -22.685470999327944 ], [ -44.007059799999972, -22.685579099327917 ], [ -44.0069972, -22.68562789932793 ], [ -44.006886099999967, -22.685714699327946 ], [ -44.0067479, -22.685857599327953 ], [ -44.006692699999974, -22.685933499327888 ], [ -44.00660670000002, -22.686042199327904 ], [ -44.006459399999976, -22.686184999327935 ], [ -44.006339200000014, -22.68627349932795 ], [ -44.006108499999982, -22.686450899327923 ], [ -44.0059354, -22.686542999327884 ], [ -44.00585430000001, -22.68661129932789 ], [ -44.0058088, -22.686643799327939 ], [ -44.005745699999977, -22.686687399327894 ], [ -44.0056758, -22.686727899327902 ], [ -44.005582100000034, -22.686777599327932 ], [ -44.005480799999987, -22.686822599327932 ], [ -44.005390200000015, -22.686862899327906 ], [ -44.005296199999982, -22.686909099327881 ], [ -44.005211200000019, -22.686943899327929 ], [ -44.0051502, -22.686964599327915 ], [ -44.005086399999968, -22.686982099327921 ], [ -44.0049968, -22.686991499327888 ], [ -44.00494680000002, -22.686989799327893 ], [ -44.0049204, -22.686988799327896 ], [ -44.004875099999985, -22.686978599327873 ], [ -44.004816800000022, -22.686953899327893 ], [ -44.004764200000011, -22.686931599327885 ], [ -44.004693200000013, -22.686903799327883 ], [ -44.004679300000021, -22.686906199327911 ], [ -44.004475599999971, -22.686924699327932 ], [ -44.00439549999998, -22.686929699327909 ], [ -44.004142600000023, -22.68694559932791 ], [ -44.004004899999984, -22.686970099327908 ], [ -44.0038715, -22.686994899327903 ], [ -44.003853, -22.6869973993279 ], [ -44.003770700000011, -22.687008699327883 ], [ -44.003678499999978, -22.687006899327873 ], [ -44.0033472, -22.687004499327902 ], [ -44.0031078, -22.687026299327908 ], [ -44.002926699999982, -22.687077899327935 ], [ -44.002800400000012, -22.687108299327878 ], [ -44.0026666, -22.687119699327877 ], [ -44.002378599999979, -22.687102199327928 ], [ -44.0022507, -22.687075199327882 ], [ -44.002128700000014, -22.687013299327887 ], [ -44.0019251, -22.686908299327929 ], [ -44.001741200000019, -22.686812899327929 ], [ -44.0016232, -22.686721399327908 ], [ -44.001492199999973, -22.686615799327949 ], [ -44.0012044, -22.686428099327912 ], [ -44.000955299999987, -22.686196699327894 ], [ -44.000751200000025, -22.686021699327959 ], [ -44.0006399, -22.685953799327919 ], [ -44.000498199999988, -22.685910899327936 ], [ -44.000353099999984, -22.68591559932792 ], [ -44.000000600000021, -22.685893499327946 ], [ -43.9999209, -22.68588029932793 ], [ -43.999719599999985, -22.685825199327954 ], [ -43.999534200000021, -22.685770199327912 ], [ -43.999388399999987, -22.685714399327932 ], [ -43.999245, -22.685652299327952 ], [ -43.999072300000016, -22.685618099327943 ], [ -43.998874399999977, -22.685600999327956 ], [ -43.9987628, -22.685588999327933 ], [ -43.998727799999983, -22.685585299327947 ], [ -43.9984503, -22.685542999327929 ], [ -43.9982446, -22.685509899327936 ], [ -43.998081300000024, -22.685463599327939 ], [ -43.997784, -22.685358399327924 ], [ -43.997539, -22.685282199327951 ], [ -43.997409899999973, -22.685251999327932 ], [ -43.9971673, -22.685222299327965 ], [ -43.997077900000015, -22.685213999327928 ], [ -43.9967972, -22.68518799932793 ], [ -43.996596599999968, -22.685181899327912 ], [ -43.9962405, -22.68520649932794 ], [ -43.995944699999981, -22.685230399327978 ], [ -43.9956204, -22.685239499327967 ], [ -43.9955426, -22.685230399327978 ], [ -43.995462299999986, -22.685194399327944 ], [ -43.995318, -22.685073499327935 ], [ -43.995135600000033, -22.684933999327939 ], [ -43.994891, -22.68472379932793 ], [ -43.994665199999986, -22.684559599327962 ], [ -43.994389800000022, -22.684421399327984 ], [ -43.9942673, -22.684378999327944 ], [ -43.9939309, -22.684275099327941 ], [ -43.9937319, -22.684230999327983 ], [ -43.9935547, -22.684200299327959 ], [ -43.993355599999973, -22.684157799327952 ], [ -43.9932968, -22.684129999327943 ], [ -43.993202900000021, -22.684127099327977 ], [ -43.993117700000028, -22.684118799328001 ], [ -43.993032200000016, -22.684110399327988 ], [ -43.992930899999969, -22.684081199327942 ], [ -43.992851200000018, -22.684044999328002 ], [ -43.992765399999989, -22.683988799327985 ], [ -43.9926721, -22.683918299327996 ], [ -43.992611, -22.683855199327954 ], [ -43.992580599999982, -22.683810699327957 ], [ -43.9925381, -22.683730599327959 ], [ -43.992501, -22.683655599327988 ], [ -43.9924424, -22.68360239932796 ], [ -43.992369100000012, -22.683523699328013 ], [ -43.992312099999985, -22.683432799327978 ], [ -43.992310499999974, -22.683430299327984 ], [ -43.992285799999983, -22.683347999328006 ], [ -43.992278100000014, -22.683244299328006 ], [ -43.9922831, -22.683148499328013 ], [ -43.992304900000022, -22.683044999327976 ], [ -43.992345899999975, -22.682921999328009 ], [ -43.992397200000028, -22.682822599328006 ], [ -43.992432, -22.682670999328032 ], [ -43.9924441, -22.682467699328026 ], [ -43.992441, -22.682369099328024 ], [ -43.992440499999987, -22.682353299327996 ], [ -43.992437100000018, -22.682239799328009 ], [ -43.9924396, -22.682194899328017 ], [ -43.992463199999968, -22.682140299328026 ], [ -43.99249559999997, -22.682034899328023 ], [ -43.992513200000019, -22.681933299328044 ], [ -43.992511, -22.681842799328045 ], [ -43.9925099, -22.68180019932802 ], [ -43.992456399999973, -22.681631699328051 ], [ -43.992452399999983, -22.681585499328005 ], [ -43.992433, -22.681357999328011 ], [ -43.9924284, -22.681127199328031 ], [ -43.992424, -22.68086119932801 ], [ -43.992405799999972, -22.680751699328031 ], [ -43.992391600000019, -22.680666399328061 ], [ -43.992322100000017, -22.680354299328034 ], [ -43.99223749999998, -22.680091699328056 ], [ -43.9922315, -22.680071699328035 ], [ -43.992140600000027, -22.679769599328054 ], [ -43.992055199999974, -22.679626199328052 ], [ -43.9919484, -22.679514099328077 ], [ -43.991906299999975, -22.67948269932808 ], [ -43.991804199999983, -22.679406499328106 ], [ -43.9917555, -22.679370099328107 ], [ -43.9915371, -22.679183999328107 ], [ -43.991293799999987, -22.679010399328064 ], [ -43.991047200000025, -22.678881099328091 ], [ -43.9908494, -22.678813399328121 ], [ -43.99064120000002, -22.678745599328106 ], [ -43.990295100000026, -22.678623799328118 ], [ -43.9899396, -22.678511999328112 ], [ -43.989488199999975, -22.678409099328103 ], [ -43.989252299999968, -22.678368499328087 ], [ -43.989067200000022, -22.678306699328111 ], [ -43.9888826, -22.678178399328079 ], [ -43.988731099999988, -22.678023999328101 ], [ -43.988673, -22.677894599328116 ], [ -43.988612699999976, -22.677746299328128 ], [ -43.988586, -22.677680799328137 ], [ -43.988499100000013, -22.677415199328109 ], [ -43.988389199999958, -22.677162199328126 ], [ -43.988343499999971, -22.677029799328153 ], [ -43.988323, -22.676945499328117 ], [ -43.988321400000011, -22.676882999328118 ], [ -43.988340699999966, -22.676839999328152 ], [ -43.988370499999974, -22.676801099328124 ], [ -43.9883855, -22.676767999328124 ], [ -43.988404899999971, -22.676705499328172 ], [ -43.988414, -22.676623399328125 ], [ -43.988427300000012, -22.676527699328151 ], [ -43.9884262, -22.676498099328136 ], [ -43.988423800000021, -22.67643769932814 ], [ -43.98842209999998, -22.676428099328163 ], [ -43.9884055, -22.676333899328139 ], [ -43.988366, -22.676246399328178 ], [ -43.988316, -22.676163899328177 ], [ -43.9882513, -22.676075499328174 ], [ -43.988198899999979, -22.676032099328133 ], [ -43.988089600000016, -22.67597469932814 ], [ -43.98795530000001, -22.675887799328162 ], [ -43.9878506, -22.675785499328182 ], [ -43.9876426, -22.675603199328172 ], [ -43.9874618, -22.675523799328172 ], [ -43.987268500000013, -22.675440399328192 ], [ -43.9870942, -22.67533959932814 ], [ -43.9869761, -22.675218499328206 ], [ -43.9868654, -22.675076999328169 ], [ -43.986777599999982, -22.674974799328151 ], [ -43.986689599999977, -22.674891999328199 ], [ -43.986561400000028, -22.674830599328203 ], [ -43.986373300000018, -22.674740699328151 ], [ -43.98622, -22.674653699328211 ], [ -43.986028799999985, -22.674568399328187 ], [ -43.9858691, -22.674489099328206 ], [ -43.9855933, -22.674328399328182 ], [ -43.985450599999972, -22.674233599328179 ], [ -43.985346, -22.674115599328186 ], [ -43.985214799999987, -22.673899599328223 ], [ -43.98498660000002, -22.673574299328195 ], [ -43.984780100000016, -22.673279599328211 ], [ -43.9846321, -22.673006099328234 ], [ -43.984505500000012, -22.67272169932825 ], [ -43.984376399999967, -22.672453799328256 ], [ -43.984280899999987, -22.672259499328241 ], [ -43.984191399999986, -22.672100499328263 ], [ -43.9841055, -22.672023699328264 ], [ -43.984023499999971, -22.671985999328264 ], [ -43.9838522, -22.67193119932826 ], [ -43.9837369, -22.671848299328275 ], [ -43.9836153, -22.671743899328277 ], [ -43.983495699999985, -22.671672699328244 ], [ -43.9833589, -22.671634599328254 ], [ -43.983203100000026, -22.671600399328245 ], [ -43.983055, -22.671546199328276 ], [ -43.98303809999998, -22.671539999328253 ], [ -43.982855500000028, -22.67142349932827 ], [ -43.982618100000018, -22.671304599328248 ], [ -43.982348399999978, -22.671204499328265 ], [ -43.98207739999998, -22.671071699328277 ], [ -43.981962099999969, -22.670975099328288 ], [ -43.981877899999958, -22.670862299328267 ], [ -43.981830399999978, -22.670728999328279 ], [ -43.981793499999981, -22.670585999328296 ], [ -43.9817165, -22.670454399328264 ], [ -43.9815745, -22.670257899328316 ], [ -43.98134, -22.669960099328318 ], [ -43.981068400000019, -22.669617999328331 ], [ -43.9809677, -22.669475499328289 ], [ -43.980852500000026, -22.66937299932831 ], [ -43.980791099999976, -22.669327199328311 ], [ -43.980680600000021, -22.6692447993283 ], [ -43.980536200000017, -22.669097199328323 ], [ -43.980403599999988, -22.668991399328309 ], [ -43.980397799999984, -22.668986799328348 ], [ -43.980096600000017, -22.668776499328303 ], [ -43.979821800000025, -22.668579199328352 ], [ -43.979615599999988, -22.668452099328359 ], [ -43.9794328, -22.668362899328329 ], [ -43.97927090000001, -22.668297299328344 ], [ -43.978998900000015, -22.668201199328337 ], [ -43.978732, -22.668086099328328 ], [ -43.978629, -22.668048199328311 ], [ -43.978513200000016, -22.668023999328348 ], [ -43.978301699999982, -22.667975399328334 ], [ -43.978223599999978, -22.667944499328314 ], [ -43.9781104, -22.667899799328332 ], [ -43.978051600000015, -22.667862299328366 ], [ -43.978026600000021, -22.667832799328348 ], [ -43.9780017, -22.667771999328362 ], [ -43.977955899999976, -22.667636099328345 ], [ -43.977872499999989, -22.667514299328335 ], [ -43.97776349999998, -22.667419699328342 ], [ -43.977556, -22.667252199328367 ], [ -43.977395899999969, -22.667152899328379 ], [ -43.977336900000012, -22.667136899328376 ], [ -43.977282100000018, -22.667138499328381 ], [ -43.9772757, -22.667140999328364 ], [ -43.9772525, -22.667150099328378 ], [ -43.97720379999997, -22.667182999328379 ], [ -43.977163599999983, -22.66719639932839 ], [ -43.977104399999966, -22.667215599328379 ], [ -43.9770391, -22.667217099328376 ], [ -43.9769253, -22.667206599328352 ], [ -43.9767183, -22.667171999328353 ], [ -43.9765835, -22.667155499328324 ], [ -43.976484599999985, -22.667129399328392 ], [ -43.976324499999969, -22.667100999328358 ], [ -43.976121, -22.667080099328381 ], [ -43.975925099999984, -22.667055399328348 ], [ -43.975645100000015, -22.667002799328351 ], [ -43.975523, -22.666968699328351 ], [ -43.975426200000015, -22.666942699328349 ], [ -43.975359, -22.666910999328397 ], [ -43.9753192, -22.666869599328347 ], [ -43.975288299999981, -22.66677359932838 ], [ -43.97524379999998, -22.666711599328373 ], [ -43.975168399999966, -22.66664459932835 ], [ -43.9751056, -22.666591399328393 ], [ -43.9750492, -22.666520599328379 ], [ -43.97501, -22.666395199328388 ], [ -43.974962800000021, -22.666204399328418 ], [ -43.974897199999987, -22.665951699328375 ], [ -43.974856, -22.665907699328386 ], [ -43.9747992, -22.665826899328398 ], [ -43.9747529, -22.665747199328397 ], [ -43.9747403, -22.665706899328384 ], [ -43.974733500000013, -22.665667699328377 ], [ -43.9747266, -22.66565029932838 ], [ -43.9747135, -22.665628199328417 ], [ -43.974691800000016, -22.66560129932838 ], [ -43.974662500000022, -22.665567899328387 ], [ -43.9746285, -22.665529299328398 ], [ -43.974608499999974, -22.66549859932838 ], [ -43.9745863, -22.665457699328396 ], [ -43.9745734, -22.665425599328394 ], [ -43.974506500000011, -22.665374699328375 ], [ -43.974414299999978, -22.665297799328425 ], [ -43.9743266, -22.665183799328428 ], [ -43.9742496, -22.665050299328424 ], [ -43.9741914, -22.664930699328433 ], [ -43.974076200000013, -22.664741099328438 ], [ -43.973967599999966, -22.664579699328407 ], [ -43.973869499999971, -22.664442099328404 ], [ -43.9737839, -22.664328099328412 ], [ -43.9736982, -22.664229799328417 ], [ -43.973625, -22.664169399328426 ], [ -43.973578700000012, -22.66413119932842 ], [ -43.973416699999973, -22.664008199328435 ], [ -43.9732237, -22.663873999328462 ], [ -43.97303260000001, -22.663774899328455 ], [ -43.972941600000013, -22.663732599328437 ], [ -43.9728596, -22.663692999328475 ], [ -43.972765200000012, -22.663631699328448 ], [ -43.972643600000012, -22.663535099328431 ], [ -43.9725474, -22.663432799328451 ], [ -43.972457, -22.66333959932841 ], [ -43.9723207, -22.663235099328457 ], [ -43.972176100000013, -22.663122699328429 ], [ -43.971995199999981, -22.662952599328438 ], [ -43.971838, -22.662814599328453 ], [ -43.9717167, -22.662694499328449 ], [ -43.971586699999989, -22.662542299328447 ], [ -43.971488599999972, -22.66241459932845 ], [ -43.971451, -22.662355699328455 ], [ -43.9714409, -22.662302799328486 ], [ -43.9714497, -22.662248099328469 ], [ -43.971456400000022, -22.662203099328476 ], [ -43.971452600000028, -22.662146399328453 ], [ -43.9714318, -22.662105199328465 ], [ -43.9714005, -22.662063899328508 ], [ -43.971335599999975, -22.662010699328469 ], [ -43.971116900000027, -22.661851799328502 ], [ -43.970846199999983, -22.66168179932848 ], [ -43.970768599999978, -22.661635099328503 ], [ -43.970473599999984, -22.6614575993285 ], [ -43.9702866, -22.661376199328512 ], [ -43.970204500000023, -22.6613541993285 ], [ -43.970101199999988, -22.661351599328487 ], [ -43.969959700000011, -22.661381899328475 ], [ -43.9698454, -22.661445799328511 ], [ -43.969713899999988, -22.661552499328518 ], [ -43.969585400000014, -22.661704999328471 ], [ -43.9694427, -22.6619035993285 ], [ -43.969218300000023, -22.662190299328497 ], [ -43.969031200000018, -22.662406199328483 ], [ -43.9689536, -22.662510199328459 ], [ -43.9688708, -22.662582099328468 ], [ -43.9687882, -22.662628499328456 ], [ -43.9686929, -22.662684599328443 ], [ -43.968504499999987, -22.662788999328441 ], [ -43.9682093, -22.662997199328466 ], [ -43.9681494, -22.663040599328447 ], [ -43.96801640000001, -22.663136799328473 ], [ -43.967789700000019, -22.66328009932845 ], [ -43.9675148, -22.663399599328429 ], [ -43.967329800000023, -22.663461399328455 ], [ -43.967114499999973, -22.663501099328474 ], [ -43.966948100000018, -22.66348049932844 ], [ -43.9668534, -22.663446599328438 ], [ -43.9667043, -22.663373299328441 ], [ -43.966479699999972, -22.663232999328439 ], [ -43.9662457, -22.663084299328421 ], [ -43.966029400000025, -22.662967499328442 ], [ -43.9657859, -22.662821199328452 ], [ -43.965569099999989, -22.662679899328477 ], [ -43.9653993, -22.662551699328468 ], [ -43.965206599999988, -22.66237249932847 ], [ -43.9651022, -22.662238799328492 ], [ -43.9650044, -22.662060199328476 ], [ -43.964926900000023, -22.661945199328478 ], [ -43.9648305, -22.661860499328458 ], [ -43.9646477, -22.661784999328493 ], [ -43.964407199999989, -22.661702999328487 ], [ -43.964371, -22.661697799328493 ], [ -43.964152300000016, -22.661666199328501 ], [ -43.9640046, -22.661682799328489 ], [ -43.963917, -22.661739099328468 ], [ -43.963829799999978, -22.661838299328487 ], [ -43.963746800000024, -22.661941399328477 ], [ -43.963573, -22.662061599328496 ], [ -43.963462, -22.66210429932849 ], [ -43.963208300000012, -22.66219649932847 ], [ -43.9630553, -22.662244899328488 ], [ -43.9630159, -22.66225519932847 ], [ -43.962992499999977, -22.66229549932849 ], [ -43.962957099999983, -22.662357299328463 ], [ -43.962919699999986, -22.662399999328454 ], [ -43.962845, -22.662458899328467 ], [ -43.962738600000016, -22.66253359932848 ], [ -43.962658, -22.662586399328479 ], [ -43.962578599999965, -22.662620299328484 ], [ -43.962522, -22.662630399328471 ], [ -43.96243459999998, -22.662630799328454 ], [ -43.9623388, -22.662614899328457 ], [ -43.962237, -22.662587899328475 ], [ -43.962204900000017, -22.662599299328487 ], [ -43.962022400000016, -22.662637999328485 ], [ -43.961823900000013, -22.662654599328459 ], [ -43.961590899999962, -22.662621499328466 ], [ -43.961575900000014, -22.662618799328488 ], [ -43.961416400000012, -22.662590199328477 ], [ -43.961309799999974, -22.662579899328499 ], [ -43.9611764, -22.662591399328466 ], [ -43.961036900000011, -22.662638499328477 ], [ -43.960879299999988, -22.662735599328482 ], [ -43.9607555, -22.662851499328458 ], [ -43.960656899999989, -22.662964899328475 ], [ -43.9605303, -22.663060299328446 ], [ -43.960383799999981, -22.663134799328464 ], [ -43.9603447, -22.663150299328436 ], [ -43.960101399999978, -22.66324709932843 ], [ -43.959773900000016, -22.663379999328463 ], [ -43.959499, -22.663483699328417 ], [ -43.9593549, -22.663576699328466 ], [ -43.95919559999998, -22.663682999328429 ], [ -43.9590814, -22.663732399328463 ], [ -43.958941299999985, -22.663755699328469 ], [ -43.9587995, -22.66376859932846 ], [ -43.958676500000024, -22.663747099328472 ], [ -43.9585351, -22.663701199328425 ], [ -43.9583715, -22.66363609932846 ], [ -43.9581726, -22.663543099328468 ], [ -43.957917099999968, -22.663393899328476 ], [ -43.9578495, -22.663354799328442 ], [ -43.957729500000028, -22.663285399328448 ], [ -43.9575312, -22.663126699328465 ], [ -43.957358899999981, -22.662962899328488 ], [ -43.9572754, -22.662871799328467 ], [ -43.957193899999986, -22.662773199328473 ], [ -43.9570847, -22.662611199328492 ], [ -43.956992, -22.662455899328474 ], [ -43.956910699999973, -22.662326799328483 ], [ -43.956840899999975, -22.662239199328472 ], [ -43.9567475, -22.662162299328457 ], [ -43.956574100000012, -22.662024999328509 ], [ -43.956410399999974, -22.6619214993285 ], [ -43.956277100000023, -22.661842199328504 ], [ -43.956178799999975, -22.661802299328464 ], [ -43.9561274, -22.661762799328503 ], [ -43.956086, -22.661696099328466 ], [ -43.956071699999981, -22.661673099328464 ], [ -43.955986, -22.66151559932846 ], [ -43.9558664, -22.661378299328518 ], [ -43.9557357, -22.661266299328521 ], [ -43.9556354, -22.661169699328504 ], [ -43.955535399999974, -22.661033999328478 ], [ -43.9554453, -22.660837299328538 ], [ -43.9553717, -22.66063419932852 ], [ -43.955368799999974, -22.660617799328531 ], [ -43.955342, -22.660466899328526 ], [ -43.9553227, -22.660231499328528 ], [ -43.95531519999998, -22.659978699328555 ], [ -43.955335900000023, -22.659711799328559 ], [ -43.955353499999987, -22.659565899328552 ], [ -43.9554154, -22.659452999328526 ], [ -43.9554918, -22.65928789932854 ], [ -43.955558699999983, -22.659142399328545 ], [ -43.955635599999979, -22.658923599328539 ], [ -43.955750200000011, -22.658684599328573 ], [ -43.955817, -22.658538999328574 ], [ -43.9559014, -22.65829439932855 ], [ -43.955947499999972, -22.658100799328587 ], [ -43.9560159, -22.657759099328601 ], [ -43.956027, -22.657561999328578 ], [ -43.956019, -22.657378899328624 ], [ -43.95599390000001, -22.657284999328589 ], [ -43.955935599999975, -22.657225799328575 ], [ -43.955858499999977, -22.657177299328591 ], [ -43.955846099999974, -22.657175699328587 ], [ -43.955736499999986, -22.657161299328571 ], [ -43.9556144, -22.657153999328589 ], [ -43.9554006, -22.657163499328625 ], [ -43.955251700000019, -22.657144499328602 ], [ -43.955087600000013, -22.657097699328588 ], [ -43.9549847, -22.657042499328583 ], [ -43.954648299999974, -22.656807199328618 ], [ -43.954325200000028, -22.656574799328592 ], [ -43.953946200000019, -22.656270599328643 ], [ -43.953637599999972, -22.656014699328633 ], [ -43.953437399999977, -22.655850699328592 ], [ -43.95329149999997, -22.655708099328645 ], [ -43.953156700000015, -22.655537299328621 ], [ -43.953006699999989, -22.655308099328643 ], [ -43.952820299999985, -22.655037399328659 ], [ -43.952770799999989, -22.654931199328669 ], [ -43.952761, -22.654850999328662 ], [ -43.952777200000014, -22.654775899328644 ], [ -43.9528148, -22.654661999328631 ], [ -43.9528522, -22.654550599328644 ], [ -43.952860499999971, -22.654492399328635 ], [ -43.95288, -22.654332299328683 ], [ -43.9528844, -22.654111399328645 ], [ -43.952868, -22.65383499932868 ], [ -43.952853600000026, -22.653662499328664 ], [ -43.952823200000012, -22.653531199328643 ], [ -43.952785, -22.653394999328661 ], [ -43.952715399999988, -22.653251299328712 ], [ -43.95259429999998, -22.652998099328681 ], [ -43.9525709, -22.652953399328688 ], [ -43.9524184, -22.652662799328674 ], [ -43.952354, -22.652523999328714 ], [ -43.952313300000014, -22.652373199328718 ], [ -43.9522318, -22.652076499328729 ], [ -43.9521391, -22.651831799328733 ], [ -43.952035599999988, -22.651670899328714 ], [ -43.9519398, -22.651539199328724 ], [ -43.951830599999987, -22.651443799328714 ], [ -43.9516537, -22.651304199328763 ], [ -43.951385599999973, -22.650997499328739 ], [ -43.951146900000019, -22.650726499328762 ], [ -43.95094610000001, -22.650556999328728 ], [ -43.950696, -22.650404899328777 ], [ -43.950398, -22.650276099328725 ], [ -43.9501345, -22.650174799328752 ], [ -43.949974, -22.65012129932877 ], [ -43.9498969, -22.650095599328736 ], [ -43.9495251, -22.64998339932875 ], [ -43.9494161, -22.64995579932874 ], [ -43.949062799999972, -22.649866299328739 ], [ -43.948649400000015, -22.649732099328759 ], [ -43.948367599999983, -22.649618599328768 ], [ -43.948073, -22.649480699328791 ], [ -43.947874099999972, -22.649327899328771 ], [ -43.9477212, -22.649132699328767 ], [ -43.947618299999988, -22.648898999328761 ], [ -43.9475395, -22.648592599328779 ], [ -43.947437799999982, -22.648201999328819 ], [ -43.9473364, -22.647773999328834 ], [ -43.9471538, -22.647280699328821 ], [ -43.947143, -22.647257399328819 ], [ -43.947012200000017, -22.646973899328813 ], [ -43.946890399999965, -22.646738899328845 ], [ -43.946768799999965, -22.646563299328857 ], [ -43.946675, -22.646435199328835 ], [ -43.946665199999977, -22.646421799328838 ], [ -43.946590300000025, -22.646295099328821 ], [ -43.9465313, -22.64613449932887 ], [ -43.946490400000023, -22.645996799328834 ], [ -43.9464493, -22.64585829932884 ], [ -43.9463703, -22.645576099328881 ], [ -43.946289, -22.645252699328875 ], [ -43.946228500000018, -22.644890999328844 ], [ -43.946181599999981, -22.644524099328894 ], [ -43.946144899999972, -22.644188799328887 ], [ -43.946131499999971, -22.643880999328914 ], [ -43.9461554, -22.643497599328906 ], [ -43.9461635, -22.643424499328905 ], [ -43.946183500000018, -22.643242899328932 ], [ -43.9461928, -22.643052199328924 ], [ -43.946190699999988, -22.642979299328896 ], [ -43.9461627, -22.64288199932891 ], [ -43.946101100000014, -22.642723799328923 ], [ -43.9460186, -22.64256549932891 ], [ -43.9459354, -22.64248969932893 ], [ -43.945823299999972, -22.642435599328927 ], [ -43.9456452, -22.642375399328923 ], [ -43.945428400000019, -22.642325399328929 ], [ -43.945211299999976, -22.642304599328931 ], [ -43.94500720000002, -22.642303199328946 ], [ -43.9447705, -22.642328399328939 ], [ -43.944634099999973, -22.64236629932892 ], [ -43.944353400000011, -22.642461599328922 ], [ -43.9441253, -22.642525599328927 ], [ -43.943896100000018, -22.642594899328934 ], [ -43.943736, -22.642654599328946 ], [ -43.943421199999982, -22.642764199328909 ], [ -43.94319710000002, -22.642823499328948 ], [ -43.9429877, -22.642843999328946 ], [ -43.942883199999976, -22.642818999328917 ], [ -43.942771199999974, -22.642747899328938 ], [ -43.942732499999977, -22.642674799328933 ], [ -43.94270239999998, -22.642587499328915 ], [ -43.9426788, -22.642519099328958 ], [ -43.942640200000021, -22.64242659932895 ], [ -43.942596400000014, -22.642341299328919 ], [ -43.942516, -22.642253399328951 ], [ -43.942419799999975, -22.642172699328942 ], [ -43.9423206, -22.642130699328934 ], [ -43.9422806, -22.642119499328928 ], [ -43.9422712, -22.642116899328954 ], [ -43.942183600000021, -22.642092299328954 ], [ -43.942037700000014, -22.642013699328963 ], [ -43.941933699999986, -22.641923199328943 ], [ -43.941754399999979, -22.641771499328957 ], [ -43.941549099999961, -22.641587999328955 ], [ -43.9412648, -22.641342299328976 ], [ -43.94099210000001, -22.641080699328942 ], [ -43.940784800000017, -22.640824399328963 ], [ -43.940701600000011, -22.640684299328957 ], [ -43.940642299999972, -22.640569799328969 ], [ -43.9406247, -22.640474999328951 ], [ -43.9406439, -22.640363499328945 ], [ -43.9406889, -22.640286099329014 ], [ -43.940757599999984, -22.640208799328967 ], [ -43.940792, -22.640148399328982 ], [ -43.940821500000027, -22.640065999328975 ], [ -43.940829899999976, -22.639988399328981 ], [ -43.9408363, -22.639800199329017 ], [ -43.940838199999966, -22.639552599328997 ], [ -43.940834400000021, -22.639363199328994 ], [ -43.940810199999987, -22.63910739932901 ], [ -43.9407623, -22.638878899329036 ], [ -43.940701, -22.638623599329051 ], [ -43.940621299999968, -22.638312599329034 ], [ -43.940557099999978, -22.638036799329061 ], [ -43.9405115, -22.637796299329036 ], [ -43.940460200000032, -22.637477999329032 ], [ -43.9404182, -22.637184799329045 ], [ -43.94038189999997, -22.636976599329085 ], [ -43.9403175, -22.63670209932905 ], [ -43.940258799999974, -22.636540599329059 ], [ -43.940181199999984, -22.636361399329072 ], [ -43.940094199999976, -22.636170399329099 ], [ -43.93998850000002, -22.635913499329106 ], [ -43.939902099999983, -22.63564049932911 ], [ -43.939850499999977, -22.635376499329102 ], [ -43.939795, -22.635194499329117 ], [ -43.939749699999986, -22.635116899329116 ], [ -43.939716700000012, -22.635060399329095 ], [ -43.9395599, -22.634918799329089 ], [ -43.939295800000025, -22.634761799329077 ], [ -43.9389691, -22.63453109932912 ], [ -43.938768299999985, -22.63435689932912 ], [ -43.938762399999973, -22.634354099329123 ], [ -43.938462099999974, -22.634210499329111 ], [ -43.938291699999972, -22.634188799329131 ], [ -43.9379376, -22.634239199329159 ], [ -43.937545499999985, -22.634295199329134 ], [ -43.9372578, -22.634343099329154 ], [ -43.937030900000025, -22.634354399329116 ], [ -43.936734100000017, -22.634331899329119 ], [ -43.9364888, -22.634312099329108 ], [ -43.9361086, -22.634270899329117 ], [ -43.9358107, -22.634247599329104 ], [ -43.935530799999974, -22.634266199329137 ], [ -43.9352432, -22.634325799329115 ], [ -43.9350066, -22.634447099329112 ], [ -43.9348167, -22.634559699329131 ], [ -43.934601499999978, -22.634700099329091 ], [ -43.934386599999982, -22.634885399329075 ], [ -43.934215199999983, -22.635092199329087 ], [ -43.934047099999987, -22.63524139932909 ], [ -43.9339997, -22.635286499329098 ], [ -43.93386659999998, -22.635413199329111 ], [ -43.933687799999966, -22.63557229932907 ], [ -43.9335446, -22.635685199329107 ], [ -43.933399300000012, -22.63574569932906 ], [ -43.933362499999987, -22.635751699329106 ], [ -43.933264199999982, -22.635767599329096 ], [ -43.933102299999973, -22.635757399329087 ], [ -43.932992099999964, -22.635715699329079 ], [ -43.932850299999984, -22.635650999329084 ], [ -43.932664499999987, -22.635556399329083 ], [ -43.9324499, -22.635438799329076 ], [ -43.9321413, -22.635258499329115 ], [ -43.931832799999988, -22.635074499329082 ], [ -43.9315987, -22.634912799329104 ], [ -43.931278899999988, -22.634663199329097 ], [ -43.931045, -22.63441249932912 ], [ -43.930706799999982, -22.634009999329116 ], [ -43.93042250000002, -22.633742499329113 ], [ -43.9300907, -22.633436699329145 ], [ -43.9297754, -22.633125299329162 ], [ -43.9294756, -22.632828599329134 ], [ -43.929104, -22.632551699329191 ], [ -43.928600399999986, -22.632228199329155 ], [ -43.928405199999986, -22.632114099329193 ], [ -43.9280966, -22.631933699329156 ], [ -43.9278721, -22.63181439932919 ], [ -43.927760299999989, -22.631765199329209 ], [ -43.927628399999989, -22.631733699329164 ], [ -43.9274962, -22.631753199329172 ], [ -43.927413300000012, -22.631801199329171 ], [ -43.9273501, -22.631873899329204 ], [ -43.927338299999967, -22.631887399329162 ], [ -43.9272133, -22.632042299329214 ], [ -43.927040799999979, -22.632238399329172 ], [ -43.9269269, -22.632377999329172 ], [ -43.926882, -22.632484899329185 ], [ -43.9268703, -22.632571599329161 ], [ -43.926896899999967, -22.632686699329192 ], [ -43.926937800000019, -22.632787399329146 ], [ -43.92697320000002, -22.632833599329174 ], [ -43.9270879, -22.632954299329146 ], [ -43.9273668, -22.633178199329116 ], [ -43.9278875, -22.633562999329115 ], [ -43.928084300000016, -22.633727699329143 ], [ -43.928220899999978, -22.63386989932912 ], [ -43.928324499999967, -22.633993099329142 ], [ -43.928397899999986, -22.634103299329116 ], [ -43.928495899999973, -22.634241799329097 ], [ -43.928588400000024, -22.634401599329102 ], [ -43.9286477, -22.634567899329095 ], [ -43.92866320000001, -22.634695599329106 ], [ -43.92866470000002, -22.634863999329109 ], [ -43.9286252, -22.634928299329122 ], [ -43.928572499999973, -22.634976499329092 ], [ -43.928421, -22.634995899329084 ], [ -43.9281348, -22.635001599329112 ], [ -43.927746899999981, -22.634998999329099 ], [ -43.92740550000002, -22.635017199329081 ], [ -43.9270546, -22.635027599329106 ], [ -43.9267658, -22.635017999329115 ], [ -43.926507599999979, -22.634957599329116 ], [ -43.9263401, -22.634913099329111 ], [ -43.9261285, -22.634870799329107 ], [ -43.92600740000001, -22.634872599329121 ], [ -43.925745, -22.634878699329107 ], [ -43.925356799999967, -22.634909199329087 ], [ -43.9250925, -22.634932999329102 ], [ -43.924829900000013, -22.634987299329083 ], [ -43.9244003, -22.635035499329117 ], [ -43.923831800000016, -22.635062599329135 ], [ -43.9233585, -22.635059399329094 ], [ -43.92314649999998, -22.63508099932913 ], [ -43.92300310000001, -22.6351233993291 ], [ -43.9229062, -22.635189099329082 ], [ -43.9228561, -22.635272999329082 ], [ -43.9227578, -22.635462099329082 ], [ -43.9226597, -22.63568859932905 ], [ -43.92263609999997, -22.6357347993291 ], [ -43.922584200000017, -22.635836099329097 ], [ -43.9224651, -22.635945099329092 ], [ -43.9223546, -22.636007199329075 ], [ -43.9222992, -22.636038399329095 ], [ -43.9221642, -22.636068099329066 ], [ -43.922007399999984, -22.636059399329099 ], [ -43.921853600000013, -22.636017499329064 ], [ -43.921733, -22.635965699329066 ], [ -43.921505599999989, -22.635828899329066 ], [ -43.92136210000001, -22.635722799329084 ], [ -43.921241899999977, -22.635614799329073 ], [ -43.921138199999973, -22.635496699329067 ], [ -43.921108800000013, -22.635457299329076 ], [ -43.9210483, -22.635376199329084 ], [ -43.920975100000021, -22.635240399329092 ], [ -43.92087, -22.634958999329086 ], [ -43.920802099999989, -22.634801399329131 ], [ -43.9206934, -22.634627199329131 ], [ -43.920600799999988, -22.634501499329115 ], [ -43.9204426, -22.634326899329135 ], [ -43.920287499999979, -22.634103799329115 ], [ -43.920077900000024, -22.633816499329146 ], [ -43.9198035, -22.633565399329147 ], [ -43.919354699999978, -22.633250999329114 ], [ -43.91888130000001, -22.632913499329131 ], [ -43.918661299999989, -22.632783499329172 ], [ -43.918436499999977, -22.632650699329165 ], [ -43.9181916, -22.632516299329186 ], [ -43.918102200000014, -22.632467199329181 ], [ -43.917871699999964, -22.632386499329158 ], [ -43.917660099999978, -22.632354499329196 ], [ -43.917426299999981, -22.632342699329147 ], [ -43.9172353, -22.632349199329191 ], [ -43.916896399999985, -22.632408199329138 ], [ -43.91664, -22.632465199329161 ], [ -43.9163232, -22.632516599329144 ], [ -43.916020399999979, -22.632534999329174 ], [ -43.9156365, -22.632514699329164 ], [ -43.9153453, -22.632451399329145 ], [ -43.915098399999977, -22.632365499329147 ], [ -43.914890099999973, -22.632256899329189 ], [ -43.914794500000028, -22.632166999329165 ], [ -43.9146417, -22.63195559932921 ], [ -43.9144238, -22.631673399329198 ], [ -43.914200699999974, -22.631347799329205 ], [ -43.913906100000013, -22.630969399329221 ], [ -43.913666700000022, -22.630625699329194 ], [ -43.9134303, -22.630183799329217 ], [ -43.91323019999998, -22.629730699329198 ], [ -43.913005, -22.629306399329241 ], [ -43.9128227, -22.629042299329228 ], [ -43.912654799999977, -22.628864099329238 ], [ -43.9124028, -22.62871689932922 ], [ -43.912246499999981, -22.628654599329252 ], [ -43.911920300000013, -22.62849159932928 ], [ -43.9114927, -22.628289599329271 ], [ -43.9108134, -22.628069299329269 ], [ -43.910390899999967, -22.627918399329264 ], [ -43.9099739, -22.627752199329244 ], [ -43.909684299999967, -22.627678399329255 ], [ -43.909415, -22.627638299329274 ], [ -43.90922230000001, -22.627649799329237 ], [ -43.90904010000002, -22.627722599329299 ], [ -43.908868700000021, -22.627823499329256 ], [ -43.90868870000002, -22.627972799329285 ], [ -43.9082416, -22.628312699329239 ], [ -43.907909599999982, -22.628540099329264 ], [ -43.907677499999984, -22.628660999329266 ], [ -43.90730359999997, -22.628810299329249 ], [ -43.906912299999973, -22.628884099329227 ], [ -43.9065377, -22.628942899329274 ], [ -43.906229, -22.628999499329264 ], [ -43.9060083, -22.629074499329239 ], [ -43.9058344, -22.629152399329246 ], [ -43.905551600000024, -22.629278699329234 ], [ -43.9053503, -22.62933349932921 ], [ -43.9050721, -22.629369899329205 ], [ -43.9046953, -22.62934949932923 ], [ -43.9043653, -22.629324199329222 ], [ -43.9039831, -22.62929349932925 ], [ -43.9036186, -22.629298999329226 ], [ -43.903266299999984, -22.629314499329244 ], [ -43.9029028, -22.629352799329226 ], [ -43.902645899999968, -22.629373299329238 ], [ -43.9025797, -22.62937849932921 ], [ -43.9022688, -22.629366199329226 ], [ -43.902065499999985, -22.629331599329234 ], [ -43.901939299999974, -22.629279699329235 ], [ -43.90181350000001, -22.629186999329249 ], [ -43.901723600000039, -22.629074099329273 ], [ -43.9016477, -22.62892549932922 ], [ -43.901623500000028, -22.628816699329256 ], [ -43.90161920000002, -22.628666099329237 ], [ -43.9016646, -22.628490299329265 ], [ -43.901720700000013, -22.628352899329236 ], [ -43.901790199999986, -22.628269099329277 ], [ -43.901970100000028, -22.628140199329291 ], [ -43.902177800000011, -22.627968099329237 ], [ -43.902322200000015, -22.627827299329251 ], [ -43.9024253, -22.627669699329289 ], [ -43.9025117, -22.627527399329288 ], [ -43.9025297, -22.627343799329285 ], [ -43.902484800000025, -22.627098499329286 ], [ -43.9023631, -22.626820299329321 ], [ -43.902149800000011, -22.626660599329277 ], [ -43.9018398, -22.626543699329318 ], [ -43.901291, -22.626348499329321 ], [ -43.9007515, -22.62620879932927 ], [ -43.9003776, -22.626178199329349 ], [ -43.9001106, -22.626191599329335 ], [ -43.89980179999997, -22.62627119932932 ], [ -43.8992599, -22.626471999329276 ], [ -43.898496299999977, -22.626883499329313 ], [ -43.8980095, -22.627204299329282 ], [ -43.897549200000014, -22.627518799329298 ], [ -43.8973883, -22.627683599329288 ], [ -43.897232499999973, -22.627899399329262 ], [ -43.897009500000017, -22.628161899329278 ], [ -43.89684620000002, -22.628290899329276 ], [ -43.896705199999985, -22.628371599329245 ], [ -43.896548, -22.628418999329256 ], [ -43.896391, -22.628433199329283 ], [ -43.8962123, -22.628414099329245 ], [ -43.895794799999976, -22.628321899329258 ], [ -43.89552650000001, -22.628203899329279 ], [ -43.895240199999982, -22.628077999329296 ], [ -43.894913, -22.627953099329289 ], [ -43.894533299999964, -22.627729999329269 ], [ -43.894358899999986, -22.627538399329275 ], [ -43.894270300000024, -22.627441099329278 ], [ -43.89402, -22.626952199329299 ], [ -43.89372620000001, -22.626239799329309 ], [ -43.8935381, -22.625875599329294 ], [ -43.8933887, -22.625586299329342 ], [ -43.89311129999998, -22.625005999329318 ], [ -43.8925408, -22.624566399329336 ], [ -43.892176699999979, -22.62434929932936 ], [ -43.891592899999978, -22.624010999329371 ], [ -43.8909979, -22.623737399329364 ], [ -43.890332899999976, -22.623458399329369 ], [ -43.889587699999986, -22.623123899329382 ], [ -43.8887889, -22.622679299329416 ], [ -43.8887555, -22.622660699329384 ], [ -43.888005799999959, -22.622226399329382 ], [ -43.887400800000016, -22.621852999329402 ], [ -43.886805299999985, -22.621462299329433 ], [ -43.886399499999982, -22.621075199329432 ], [ -43.886111500000027, -22.620758899329442 ], [ -43.885710300000028, -22.620476699329426 ], [ -43.8849164, -22.619835599329448 ], [ -43.8845167, -22.619512899329489 ], [ -43.884018200000014, -22.619108199329499 ], [ -43.883624100000013, -22.61878809932951 ], [ -43.882910100000011, -22.618200999329495 ], [ -43.882873899999979, -22.618171399329494 ], [ -43.88246249999996, -22.617819199329496 ], [ -43.882067399999983, -22.617447199329526 ], [ -43.881897, -22.617278199329508 ], [ -43.881249500000017, -22.616635799329515 ], [ -43.880726700000025, -22.616083299329549 ], [ -43.880143200000013, -22.615566999329559 ], [ -43.879630299999967, -22.615119399329583 ], [ -43.879176099999981, -22.614731999329582 ], [ -43.8787436, -22.614329799329585 ], [ -43.878343500000021, -22.613902799329598 ], [ -43.877759, -22.613456299329602 ], [ -43.8772629, -22.613148999329624 ], [ -43.8771969, -22.613108099329594 ], [ -43.8768114, -22.61288089932961 ], [ -43.87621189999998, -22.612507399329655 ], [ -43.8753542, -22.611940199329631 ], [ -43.8750003, -22.611688199329649 ], [ -43.8735239, -22.610501699329667 ], [ -43.873306300000017, -22.610306599329675 ], [ -43.872731699999967, -22.6098067993297 ], [ -43.87222609999997, -22.609394699329698 ], [ -43.871979500000016, -22.609278099329693 ], [ -43.87146539999997, -22.609063799329711 ], [ -43.8709002, -22.608860999329693 ], [ -43.870656, -22.6087886993297 ], [ -43.870450399999974, -22.608731399329717 ], [ -43.870233799999987, -22.608670999329735 ], [ -43.869816, -22.608501999329714 ], [ -43.869478800000024, -22.6082961993297 ], [ -43.869231399999983, -22.608073599329746 ], [ -43.8689341, -22.607908299329758 ], [ -43.8687595, -22.607753499329732 ], [ -43.86864480000002, -22.607581199329776 ], [ -43.8685865, -22.607500099329723 ], [ -43.868556800000022, -22.607472099329737 ], [ -43.86853509999996, -22.607463299329755 ], [ -43.868456499999972, -22.607461799329744 ], [ -43.8682142, -22.607388699329753 ], [ -43.868089399999967, -22.607367899329738 ], [ -43.867839300000021, -22.607334899329768 ], [ -43.8674861, -22.607141899329736 ], [ -43.867175700000026, -22.606826799329781 ], [ -43.8668667, -22.606411099329765 ], [ -43.8666463, -22.605942599329762 ], [ -43.866594299999974, -22.605831899329779 ], [ -43.866356100000012, -22.605389199329785 ], [ -43.86609349999997, -22.604970699329826 ], [ -43.865826099999985, -22.604636999329831 ], [ -43.865472199999985, -22.604202499329798 ], [ -43.864836799999978, -22.603645999329867 ], [ -43.864414399999987, -22.603285199329864 ], [ -43.8640734, -22.60278659932985 ], [ -43.863580800000015, -22.602014799329879 ], [ -43.863266399999972, -22.601451299329902 ], [ -43.8625495, -22.600301199329902 ], [ -43.862103, -22.599631799329934 ], [ -43.861774, -22.599240899329924 ], [ -43.86149139999997, -22.598850299329929 ], [ -43.861165, -22.59856739932993 ], [ -43.8609161, -22.598394399329973 ], [ -43.8604365, -22.59821369932995 ], [ -43.8598841, -22.598081299329955 ], [ -43.858773900000024, -22.597958499329959 ], [ -43.858338300000014, -22.597938799329981 ], [ -43.857666199999976, -22.597941699329947 ], [ -43.856944100000014, -22.597975099329961 ], [ -43.8563208, -22.598109199329958 ], [ -43.855796100000028, -22.598344199329951 ], [ -43.855256600000018, -22.598773499329944 ], [ -43.8550464, -22.59910419932995 ], [ -43.8549026, -22.59944199932993 ], [ -43.854798599999988, -22.599972599329909 ], [ -43.8547218, -22.600233799329931 ], [ -43.8546202, -22.600479499329921 ], [ -43.854486300000012, -22.600624899329905 ], [ -43.8543279, -22.600708399329879 ], [ -43.854112, -22.600737699329922 ], [ -43.8539296, -22.600713299329893 ], [ -43.853507799999988, -22.600556299329902 ], [ -43.853145400000017, -22.600230299329922 ], [ -43.852693199999969, -22.599741899329949 ], [ -43.852305699999988, -22.599438799329896 ], [ -43.851580599999977, -22.598832999329943 ], [ -43.851150500000017, -22.598465499329933 ], [ -43.8507773, -22.59819069932993 ], [ -43.850526600000023, -22.598021799330002 ], [ -43.850142100000035, -22.597861399329968 ], [ -43.849857199999988, -22.597748499329992 ], [ -43.849591400000016, -22.597656099329974 ], [ -43.84882929999997, -22.597355499329975 ], [ -43.8484045, -22.597089799329982 ], [ -43.8475982, -22.596590499329984 ], [ -43.8470514, -22.596147299329992 ], [ -43.8463312, -22.595530899330047 ], [ -43.845607099999988, -22.594876099330065 ], [ -43.8450859, -22.594289799330049 ], [ -43.844484299999969, -22.593377299330058 ], [ -43.8440647, -22.592783199330064 ], [ -43.84392680000002, -22.592559699330078 ], [ -43.843488700000023, -22.591849399330108 ], [ -43.8428788, -22.590815899330128 ], [ -43.84276849999997, -22.590632599330124 ], [ -43.8425421, -22.590252999330154 ], [ -43.842301299999974, -22.590041099330158 ], [ -43.841666, -22.589623699330161 ], [ -43.8413445, -22.589388699330144 ], [ -43.84100810000001, -22.589003499330161 ], [ -43.84072029999998, -22.588618699330166 ], [ -43.840296299999977, -22.588075199330177 ], [ -43.8398942, -22.587879599330215 ], [ -43.838972, -22.587501799330184 ], [ -43.838343099999975, -22.587193899330209 ], [ -43.838048599999972, -22.586946199330228 ], [ -43.837746700000011, -22.586616599330245 ], [ -43.83750120000002, -22.586257699330215 ], [ -43.8373434, -22.58595889933023 ], [ -43.837322299999975, -22.585601499330242 ], [ -43.8374215, -22.585245099330265 ], [ -43.837536199999981, -22.585069699330287 ], [ -43.8377681, -22.584873799330293 ], [ -43.8381361, -22.584672499330281 ], [ -43.838609299999966, -22.584394199330298 ], [ -43.838972300000016, -22.584156399330265 ], [ -43.839269100000024, -22.583930399330267 ], [ -43.839467399999975, -22.58374279933027 ], [ -43.839630899999975, -22.583502699330307 ], [ -43.83973120000001, -22.583268799330295 ], [ -43.839789499999988, -22.583008399330303 ], [ -43.8398, -22.582604299330331 ], [ -43.839811100000013, -22.582127799330365 ], [ -43.83980780000001, -22.581687399330363 ], [ -43.839773499999978, -22.581374599330367 ], [ -43.839621299999976, -22.580874599330368 ], [ -43.839484099999986, -22.580381499330358 ], [ -43.8393714, -22.580028099330384 ], [ -43.8391965, -22.579517899330376 ], [ -43.8389952, -22.578953399330398 ], [ -43.8388349, -22.578505999330417 ], [ -43.838682300000016, -22.578024999330438 ], [ -43.838556, -22.577620399330435 ], [ -43.838515500000021, -22.577446599330397 ], [ -43.838473599999986, -22.577201499330439 ], [ -43.838471799999979, -22.577191299330419 ], [ -43.838417699999972, -22.576822599330473 ], [ -43.838431099999973, -22.576588999330472 ], [ -43.83853449999998, -22.5762727993305 ], [ -43.838714700000033, -22.575998899330482 ], [ -43.838899500000011, -22.575805099330488 ], [ -43.839362199999982, -22.575505599330477 ], [ -43.839528200000018, -22.575389399330501 ], [ -43.83970249999998, -22.575175499330502 ], [ -43.839899, -22.574876699330503 ], [ -43.84029229999998, -22.574385799330525 ], [ -43.8405646, -22.574042499330531 ], [ -43.840803100000016, -22.573879099330522 ], [ -43.841052400000024, -22.573715799330536 ], [ -43.8412103, -22.573521799330518 ], [ -43.841325200000021, -22.573322499330558 ], [ -43.841440299999981, -22.573116499330563 ], [ -43.841479600000014, -22.572952799330537 ], [ -43.84150180000001, -22.57262799933056 ], [ -43.841495899999984, -22.572511499330567 ], [ -43.8414808, -22.572304299330543 ], [ -43.841336800000029, -22.571835699330578 ], [ -43.841047100000033, -22.571258899330559 ], [ -43.840823399999969, -22.570934899330595 ], [ -43.840614, -22.570695099330614 ], [ -43.840336900000011, -22.570426799330615 ], [ -43.8399073, -22.570122799330584 ], [ -43.839426100000026, -22.569828099330618 ], [ -43.838900099999982, -22.569529899330643 ], [ -43.838517099999983, -22.569295899330626 ], [ -43.83820170000002, -22.569083299330629 ], [ -43.8379848, -22.568843499330669 ], [ -43.837821299999973, -22.568540899330671 ], [ -43.8376882, -22.56819649933065 ], [ -43.8376761, -22.567838999330657 ], [ -43.837755399999985, -22.567390999330669 ], [ -43.8377944, -22.567081099330675 ], [ -43.837775, -22.56686459933066 ], [ -43.837692600000011, -22.566583599330698 ], [ -43.837519699999966, -22.566351199330686 ], [ -43.8372678, -22.566068999330724 ], [ -43.836925800000017, -22.565786199330716 ], [ -43.836656600000033, -22.565666199330728 ], [ -43.8362965, -22.565638999330687 ], [ -43.835734600000016, -22.565679199330695 ], [ -43.8352271, -22.565734999330729 ], [ -43.834861900000028, -22.565784099330671 ], [ -43.834470099999969, -22.565838399330733 ], [ -43.834267099999977, -22.565843699330728 ], [ -43.8339118, -22.565871399330707 ], [ -43.8335642, -22.565835199330703 ], [ -43.8330393, -22.565777599330705 ], [ -43.8327496, -22.565748499330713 ], [ -43.832056500000014, -22.565652799330721 ], [ -43.831564300000018, -22.565578599330689 ], [ -43.8308202, -22.565420099330705 ], [ -43.830157199999974, -22.565259399330717 ], [ -43.829156800000028, -22.564871099330723 ], [ -43.8288862, -22.564715699330751 ], [ -43.828520799999971, -22.564363399330734 ], [ -43.8280621, -22.563857399330782 ], [ -43.827820200000012, -22.563457199330781 ], [ -43.827691399999985, -22.563093899330781 ], [ -43.827622299999973, -22.562696799330798 ], [ -43.827493899999972, -22.562164499330798 ], [ -43.8274775, -22.56168999933081 ], [ -43.827512099999971, -22.561215899330801 ], [ -43.8277215, -22.56062919933083 ], [ -43.8280208, -22.560280299330838 ], [ -43.8284036, -22.559992099330845 ], [ -43.828910599999965, -22.559709199330833 ], [ -43.829329700000017, -22.559468999330839 ], [ -43.829728199999977, -22.559240699330822 ], [ -43.8302741, -22.558954999330901 ], [ -43.8308359, -22.558575899330865 ], [ -43.831559599999984, -22.558090599330903 ], [ -43.832123599999981, -22.557751099330918 ], [ -43.832260500000018, -22.557630599330881 ], [ -43.832383499999985, -22.557451499330931 ], [ -43.832420300000024, -22.557183299330926 ], [ -43.8324073, -22.556935599330895 ], [ -43.832311899999972, -22.556313499330908 ], [ -43.832169599999986, -22.555873199330946 ], [ -43.8320273, -22.55530339933096 ], [ -43.831864199999984, -22.554942399330976 ], [ -43.831645200000018, -22.554660499330978 ], [ -43.8313553, -22.554429499331015 ], [ -43.8310492, -22.554319799330941 ], [ -43.830571799999966, -22.554236899330952 ], [ -43.829978100000012, -22.554223199331005 ], [ -43.829308500000018, -22.554255699330973 ], [ -43.8290121, -22.55428039933096 ], [ -43.828749, -22.554295799330966 ], [ -43.828594399999986, -22.554283099330998 ], [ -43.828433800000028, -22.554253199330983 ], [ -43.828254800000032, -22.55420019933101 ], [ -43.828131400000018, -22.554156299330973 ], [ -43.8280022, -22.554066299330977 ], [ -43.8279415, -22.55392799933097 ], [ -43.8279334, -22.553789999330981 ], [ -43.8279546, -22.553479999330978 ], [ -43.8279604, -22.553088199331008 ], [ -43.827957500000018, -22.552694599331005 ], [ -43.827962500000012, -22.552470599331016 ], [ -43.828036399999966, -22.552149399331046 ], [ -43.82817290000002, -22.551694099331062 ], [ -43.828283899999974, -22.551370399331038 ], [ -43.828351199999972, -22.551095099331047 ], [ -43.828399600000012, -22.550865699331034 ], [ -43.8284815, -22.550693899331069 ], [ -43.828576399999974, -22.550447599331051 ], [ -43.828718299999984, -22.550121199331052 ], [ -43.8289011, -22.549884799331046 ], [ -43.828989400000012, -22.549687299331104 ], [ -43.8290566, -22.549432099331082 ], [ -43.829074499999983, -22.549139299331085 ], [ -43.8291883, -22.548855699331089 ], [ -43.829308799999971, -22.548557099331106 ], [ -43.829369400000012, -22.548406899331088 ], [ -43.829442700000016, -22.548224999331126 ], [ -43.8295163, -22.54798539933115 ], [ -43.8295129, -22.547734999331116 ], [ -43.8294715, -22.547417899331165 ], [ -43.829368699999975, -22.54721279933117 ], [ -43.82916119999998, -22.547022199331167 ], [ -43.828980100000024, -22.546959499331166 ], [ -43.828578400000033, -22.546951499331122 ], [ -43.8281103, -22.546988999331145 ], [ -43.827581899999984, -22.547039199331135 ], [ -43.827268899999986, -22.547058399331178 ], [ -43.826948500000015, -22.547038099331157 ], [ -43.82657039999998, -22.546995899331161 ], [ -43.826254100000028, -22.546946999331141 ], [ -43.825872300000015, -22.546890399331136 ], [ -43.825490699999982, -22.54680159933114 ], [ -43.82502490000001, -22.546622499331168 ], [ -43.824551199999981, -22.546458799331134 ], [ -43.824137199999988, -22.546374799331193 ], [ -43.823788400000012, -22.546326599331156 ], [ -43.8234064, -22.546328899331161 ], [ -43.822833, -22.546410199331177 ], [ -43.8225377, -22.546464399331157 ], [ -43.822215799999981, -22.546648799331177 ], [ -43.82189829999998, -22.546818699331183 ], [ -43.821558200000013, -22.546920599331177 ], [ -43.821097300000019, -22.546960999331155 ], [ -43.820605600000015, -22.546904699331169 ], [ -43.82007870000001, -22.546614899331171 ], [ -43.819639400000021, -22.546218499331182 ], [ -43.819276399999978, -22.545894099331175 ], [ -43.8190285, -22.5456152993312 ], [ -43.818809400000028, -22.545120999331196 ], [ -43.818692600000013, -22.544613799331174 ], [ -43.818662099999983, -22.543927299331219 ], [ -43.818750599999987, -22.543489099331204 ], [ -43.818984300000011, -22.543085799331223 ], [ -43.8192419, -22.542716399331262 ], [ -43.8193662, -22.542345999331268 ], [ -43.8194922, -22.541784299331287 ], [ -43.819474099999979, -22.541125199331297 ], [ -43.8193341, -22.540494099331287 ], [ -43.819144, -22.54004269933133 ], [ -43.818689399999975, -22.539352999331332 ], [ -43.818185, -22.53882049933134 ], [ -43.8178001, -22.53849139933136 ], [ -43.817378599999969, -22.538184499331354 ], [ -43.8172222, -22.538048299331361 ], [ -43.816958899999975, -22.537663799331391 ], [ -43.816721200000018, -22.537121999331386 ], [ -43.816590500000011, -22.536817299331386 ], [ -43.816416699999984, -22.536458599331397 ], [ -43.816373800000015, -22.536200199331404 ], [ -43.816377, -22.535830399331431 ], [ -43.8164478, -22.535454199331415 ], [ -43.816585700000019, -22.535148199331406 ], [ -43.816775600000021, -22.534905499331408 ], [ -43.816927599999985, -22.53470429933142 ], [ -43.817207699999976, -22.534455199331472 ], [ -43.8176077, -22.534241799331458 ], [ -43.8181343, -22.534161999331427 ], [ -43.818607699999973, -22.534151499331454 ], [ -43.8190737, -22.534143699331462 ], [ -43.819383599999973, -22.53412209933143 ], [ -43.819567099999972, -22.534109199331439 ], [ -43.820085, -22.534082499331465 ], [ -43.8203972, -22.534084799331477 ], [ -43.820841099999981, -22.534065099331464 ], [ -43.821136599999981, -22.534097799331434 ], [ -43.821456800000021, -22.534130699331449 ], [ -43.821661099999965, -22.534261899331447 ], [ -43.8218652, -22.534423599331465 ], [ -43.822135300000014, -22.534547699331469 ], [ -43.822325799999973, -22.534596699331445 ], [ -43.8223165, -22.534392399331441 ], [ -43.822377800000019, -22.534091699331416 ], [ -43.822378899999983, -22.533962399331447 ], [ -43.8223102, -22.533846999331423 ], [ -43.822203100000024, -22.53370979933144 ], [ -43.822111800000016, -22.533536699331492 ], [ -43.821951399999989, -22.533291399331471 ], [ -43.8217904, -22.53313219933149 ], [ -43.821582400000011, -22.533030099331494 ], [ -43.821250500000019, -22.532955899331466 ], [ -43.820748900000012, -22.532822899331457 ], [ -43.8202781, -22.532704599331474 ], [ -43.8198021, -22.532581999331473 ], [ -43.819574900000021, -22.532454499331457 ], [ -43.8193341, -22.532260699331481 ], [ -43.819089299999966, -22.532134399331515 ], [ -43.818686399999983, -22.532021999331477 ], [ -43.818119200000012, -22.531918299331473 ], [ -43.817598299999979, -22.53182819933151 ], [ -43.8168369, -22.531638899331522 ], [ -43.816309900000022, -22.531429299331531 ], [ -43.81566179999998, -22.531169099331514 ], [ -43.8149535, -22.530848599331538 ], [ -43.8143508, -22.530530699331507 ], [ -43.8141132, -22.530323199331541 ], [ -43.813850399999971, -22.530132199331565 ], [ -43.813602100000018, -22.529927899331561 ], [ -43.81324310000003, -22.529678299331547 ], [ -43.8129225, -22.529453399331576 ], [ -43.8128039, -22.529350599331547 ], [ -43.8127061, -22.52926599933156 ], [ -43.8125182, -22.529098699331584 ], [ -43.812416, -22.528925399331563 ], [ -43.8123177, -22.528728899331558 ], [ -43.812246899999984, -22.528648799331556 ], [ -43.812066300000026, -22.528461599331596 ], [ -43.8119102, -22.52832439933157 ], [ -43.811704599999977, -22.528140399331562 ], [ -43.811501500000013, -22.527962899331563 ], [ -43.8114036, -22.527862199331608 ], [ -43.8112638, -22.527726199331624 ], [ -43.811169899999975, -22.527630099331603 ], [ -43.811087199999982, -22.527566599331603 ], [ -43.810973499999989, -22.527500799331591 ], [ -43.810865200000016, -22.52744029933163 ], [ -43.8107549, -22.527362099331597 ], [ -43.810651899999968, -22.527273499331578 ], [ -43.810536300000024, -22.527182599331621 ], [ -43.810271, -22.526981399331628 ], [ -43.810176800000022, -22.526914799331603 ], [ -43.8100976, -22.526849999331638 ], [ -43.809962, -22.526723499331624 ], [ -43.809793099999979, -22.526575899331629 ], [ -43.8096049, -22.526459699331603 ], [ -43.809192600000017, -22.526196399331635 ], [ -43.8089959, -22.526024899331617 ], [ -43.808753500000023, -22.525867199331643 ], [ -43.808504, -22.525712399331628 ], [ -43.808309599999966, -22.525560499331636 ], [ -43.807867499999986, -22.525173199331647 ], [ -43.8076863, -22.525060699331636 ], [ -43.807573900000023, -22.52498079933164 ], [ -43.807497599999969, -22.524876899331645 ], [ -43.807442200000018, -22.524796599331676 ], [ -43.807321399999978, -22.524658199331654 ], [ -43.807212900000017, -22.524571999331656 ], [ -43.807003599999966, -22.524442099331647 ], [ -43.806237099999969, -22.524087199331678 ], [ -43.806192899999985, -22.524059699331691 ], [ -43.8059101, -22.523883599331665 ], [ -43.805806299999965, -22.523778399331711 ], [ -43.805731200000018, -22.523684399331671 ], [ -43.805664400000012, -22.523568099331676 ], [ -43.8056145, -22.523430199331692 ], [ -43.805459699999972, -22.522800199331712 ], [ -43.805428800000016, -22.522553599331701 ], [ -43.805428, -22.522466099331698 ] ] ] } },
{ "type": "Feature", "properties": { "NUCOMPTREC": 15.088, "NUDISTBACT": 492.564, "NUDISTCDAG": 0.0, "NUAREACONT": 43.541, "NUAREAMONT": 43.541, "NUDISTBACC": 492.564, "NUAREABACC": 43.541, "NUCOMPCDA": 15.088, "Shape__Len": 0, "OBJECTID": 34967, "ID": 839, "COTRECHO": 839, "COCURSODAG": "778926", "COBACIA": "778926", "NOGENERICO": "Rio", "NOLIGACAO": "da", "NOESPECIF": "Prata", "NORIOCOMP": "Rio da Prata", "NOORIGINAL": "Rio da Prata", "COCDADESAG": "77892", "NUTRJUS": 54966, "NUORDEMCDA": 3, "NUNIVOTTO": 6, "NUNIVOTCDA": 6, "NUSTRAHLER": 1, "DEDOMINIAL": "Federal", "DSVERSAO": "BHO bho_2017_v_01_05_50k de 2018-06-22" }, "geometry": { "type": "MultiLineString", "coordinates": [ [ [ -44.254103699999973, -22.741088799326654 ], [ -44.2535598, -22.74078369932667 ], [ -44.253224100000011, -22.740718899326659 ], [ -44.252857899999981, -22.740539599326642 ], [ -44.2524669, -22.740421299326648 ], [ -44.2520702, -22.740211499326666 ], [ -44.2510059, -22.739090099326699 ], [ -44.250695, -22.738470099326676 ], [ -44.2506282, -22.738040899326716 ], [ -44.250473699999986, -22.737651799326706 ], [ -44.2503345, -22.737461099326747 ], [ -44.250199, -22.737348599326761 ], [ -44.250067399999978, -22.737325699326725 ], [ -44.2499396, -22.737333299326725 ], [ -44.249737499999974, -22.737363799326769 ], [ -44.2495677, -22.73740389932674 ], [ -44.24871510000002, -22.737806299326731 ], [ -44.248396599999978, -22.737863599326758 ], [ -44.2479426, -22.737802499326708 ], [ -44.247505799999985, -22.737697599326715 ], [ -44.2467982, -22.737390499326747 ], [ -44.246329, -22.737253199326751 ], [ -44.245877, -22.737211299326749 ], [ -44.24519220000002, -22.737247499326752 ], [ -44.24493660000001, -22.737228399326735 ], [ -44.244618100000025, -22.737136899326732 ], [ -44.2440707, -22.73688129932674 ], [ -44.2436606, -22.73689649932675 ], [ -44.243466, -22.73693279932672 ], [ -44.24337830000001, -22.73698619932674 ], [ -44.243202800000013, -22.737012899326768 ], [ -44.2426936, -22.736965199326736 ], [ -44.242207199999982, -22.737066299326727 ], [ -44.2417704, -22.737091099326722 ], [ -44.2410132, -22.736898499326742 ], [ -44.24052870000002, -22.73683739932676 ], [ -44.239573099999973, -22.736787799326748 ], [ -44.2393194, -22.736736299326761 ], [ -44.2384058, -22.736234699326772 ], [ -44.2381216, -22.736152699326762 ], [ -44.237461699999983, -22.73594289932678 ], [ -44.236992499999985, -22.735858999326783 ], [ -44.236387799999981, -22.735828399326781 ], [ -44.2347952, -22.735658699326766 ], [ -44.2341295, -22.735519499326795 ], [ -44.2340094, -22.7354469993268 ], [ -44.233818600000014, -22.735454599326815 ], [ -44.232554, -22.735181899326768 ], [ -44.2314973, -22.734956799326802 ], [ -44.231186400000013, -22.734813699326804 ], [ -44.2305513, -22.734418899326801 ], [ -44.230297599999957, -22.734327399326798 ], [ -44.230011499999982, -22.734321699326824 ], [ -44.229805499999983, -22.734260599326831 ], [ -44.2295347, -22.734155699326781 ], [ -44.229431700000021, -22.73406039932679 ], [ -44.229160200000017, -22.733910499326797 ], [ -44.229010099999982, -22.733827599326805 ], [ -44.228645799999981, -22.733686499326812 ], [ -44.228111800000022, -22.733720799326846 ], [ -44.227858099999985, -22.733778099326813 ], [ -44.227716400000013, -22.73385429932685 ], [ -44.227631700000018, -22.733936399326826 ], [ -44.2273488, -22.733928699326796 ], [ -44.22695779999998, -22.733827699326827 ], [ -44.226337899999976, -22.733535799326852 ], [ -44.2260442, -22.733474799326832 ], [ -44.2257505, -22.733455699326811 ], [ -44.2255197, -22.733390899326857 ], [ -44.2253766, -22.733322199326803 ], [ -44.2250047, -22.732973199326825 ], [ -44.224798700000015, -22.732854899326842 ], [ -44.224264600000012, -22.732738599326851 ], [ -44.223661900000025, -22.732324699326853 ], [ -44.2234406, -22.73224259932686 ], [ -44.223225099999972, -22.732229299326836 ], [ -44.223122100000012, -22.732269399326871 ], [ -44.222969499999969, -22.732471499326817 ], [ -44.222819500000014, -22.732589599326825 ], [ -44.2227368, -22.732654599326846 ], [ -44.222601399999974, -22.732694699326878 ], [ -44.2224526, -22.732690199326814 ], [ -44.222286699999984, -22.732685199326834 ], [ -44.222183700000024, -22.732652699326859 ], [ -44.2216897, -22.732107199326826 ], [ -44.22152369999997, -22.731998499326831 ], [ -44.221235700000015, -22.731929799326849 ], [ -44.220997300000022, -22.731973699326886 ], [ -44.2204099, -22.731935599326853 ], [ -44.2197709, -22.732120599326837 ], [ -44.2192463, -22.732095799326885 ], [ -44.218403299999977, -22.731929899326875 ], [ -44.216303299999986, -22.731611299326872 ], [ -44.2157552, -22.731497999326859 ], [ -44.215565099999985, -22.731458699326893 ], [ -44.215419699999977, -22.731369999326901 ], [ -44.21499290000002, -22.731109699326876 ], [ -44.214802200000015, -22.731018099326864 ], [ -44.214500799999989, -22.730934199326857 ], [ -44.214054499999961, -22.730951399326884 ], [ -44.213402200000019, -22.730857899326882 ], [ -44.213091299999967, -22.730915199326919 ], [ -44.212869399999988, -22.730928699326881 ], [ -44.212622099999969, -22.730943799326877 ], [ -44.212122299999976, -22.730814099326857 ], [ -44.210991299999982, -22.730787399326882 ], [ -44.2107605, -22.730857899326882 ], [ -44.210436300000026, -22.731031599326872 ], [ -44.210256899999983, -22.731212699326896 ], [ -44.2098965, -22.73145879932687 ], [ -44.209114399999969, -22.731824999326882 ], [ -44.207807899999978, -22.732175899326865 ], [ -44.207020100000022, -22.73227519932686 ], [ -44.206484199999977, -22.732610799326821 ], [ -44.2060684, -22.732975099326811 ], [ -44.2058662, -22.733190599326825 ], [ -44.2057582, -22.733299899326855 ], [ -44.2056756, -22.733332299326815 ], [ -44.205430200000023, -22.73337049932681 ], [ -44.204925899999978, -22.733371799326818 ], [ -44.2042583, -22.73325549932682 ], [ -44.203598399999976, -22.733261199326851 ], [ -44.203152, -22.733303199326858 ], [ -44.202944100000011, -22.733398599326815 ], [ -44.202808699999984, -22.733524399326857 ], [ -44.202642799999971, -22.733892599326808 ], [ -44.202606699999983, -22.734002199326842 ], [ -44.202595099999989, -22.734037499326821 ], [ -44.202584199999983, -22.734094399326811 ], [ -44.20258960000001, -22.734185599326803 ], [ -44.202608699999985, -22.734199999326801 ], [ -44.202655199999981, -22.734227099326802 ], [ -44.202663299999976, -22.734231899326819 ], [ -44.202698899999973, -22.734236999326807 ], [ -44.202740300000016, -22.73429339932682 ], [ -44.2027996, -22.73436819932682 ], [ -44.202817900000014, -22.734414599326797 ], [ -44.202847, -22.734498599326809 ], [ -44.202858699999986, -22.734573999326813 ], [ -44.202872599999978, -22.734648599326814 ], [ -44.202921600000025, -22.734763499326796 ], [ -44.202948400000025, -22.734843499326811 ], [ -44.202985300000023, -22.734972799326755 ], [ -44.203024500000012, -22.735047899326773 ], [ -44.203065700000018, -22.735117199326776 ], [ -44.2031275, -22.73524159932678 ], [ -44.203165300000023, -22.735291099326766 ], [ -44.203192800000011, -22.735376199326815 ], [ -44.20320049999998, -22.735462099326789 ], [ -44.203200499999987, -22.735543199326777 ], [ -44.203203799999976, -22.735666499326751 ], [ -44.203204099999986, -22.735761799326745 ], [ -44.2032188, -22.73582419932681 ], [ -44.203259300000013, -22.73590109932675 ], [ -44.2033308, -22.736038299326786 ], [ -44.203390800000022, -22.736177599326783 ], [ -44.2034355, -22.736275899326774 ], [ -44.203467, -22.736337099326782 ], [ -44.203585, -22.736412599326762 ], [ -44.2036862, -22.736503599326749 ], [ -44.2037391, -22.736666299326785 ], [ -44.203807, -22.736760699326748 ], [ -44.203894199999979, -22.736880799326745 ], [ -44.2039554, -22.73697239932676 ], [ -44.204023600000028, -22.73704929932676 ], [ -44.204113699999986, -22.73714699932674 ], [ -44.204225, -22.73727829932675 ], [ -44.2043165, -22.737378999326715 ], [ -44.204359800000013, -22.73746079932674 ], [ -44.204375, -22.737515099326735 ], [ -44.204373299999986, -22.737584499326758 ], [ -44.204368699999975, -22.737671099326729 ], [ -44.2043587, -22.737734499326709 ], [ -44.2043167, -22.737813199326748 ], [ -44.2042505, -22.737839399326706 ], [ -44.204185900000013, -22.737868499326716 ], [ -44.20413439999998, -22.737875799326712 ], [ -44.204043, -22.737893299326725 ], [ -44.203939600000012, -22.737898599326716 ], [ -44.203881, -22.737893499326713 ], [ -44.203842099999967, -22.737868599326742 ], [ -44.2038298, -22.737860699326728 ], [ -44.203736900000017, -22.737816899326717 ], [ -44.2036681, -22.737779899326743 ], [ -44.203617099999974, -22.737756499326728 ], [ -44.203527599999966, -22.737741599326714 ], [ -44.203420699999981, -22.737736399326753 ], [ -44.20332130000002, -22.737735699326706 ], [ -44.2031397, -22.73777409932676 ], [ -44.2030016, -22.737817599326746 ], [ -44.2028682, -22.737842299326736 ], [ -44.2027895, -22.737851599326724 ], [ -44.202721600000011, -22.73788009932672 ], [ -44.202642299999972, -22.737915999326717 ], [ -44.202569200000021, -22.73795809932674 ], [ -44.202435700000017, -22.738033299326695 ], [ -44.202360100000021, -22.738080099326702 ], [ -44.202279799999978, -22.738145799326702 ], [ -44.2022245, -22.738178899326702 ], [ -44.202129, -22.738208099326734 ], [ -44.2020394, -22.738212099326706 ], [ -44.2019452, -22.738212199326743 ], [ -44.20183, -22.738170399326723 ], [ -44.201692799999989, -22.738121899326732 ], [ -44.201544599999977, -22.738066599326746 ], [ -44.201428799999967, -22.737996399326708 ], [ -44.201305199999979, -22.73791229932673 ], [ -44.201255699999983, -22.737855899326732 ], [ -44.201212399999967, -22.73773339932675 ], [ -44.201197900000018, -22.737662299326743 ], [ -44.201184399999988, -22.737615399326703 ], [ -44.201134700000011, -22.737554199326709 ], [ -44.2010363, -22.737478999326733 ], [ -44.200932399999985, -22.737380199326754 ], [ -44.200854100000015, -22.737313799326724 ], [ -44.200708299999967, -22.737295299326771 ], [ -44.200612, -22.737300899326716 ], [ -44.200475499999982, -22.737290599326727 ], [ -44.20040310000001, -22.737275899326729 ], [ -44.200295, -22.737261399326769 ], [ -44.200225199999984, -22.737251499326749 ], [ -44.200159699999965, -22.737231399326717 ], [ -44.200105800000017, -22.737198899326746 ], [ -44.200039800000013, -22.737145999326753 ], [ -44.2000114, -22.737131899326744 ], [ -44.199970800000017, -22.737132299326728 ], [ -44.199964, -22.737132999326711 ], [ -44.1998731, -22.737141199326722 ], [ -44.1998281, -22.737170199326727 ], [ -44.199731499999984, -22.737208099326711 ], [ -44.199650299999966, -22.737218199326712 ], [ -44.1995066, -22.737213599326768 ], [ -44.199402, -22.737188399326712 ], [ -44.199275399999976, -22.737157399326744 ], [ -44.199170700000018, -22.737132199326776 ], [ -44.199149200000015, -22.737127199326714 ], [ -44.198994, -22.737090799326715 ], [ -44.198857799999978, -22.737060599326743 ], [ -44.198773, -22.737041899326751 ], [ -44.19871669999997, -22.737028099326714 ], [ -44.19860319999998, -22.737002299326715 ], [ -44.198531399999972, -22.73698619932674 ], [ -44.1984385, -22.736990899326781 ], [ -44.198335499999985, -22.737009699326737 ], [ -44.1982638, -22.737021799326715 ], [ -44.1981396, -22.737016899326754 ], [ -44.198032099999971, -22.736992199326707 ], [ -44.197976499999982, -22.736953699326758 ], [ -44.1978952, -22.736938699326739 ], [ -44.197793400000023, -22.736963399326733 ], [ -44.197729, -22.737005599326725 ], [ -44.197701900000027, -22.737044099326738 ], [ -44.197685299999989, -22.737087599326731 ], [ -44.19765869999997, -22.737140999326751 ], [ -44.1976348, -22.737178199326753 ], [ -44.1976086, -22.737234499326743 ], [ -44.1975719, -22.737267599326739 ], [ -44.197543199999977, -22.737294199326758 ], [ -44.197511799999965, -22.737320899326718 ], [ -44.197490800000026, -22.737335699326767 ], [ -44.1974518, -22.73737219932671 ], [ -44.197422, -22.737385899326721 ], [ -44.197388100000012, -22.73737959932674 ], [ -44.197381600000028, -22.737375499326728 ], [ -44.197325499999977, -22.737340399326733 ], [ -44.197245300000013, -22.737273499326758 ], [ -44.197181, -22.737218199326712 ], [ -44.197091699999987, -22.73717809932673 ], [ -44.197002199999986, -22.737163699326736 ], [ -44.196872, -22.737159599326731 ], [ -44.196726399999982, -22.737151099326741 ], [ -44.1966137, -22.737132199326769 ], [ -44.196501300000023, -22.737090599326741 ], [ -44.196422, -22.737048299326773 ], [ -44.196340799999959, -22.737023499326771 ], [ -44.19625880000001, -22.737005499326759 ], [ -44.19617520000002, -22.736997999326771 ], [ -44.19605940000001, -22.736987399326722 ], [ -44.195987, -22.736975799326725 ], [ -44.195899100000027, -22.736971199326778 ], [ -44.1957415, -22.736967899326775 ], [ -44.195615299999986, -22.73694739932677 ], [ -44.1955125, -22.736890499326755 ], [ -44.195421099999969, -22.736807299326749 ], [ -44.195333600000019, -22.736729899326757 ], [ -44.1951919, -22.736637199326776 ], [ -44.1950332, -22.736549399326744 ], [ -44.19493929999998, -22.736500699326768 ], [ -44.194756, -22.736420199326755 ], [ -44.194645200000025, -22.736390199326774 ], [ -44.194525699999978, -22.73637609932673 ], [ -44.194401599999985, -22.736355099326776 ], [ -44.1943415, -22.736351499326776 ], [ -44.194274399999976, -22.736339999326741 ], [ -44.194212600000014, -22.736338199326738 ], [ -44.194162699999985, -22.736336199326747 ], [ -44.194114, -22.736338199326738 ], [ -44.194034, -22.736352299326789 ], [ -44.193941199999983, -22.736365199326787 ], [ -44.1938252, -22.73636849932679 ], [ -44.1937011, -22.736368999326782 ], [ -44.1936002, -22.736351299326795 ], [ -44.193523200000016, -22.736352799326774 ], [ -44.193424, -22.736352799326774 ], [ -44.193356, -22.736359999326748 ], [ -44.193304599999969, -22.73636259932676 ], [ -44.1932289, -22.736360499326754 ], [ -44.193175399999973, -22.736343699326781 ], [ -44.193114900000012, -22.736338799326763 ], [ -44.193052299999977, -22.736320099326758 ], [ -44.192966899999988, -22.736310599326785 ], [ -44.192895, -22.736294099326777 ], [ -44.192819, -22.736272599326771 ], [ -44.192754400000013, -22.736239799326793 ], [ -44.192679, -22.73618919932678 ], [ -44.1925564, -22.736103699326772 ], [ -44.192489200000018, -22.736039699326763 ], [ -44.1923868, -22.735974599326788 ], [ -44.1922988, -22.735917999326798 ], [ -44.192204399999973, -22.735867499326758 ], [ -44.192123200000026, -22.73582159932678 ], [ -44.192032200000028, -22.735793199326771 ], [ -44.1919527, -22.735779899326779 ], [ -44.191868600000035, -22.735763699326778 ], [ -44.191745599999983, -22.735755199326796 ], [ -44.191676500000028, -22.735734699326787 ], [ -44.191596300000015, -22.735717699326781 ], [ -44.191496799999975, -22.735680999326778 ], [ -44.191420400000027, -22.735649799326751 ], [ -44.1913571, -22.735626599326757 ], [ -44.191298, -22.735619199326749 ], [ -44.191187599999971, -22.735587399326771 ], [ -44.19109150000002, -22.73553749932681 ], [ -44.1909567, -22.735486199326807 ], [ -44.190871099999988, -22.735439699326758 ], [ -44.1906965, -22.735379699326796 ], [ -44.190518, -22.735347499326767 ], [ -44.1903499, -22.735316699326788 ], [ -44.1902194, -22.735312099326777 ], [ -44.19010530000002, -22.735317399326764 ], [ -44.189998800000012, -22.735322399326751 ], [ -44.1898761, -22.735349899326806 ], [ -44.189762400000014, -22.735369499326769 ], [ -44.1896431, -22.735399399326791 ], [ -44.18954, -22.735432399326768 ], [ -44.189352900000017, -22.735465999326752 ], [ -44.189190600000018, -22.735501299326796 ], [ -44.1890434, -22.735520599326751 ], [ -44.1889843, -22.735537999326798 ], [ -44.18888110000001, -22.735572899326808 ], [ -44.188722700000021, -22.735627499326803 ], [ -44.18858, -22.73568149932678 ], [ -44.188460799999973, -22.735737499326795 ], [ -44.1883644, -22.735780499326747 ], [ -44.1882645, -22.735824599326776 ], [ -44.188171300000022, -22.735875899326768 ], [ -44.18808760000001, -22.735909499326755 ], [ -44.187983799999976, -22.73594669932676 ], [ -44.1878525, -22.735950199326751 ], [ -44.187737299999974, -22.735970799326783 ], [ -44.187621700000015, -22.736007999326805 ], [ -44.1875011, -22.736039199326765 ], [ -44.187381599999981, -22.736062199326753 ], [ -44.18726, -22.736084199326758 ], [ -44.187144, -22.736099799326752 ], [ -44.187017500000024, -22.736104299326794 ], [ -44.1869787, -22.736105899326759 ], [ -44.1868842, -22.736116199326791 ], [ -44.186837, -22.736193899326757 ], [ -44.1867977, -22.736255799326749 ], [ -44.1867558, -22.736328299326797 ], [ -44.1867029, -22.736395699326749 ], [ -44.1866612, -22.736432299326754 ], [ -44.186601100000019, -22.736457999326788 ], [ -44.186548099999968, -22.73649329932676 ], [ -44.186482099999964, -22.736543499326743 ], [ -44.186424199999976, -22.736583099326769 ], [ -44.1863796, -22.736638999326772 ], [ -44.1863591, -22.736685099326738 ], [ -44.186320500000022, -22.73673469932675 ], [ -44.1862703, -22.736780399326751 ], [ -44.186219699999974, -22.73680539932673 ], [ -44.186158700000014, -22.736834799326743 ], [ -44.186099500000012, -22.736871399326738 ], [ -44.1860747, -22.736925999326726 ], [ -44.1860277, -22.737008099326768 ], [ -44.185980799999982, -22.737090099326721 ], [ -44.185943, -22.737164899326732 ], [ -44.1858909, -22.737267899326749 ], [ -44.18584950000001, -22.737323099326762 ], [ -44.185792, -22.737404499326768 ], [ -44.185711700000013, -22.73754179932671 ], [ -44.1856722, -22.737592699326715 ], [ -44.1856168, -22.737669999326716 ], [ -44.185559300000023, -22.737729899326716 ], [ -44.185495600000031, -22.737785699326739 ], [ -44.1854404, -22.73782989932673 ], [ -44.1854065, -22.737869499326717 ], [ -44.1853848, -22.737934099326733 ], [ -44.185379599999976, -22.737998399326692 ], [ -44.1853711, -22.738057399326724 ], [ -44.1853817, -22.738111899326711 ], [ -44.185386100000017, -22.738183799326716 ], [ -44.1854034, -22.738262499326737 ], [ -44.185392900000011, -22.738354099326703 ], [ -44.185373500000026, -22.738446699326715 ], [ -44.185356300000024, -22.738539999326719 ], [ -44.185334599999962, -22.738648399326703 ], [ -44.185314399999982, -22.738736599326689 ], [ -44.1853013, -22.738844999326741 ], [ -44.1852948, -22.738948499326707 ], [ -44.1852864, -22.739067899326717 ], [ -44.1852705, -22.739164299326731 ], [ -44.18527, -22.739230699326704 ], [ -44.185269100000028, -22.739324699326687 ], [ -44.185269800000015, -22.739376799326696 ], [ -44.185273100000018, -22.739489399326715 ], [ -44.185268199999989, -22.73958569932671 ], [ -44.185268699999988, -22.739693299326689 ], [ -44.185244800000014, -22.739827399326707 ], [ -44.185217500000022, -22.739913999326681 ], [ -44.185201600000028, -22.739994399326683 ], [ -44.1851745, -22.740091599326707 ], [ -44.185141499999986, -22.740167899326693 ], [ -44.18510220000001, -22.740234699326653 ], [ -44.185058200000014, -22.740294999326682 ], [ -44.185019300000022, -22.740339499326669 ], [ -44.184979699999985, -22.740406999326659 ], [ -44.1849479, -22.740469899326673 ], [ -44.184919499999978, -22.740542499326668 ], [ -44.1849001, -22.740635299326673 ], [ -44.184877799999981, -22.740744599326689 ], [ -44.1848609, -22.740838099326691 ], [ -44.1848516, -22.740890899326672 ], [ -44.184825499999988, -22.740968099326629 ], [ -44.18478570000002, -22.741052099326645 ], [ -44.18474329999998, -22.74112519932666 ], [ -44.1847062, -22.741182399326657 ], [ -44.18466890000002, -22.741245499326645 ], [ -44.184623499999987, -22.741334999326646 ], [ -44.184596699999986, -22.741387899326657 ], [ -44.184570099999974, -22.741451399326671 ], [ -44.184518700000012, -22.74152579932662 ], [ -44.184486400000026, -22.741567799326624 ], [ -44.184456800000021, -22.741615499326674 ], [ -44.184443199999968, -22.741636799326628 ], [ -44.184419699999978, -22.741694399326605 ], [ -44.1843965, -22.741778299326661 ], [ -44.184392100000025, -22.741825099326658 ], [ -44.184393100000023, -22.741893799326654 ], [ -44.184369800000013, -22.741939899326614 ], [ -44.184351100000015, -22.741982299326651 ], [ -44.184314, -22.742050199326627 ], [ -44.184255300000018, -22.742138999326627 ], [ -44.1842236, -22.742196299326615 ], [ -44.1842107, -22.742249099326607 ], [ -44.184200799999978, -22.74230129932663 ], [ -44.184212800000019, -22.742394999326606 ], [ -44.184232500000022, -22.742478599326656 ], [ -44.184255800000017, -22.742552199326596 ], [ -44.1842772, -22.742614999326616 ], [ -44.1842878, -22.742632899326594 ], [ -44.184302, -22.742656999326616 ], [ -44.184354299999988, -22.742750699326603 ], [ -44.184385799999973, -22.74281849932661 ], [ -44.184426499999972, -22.742891399326634 ], [ -44.184456899999986, -22.742958999326593 ], [ -44.184459800000013, -22.743037599326588 ], [ -44.1844532, -22.743132299326614 ], [ -44.184431599999975, -22.743174599326583 ], [ -44.184382200000023, -22.743211799326595 ], [ -44.1843111, -22.743238899326592 ], [ -44.184242200000028, -22.743271099326623 ], [ -44.1842011, -22.743308499326609 ], [ -44.184182299999982, -22.743345599326599 ], [ -44.184184800000018, -22.74336569932662 ], [ -44.184188899999981, -22.743398099326591 ], [ -44.184200499999974, -22.743424099326617 ], [ -44.184229899999984, -22.743475499326589 ], [ -44.1842762, -22.743558599326573 ], [ -44.1843255, -22.7436153993266 ], [ -44.184379, -22.743672299326597 ], [ -44.184427700000022, -22.743718499326601 ], [ -44.184505100000017, -22.743816899326603 ], [ -44.1845394, -22.743868999326612 ], [ -44.184585099999985, -22.743931699326616 ], [ -44.18461869999998, -22.743983999326591 ], [ -44.184645, -22.744014899326611 ], [ -44.184701599999983, -22.744045599326579 ], [ -44.184736499999978, -22.744076099326552 ], [ -44.184773399999983, -22.744133299326556 ], [ -44.184798, -22.7441695993266 ], [ -44.1848084, -22.744211699326584 ], [ -44.184807, -22.744269299326568 ], [ -44.184786299999985, -22.744332499326553 ], [ -44.184758199999976, -22.744458899326553 ], [ -44.184723, -22.744632499326588 ], [ -44.184695499999975, -22.744769499326587 ], [ -44.184664399999974, -22.744879999326585 ], [ -44.1846281, -22.744990899326577 ], [ -44.184606, -22.745154099326534 ], [ -44.184568, -22.745269799326575 ], [ -44.184519099999989, -22.745438199326571 ], [ -44.184474799999975, -22.745538399326534 ], [ -44.1844309, -22.745670099326531 ], [ -44.1844062, -22.745764799326547 ], [ -44.184376400000019, -22.745870099326538 ], [ -44.1843602, -22.746012499326547 ], [ -44.184327199999984, -22.746123499326547 ], [ -44.184282600000017, -22.746229399326541 ], [ -44.184211600000026, -22.746298999326548 ], [ -44.184131499999978, -22.746336899326554 ], [ -44.1840269, -22.746396299326534 ], [ -44.183931, -22.746482099326503 ], [ -44.183862200000021, -22.746530599326551 ], [ -44.183807199999983, -22.746568299326508 ], [ -44.183752799999972, -22.746600699326518 ], [ -44.1837251, -22.746648599326541 ], [ -44.1836942, -22.746706599326505 ], [ -44.183676799999986, -22.746739199326498 ], [ -44.183652499999987, -22.746792399326534 ], [ -44.1836427, -22.746871899326496 ], [ -44.183643599999975, -22.746930099326509 ], [ -44.1836037, -22.747031099326538 ], [ -44.183574, -22.74708449932654 ], [ -44.183565199999968, -22.747195799326505 ], [ -44.18357, -22.747317299326525 ], [ -44.183566, -22.747396799326509 ], [ -44.183567799999977, -22.747491999326531 ], [ -44.1835547, -22.747545099326537 ], [ -44.1835451, -22.747645699326515 ], [ -44.183544199999965, -22.747719799326529 ], [ -44.1835587, -22.747772499326508 ], [ -44.18358239999997, -22.74784089932653 ], [ -44.183618200000012, -22.747935799326495 ], [ -44.183670600000021, -22.74804089932648 ], [ -44.183737199999989, -22.748156299326496 ], [ -44.1837729, -22.748240799326499 ], [ -44.183816299999989, -22.748319499326474 ], [ -44.1838682, -22.748397999326489 ], [ -44.183903900000011, -22.748477299326471 ], [ -44.183925199999983, -22.7485408993265 ], [ -44.183965699999987, -22.748614299326462 ], [ -44.1839761, -22.748704299326462 ], [ -44.183978099999983, -22.748815399326485 ], [ -44.1839678, -22.748878799326484 ], [ -44.183942800000011, -22.748942599326487 ], [ -44.183937899999989, -22.74895749932649 ], [ -44.183916599999968, -22.749022299326459 ], [ -44.1838394, -22.749065999326504 ], [ -44.1838321, -22.749071299326488 ], [ -44.1837648, -22.749120299326474 ], [ -44.183708799999977, -22.749179299326446 ], [ -44.183674300000014, -22.749238099326465 ], [ -44.183655699999981, -22.749286199326427 ], [ -44.1836576, -22.749338999326476 ], [ -44.183675900000019, -22.749386599326431 ], [ -44.1836869, -22.749449899326468 ], [ -44.18369, -22.749534299326445 ], [ -44.183685299999972, -22.749613799326472 ], [ -44.183677499999988, -22.749688399326473 ], [ -44.183588, -22.750012199326463 ], [ -44.1835461, -22.750103599326426 ], [ -44.183482700000013, -22.750221299326455 ], [ -44.183424199999983, -22.75032199932642 ], [ -44.1834048, -22.750355499326442 ], [ -44.1833974, -22.750471799326462 ], [ -44.183419099999973, -22.750587599326444 ], [ -44.1834783, -22.750713899326424 ], [ -44.183549, -22.750834699326408 ], [ -44.183662, -22.750901399326413 ], [ -44.1837721, -22.750984599326408 ], [ -44.1838695, -22.751041599326427 ], [ -44.183975499999967, -22.751076799326427 ], [ -44.184136, -22.751106399326446 ], [ -44.184268, -22.751152299326431 ], [ -44.184461899999974, -22.751207099326397 ], [ -44.184562299999982, -22.751280399326415 ], [ -44.184660300000012, -22.751421199326398 ], [ -44.184727399999986, -22.751522599326396 ], [ -44.1848455, -22.75166889932644 ], [ -44.184913499999986, -22.751783699326388 ], [ -44.1849211, -22.75180419932639 ], [ -44.184952099999961, -22.751888499326416 ], [ -44.1849459, -22.75197359932638 ], [ -44.18490480000002, -22.752059399326402 ], [ -44.184866600000014, -22.752128599326404 ], [ -44.184804499999984, -22.752182399326369 ], [ -44.184670700000026, -22.752207299326411 ], [ -44.184470499999968, -22.752237899326399 ], [ -44.184287499999975, -22.752262899326393 ], [ -44.184156499999965, -22.752276599326414 ], [ -44.1841048, -22.752298599326416 ], [ -44.1841002, -22.752330299326381 ], [ -44.184103699999973, -22.752430499326387 ], [ -44.18410770000002, -22.752541099326354 ], [ -44.184044200000017, -22.752653799326392 ], [ -44.1839665, -22.752760699326387 ], [ -44.183809699999976, -22.752869799326369 ], [ -44.183655, -22.752941099326367 ], [ -44.183531099999982, -22.752996899326405 ], [ -44.183382699999974, -22.753083999326371 ], [ -44.183293, -22.753180499326355 ], [ -44.183249299999986, -22.753260399326354 ], [ -44.1832508, -22.75330259932635 ], [ -44.183306300000019, -22.753385899326386 ], [ -44.183367200000013, -22.753458599326351 ], [ -44.183448899999973, -22.753620399326351 ], [ -44.183484299999975, -22.753731399326352 ], [ -44.183483500000023, -22.753868299326378 ], [ -44.183448100000021, -22.753979699326358 ], [ -44.183417599999977, -22.754075999326353 ], [ -44.183362900000027, -22.754272899326335 ], [ -44.183384400000016, -22.754382999326364 ], [ -44.183397800000016, -22.754430099326324 ], [ -44.1834303, -22.754479899326327 ], [ -44.1835152, -22.754572999326342 ], [ -44.183683499999965, -22.75465509932631 ], [ -44.1839362, -22.754718599326321 ], [ -44.184030399999976, -22.754748399326321 ], [ -44.1841, -22.754741799326311 ], [ -44.1841983, -22.754724099326314 ], [ -44.184342, -22.754673999326361 ], [ -44.184423, -22.754661899326322 ], [ -44.1844787, -22.754660799326349 ], [ -44.184481199999986, -22.754660799326349 ], [ -44.1845702, -22.754711699326318 ], [ -44.184749399999987, -22.754844899326354 ], [ -44.1848751, -22.754947599326311 ], [ -44.185088899999975, -22.75508009932631 ], [ -44.185268, -22.755145999326356 ], [ -44.185385699999983, -22.755190999326359 ], [ -44.185502499999977, -22.75520969932635 ], [ -44.1856153, -22.75520859932633 ], [ -44.185727, -22.755176099326352 ], [ -44.185818200000035, -22.75512699932634 ], [ -44.1858732, -22.755036599326314 ], [ -44.185898599999973, -22.754930999326337 ], [ -44.1858772, -22.754815799326355 ], [ -44.18583389999997, -22.754737799326318 ], [ -44.1858092, -22.754696299326312 ], [ -44.185796, -22.754649199326366 ], [ -44.1858239, -22.754617099326346 ], [ -44.185938599999986, -22.754572899326384 ], [ -44.186060399999974, -22.754570499326338 ], [ -44.186148199999984, -22.754589899326316 ], [ -44.1861897, -22.754615299326346 ], [ -44.18623, -22.754654999326355 ], [ -44.186231700000015, -22.754656599326317 ], [ -44.186252099999983, -22.754745499326361 ], [ -44.186301, -22.754818099326357 ], [ -44.18635519999998, -22.754874899326332 ], [ -44.18643789999998, -22.754920499326353 ], [ -44.186549099999965, -22.754949899326313 ], [ -44.186596599999966, -22.754980399326353 ], [ -44.18662010000002, -22.754990499326343 ], [ -44.1866331, -22.755032199326347 ], [ -44.186594, -22.755074999326304 ], [ -44.1864104, -22.755226799326334 ], [ -44.186302899999973, -22.755307699326334 ], [ -44.1862815, -22.755360599326352 ], [ -44.186289199999976, -22.755418199326318 ], [ -44.186349300000025, -22.755479999326308 ], [ -44.1863763, -22.755589599326335 ], [ -44.186387599999989, -22.755674599326341 ], [ -44.186410500000022, -22.755836799326303 ], [ -44.186414599999971, -22.755957299326287 ], [ -44.1863649, -22.756031799326333 ], [ -44.186275599999981, -22.756133199326332 ], [ -44.1862544, -22.756191299326318 ], [ -44.186312199999968, -22.756357899326318 ], [ -44.186432299999971, -22.756481199326288 ], [ -44.1865113, -22.756589599326272 ], [ -44.186609299999972, -22.756667499326287 ], [ -44.186679500000025, -22.756686999326298 ], [ -44.186743, -22.756680399326292 ], [ -44.186799300000011, -22.756632099326293 ], [ -44.186890100000021, -22.756577799326298 ], [ -44.186935600000027, -22.756550699326286 ], [ -44.1869795, -22.756572099326334 ], [ -44.187021099999974, -22.756602699326265 ], [ -44.1870465, -22.756670199326255 ], [ -44.187104499999968, -22.756846999326289 ], [ -44.187141600000025, -22.757009999326261 ], [ -44.187149499999975, -22.757245299326311 ], [ -44.1871569, -22.757470099326245 ], [ -44.187166699999977, -22.757590199326259 ], [ -44.187156599999987, -22.757632199326267 ], [ -44.187125200000025, -22.757650099326245 ], [ -44.1869974, -22.757637199326247 ], [ -44.1869175, -22.757670299326247 ], [ -44.186845199999986, -22.757678599326294 ], [ -44.186718199999973, -22.757691799326242 ], [ -44.18662669999997, -22.757725099326294 ], [ -44.18651269999998, -22.75777989932627 ], [ -44.186455099999989, -22.757882099326292 ], [ -44.1864327, -22.758076099326235 ], [ -44.1864284, -22.758213799326281 ], [ -44.186448499999983, -22.758308299326266 ], [ -44.1864925, -22.758675099326251 ], [ -44.186482699999985, -22.758990699326255 ], [ -44.1864832, -22.759345999326221 ], [ -44.186483599999974, -22.759528799326226 ], [ -44.1864309, -22.759777199326194 ], [ -44.186397399999976, -22.760000799326207 ], [ -44.186407, -22.7602059993262 ], [ -44.186360900000011, -22.760475199326176 ], [ -44.186347099999978, -22.760579799326209 ], [ -44.186383700000022, -22.760636299326187 ], [ -44.186419699999988, -22.760671999326199 ], [ -44.186422699999987, -22.760690899326178 ], [ -44.1864271, -22.760718799326209 ], [ -44.1864205, -22.760788699326181 ], [ -44.1862961, -22.761047199326214 ], [ -44.186204799999985, -22.761348499326196 ], [ -44.186100599999975, -22.761613699326173 ], [ -44.186052800000027, -22.761739899326177 ], [ -44.185955200000031, -22.761858999326193 ], [ -44.1858537, -22.761959499326164 ], [ -44.1857023, -22.762033099326164 ], [ -44.18555020000003, -22.762085899326159 ], [ -44.185263799999966, -22.762186799326145 ], [ -44.185063399999983, -22.762259499326184 ], [ -44.184972300000027, -22.762308699326162 ], [ -44.184933199999989, -22.76235139932615 ], [ -44.1849292, -22.762403599326188 ], [ -44.18494249999997, -22.76245019932615 ], [ -44.184984900000018, -22.762501299326157 ], [ -44.185027100000013, -22.762547099326181 ], [ -44.185093199999976, -22.762613199326136 ], [ -44.185202, -22.762740699326141 ], [ -44.185256700000018, -22.762821499326119 ], [ -44.185297, -22.762976699326163 ], [ -44.1852809, -22.763109499326131 ], [ -44.1852556, -22.763214299326155 ], [ -44.185259200000019, -22.763318299326123 ], [ -44.185308500000019, -22.763400299326143 ], [ -44.185382699999984, -22.763533699326114 ], [ -44.185462799999982, -22.763838499326152 ], [ -44.1855135, -22.764128299326099 ], [ -44.185550499999977, -22.764361199326114 ], [ -44.18561, -22.764572499326096 ], [ -44.1856386, -22.764712899326103 ], [ -44.18566770000001, -22.764784299326077 ], [ -44.185664599999988, -22.764862299326108 ], [ -44.1856095, -22.764941699326123 ], [ -44.1855607, -22.765036399326089 ], [ -44.185528200000022, -22.765099599326096 ], [ -44.18550520000003, -22.765201299326083 ], [ -44.185537, -22.765283499326099 ], [ -44.18559979999997, -22.765351799326108 ], [ -44.18566770000001, -22.765474499326071 ], [ -44.1856798, -22.765548899326095 ], [ -44.185697100000034, -22.765655199326119 ], [ -44.185682299999989, -22.765894199326066 ], [ -44.18566729999997, -22.7660578993261 ], [ -44.18576209999997, -22.766288499326041 ], [ -44.1859132, -22.76664679932605 ], [ -44.186033599999966, -22.76695389932604 ], [ -44.1861124, -22.767156199326045 ], [ -44.186254099999978, -22.767415899326053 ], [ -44.186333900000015, -22.767553199326052 ], [ -44.186402199999968, -22.767695899326004 ], [ -44.1863586, -22.767769499326022 ], [ -44.186328100000026, -22.767814599326048 ], [ -44.186317499999973, -22.768032599326055 ], [ -44.18633, -22.768335699326048 ], [ -44.186378699999977, -22.768747599326002 ], [ -44.186398600000018, -22.76908569932602 ], [ -44.186402100000016, -22.769449899325991 ], [ -44.1863919, -22.769826799325966 ], [ -44.18632980000001, -22.77029579932595 ], [ -44.1862999, -22.770600799325994 ], [ -44.186234800000022, -22.77074329932595 ], [ -44.1862066, -22.770855599325973 ], [ -44.1862074, -22.770972299325944 ], [ -44.18618529999997, -22.771190799325964 ], [ -44.186183200000016, -22.771389999325955 ], [ -44.186093799999981, -22.771571299325949 ], [ -44.1860691, -22.771690499325924 ], [ -44.1859746, -22.771818799325946 ], [ -44.18583389999997, -22.772017199325937 ], [ -44.1858353, -22.772058399325935 ], [ -44.185898199999983, -22.772302199325942 ], [ -44.1859839, -22.772460199325945 ], [ -44.1860289, -22.77258879932592 ], [ -44.186076800000016, -22.772716999325933 ], [ -44.1861503, -22.772867599325917 ], [ -44.186158900000017, -22.772912799325891 ], [ -44.186146399999977, -22.77294779932592 ], [ -44.1860899, -22.773002699325911 ], [ -44.186056399999977, -22.773027599325882 ], [ -44.1859634, -22.773057199325898 ], [ -44.1858694, -22.773106799325902 ], [ -44.185823500000026, -22.773166799325931 ], [ -44.1857873, -22.773246799325893 ], [ -44.1857354, -22.773316699325921 ], [ -44.185600299999976, -22.773436399325888 ], [ -44.18536180000001, -22.773580499325885 ], [ -44.185045300000013, -22.773779399325917 ], [ -44.184795099999974, -22.773943499325856 ], [ -44.1846393, -22.774047999325884 ], [ -44.184525, -22.774182799325899 ], [ -44.1844792, -22.774252499325868 ], [ -44.1844494, -22.774297799325886 ], [ -44.1843816, -22.774362599325915 ], [ -44.184315299999973, -22.774397299325866 ], [ -44.184265700000019, -22.774422099325871 ], [ -44.184244700000015, -22.774411899325901 ], [ -44.184235, -22.774391799325876 ], [ -44.184231399999987, -22.774356699325878 ], [ -44.184192199999984, -22.774281099325886 ], [ -44.184114599999987, -22.774220499325907 ], [ -44.184051599999975, -22.774189999325866 ], [ -44.183960099999979, -22.774194399325889 ], [ -44.183916399999973, -22.774209199325863 ], [ -44.183867500000019, -22.774218999325917 ], [ -44.183803300000015, -22.77421359932589 ], [ -44.1837251, -22.774200899325866 ], [ -44.1836392, -22.774200399325878 ], [ -44.183601300000014, -22.77420519932587 ], [ -44.183541, -22.77422989932591 ], [ -44.183475799999989, -22.774244499325903 ], [ -44.183350399999988, -22.77428389932588 ], [ -44.183185900000012, -22.774381099325911 ], [ -44.183132699999987, -22.774476099325909 ], [ -44.1830931, -22.774527899325893 ], [ -44.1829854, -22.774658699325848 ], [ -44.1829171, -22.774733499325897 ], [ -44.182811800000025, -22.774826199325886 ], [ -44.182682600000014, -22.774899499325876 ], [ -44.182521099999967, -22.774974799325868 ], [ -44.182355, -22.775018599325882 ], [ -44.182303400000023, -22.77503229932589 ], [ -44.182263400000018, -22.775042899325896 ], [ -44.182164899999975, -22.775103799325887 ], [ -44.18204709999997, -22.775227099325868 ], [ -44.181868399999978, -22.775469699325839 ], [ -44.1816672, -22.775706499325874 ], [ -44.181483800000024, -22.775915599325867 ], [ -44.181329600000019, -22.776099099325844 ], [ -44.181261300000017, -22.776184299325855 ], [ -44.1811932, -22.776269099325827 ], [ -44.181190599999972, -22.77634239932582 ], [ -44.181233799999966, -22.776400999325858 ], [ -44.1812609, -22.776438299325832 ], [ -44.181322, -22.776463899325847 ], [ -44.181384299999984, -22.776465199325852 ], [ -44.1815011, -22.776530599325831 ], [ -44.181605, -22.776637699325804 ], [ -44.18178690000002, -22.776781299325812 ], [ -44.181902900000011, -22.77687299932585 ], [ -44.1820434, -22.776912699325852 ], [ -44.182332900000013, -22.776911899325846 ], [ -44.182478899999971, -22.776956999325808 ], [ -44.182656699999988, -22.777071099325813 ], [ -44.1829427, -22.777344999325837 ], [ -44.183035700000012, -22.777446899325785 ], [ -44.183174099999974, -22.777554899325796 ], [ -44.1833133, -22.77764199932583 ], [ -44.183378, -22.77774329932581 ], [ -44.1833747, -22.777837799325791 ], [ -44.1833873, -22.777964199325787 ], [ -44.183442300000024, -22.778180899325783 ], [ -44.1834278, -22.778269999325815 ], [ -44.18344780000001, -22.778349299325789 ], [ -44.183521, -22.778534999325775 ], [ -44.1836232, -22.778705499325785 ], [ -44.183699400000023, -22.778807199325794 ], [ -44.183725499999973, -22.778876199325797 ], [ -44.183720900000026, -22.779007599325773 ], [ -44.183697199999976, -22.779196399325762 ], [ -44.183679199999972, -22.779552399325759 ], [ -44.1837034, -22.779674099325788 ], [ -44.18371830000001, -22.779737599325731 ], [ -44.1838068, -22.779817199325777 ], [ -44.183923199999974, -22.779909399325767 ], [ -44.1839916, -22.780074299325783 ], [ -44.183994700000028, -22.780148099325768 ], [ -44.1840469, -22.780290299325742 ], [ -44.184093599999976, -22.780427099325735 ], [ -44.1841948, -22.780638999325742 ], [ -44.18418580000003, -22.780733699325726 ], [ -44.184128900000012, -22.780891299325742 ], [ -44.184078699999986, -22.781021899325722 ], [ -44.184068799999977, -22.781142999325716 ], [ -44.184102499999987, -22.781323099325732 ], [ -44.184182399999983, -22.781488499325743 ], [ -44.1842972, -22.781633799325721 ], [ -44.184423799999976, -22.781768799325725 ], [ -44.184533, -22.781913899325716 ], [ -44.184556900000018, -22.782046399325715 ], [ -44.1845353, -22.782177899325728 ], [ -44.184511, -22.782219499325706 ], [ -44.184481100000021, -22.782282799325721 ], [ -44.184443900000012, -22.7823463993257 ] ] ] } },
{ "type": "Feature", "properties": { "NUCOMPTREC": 10.144, "NUDISTBACT": 20.523, "NUDISTCDAG": 20.523, "NUAREACONT": 52.818, "NUAREAMONT": 473.999, "NUDISTBACC": 0.0, "NUAREABACC": 734.523, "NUCOMPCDA": 71.245, "Shape__Len": 0, "OBJECTID": 36825, "ID": 20798, "COTRECHO": 20798, "COCURSODAG": "779392", "COBACIA": "7793923", "NOGENERICO": "Rio", "NOLIGACAO": null, "NOESPECIF": "Mambucaba", "NORIOCOMP": "Rio Mambucaba", "NOORIGINAL": "Rio Mambucaba", "COCDADESAG": null, "NUTRJUS": 20818, "NUORDEMCDA": 1, "NUNIVOTTO": 7, "NUNIVOTCDA": 6, "NUSTRAHLER": 2, "DEDOMINIAL": "Federal", "DSVERSAO": "BHO bho_2017_v_01_05_50k de 2018-06-22" }, "geometry": { "type": "MultiLineString", "coordinates": [ [ [ -44.6385401, -22.914278099322654 ], [ -44.638197, -22.914436099322675 ], [ -44.6378252, -22.914383399322684 ], [ -44.63745340000002, -22.91430439932267 ], [ -44.6371103, -22.914436099322675 ], [ -44.6368529, -22.914673199322642 ], [ -44.636538299999984, -22.914857599322666 ], [ -44.636195199999975, -22.915015599322643 ], [ -44.635837700000025, -22.915173599322646 ], [ -44.635451699999969, -22.915226299322622 ], [ -44.6350799, -22.915173599322646 ], [ -44.634851099999985, -22.914883899322657 ], [ -44.6345938, -22.914646799322679 ], [ -44.634307799999981, -22.914436099322675 ], [ -44.633936100000028, -22.914357099322689 ], [ -44.633564299999975, -22.914383399322684 ], [ -44.6332211, -22.914541499322649 ], [ -44.633021, -22.914831199322634 ], [ -44.632963800000027, -22.915199999322681 ], [ -44.632735, -22.915463399322661 ], [ -44.632506200000023, -22.915726799322645 ], [ -44.6321345, -22.915858499322638 ], [ -44.6316769, -22.916016499322641 ], [ -44.631305199999986, -22.916148199322635 ], [ -44.631019200000026, -22.916385299322627 ], [ -44.6307332, -22.916595999322642 ], [ -44.6304187, -22.916832999322615 ], [ -44.6301327, -22.917070099322586 ], [ -44.6299325, -22.917359799322575 ], [ -44.6297609, -22.9176758993226 ], [ -44.6296466, -22.917991999322606 ], [ -44.629560799999979, -22.918360699322569 ], [ -44.629475, -22.918703099322585 ], [ -44.629503600000014, -22.919045499322543 ], [ -44.629560799999979, -22.919387899322555 ], [ -44.6296752, -22.919703999322554 ], [ -44.629875299999973, -22.920322999322519 ], [ -44.629903899999988, -22.920678499322531 ], [ -44.6297323, -22.920994599322487 ], [ -44.629532200000035, -22.921284299322522 ], [ -44.629274800000012, -22.921574099322488 ], [ -44.6289888, -22.921784799322506 ], [ -44.628760100000022, -22.922048199322504 ], [ -44.628559900000027, -22.922337899322493 ], [ -44.628302500000018, -22.922574899322445 ], [ -44.6280737, -22.922838299322496 ], [ -44.627644799999985, -22.923430899322483 ], [ -44.627530400000012, -22.92376009932244 ], [ -44.627416, -22.924076199322446 ], [ -44.627358800000017, -22.924418599322458 ], [ -44.62718719999998, -22.924734699322421 ], [ -44.62704430000003, -22.925050699322405 ], [ -44.626844100000021, -22.925340399322398 ], [ -44.626615300000026, -22.925630099322387 ], [ -44.626386500000024, -22.925919899322395 ], [ -44.626357900000016, -22.926262199322391 ], [ -44.626386500000024, -22.927381599322366 ], [ -44.6263293, -22.927737099322361 ], [ -44.626129199999973, -22.928053199322378 ], [ -44.625900399999971, -22.928316599322365 ], [ -44.6255572, -22.928500899322358 ], [ -44.6252427, -22.928685299322325 ], [ -44.6249853, -22.928922299322341 ], [ -44.6247851, -22.929211999322334 ], [ -44.624613599999975, -22.929528099322358 ], [ -44.624613599999961, -22.929870499322302 ], [ -44.624670700000024, -22.930212799322295 ], [ -44.6247851, -22.930528899322304 ], [ -44.624899500000026, -22.930844899322295 ], [ -44.624870900000012, -22.931187299322264 ], [ -44.62464210000001, -22.931595499322288 ], [ -44.624585, -22.931951099322248 ], [ -44.624442, -22.932267099322253 ], [ -44.624156, -22.93247779932225 ], [ -44.623812799999982, -22.932688499322225 ], [ -44.6234983, -22.932872799322226 ], [ -44.623240899999971, -22.933109899322208 ], [ -44.623126500000012, -22.933425899322199 ], [ -44.6230407, -22.933768299322221 ], [ -44.622926399999976, -22.934084299322205 ], [ -44.622869200000018, -22.934426699322213 ], [ -44.6225546, -22.93461099932221 ], [ -44.622383, -22.93492709932217 ], [ -44.6222972, -22.935269399322177 ], [ -44.6221542, -22.93558549932218 ], [ -44.622211400000033, -22.935927799322169 ], [ -44.622383, -22.936243899322182 ], [ -44.622411600000021, -22.936586199322182 ], [ -44.622354400000013, -22.93692859932214 ], [ -44.622154200000018, -22.937218299322115 ], [ -44.621896900000017, -22.937455299322149 ], [ -44.621753899999987, -22.937771299322144 ], [ -44.621639500000015, -22.938153199322116 ], [ -44.621467900000027, -22.938482399322108 ], [ -44.621096200000018, -22.938640399322107 ], [ -44.62078159999998, -22.938824699322112 ], [ -44.620552799999984, -22.939088099322099 ], [ -44.6204098, -22.939404099322072 ], [ -44.620152500000025, -22.93966749932207 ], [ -44.619809299999986, -22.939825499322062 ], [ -44.619437600000033, -22.939851799322074 ], [ -44.61906579999998, -22.939851799322074 ], [ -44.618722600000012, -22.939693799322061 ], [ -44.618465300000018, -22.939456799322102 ], [ -44.618236500000016, -22.939193399322125 ], [ -44.6179219, -22.939009099322121 ], [ -44.6175788, -22.938851099322118 ], [ -44.617235600000022, -22.938666699322106 ], [ -44.6168639, -22.938640399322107 ], [ -44.6164921, -22.938640399322107 ], [ -44.616148899999978, -22.938745699322126 ], [ -44.615805799999968, -22.938851099322118 ], [ -44.6154626, -22.938956399322102 ], [ -44.615090899999977, -22.938956399322102 ], [ -44.6147191, -22.938956399322102 ], [ -44.614318799999978, -22.938956399322102 ], [ -44.6140042, -22.938772099322094 ], [ -44.613718199999987, -22.93853499932213 ], [ -44.6134609, -22.938297999322099 ], [ -44.613346499999977, -22.937955699322103 ], [ -44.613346499999977, -22.937613299322148 ], [ -44.613117699999975, -22.937323599322159 ], [ -44.6127174, -22.937270899322137 ], [ -44.612317, -22.937244599322124 ], [ -44.611945199999973, -22.937218299322115 ], [ -44.611659299999978, -22.937428999322144 ], [ -44.6115163, -22.937744999322138 ], [ -44.611401899999969, -22.938060999322133 ], [ -44.6111159, -22.938271699322083 ], [ -44.610858599999958, -22.938508699322096 ], [ -44.610601200000019, -22.938745699322151 ], [ -44.610401, -22.939035399322126 ], [ -44.610258, -22.939351399322124 ], [ -44.610172299999988, -22.939693799322061 ], [ -44.610086500000023, -22.94003619932208 ], [ -44.6097719, -22.940220499322088 ], [ -44.609457299999967, -22.940404799322078 ], [ -44.609142799999972, -22.94058919932203 ], [ -44.60888540000002, -22.940826199322057 ], [ -44.608628, -22.941063199322027 ], [ -44.608542199999988, -22.941405599322032 ], [ -44.608370700000023, -22.94172159932204 ], [ -44.6082563, -22.94203759932202 ], [ -44.607998899999984, -22.942300899322042 ], [ -44.607770099999982, -22.942590599322035 ], [ -44.607455599999987, -22.942722299322035 ], [ -44.6070552, -22.94274859932203 ], [ -44.606683499999974, -22.942774999321998 ], [ -44.606311699999985, -22.942880299322017 ], [ -44.605968599999976, -22.943038299322019 ], [ -44.6055968, -22.943143599321989 ], [ -44.605253600000026, -22.943301699322014 ], [ -44.605024899999989, -22.943564999321975 ], [ -44.604738899999973, -22.943775699321993 ], [ -44.6043957, -22.943933699321995 ], [ -44.604024, -22.944065299321974 ], [ -44.603738, -22.944275999321984 ], [ -44.603509200000012, -22.944539399321968 ], [ -44.603194700000017, -22.94474999932196 ], [ -44.602880099999986, -22.944934399321983 ], [ -44.602537, -22.94509239932199 ], [ -44.6021938, -22.945276699321976 ], [ -44.601822, -22.945381999321945 ], [ -44.601507500000018, -22.945566399321965 ], [ -44.6011643, -22.945671699321931 ], [ -44.60082119999997, -22.945777099321933 ], [ -44.6004494, -22.945829699321926 ], [ -44.6000776, -22.945856099321961 ], [ -44.5997059, -22.945856099321961 ], [ -44.599334100000021, -22.945856099321961 ], [ -44.5989338, -22.945829699321926 ], [ -44.598562, -22.945829699321926 ], [ -44.5981903, -22.945803399321928 ], [ -44.59781850000001, -22.945803399321928 ], [ -44.5974468, -22.945777099321933 ], [ -44.597075, -22.945777099321933 ], [ -44.596674599999972, -22.945856099321954 ], [ -44.596331500000019, -22.945987699321922 ], [ -44.59595969999998, -22.946145699321917 ], [ -44.595673799999986, -22.946382699321944 ], [ -44.595445, -22.946646099321942 ], [ -44.595187599999974, -22.946883099321898 ], [ -44.59493029999998, -22.947120099321921 ], [ -44.594644300000027, -22.947330699321917 ], [ -44.5942725, -22.947357099321884 ], [ -44.593900799999965, -22.947357099321884 ], [ -44.593529, -22.947357099321884 ], [ -44.593128700000015, -22.947357099321884 ], [ -44.592756899999983, -22.947383399321886 ], [ -44.592385200000024, -22.947383399321886 ], [ -44.592013399999978, -22.947330699321917 ], [ -44.59167020000001, -22.947225399321894 ], [ -44.5913843, -22.94701469932194 ], [ -44.591041099999984, -22.946856699321941 ], [ -44.590698, -22.946751399321908 ], [ -44.590311900000017, -22.946830399321943 ], [ -44.589954400000011, -22.946935699321898 ], [ -44.5896113, -22.947067399321881 ], [ -44.589239500000019, -22.947067399321881 ], [ -44.5888392, -22.947067399321881 ], [ -44.588467400000013, -22.947067399321881 ], [ -44.5880957, -22.947093699321893 ], [ -44.5877239, -22.947093699321893 ], [ -44.587323599999984, -22.947120099321921 ], [ -44.5868231, -22.947146399321909 ], [ -44.586494300000027, -22.946962099321933 ], [ -44.586265500000017, -22.946698699321932 ], [ -44.586036700000022, -22.946435399321903 ], [ -44.5857793, -22.946198399321936 ], [ -44.585464800000011, -22.945987699321922 ], [ -44.585264600000016, -22.945698099321969 ], [ -44.584921399999985, -22.945539999321937 ], [ -44.584549700000025, -22.945566399321976 ], [ -44.5842637, -22.945777099321923 ], [ -44.584092100000021, -22.946093099321928 ], [ -44.583863399999984, -22.946356399321942 ], [ -44.583606, -22.946593399321916 ], [ -44.583348600000015, -22.946830399321943 ], [ -44.583119899999978, -22.947093699321893 ], [ -44.582805300000011, -22.94727809932191 ], [ -44.5824907, -22.947462399321907 ], [ -44.582147599999985, -22.94759409932189 ], [ -44.5817758, -22.947673099321893 ], [ -44.581375499999972, -22.947699399321884 ], [ -44.5810037, -22.947725699321875 ], [ -44.580631900000014, -22.947673099321872 ], [ -44.5802888, -22.947567699321883 ], [ -44.580031399999989, -22.947330699321917 ], [ -44.579688299999987, -22.947172699321914 ], [ -44.5793165, -22.947146399321909 ], [ -44.578944700000015, -22.947146399321909 ], [ -44.5786016, -22.947014699321922 ], [ -44.5783442, -22.94672509932191 ], [ -44.5780868, -22.94648809932195 ], [ -44.577858100000014, -22.946224699321942 ], [ -44.577457700000018, -22.946198399321936 ], [ -44.577086, -22.946172099321945 ], [ -44.57674279999997, -22.946277399321918 ], [ -44.576542599999982, -22.946593399321916 ], [ -44.576228099999973, -22.94680409932193 ], [ -44.5759135, -22.947041099321876 ], [ -44.575584600000013, -22.947515099321876 ], [ -44.5753416, -22.947778399321905 ], [ -44.575227199999958, -22.948094399321885 ], [ -44.575198600000022, -22.948436699321892 ], [ -44.575227199999965, -22.948805399321895 ], [ -44.575227199999965, -22.949147699321891 ], [ -44.57517, -22.949490099321853 ], [ -44.575055599999978, -22.949806099321837 ], [ -44.5749126, -22.950122099321835 ], [ -44.5746838, -22.950385399321846 ], [ -44.5743979, -22.950596099321832 ], [ -44.574054699999969, -22.950701399321858 ], [ -44.573711600000024, -22.950806699321816 ], [ -44.5733684, -22.950912099321805 ], [ -44.573111, -22.951149099321835 ], [ -44.572767899999967, -22.951307099321831 ] ] ] } },
{ "type": "Feature", "properties": { "NUCOMPTREC": 2.277, "NUDISTBACT": 528.612, "NUDISTCDAG": 0.0, "NUAREACONT": 1.632, "NUAREAMONT": 1.632, "NUDISTBACC": 528.612, "NUAREABACC": 1.632, "NUCOMPCDA": 2.277, "Shape__Len": 0, "OBJECTID": 37203, "ID": 20458, "COTRECHO": 20458, "COCURSODAG": "778928", "COBACIA": "778928", "NOGENERICO": "Córrego", "NOLIGACAO": "das", "NOESPECIF": "Cobras", "NORIOCOMP": "Córrego das Cobras", "NOORIGINAL": "Córrego das Cobras", "COCDADESAG": "77892", "NUTRJUS": 11380, "NUORDEMCDA": 3, "NUNIVOTTO": 6, "NUNIVOTCDA": 6, "NUSTRAHLER": 1, "DEDOMINIAL": "Federal", "DSVERSAO": "BHO bho_2017_v_01_05_50k de 2018-06-22" }, "geometry": { "type": "MultiLineString", "coordinates": [ [ [ -44.3635807, -22.780807399325745 ], [ -44.363921800000014, -22.781030499325723 ], [ -44.364059100000013, -22.781160199325718 ], [ -44.3644463, -22.781389099325736 ], [ -44.36466, -22.78146159932572 ], [ -44.365417200000017, -22.78162749932574 ], [ -44.36588260000002, -22.781791599325732 ], [ -44.367276899999979, -22.782461099325669 ], [ -44.3681428, -22.783025599325654 ], [ -44.3690355, -22.783700799325683 ], [ -44.370294300000012, -22.784519099325653 ], [ -44.3710401, -22.785127499325625 ], [ -44.371349099999982, -22.785440399325662 ], [ -44.3715894, -22.785608199325647 ], [ -44.372018599999983, -22.785983899325636 ], [ -44.373544499999973, -22.787021499325569 ], [ -44.3745554, -22.787891299325583 ], [ -44.374864399999964, -22.788209799325571 ], [ -44.375064599999973, -22.788493999325578 ], [ -44.375171500000015, -22.788738099325535 ], [ -44.375394599999979, -22.789235999325566 ], [ -44.3756083, -22.789571699325542 ], [ -44.375724600000012, -22.789703299325524 ], [ -44.3758371, -22.789798599325511 ], [ -44.376092700000015, -22.789949299325517 ], [ -44.376924299999985, -22.790136199325531 ], [ -44.3773134, -22.790386099325509 ], [ -44.37763, -22.790784699325528 ], [ -44.377729199999976, -22.791011699325512 ], [ -44.377918099999981, -22.791807099325503 ], [ -44.3779505, -22.792625299325451 ], [ -44.3778742, -22.792823699325446 ], [ -44.377809300000017, -22.793220399325445 ], [ -44.377809300000017, -22.793395899325454 ], [ -44.377807399999988, -22.793632399325421 ], [ -44.3779048, -22.794006299325414 ], [ -44.3780726, -22.794174099325456 ], [ -44.378183200000024, -22.794246699325409 ] ] ] } },
{ "type": "Feature", "properties": { "NUCOMPTREC": 36.644, "NUDISTBACT": null, "NUDISTCDAG": null, "NUAREACONT": 77.355, "NUAREAMONT": 77.355, "NUDISTBACC": null, "NUAREABACC": null, "NUCOMPCDA": null, "Shape__Len": 0, "OBJECTID": 45011, "ID": 111844, "COTRECHO": 111844, "COCURSODAG": null, "COBACIA": "7793919", "NOGENERICO": null, "NOLIGACAO": null, "NOESPECIF": null, "NORIOCOMP": null, "NOORIGINAL": null, "COCDADESAG": null, "NUTRJUS": 111838, "NUORDEMCDA": null, "NUNIVOTTO": 7, "NUNIVOTCDA": null, "NUSTRAHLER": null, "DEDOMINIAL": "Linha de Costa", "DSVERSAO": "BHO bho_2017_v_01_05_50k de 2018-06-22" }, "geometry": { "type": "MultiLineString", "coordinates": [ [ [ -44.5212841, -23.028321999320067 ], [ -44.520500299999973, -23.028488399320072 ], [ -44.518374699999981, -23.027510299320102 ], [ -44.516828700000019, -23.026621099320092 ], [ -44.514896299999968, -23.026176499320123 ], [ -44.5146065, -23.026887899320105 ], [ -44.512963899999981, -23.026709999320069 ], [ -44.5105484, -23.026265399320096 ], [ -44.5090025, -23.026709999320069 ], [ -44.507553200000011, -23.028577399320067 ], [ -44.506587, -23.02973329932 ], [ -44.5059107, -23.030978199319989 ], [ -44.504074899999971, -23.030444699319997 ], [ -44.503108699999984, -23.029466599320017 ], [ -44.503108699999984, -23.028399499320027 ], [ -44.502335800000026, -23.027243599320101 ], [ -44.500693199999986, -23.025731899320096 ], [ -44.4986642, -23.025109499320113 ], [ -44.497311500000023, -23.024309199320165 ], [ -44.4961521, -23.024664899320143 ], [ -44.4950892, -23.02448699932016 ], [ -44.493833199999983, -23.022530699320175 ], [ -44.493350099999986, -23.021374699320244 ], [ -44.4914177, -23.020574299320256 ], [ -44.4904515, -23.020930099320207 ], [ -44.489775099999974, -23.020574399320214 ], [ -44.487069799999972, -23.016483699320318 ], [ -44.487263, -23.015238699320353 ], [ -44.4858137, -23.013726899320389 ], [ -44.4843644, -23.010881099320468 ], [ -44.484557600000024, -23.009013499320471 ], [ -44.482196400000021, -23.007565799320542 ], [ -44.4792435, -23.006434499320573 ], [ -44.4762483, -23.006078699320543 ], [ -44.475765200000012, -23.007590599320555 ], [ -44.4750889, -23.008302099320488 ], [ -44.473736200000019, -23.008924599320501 ], [ -44.471513899999977, -23.009813999320496 ], [ -44.470644400000026, -23.011592599320409 ], [ -44.469291699999985, -23.011503699320428 ], [ -44.4684221, -23.010525399320461 ], [ -44.463406299999974, -23.008436299320529 ], [ -44.4617553, -23.007946399320499 ], [ -44.458856700000013, -23.00963609932051 ], [ -44.458856700000013, -23.010703299320451 ], [ -44.4580838, -23.012215199320426 ], [ -44.4591466, -23.013282299320416 ], [ -44.459436499999974, -23.014349499320357 ], [ -44.4593714, -23.015960999320352 ], [ -44.4597263, -23.017195199320312 ], [ -44.459919599999971, -23.018173399320315 ], [ -44.4585669, -23.016483799320334 ], [ -44.4576007, -23.017106299320339 ], [ -44.455861500000026, -23.017017399320309 ], [ -44.453929099999975, -23.016305899320347 ], [ -44.452383199999979, -23.016572699320317 ], [ -44.4509339, -23.017639899320304 ], [ -44.450933899999988, -23.018973799320303 ], [ -44.450257599999986, -23.020841199320238 ], [ -44.449388, -23.021997299320212 ], [ -44.448904899999988, -23.025554199320123 ], [ -44.4477455, -23.025998799320142 ], [ -44.4467793, -23.026176699320107 ], [ -44.445619799999974, -23.027154799320087 ], [ -44.443977299999972, -23.026799099320105 ], [ -44.441948299999979, -23.027154799320087 ], [ -44.4402091, -23.026621299320091 ], [ -44.439822600000014, -23.024487099320133 ], [ -44.438276700000017, -23.023775799320173 ], [ -44.437117300000018, -23.022797599320175 ], [ -44.4355713, -23.021819399320229 ], [ -44.434315299999973, -23.021997299320212 ], [ -44.4325761, -23.021641599320208 ], [ -44.4314167, -23.02093019932024 ], [ -44.431223400000015, -23.019951999320231 ], [ -44.432286299999987, -23.020218799320244 ], [ -44.4338322, -23.020040899320271 ], [ -44.4346051, -23.019507399320272 ], [ -44.434895, -23.018173499320266 ], [ -44.436054399999982, -23.019062699320269 ], [ -44.436924, -23.02084129932021 ], [ -44.438276700000017, -23.0215526993202 ], [ -44.440499, -23.021107999320257 ], [ -44.4412719, -23.020129799320245 ], [ -44.44136850000001, -23.018618099320303 ], [ -44.44136850000001, -23.01790669932031 ], [ -44.4410042, -23.016390399320315 ], [ -44.4416584, -23.015594499320365 ], [ -44.443687399999988, -23.015327799320374 ], [ -44.444557, -23.01426059932038 ], [ -44.445329899999983, -23.013549199320394 ], [ -44.446489400000011, -23.01292659932043 ], [ -44.446586, -23.012215199320426 ], [ -44.445716399999981, -23.011770499320452 ], [ -44.445136699999978, -23.011147999320443 ], [ -44.445329899999983, -23.010347599320461 ], [ -44.44475019999998, -23.009191499320472 ], [ -44.444073899999985, -23.008924699320517 ], [ -44.443590799999974, -23.008035399320491 ], [ -44.443687399999988, -23.007145999320517 ], [ -44.4429144, -23.005723099320598 ], [ -44.437407099999973, -23.001543099320656 ], [ -44.435474699999979, -23.001276299320647 ], [ -44.4345085, -23.001898799320646 ], [ -44.433445600000027, -23.001809899320683 ], [ -44.433301700000015, -23.00048019932073 ], [ -44.431803100000018, -22.998696999320732 ], [ -44.430547, -22.998696999320732 ], [ -44.429677500000025, -22.999586399320719 ], [ -44.428904499999987, -22.999586399320719 ], [ -44.428324799999984, -23.000031099320712 ], [ -44.4270687, -22.999942199320724 ], [ -44.4259093, -22.998785999320727 ], [ -44.4254262, -22.99771869932076 ], [ -44.4262958, -22.997540799320785 ], [ -44.4274552, -22.997185099320802 ], [ -44.4281315, -22.996473499320757 ], [ -44.428131500000013, -22.995228299320829 ], [ -44.428904499999987, -22.995495199320803 ], [ -44.4295808, -22.994961499320798 ], [ -44.4296774, -22.993805199320846 ], [ -44.430740300000032, -22.993538399320844 ], [ -44.431706500000011, -22.994427799320807 ], [ -44.433059099999973, -22.994338899320827 ], [ -44.434991500000024, -22.994694699320853 ], [ -44.436923900000011, -22.995317299320821 ], [ -44.438566499999965, -22.995761999320813 ], [ -44.440209, -22.995939799320769 ], [ -44.440788699999977, -22.994783599320826 ], [ -44.441078600000026, -22.993805199320846 ], [ -44.44136850000001, -22.992559999320893 ], [ -44.440692099999971, -22.991225799320908 ], [ -44.439242799999981, -22.990692199320929 ], [ -44.4384698, -22.989268999320927 ], [ -44.4372138, -22.989180099320944 ], [ -44.4357645, -22.988646399320967 ], [ -44.43450840000002, -22.985533299321013 ], [ -44.435957700000017, -22.985444299321024 ], [ -44.437020500000017, -22.984910599321037 ], [ -44.4373104, -22.98402109932108 ], [ -44.4367307, -22.983309499321098 ], [ -44.435571200000027, -22.98206419932114 ], [ -44.435667799999983, -22.980640999321132 ], [ -44.435088099999973, -22.979662499321197 ], [ -44.4327692, -22.9797514993212 ], [ -44.4317064, -22.979128799321195 ], [ -44.43141659999997, -22.977705599321201 ], [ -44.432382800000028, -22.977171799321237 ], [ -44.4321895, -22.975926499321272 ], [ -44.433155699999979, -22.975837499321269 ], [ -44.4343152, -22.975748599321239 ], [ -44.4352814, -22.975303799321274 ], [ -44.435861100000018, -22.974236299321269 ], [ -44.436054300000016, -22.973435699321296 ], [ -44.4373104, -22.973880499321307 ], [ -44.437600200000013, -22.973168799321304 ], [ -44.4373104, -22.971745499321354 ], [ -44.436923900000011, -22.970500099321356 ], [ -44.436247499999972, -22.968987799321386 ], [ -44.435941, -22.967915499321428 ], [ -44.435764399999989, -22.967297599321455 ], [ -44.436054300000016, -22.966229999321474 ], [ -44.43547460000002, -22.96436179932153 ], [ -44.434025299999981, -22.96311629932157 ], [ -44.4322861, -22.963027399321536 ], [ -44.430933400000015, -22.96213779932156 ], [ -44.429290900000012, -22.962315699321536 ], [ -44.427938200000028, -22.962493599321576 ], [ -44.428034799999978, -22.963383199321555 ], [ -44.426972, -22.963294299321529 ], [ -44.426005799999977, -22.962493599321576 ], [ -44.426102399999984, -22.961337099321572 ], [ -44.427165199999983, -22.961248099321569 ], [ -44.427744899999986, -22.959735699321648 ], [ -44.428149899999987, -22.958463699321648 ], [ -44.427648299999987, -22.956977699321676 ], [ -44.42658549999998, -22.956799799321701 ], [ -44.424943, -22.956265999321744 ], [ -44.424823399999973, -22.956221999321734 ], [ -44.4234937, -22.955732199321716 ], [ -44.422624100000014, -22.956088099321697 ], [ -44.4220444, -22.955109399321742 ], [ -44.424556499999987, -22.954041799321764 ], [ -44.4250396, -22.95324109932179 ], [ -44.423976700000026, -22.95163959932183 ], [ -44.422817300000027, -22.950482999321853 ], [ -44.420401799999979, -22.948970499321842 ], [ -44.418372799999979, -22.94763589932192 ], [ -44.4179863, -22.945945399321978 ], [ -44.416247100000021, -22.945322499321936 ], [ -44.415426599999982, -22.944433599322 ], [ -44.414604600000018, -22.943542999321973 ], [ -44.412962, -22.942208399322055 ], [ -44.412382299999983, -22.941763499322011 ], [ -44.411319499999983, -22.941674499322016 ], [ -44.410643199999974, -22.942920199322003 ], [ -44.410063499999985, -22.944254799321982 ], [ -44.4098702, -22.945322599321958 ], [ -44.411029699999965, -22.946301299321966 ], [ -44.4107398, -22.947546899321935 ], [ -44.409305500000016, -22.948893399321854 ], [ -44.4088074, -22.949949199321829 ], [ -44.4083243, -22.951194799321833 ], [ -44.409483799999975, -22.951550699321789 ], [ -44.410160099999985, -22.950660999321851 ], [ -44.4104499, -22.949771199321837 ], [ -44.4114161, -22.948881499321896 ], [ -44.412479, -22.948525599321862 ], [ -44.413348499999969, -22.949326399321887 ], [ -44.4155708, -22.950927899321837 ], [ -44.416247199999972, -22.952440399321784 ], [ -44.415764099999983, -22.95395279932179 ], [ -44.414508, -22.954486699321759 ], [ -44.413155300000021, -22.954219799321727 ], [ -44.4102567, -22.954041799321786 ], [ -44.4084209, -22.95324109932179 ], [ -44.406971600000013, -22.953419099321778 ], [ -44.4051359, -22.952885199321816 ], [ -44.404749400000014, -22.952084499321803 ], [ -44.403010199999983, -22.952084499321803 ], [ -44.401850799999963, -22.952796299321772 ], [ -44.399821799999984, -22.953063199321743 ] ] ] } },
{ "type": "Feature", "properties": { "NUCOMPTREC": 24.929, "NUDISTBACT": null, "NUDISTCDAG": null, "NUAREACONT": 36.419, "NUAREAMONT": 36.419, "NUDISTBACC": null, "NUAREABACC": null, "NUCOMPCDA": null, "Shape__Len": 0, "OBJECTID": 45099, "ID": 111846, "COTRECHO": 111846, "COCURSODAG": null, "COBACIA": "77939311", "NOGENERICO": null, "NOLIGACAO": null, "NOESPECIF": null, "NORIOCOMP": null, "NOORIGINAL": null, "COCDADESAG": null, "NUTRJUS": 111844, "NUORDEMCDA": null, "NUNIVOTTO": 8, "NUNIVOTCDA": null, "NUSTRAHLER": null, "DEDOMINIAL": "Linha de Costa", "DSVERSAO": "BHO bho_2017_v_01_05_50k de 2018-06-22" }, "geometry": { "type": "MultiLineString", "coordinates": [ [ [ -44.669812, -23.055957899319427 ], [ -44.668715399999989, -23.054983699319429 ], [ -44.666493100000018, -23.053827999319481 ], [ -44.664754, -23.053561299319494 ], [ -44.6635946, -23.054450299319434 ], [ -44.662241900000026, -23.054894799319449 ], [ -44.661855399999979, -23.056406199319451 ], [ -44.660792599999979, -23.056317299319399 ], [ -44.660792599999979, -23.055517199319432 ], [ -44.659729799999972, -23.054539199319489 ], [ -44.658763599999986, -23.053739099319458 ], [ -44.6575075, -23.053116799319486 ], [ -44.656444799999967, -23.05310409931948 ], [ -44.6554785, -23.054183599319451 ], [ -44.655285199999973, -23.055606099319412 ], [ -44.6537682, -23.055363999319439 ], [ -44.652869699999989, -23.05658399931939 ], [ -44.651227199999987, -23.056850699319401 ], [ -44.6501644, -23.056050599319409 ], [ -44.64900490000003, -23.055072699319425 ], [ -44.647652300000011, -23.053916899319471 ], [ -44.647942100000016, -23.052405599319503 ], [ -44.648038699999965, -23.050449599319528 ], [ -44.648521800000019, -23.049382799319567 ], [ -44.646686, -23.048049199319596 ], [ -44.6452367, -23.04716009931963 ], [ -44.6442705, -23.047604599319619 ], [ -44.64388409999998, -23.048849299319563 ], [ -44.6421449, -23.048226999319592 ], [ -44.639632800000015, -23.048226999319592 ], [ -44.637990199999983, -23.049116099319566 ], [ -44.637313899999981, -23.049916199319558 ], [ -44.637700400000021, -23.050983099319534 ], [ -44.63857, -23.052405599319503 ], [ -44.637990399999978, -23.052885799319512 ], [ -44.6343187, -23.051249799319521 ], [ -44.63006739999998, -23.049827299319578 ], [ -44.6277485, -23.048760499319606 ], [ -44.625429600000018, -23.047071199319632 ], [ -44.6216615, -23.045204199319674 ], [ -44.6185696, -23.044581799319687 ], [ -44.61673380000002, -23.044937399319654 ], [ -44.613738599999969, -23.047071299319651 ], [ -44.614511600000014, -23.04813819931957 ], [ -44.614704800000027, -23.049471799319562 ], [ -44.6143184, -23.050805399319547 ], [ -44.614511600000014, -23.051872199319504 ], [ -44.612675799999977, -23.050627499319571 ], [ -44.611999500000024, -23.049293999319541 ], [ -44.611516400000021, -23.048582699319592 ], [ -44.6103569, -23.048493799319623 ], [ -44.609100899999987, -23.049293999319548 ], [ -44.609487399999971, -23.050005199319543 ], [ -44.608329200000014, -23.050371899319565 ], [ -44.6071685, -23.049382899319593 ], [ -44.60571920000001, -23.049471799319562 ], [ -44.60426990000002, -23.048227099319604 ], [ -44.60224090000002, -23.048315999319609 ], [ -44.59924560000001, -23.047871499319587 ], [ -44.597699700000014, -23.046271099319654 ], [ -44.596830099999977, -23.045826599319657 ], [ -44.595670700000028, -23.045915499319641 ], [ -44.594795, -23.046237799319616 ], [ -44.594221399999981, -23.046448999319644 ], [ -44.593062, -23.047782599319614 ], [ -44.5928687, -23.048760599319568 ], [ -44.591516, -23.049293999319548 ], [ -44.590549800000019, -23.049560699319546 ], [ -44.589970100000016, -23.051249899319544 ], [ -44.5904532, -23.053383599319499 ], [ -44.593641699999978, -23.055428399319414 ], [ -44.593158599999974, -23.057028699319396 ], [ -44.5944147, -23.058362199319344 ], [ -44.595767299999984, -23.058895599319392 ], [ -44.596733500000028, -23.058806699319351 ], [ -44.598182899999983, -23.05987349931932 ], [ -44.599438899999988, -23.061029099319288 ], [ -44.5995355, -23.06191809931931 ], [ -44.600598400000024, -23.062540399319268 ], [ -44.600115300000027, -23.063518299319242 ], [ -44.5990524, -23.063873899319223 ], [ -44.5977964, -23.06396279931926 ], [ -44.5972167, -23.064585099319224 ], [ -44.595864, -23.06414059931922 ], [ -44.59470449999997, -23.063429399319265 ], [ -44.5952843, -23.062807099319254 ], [ -44.5943181, -23.061829199319259 ], [ -44.593448500000015, -23.060584699319314 ], [ -44.591033, -23.059073399319342 ], [ -44.589583699999984, -23.058717799319371 ], [ -44.5886175, -23.059251199319352 ], [ -44.5883276, -23.05987349931932 ], [ -44.586685100000011, -23.059695699319363 ], [ -44.58436619999997, -23.058984499319362 ], [ -44.583883099999987, -23.058362199319344 ], [ -44.58436619999997, -23.05809549931935 ], [ -44.5855256, -23.058095499319361 ], [ -44.585912099999973, -23.057295399319379 ], [ -44.5841729, -23.056939799319398 ], [ -44.582240500000012, -23.056228599319429 ], [ -44.579438599999989, -23.055250599319457 ], [ -44.5779893, -23.054361599319453 ], [ -44.577796, -23.052405699319511 ], [ -44.577023100000019, -23.050538699319571 ], [ -44.57740949999998, -23.049649699319541 ], [ -44.576250099999974, -23.048582799319615 ], [ -44.574221099999988, -23.048493899319581 ], [ -44.572095400000023, -23.048493899319581 ], [ -44.570549500000027, -23.048138299319621 ], [ -44.569100199999973, -23.046982499319636 ], [ -44.56707119999998, -23.044137399319698 ], [ -44.5655253, -23.043603899319695 ], [ -44.564076, -23.04369279931969 ], [ -44.561950299999971, -23.042714799319729 ], [ -44.561757100000023, -23.041558999319754 ], [ -44.5616605, -23.040936599319782 ], [ -44.560404399999975, -23.039425099319821 ], [ -44.5576024, -23.037824599319862 ], [ -44.555863199999969, -23.036846599319855 ], [ -44.554220699999973, -23.037024399319861 ], [ -44.553641, -23.037646799319855 ], [ -44.5523849, -23.038447099319811 ], [ -44.551805199999983, -23.037646799319848 ], [ -44.5497762, -23.036757699319871 ], [ -44.547940400000016, -23.035157199319915 ], [ -44.544558699999975, -23.033378899319946 ], [ -44.5397277, -23.031333799320013 ], [ -44.5333508, -23.028844099320047 ], [ -44.53054880000002, -23.027865999320088 ], [ -44.52794, -23.027154599320102 ], [ -44.5247516, -23.027332399320048 ], [ -44.5217564, -23.028221699320074 ], [ -44.5212841, -23.028321999320067 ] ] ] } },
{ "type": "Feature", "properties": { "NUCOMPTREC": 41.274, "NUDISTBACT": null, "NUDISTCDAG": null, "NUAREACONT": 160.122, "NUAREAMONT": 160.122, "NUDISTBACC": null, "NUAREABACC": null, "NUCOMPCDA": null, "Shape__Len": 0, "OBJECTID": 45139, "ID": 111837, "COTRECHO": 111837, "COCURSODAG": null, "COBACIA": "7793915", "NOGENERICO": null, "NOLIGACAO": null, "NOESPECIF": null, "NORIOCOMP": null, "NOORIGINAL": null, "COCDADESAG": null, "NUTRJUS": 3282, "NUORDEMCDA": null, "NUNIVOTTO": 7, "NUNIVOTCDA": null, "NUSTRAHLER": null, "DEDOMINIAL": "Linha de Costa", "DSVERSAO": "BHO bho_2017_v_01_05_50k de 2018-06-22" }, "geometry": { "type": "MultiLineString", "coordinates": [ [ [ -44.080696400000022, -22.960528399321593 ], [ -44.0804928, -22.959825499321649 ], [ -44.07943, -22.957067499321685 ], [ -44.077497600000015, -22.954754399321761 ], [ -44.075830699999983, -22.953461899321749 ], [ -44.075661799999978, -22.953330899321791 ], [ -44.07469559999997, -22.9524411993218 ], [ -44.071410500000013, -22.951551499321805 ], [ -44.068511899999969, -22.951462499321796 ], [ -44.0668693, -22.950483799321812 ], [ -44.0663862, -22.949949999321838 ], [ -44.063487599999966, -22.950216899321838 ], [ -44.061845100000021, -22.949327199321889 ], [ -44.061555199999987, -22.947369799321905 ], [ -44.061265400000025, -22.946568999321947 ], [ -44.0596228, -22.946124199321911 ], [ -44.0586566, -22.944967499321979 ], [ -44.057304, -22.944967499321979 ], [ -44.055564800000013, -22.944967499321979 ], [ -44.05498510000001, -22.943810799321984 ], [ -44.054119399999983, -22.942621699322025 ], [ -44.052279699999985, -22.942565199322008 ], [ -44.050927, -22.942654099322031 ], [ -44.0488014, -22.941764399322047 ], [ -44.045902800000015, -22.943899799321986 ], [ -44.0431008, -22.946480099321903 ], [ -44.0409752, -22.948170599321926 ], [ -44.0399124, -22.951106699321841 ], [ -44.0405887, -22.953597899321743 ], [ -44.042714400000023, -22.953597899321743 ], [ -44.044260300000012, -22.954665499321724 ], [ -44.0457096, -22.95653379932169 ], [ -44.045902800000015, -22.958135199321678 ], [ -44.0440671, -22.959647699321632 ], [ -44.04194139999997, -22.961071099321614 ], [ -44.042038, -22.963473099321533 ], [ -44.0434874, -22.965074499321513 ], [ -44.044743400000023, -22.965697199321507 ], [ -44.0475454, -22.970945799321346 ], [ -44.049574399999976, -22.971924399321313 ], [ -44.053052799999989, -22.973792399321276 ], [ -44.0536325, -22.975838399321255 ], [ -44.054716, -22.977175999321208 ], [ -44.0550963, -22.979189099321161 ], [ -44.0564273, -22.980589599321128 ], [ -44.055951900000018, -22.98190249932113 ], [ -44.054240600000014, -22.982427599321092 ], [ -44.0524343, -22.98216509932108 ], [ -44.051388499999973, -22.98312789932109 ], [ -44.049867300000017, -22.983215399321093 ], [ -44.0479659, -22.984440699321052 ], [ -44.0464447, -22.984965899321075 ], [ -44.0448285, -22.98470329932103 ], [ -44.042736900000023, -22.984790899321069 ], [ -44.041310800000019, -22.983740599321063 ], [ -44.039979800000012, -22.983390499321064 ], [ -44.0384586, -22.982690299321099 ], [ -44.0372226, -22.981902499321102 ], [ -44.0357015, -22.981990099321131 ], [ -44.0341803, -22.980589599321128 ], [ -44.033514799999978, -22.980239499321151 ], [ -44.033324699999973, -22.98163999932116 ], [ -44.032469, -22.979539299321168 ], [ -44.033229600000027, -22.978839099321199 ], [ -44.0326592, -22.97726359932123 ], [ -44.0328493, -22.973674799321333 ], [ -44.033134500000017, -22.971573999321329 ], [ -44.031993600000014, -22.968947999321433 ], [ -44.0318985, -22.967197299321466 ], [ -44.0315182, -22.965709199321477 ], [ -44.030662600000028, -22.964396099321508 ], [ -44.0282858, -22.963433199321532 ], [ -44.0258139, -22.962820399321565 ], [ -44.024863200000027, -22.963083099321548 ], [ -44.024292699999975, -22.964483699321534 ], [ -44.023151900000023, -22.963870899321542 ], [ -44.0214406, -22.963170599321565 ], [ -44.021155299999975, -22.961507399321608 ], [ -44.023532100000011, -22.960894599321616 ], [ -44.023912399999972, -22.958968699321666 ], [ -44.023246900000011, -22.956955199321666 ], [ -44.022201100000018, -22.955817199321725 ], [ -44.02058490000001, -22.955291899321754 ], [ -44.019158800000021, -22.954328899321752 ], [ -44.018968599999987, -22.952840699321818 ], [ -44.015736199999985, -22.951790099321787 ], [ -44.014500199999986, -22.951352399321841 ], [ -44.0132643, -22.95187769932182 ], [ -44.012693800000022, -22.950564499321814 ], [ -44.011077600000014, -22.949076199321855 ], [ -44.011553, -22.948200699321863 ], [ -44.012598799999978, -22.948113099321887 ], [ -44.012693800000022, -22.947062599321896 ], [ -44.01221850000001, -22.945924399321964 ], [ -44.0079402, -22.943560599322005 ], [ -44.006038699999976, -22.942597499321998 ], [ -44.003702799999985, -22.942597499321998 ], [ -44.00119, -22.942597499321998 ], [ -43.9976724, -22.94242239932202 ], [ -43.990446799999965, -22.940671399322056 ], [ -43.9896862, -22.939270499322109 ], [ -43.990161600000022, -22.938394999322128 ], [ -43.990446799999965, -22.937081699322167 ], [ -43.989210899999989, -22.936030999322185 ], [ -43.9878799, -22.935593199322206 ], [ -43.986739, -22.935593199322206 ], [ -43.983601599999986, -22.934980299322199 ], [ -43.982460699999983, -22.933316699322219 ], [ -43.9812248, -22.932703799322258 ], [ -43.978087399999986, -22.931915799322276 ], [ -43.975330299999989, -22.932090899322251 ], [ -43.971622400000015, -22.932703899322224 ], [ -43.968485, -22.933229199322259 ], [ -43.966393499999988, -22.934805299322196 ], [ -43.9656329, -22.934805299322196 ], [ -43.9633511, -22.933491899322206 ], [ -43.961069399999985, -22.932878999322245 ], [ -43.958407299999976, -22.930689999322318 ], [ -43.9561256, -22.930077099322304 ], [ -43.954889700000024, -22.928676199322322 ], [ -43.955079800000021, -22.928063199322345 ], [ -43.9522276, -22.927800499322355 ], [ -43.9515621, -22.927275199322374 ], [ -43.948614899999988, -22.927450299322341 ], [ -43.9444317, -22.929026399322332 ], [ -43.942181800000014, -22.93040789932229 ], [ -43.941579499999989, -22.930777599322283 ], [ -43.939678099999966, -22.930690099322288 ], [ -43.936825899999974, -22.930339799322322 ], [ -43.9350195, -22.92955179932234 ], [ -43.933783600000027, -22.92955179932234 ], [ -43.932547600000014, -22.929201599322326 ], [ -43.93083630000001, -22.929902099322302 ], [ -43.929029899999989, -22.929726899322308 ], [ -43.9275088, -22.92911399932234 ], [ -43.92665310000001, -22.929814499322326 ], [ -43.9247517, -22.930427399322276 ], [ -43.9230404, -22.929989599322298 ], [ -43.921424100000024, -22.93007719932233 ], [ -43.919998, -22.93007719932233 ], [ -43.918857199999984, -22.929726999322323 ], [ -43.917336, -22.930514999322313 ], [ -43.9155296, -22.930865299322281 ], [ -43.9135331, -22.931127899322256 ], [ -43.9108711, -22.931478199322282 ], [ -43.908209, -22.930514999322323 ], [ -43.904311099999966, -22.929026499322347 ], [ -43.904691300000025, -22.927975799322368 ], [ -43.901839199999984, -22.926662399322389 ], [ -43.8985116, -22.925786699322408 ], [ -43.898131299999989, -22.925173799322398 ], [ -43.8968954, -22.925173799322398 ], [ -43.896229899999973, -22.924648399322439 ], [ -43.896515099999981, -22.923947899322421 ], [ -43.894518600000012, -22.922984699322459 ], [ -43.892427, -22.923072299322463 ], [ -43.891286099999988, -22.922634499322481 ], [ -43.889764899999982, -22.921671299322501 ], [ -43.8886241, -22.922371799322494 ], [ -43.8871029, -22.922196699322459 ], [ -43.885581699999982, -22.922459399322467 ], [ -43.8829197, -22.921671299322512 ], [ -43.8817788, -22.920270199322527 ], [ -43.881018200000035, -22.916242099322591 ], [ -43.87976290000001, -22.912484199322705 ], [ -43.879497099999973, -22.911688499322754 ], [ -43.875313899999981, -22.908185499322805 ], [ -43.872081400000013, -22.905908599322835 ], [ -43.8690391, -22.905383199322891 ], [ -43.8678031, -22.905207999322894 ], [ -43.866947499999981, -22.904507399322892 ], [ -43.864380499999974, -22.903981899322925 ], [ -43.859817, -22.902755899322916 ], [ -43.857155, -22.902493099322953 ], [ -43.8524964, -22.903106199322952 ], [ -43.852401400000012, -22.904419899322882 ], [ -43.8512605, -22.904770199322854 ], [ -43.850024599999983, -22.904594999322864 ], [ -43.848978699999975, -22.903631699322922 ], [ -43.847077300000031, -22.902843499322945 ], [ -43.8454757, -22.902248599322959 ], [ -43.8424187, -22.902230399322942 ], [ -43.840422199999978, -22.902931099322913 ], [ -43.8397567, -22.903894399322919 ], [ -43.8383306, -22.903719299322901 ], [ -43.837950299999981, -22.904682599322904 ], [ -43.8383306, -22.906346599322841 ], [ -43.84004190000001, -22.906871999322853 ], [ -43.840389800000025, -22.907459399322821 ] ] ] } },
{ "type": "Feature", "properties": { "NUCOMPTREC": 26.213, "NUDISTBACT": null, "NUDISTCDAG": null, "NUAREACONT": 35.133, "NUAREAMONT": 35.133, "NUDISTBACC": null, "NUAREABACC": null, "NUCOMPCDA": null, "Shape__Len": 0, "OBJECTID": 45162, "ID": 111838, "COTRECHO": 111838, "COCURSODAG": null, "COBACIA": "77939175", "NOGENERICO": null, "NOLIGACAO": null, "NOESPECIF": null, "NORIOCOMP": null, "NOORIGINAL": null, "COCDADESAG": null, "NUTRJUS": 11570, "NUORDEMCDA": null, "NUNIVOTTO": 8, "NUNIVOTCDA": null, "NUSTRAHLER": null, "DEDOMINIAL": "Linha de Costa", "DSVERSAO": "BHO bho_2017_v_01_05_50k de 2018-06-22" }, "geometry": { "type": "MultiLineString", "coordinates": [ [ [ -44.399821799999984, -22.953063199321743 ], [ -44.400788, -22.954842599321747 ], [ -44.3995319, -22.955643299321743 ], [ -44.397696100000012, -22.95555429932174 ], [ -44.396150200000022, -22.955020499321726 ], [ -44.3922854, -22.954219799321727 ], [ -44.3918989, -22.952084499321803 ], [ -44.389483400000017, -22.952084499321803 ], [ -44.387164499999976, -22.953241199321752 ], [ -44.385328800000025, -22.953863999321761 ], [ -44.384266, -22.955198499321725 ], [ -44.3819471, -22.956355099321698 ], [ -44.3799181, -22.957333699321666 ], [ -44.378275499999965, -22.957956499321682 ], [ -44.3784688, -22.961070299321594 ], [ -44.379724800000012, -22.96213789932159 ], [ -44.381464, -22.965073699321508 ], [ -44.3835896, -22.965518499321469 ], [ -44.3861018, -22.966674999321476 ], [ -44.387454499999983, -22.969610599321413 ], [ -44.3861018, -22.969521699321373 ], [ -44.385908500000021, -22.970589199321381 ], [ -44.385328800000025, -22.972190399321335 ], [ -44.384362599999967, -22.972724199321338 ], [ -44.3835897, -22.972546299321305 ], [ -44.3820437, -22.970500199321386 ], [ -44.381367399999981, -22.968454199321418 ], [ -44.3804978, -22.96729769932147 ], [ -44.379435, -22.968098299321444 ], [ -44.3784688, -22.968987899321409 ], [ -44.3787587, -22.970233399321369 ], [ -44.377212699999973, -22.970411299321416 ], [ -44.376439800000021, -22.968454199321425 ], [ -44.3744107, -22.967653499321418 ], [ -44.373541199999963, -22.966674999321476 ], [ -44.373831, -22.965874299321477 ], [ -44.3748938, -22.965696399321502 ], [ -44.374700599999969, -22.964095099321536 ], [ -44.375280299999979, -22.96284959932159 ], [ -44.3747998, -22.962001299321582 ], [ -44.3744107, -22.960714499321607 ], [ -44.373058, -22.959379999321644 ], [ -44.3717054, -22.958846199321631 ], [ -44.3703527, -22.960269599321617 ], [ -44.3687102, -22.960892399321569 ], [ -44.366777800000023, -22.960803399321573 ], [ -44.365908199999964, -22.959379999321644 ], [ -44.363975799999984, -22.958045499321678 ], [ -44.36329940000001, -22.955643399321701 ], [ -44.362429799999973, -22.955109599321755 ], [ -44.361367, -22.955465499321726 ], [ -44.361367, -22.956444099321697 ], [ -44.360883899999976, -22.957333799321695 ], [ -44.359724500000027, -22.957867599321649 ], [ -44.359144800000017, -22.956799999321671 ], [ -44.357888699999982, -22.95519859932174 ], [ -44.356536, -22.95439779932174 ], [ -44.354507, -22.953419199321765 ], [ -44.3529611, -22.952351499321818 ], [ -44.352767799999967, -22.95083899932181 ], [ -44.354217100000028, -22.950305199321846 ], [ -44.353154300000021, -22.948436799321907 ], [ -44.352091499999972, -22.94754699932189 ], [ -44.3504489, -22.947102199321936 ], [ -44.349676, -22.946034499321932 ], [ -44.350255699999984, -22.945055799321935 ], [ -44.3504489, -22.944165999321967 ], [ -44.352091499999972, -22.944254999321981 ], [ -44.352864399999987, -22.943899099321996 ], [ -44.355407800000023, -22.94439519932196 ], [ -44.3576954, -22.944521899321956 ], [ -44.358951499999982, -22.944165999321967 ], [ -44.3597244, -22.942653399321994 ], [ -44.3611737, -22.941496699322059 ], [ -44.362912900000026, -22.941318699322061 ], [ -44.363975700000026, -22.940873799322077 ], [ -44.365713099999986, -22.941421599322062 ], [ -44.3656183, -22.94229749932202 ], [ -44.364362200000016, -22.942653399321994 ], [ -44.364555399999979, -22.943721099322005 ], [ -44.364555399999979, -22.944966799321943 ], [ -44.365908100000013, -22.945678599321965 ], [ -44.3672608, -22.946479299321947 ], [ -44.365908100000013, -22.946479299321947 ], [ -44.366584499999981, -22.947813899321922 ], [ -44.368033799999971, -22.948525699321891 ], [ -44.3690966, -22.948169799321906 ], [ -44.369579699999967, -22.949059599321867 ], [ -44.370642499999981, -22.948703699321882 ], [ -44.370545900000032, -22.947724999321906 ], [ -44.370062800000028, -22.946212399321912 ], [ -44.369676299999981, -22.944877799321937 ], [ -44.36871009999998, -22.943898999321977 ], [ -44.3689033, -22.942653399321994 ], [ -44.3690643, -22.942431099322036 ], [ -44.369676299999973, -22.941585599322035 ], [ -44.370545900000032, -22.941763599322044 ], [ -44.371705299999974, -22.941585599322035 ], [ -44.372091800000028, -22.940517899322032 ], [ -44.372091800000021, -22.939183199322105 ], [ -44.370545900000025, -22.938115499322098 ], [ -44.3685168, -22.93651379932215 ], [ -44.367067500000012, -22.934467299322197 ], [ -44.364362200000016, -22.934200299322207 ], [ -44.362623, -22.933399499322235 ], [ -44.3616568, -22.932598599322251 ], [ -44.360207499999987, -22.932598599322251 ], [ -44.360497399999979, -22.931975699322273 ], [ -44.3612703, -22.931530799322289 ], [ -44.362912900000026, -22.931530799322289 ], [ -44.364458800000016, -22.931797799322286 ], [ -44.366681099999987, -22.931352799322287 ], [ -44.367164100000018, -22.930107099322278 ], [ -44.3668743, -22.929217199322309 ], [ -44.365231699999974, -22.929128199322303 ], [ -44.363589199999971, -22.929039199322311 ], [ -44.361946699999969, -22.92814939932234 ], [ -44.3617534, -22.927081499322362 ], [ -44.3608838, -22.9260136993224 ], [ -44.3623331, -22.926102699322392 ], [ -44.364072299999968, -22.9260136993224 ], [ -44.364941900000019, -22.925657699322397 ], [ -44.364941900000019, -22.924767799322417 ], [ -44.363589199999971, -22.924233899322417 ], [ -44.362623, -22.924856799322423 ], [ -44.36185, -22.92512379932241 ], [ -44.3613669, -22.924233899322417 ], [ -44.359337900000021, -22.92387799932245 ], [ -44.358565, -22.924856899322439 ], [ -44.358468300000027, -22.926369599322371 ], [ -44.358565, -22.927704499322378 ], [ -44.357308900000028, -22.928683299322334 ], [ -44.355376499999977, -22.929662199322305 ], [ -44.354120500000029, -22.931441899322255 ], [ -44.352671199999975, -22.930907999322276 ], [ -44.3524779, -22.929840099322284 ], [ -44.3526711, -22.928238399322346 ], [ -44.352284699999977, -22.927437499322366 ], [ -44.351221800000026, -22.927170599322388 ], [ -44.349772499999972, -22.92814939932234 ], [ -44.348226599999975, -22.927526499322362 ], [ -44.34813, -22.92592469932239 ], [ -44.347550300000016, -22.924500899322432 ], [ -44.347088199999973, -22.923736399322443 ], [ -44.345521299999966, -22.923433099322466 ], [ -44.3443618, -22.923255099322471 ], [ -44.343299, -22.924144999322458 ], [ -44.3416565, -22.924322999322452 ], [ -44.340013899999974, -22.923788999322447 ], [ -44.338854500000025, -22.924144999322451 ], [ -44.337984899999981, -22.925479799322414 ], [ -44.337501799999977, -22.927259599322394 ], [ -44.336535599999976, -22.92814939932234 ], [ -44.334313399999985, -22.927971499322368 ], [ -44.33267080000001, -22.929306299322327 ] ] ] } },
{ "type": "Feature", "properties": { "NUCOMPTREC": 0.204, "NUDISTBACT": null, "NUDISTCDAG": null, "NUAREACONT": 0.01, "NUAREAMONT": 0.01, "NUDISTBACC": null, "NUAREABACC": null, "NUCOMPCDA": null, "Shape__Len": 0, "OBJECTID": 45392, "ID": 11570, "COTRECHO": 11570, "COCURSODAG": null, "COBACIA": "77939173", "NOGENERICO": null, "NOLIGACAO": null, "NOESPECIF": null, "NORIOCOMP": null, "NOORIGINAL": null, "COCDADESAG": null, "NUTRJUS": 497, "NUORDEMCDA": null, "NUNIVOTTO": 8, "NUNIVOTCDA": null, "NUSTRAHLER": null, "DEDOMINIAL": "Linha de Costa", "DSVERSAO": "BHO bho_2017_v_01_05_50k de 2018-06-22" }, "geometry": { "type": "MultiLineString", "coordinates": [ [ [ -44.33267080000001, -22.929306299322327 ], [ -44.3309317, -22.930196099322298 ] ] ] } },
{ "type": "Feature", "properties": { "NUCOMPTREC": 38.468, "NUDISTBACT": 1120.053, "NUDISTCDAG": 0.0, "NUAREACONT": 135.828, "NUAREAMONT": 135.828, "NUDISTBACC": 1120.053, "NUAREABACC": 135.828, "NUCOMPCDA": 38.468, "Shape__Len": 0, "OBJECTID": 51019, "ID": 74421, "COTRECHO": 74421, "COCURSODAG": "7789998", "COBACIA": "7789998", "NOGENERICO": "Ribeirão", "NOLIGACAO": "das", "NOESPECIF": "Sete", "NORIOCOMP": "Ribeirão das Sete", "NOORIGINAL": "Ribeirão das Sete", "COCDADESAG": "778", "NUTRJUS": 20603, "NUORDEMCDA": 2, "NUNIVOTTO": 7, "NUNIVOTCDA": 7, "NUSTRAHLER": 1, "DEDOMINIAL": "Estadual", "DSVERSAO": "BHO bho_2017_v_01_05_50k de 2018-06-22" }, "geometry": { "type": "MultiLineString", "coordinates": [ [ [ -44.711474200000012, -22.852475599324073 ], [ -44.7110829, -22.852673799324076 ], [ -44.7103257, -22.853245999324081 ], [ -44.709036299999973, -22.85405279932403 ], [ -44.708715799999986, -22.854489599324065 ], [ -44.7086453, -22.854968299324025 ], [ -44.70870630000001, -22.855588199324018 ], [ -44.7089447, -22.855990699324014 ], [ -44.709333800000024, -22.856343499323973 ], [ -44.710373399999987, -22.857094999323998 ], [ -44.7108387, -22.857564199323981 ], [ -44.711203099999977, -22.858220399323937 ], [ -44.711254600000011, -22.858781099323949 ], [ -44.710896, -22.859204599323927 ], [ -44.7107262, -22.859507799323957 ], [ -44.710623199999986, -22.860039999323948 ], [ -44.710646100000012, -22.860320399323871 ], [ -44.710871199999985, -22.860636999323901 ], [ -44.711102, -22.860848699323917 ], [ -44.711344199999985, -22.861134799323874 ], [ -44.711630300000017, -22.861388499323866 ], [ -44.7118954, -22.861563999323874 ], [ -44.7127881, -22.861859599323882 ], [ -44.712942600000019, -22.861932099323848 ], [ -44.713059, -22.862031299323871 ], [ -44.713238600000011, -22.86213739932386 ], [ -44.713594899999975, -22.862347899323836 ], [ -44.714401699999989, -22.863108899323834 ], [ -44.714710700000012, -22.863850899323801 ], [ -44.7155118, -22.864312499323798 ], [ -44.715582400000024, -22.864602399323832 ], [ -44.7164254, -22.86504109932379 ], [ -44.7167134, -22.86523559932381 ], [ -44.717156, -22.865643799323781 ], [ -44.7176194, -22.865992799323784 ], [ -44.718205, -22.866620299323788 ], [ -44.718370900000025, -22.86674239932379 ], [ -44.719088199999987, -22.86709149932376 ], [ -44.720671200000027, -22.868598299323683 ], [ -44.720829499999965, -22.868653599323732 ], [ -44.721066099999966, -22.868838599323706 ], [ -44.7220598, -22.869424099323691 ], [ -44.722183799999982, -22.869468099323711 ], [ -44.722447, -22.869698799323679 ], [ -44.7226339, -22.869813199323694 ], [ -44.7235571, -22.870284399323673 ], [ -44.7240931, -22.870768799323663 ], [ -44.724133100000017, -22.87092709932368 ], [ -44.72440390000002, -22.871356299323661 ], [ -44.724835, -22.872260399323658 ], [ -44.725115399999986, -22.872979399323647 ], [ -44.725393899999979, -22.873399099323571 ], [ -44.7256418, -22.873585999323588 ], [ -44.726139699999976, -22.873826299323618 ], [ -44.726729, -22.874043699323611 ], [ -44.727133400000014, -22.874120099323612 ], [ -44.7280718, -22.874591199323575 ], [ -44.728834800000016, -22.874837199323579 ], [ -44.7291209, -22.875022299323572 ], [ -44.7290903, -22.875272099323578 ], [ -44.7291209, -22.875537199323549 ], [ -44.72922, -22.875695499323562 ], [ -44.729429900000014, -22.875918699323545 ], [ -44.729616799999974, -22.876216199323526 ], [ -44.729771299999982, -22.876717899323541 ], [ -44.729910500000017, -22.877015399323518 ], [ -44.730049800000018, -22.877202299323546 ], [ -44.730608599999975, -22.877749699323495 ], [ -44.730778400000013, -22.877965299323527 ], [ -44.7308489, -22.878222799323499 ], [ -44.730839399999972, -22.878607999323485 ], [ -44.7309634, -22.878888399323468 ], [ -44.731117900000022, -22.879105899323477 ], [ -44.73167669999998, -22.879666599323478 ], [ -44.731941899999974, -22.880013799323422 ], [ -44.732235600000024, -22.880498199323423 ], [ -44.732544599999983, -22.880887299323415 ], [ -44.7328708, -22.881230599323395 ], [ -44.733452600000021, -22.881728499323419 ], [ -44.733490599999982, -22.881945899323412 ], [ -44.7334601, -22.88224349932343 ], [ -44.733240799999976, -22.882649699323387 ], [ -44.733023300000013, -22.882851899323381 ], [ -44.7326266, -22.883023599323373 ], [ -44.73226039999998, -22.883239099323408 ], [ -44.732151699999967, -22.883370699323375 ], [ -44.7321288, -22.883664399323358 ], [ -44.732393899999977, -22.883849399323346 ], [ -44.73365660000001, -22.884511299323336 ], [ -44.734596899999985, -22.885157899323364 ], [ -44.7354037, -22.885764399323349 ], [ -44.736079, -22.886548299323319 ], [ -44.736513800000012, -22.886941299323283 ], [ -44.7369792, -22.887181599323306 ], [ -44.73793669999997, -22.887463899323286 ], [ -44.738190499999973, -22.887616499323251 ], [ -44.7385089, -22.888434699323266 ], [ -44.738640499999967, -22.888592999323276 ], [ -44.7389114, -22.888823899323224 ], [ -44.739386299999978, -22.888970699323274 ], [ -44.739588500000018, -22.889100399323251 ], [ -44.7404487, -22.890155199323207 ], [ -44.740727199999981, -22.890723499323176 ], [ -44.740889299999985, -22.891211799323216 ], [ -44.741246, -22.891637199323174 ], [ -44.7413242, -22.891814499323193 ], [ -44.741301299999975, -22.892049099323192 ], [ -44.74121359999998, -22.892171199323172 ], [ -44.7411202, -22.892215099323156 ], [ -44.741051500000026, -22.892396299323146 ], [ -44.7411278, -22.892554599323145 ], [ -44.741360499999985, -22.892689999323178 ], [ -44.741959399999978, -22.892920799323168 ], [ -44.742106200000023, -22.893058099323163 ], [ -44.7422684, -22.893309899323164 ], [ -44.7423923, -22.893576899323151 ], [ -44.7424153, -22.893721899323161 ], [ -44.7431992, -22.894873899323109 ], [ -44.74361110000001, -22.89531829932308 ], [ -44.743727499999977, -22.895390799323071 ], [ -44.7438419, -22.89558539932311 ], [ -44.744269200000012, -22.896109899323083 ], [ -44.74524, -22.896802299323063 ], [ -44.7455433, -22.897191399323052 ], [ -44.74565009999997, -22.897544199323075 ], [ -44.746518, -22.899266599322981 ], [ -44.746735399999977, -22.899627099322974 ], [ -44.746844099999969, -22.899712999323022 ], [ -44.746952899999989, -22.900002799322987 ], [ -44.747137899999984, -22.90019729932299 ], [ -44.747294300000021, -22.90045099932296 ], [ -44.747704399999968, -22.900948799322958 ], [ -44.748721, -22.902078099322939 ], [ -44.748803, -22.902272499322926 ], [ -44.749453399999986, -22.903222399322914 ], [ -44.749844399999972, -22.903987299322889 ], [ -44.750222099999974, -22.904561399322859 ], [ -44.750243099999977, -22.904578499322902 ], [ -44.7508249, -22.905122099322906 ], [ -44.7522649, -22.90698559932283 ], [ -44.7527284, -22.907655099322813 ], [ -44.7527989, -22.907771399322808 ], [ -44.752806599999978, -22.907857299322814 ], [ -44.752915299999984, -22.907943099322829 ], [ -44.753069799999984, -22.908160499322815 ], [ -44.7534112, -22.90870799932279 ], [ -44.754137899999989, -22.910159399322762 ], [ -44.754664400000024, -22.910872799322735 ], [ -44.754788299999966, -22.910987199322765 ], [ -44.7548494, -22.91113029932275 ], [ -44.755269, -22.911664299322723 ], [ -44.75529, -22.91175019932269 ], [ -44.7556085, -22.912089699322731 ], [ -44.757420500000016, -22.914391899322666 ], [ -44.757721899999972, -22.914960199322646 ], [ -44.757906900000016, -22.915583999322667 ], [ -44.758091900000011, -22.916045499322628 ], [ -44.758635500000025, -22.916873299322635 ], [ -44.759083700000012, -22.917311999322564 ], [ -44.7594004, -22.917542799322572 ], [ -44.759882899999972, -22.917760199322569 ], [ -44.760449400000027, -22.917928099322559 ], [ -44.7607737, -22.918135999322587 ], [ -44.761261900000022, -22.91856129932259 ], [ -44.762517, -22.919869799322555 ], [ -44.763083499999986, -22.92060599932255 ], [ -44.7631445, -22.920800599322529 ], [ -44.7631445, -22.921138199322481 ], [ -44.7628317, -22.921752299322488 ], [ -44.762677199999978, -22.922227299322465 ], [ -44.762707700000014, -22.922421799322457 ], [ -44.762799299999976, -22.922646899322483 ], [ -44.763110200000021, -22.923112299322494 ], [ -44.763838799999981, -22.923510899322459 ], [ -44.7661028, -22.924290999322423 ], [ -44.766568199999988, -22.924540899322441 ], [ -44.767165200000022, -22.925025299322442 ], [ -44.768475599999981, -22.926444399322378 ], [ -44.7692576, -22.927186399322348 ], [ -44.769650500000012, -22.927819599322387 ], [ -44.769822200000021, -22.927996999322357 ], [ -44.770156, -22.92819919932235 ], [ -44.7709552, -22.928561599322364 ], [ -44.771413, -22.928897299322362 ], [ -44.7715751, -22.92912419932232 ], [ -44.7716666, -22.929742199322334 ], [ -44.771853599999986, -22.930131299322326 ], [ -44.7719146, -22.930356399322296 ], [ -44.7720061, -22.931214699322286 ], [ -44.772153, -22.931554199322264 ], [ -44.7725726, -22.931517999322253 ], [ -44.773038, -22.931378699322259 ], [ -44.773286, -22.931216599322301 ], [ -44.773505300000011, -22.93097429932229 ], [ -44.774024100000013, -22.930648199322292 ], [ -44.7741729, -22.930608099322271 ], [ -44.774335, -22.930608099322271 ], [ -44.77455250000002, -22.930680599322297 ], [ -44.774762300000013, -22.930854199322283 ], [ -44.7748863, -22.930907599322317 ], [ -44.7753116, -22.930917099322279 ], [ -44.775422199999987, -22.930962899322278 ], [ -44.775483300000019, -22.931029699322295 ], [ -44.775450799999987, -22.931279499322301 ], [ -44.775490900000023, -22.931382499322261 ], [ -44.7755596, -22.931428299322267 ], [ -44.775746500000018, -22.931451199322307 ], [ -44.7761203, -22.931270099322283 ], [ -44.776337800000015, -22.931357699322259 ], [ -44.7763835, -22.931437799322286 ], [ -44.776429300000018, -22.931596199322261 ], [ -44.776414100000011, -22.931840299322257 ], [ -44.7764446, -22.931952799322225 ], [ -44.776507499999987, -22.93202529932228 ], [ -44.776723100000027, -22.932034799322253 ], [ -44.7769252, -22.93191849932224 ], [ -44.77706640000001, -22.931905099322254 ], [ -44.77715030000001, -22.931941399322302 ], [ -44.7773525, -22.932149299322251 ], [ -44.7780735, -22.932294199322261 ], [ -44.7782146, -22.932416299322245 ], [ -44.778212699999983, -22.932706199322229 ], [ -44.778306199999975, -22.932818799322252 ], [ -44.77877160000002, -22.932940799322203 ], [ -44.778941299999985, -22.93315829932223 ], [ -44.77928270000001, -22.933280299322202 ], [ -44.779359, -22.933415799322198 ], [ -44.779444899999987, -22.93347489932226 ], [ -44.779872099999977, -22.933539699322203 ], [ -44.7799503, -22.933648499322224 ], [ -44.779973199999979, -22.933778199322223 ], [ -44.779980799999976, -22.934275999322224 ], [ -44.780019, -22.934361799322183 ], [ -44.7801182, -22.934438099322222 ], [ -44.780345099999977, -22.934397999322197 ], [ -44.780625499999985, -22.934153899322226 ], [ -44.780787700000012, -22.934068099322211 ], [ -44.780974599999965, -22.934087099322209 ], [ -44.781066099999968, -22.934169199322202 ], [ -44.7810738, -22.934462899322241 ], [ -44.781283599999988, -22.934628799322184 ], [ -44.781283599999988, -22.934809999322226 ], [ -44.7812283, -22.934972199322207 ], [ -44.781281700000022, -22.935071299322193 ], [ -44.781461, -22.935080899322191 ], [ -44.781865299999986, -22.934932099322214 ], [ -44.782090400000016, -22.934937799322189 ], [ -44.7824013, -22.934865299322205 ], [ -44.782454700000017, -22.934901599322174 ], [ -44.7824776, -22.934987399322214 ], [ -44.78246230000002, -22.935336499322183 ], [ -44.782563400000015, -22.935408899322205 ], [ -44.782672100000021, -22.935399399322169 ], [ -44.782796099999977, -22.935303999322155 ], [ -44.7829125, -22.934983599322198 ], [ -44.783013499999974, -22.934960699322172 ], [ -44.783263400000017, -22.935019799322209 ], [ -44.7835495, -22.934813799322164 ], [ -44.783814600000028, -22.934863399322175 ], [ -44.784037800000014, -22.935038899322198 ], [ -44.7842018, -22.9350083993222 ], [ -44.78454319999998, -22.934855799322172 ], [ -44.784892300000024, -22.934882599322162 ], [ -44.784993400000019, -22.935073199322161 ], [ -44.784991499999983, -22.935344099322194 ], [ -44.7847435, -22.935803799322141 ], [ -44.784728299999983, -22.936007799322198 ], [ -44.7847893, -22.93617949932214 ], [ -44.78517649999997, -22.936436999322169 ], [ -44.7854168, -22.936654399322158 ], [ -44.7855103, -22.936766999322121 ], [ -44.785619, -22.937007299322151 ], [ -44.7858746, -22.937323899322156 ], [ -44.786036700000011, -22.937440299322141 ], [ -44.786464, -22.937600499322098 ], [ -44.786580300000026, -22.937667299322122 ], [ -44.7866967, -22.937676799322148 ], [ -44.787596899999976, -22.938016299322133 ], [ -44.788224500000013, -22.938361499322099 ], [ -44.7884343, -22.938550299322095 ], [ -44.7890084, -22.938800199322102 ], [ -44.789853400000027, -22.938832599322115 ], [ -44.790007899999964, -22.938868899322099 ], [ -44.790427500000021, -22.939004299322114 ], [ -44.790931, -22.939257999322098 ], [ -44.791451699999982, -22.939399099322078 ], [ -44.791591, -22.939494499322119 ], [ -44.7918618, -22.939820599322097 ], [ -44.792119300000017, -22.94001519932208 ], [ -44.792220400000019, -22.940173499322082 ], [ -44.792228, -22.940249799322082 ], [ -44.792483600000025, -22.940539699322049 ], [ -44.792815500000017, -22.940688499322082 ], [ -44.792886099999976, -22.940688499322082 ], [ -44.7935994, -22.941027999322074 ], [ -44.794011399999988, -22.941159599322038 ], [ -44.794856400000015, -22.941218699322015 ], [ -44.795089099999984, -22.941283599322066 ], [ -44.795159599999977, -22.941346499322055 ], [ -44.7952588, -22.941554399322019 ], [ -44.7952512, -22.942330699322039 ], [ -44.795289299999979, -22.94257099932199 ], [ -44.795367600000013, -22.942660699321991 ], [ -44.795545, -22.942733199322024 ], [ -44.7956537, -22.942561499322036 ], [ -44.795880599999975, -22.942504299322017 ], [ -44.7962678, -22.942742699322014 ], [ -44.796710299999965, -22.942830399322016 ], [ -44.797618199999988, -22.943106999322012 ], [ -44.798245800000018, -22.943404499321975 ], [ -44.7984708, -22.943391199322015 ], [ -44.798718800000024, -22.943265299322011 ], [ -44.79916129999998, -22.943162299321994 ], [ -44.7994112, -22.943040199321992 ], [ -44.7995275, -22.942860899322042 ], [ -44.799497, -22.942639699321987 ], [ -44.799436, -22.942490899322017 ], [ -44.799008699999987, -22.942015999322059 ], [ -44.798776, -22.941449499322019 ], [ -44.798676800000024, -22.941346499322055 ], [ -44.798419299999971, -22.941205399322051 ], [ -44.798350700000015, -22.941092799322032 ], [ -44.798350700000015, -22.940974599322058 ], [ -44.798598599999984, -22.940484399322081 ], [ -44.79857, -22.939904499322093 ], [ -44.7987951, -22.939441099322107 ], [ -44.798928600000011, -22.939269399322093 ], [ -44.7992223, -22.939137799322133 ], [ -44.7994321, -22.938908899322101 ], [ -44.799579, -22.938830699322086 ], [ -44.7997659, -22.938796399322104 ], [ -44.8000844, -22.938836399322113 ], [ -44.8003324, -22.938823099322079 ], [ -44.8007215, -22.938739099322131 ], [ -44.801202199999977, -22.938580799322118 ], [ -44.801333800000016, -22.938679999322076 ], [ -44.8013338, -22.939105299322087 ], [ -44.8014349, -22.939234999322103 ], [ -44.801558800000016, -22.939271299322076 ], [ -44.80168279999998, -22.939214099322115 ], [ -44.801791499999979, -22.939091999322109 ], [ -44.802213100000017, -22.938243199322105 ], [ -44.8023599, -22.938107799322129 ], [ -44.802569699999985, -22.938058199322107 ], [ -44.8026785, -22.938077299322096 ], [ -44.802956900000027, -22.938216499322138 ], [ -44.8032068, -22.938185999322084 ], [ -44.8034624, -22.938063899322099 ], [ -44.8036321, -22.93788269932211 ], [ -44.803803800000026, -22.937634799322154 ], [ -44.804028899999985, -22.937531799322119 ], [ -44.804192899999975, -22.937518399322123 ], [ -44.8043722, -22.937600399322136 ], [ -44.80450380000002, -22.937762599322113 ], [ -44.8045343, -22.937844599322137 ], [ -44.8045419, -22.938224099322131 ], [ -44.804780400000027, -22.93859799932212 ], [ -44.8048109, -22.938855499322088 ], [ -44.8049044, -22.938987099322127 ], [ -44.805091300000022, -22.93901379932209 ], [ -44.8054479, -22.938901299322101 ], [ -44.80559479999998, -22.938906999322068 ], [ -44.805819900000017, -22.938979499322127 ], [ -44.806239600000026, -22.938952799322081 ], [ -44.806380600000011, -22.938853599322112 ], [ -44.806868899999984, -22.938645699322102 ], [ -44.807055900000023, -22.938529299322141 ], [ -44.807599499999988, -22.938042899322159 ], [ -44.807879800000023, -22.937667199322153 ], [ -44.807973300000022, -22.937415399322159 ], [ -44.807973300000015, -22.936854699322179 ], [ -44.80782640000001, -22.936200399322185 ], [ -44.807773, -22.935742699322162 ], [ -44.807828299999983, -22.935309699322193 ], [ -44.807967599999976, -22.935151399322187 ], [ -44.808108699999984, -22.93513799932219 ], [ -44.8082556, -22.935246799322201 ], [ -44.8083471, -22.935494699322177 ], [ -44.8084177, -22.935866599322161 ], [ -44.808541699999971, -22.936196599322173 ], [ -44.8086275, -22.936331999322157 ], [ -44.8088907, -22.93656279932215 ], [ -44.809224500000028, -22.936684899322138 ], [ -44.809665100000018, -22.936694399322171 ], [ -44.8100619, -22.936757399322133 ], [ -44.8103251, -22.936736399322118 ], [ -44.810529200000019, -22.936640999322165 ], [ -44.810908700000027, -22.936333899322186 ], [ -44.812089399999984, -22.935639699322191 ], [ -44.812152299999966, -22.935450799322187 ], [ -44.812144699999969, -22.935315399322171 ], [ -44.8120131, -22.935097999322167 ], [ -44.811515299999989, -22.934609699322213 ], [ -44.810508200000015, -22.933890599322197 ], [ -44.8103994, -22.933755199322228 ], [ -44.8103155, -22.933560599322249 ], [ -44.8103155, -22.933488199322227 ], [ -44.810384199999987, -22.933348899322237 ], [ -44.810727499999985, -22.933207799322226 ], [ -44.81086670000002, -22.933064699322234 ], [ -44.8109354, -22.932847299322223 ], [ -44.8109354, -22.932725199322245 ], [ -44.811038399999966, -22.932540199322251 ], [ -44.8111624, -22.932423899322259 ], [ -44.81168120000001, -22.932261699322286 ], [ -44.81180710000001, -22.932152999322277 ], [ -44.81182230000001, -22.93208049932225 ], [ -44.811728899999984, -22.931889899322247 ], [ -44.811629700000019, -22.931782999322259 ], [ -44.811589599999984, -22.931632299322263 ], [ -44.8114676, -22.930779699322294 ], [ -44.8113512, -22.930476499322296 ], [ -44.8112425, -22.930354399322287 ], [ -44.811110900000017, -22.930318099322331 ], [ -44.810971600000016, -22.930340999322297 ], [ -44.810731299999986, -22.930562299322325 ], [ -44.81058250000001, -22.930632899322273 ], [ -44.8100943, -22.93057369932232 ], [ -44.80986919999998, -22.930741599322264 ], [ -44.80974329999998, -22.930791199322286 ], [ -44.809621199999988, -22.930781599322277 ], [ -44.809441900000024, -22.930672899322285 ], [ -44.809388500000011, -22.930596599322296 ], [ -44.809388500000011, -22.930451699322287 ], [ -44.8095201, -22.9302208993223 ], [ -44.809644100000021, -22.930108299322288 ], [ -44.809977899999978, -22.92991569932229 ], [ -44.810195299999968, -22.929625799322316 ], [ -44.810243, -22.929373999322312 ], [ -44.810220099999981, -22.928984899322316 ], [ -44.8102602, -22.928519499322341 ], [ -44.8105081, -22.927973999322365 ], [ -44.81060919999998, -22.927558199322387 ], [ -44.810697, -22.927436099322403 ], [ -44.810773299999987, -22.927399899322371 ], [ -44.8109144, -22.927399899322381 ], [ -44.8111776, -22.927468599322374 ], [ -44.8113245, -22.927468599322374 ], [ -44.811501899999989, -22.927415099322392 ], [ -44.81168120000001, -22.927415099322392 ], [ -44.812100799999982, -22.927514299322333 ], [ -44.8122629, -22.927514299322333 ], [ -44.8129477, -22.927344599322389 ], [ -44.813413099999984, -22.927344599322389 ], [ -44.8135828, -22.927294999322374 ], [ -44.8137163, -22.927172899322393 ], [ -44.813800300000025, -22.927020299322354 ], [ -44.8138098, -22.926875399322341 ], [ -44.813577099999975, -22.926509099322349 ], [ -44.8132357, -22.926188699322399 ], [ -44.813104099999975, -22.926011299322425 ], [ -44.8130583, -22.925740499322412 ], [ -44.813104099999975, -22.925400999322424 ], [ -44.813073499999973, -22.925229299322435 ], [ -44.81280270000002, -22.924769599322424 ], [ -44.812362099999973, -22.924149799322471 ], [ -44.8123316, -22.923896099322423 ], [ -44.8125567, -22.923409699322434 ], [ -44.8128504, -22.923175099322446 ], [ -44.812953400000019, -22.922700199322488 ], [ -44.8131002, -22.922425499322447 ], [ -44.813519900000017, -22.922072599322469 ], [ -44.813731599999976, -22.921757899322493 ], [ -44.813807899999972, -22.921513799322518 ], [ -44.813769799999989, -22.921097999322477 ], [ -44.813895600000016, -22.920975899322482 ], [ -44.814002399999978, -22.920931999322519 ], [ -44.814105400000017, -22.920939699322538 ], [ -44.814414399999961, -22.921090399322537 ], [ -44.814568899999983, -22.921076999322544 ], [ -44.814717700000017, -22.920981699322539 ], [ -44.814725300000021, -22.920855699322516 ], [ -44.814879800000021, -22.920624999322477 ], [ -44.8150438, -22.92060779932255 ], [ -44.815223100000026, -22.920697399322513 ], [ -44.815307099999977, -22.920680299322537 ], [ -44.8153853, -22.920624999322477 ], [ -44.815446300000012, -22.920495299322546 ], [ -44.81541, -22.919587399322555 ], [ -44.815440599999988, -22.919482399322536 ], [ -44.815558800000019, -22.919257399322539 ], [ -44.8156733, -22.919144799322574 ], [ -44.815877300000011, -22.919026599322564 ], [ -44.816031800000026, -22.918864499322545 ], [ -44.816062400000021, -22.918791999322568 ], [ -44.816062400000021, -22.918589799322579 ], [ -44.815947900000026, -22.91844479932255 ], [ -44.815806800000018, -22.91844479932254 ], [ -44.815667500000018, -22.918547799322557 ], [ -44.8155741, -22.918669899322563 ], [ -44.815473, -22.918646999322593 ], [ -44.815381399999971, -22.918481099322584 ], [ -44.815381399999971, -22.91825029932259 ], [ -44.8154348, -22.918151099322568 ], [ -44.8155989, -22.918015699322599 ], [ -44.8160795, -22.917847799322583 ], [ -44.8162188, -22.917740999322568 ], [ -44.81627409999998, -22.917641799322592 ], [ -44.8162436, -22.917519799322566 ], [ -44.8161425, -22.917437799322617 ], [ -44.815770499999978, -22.917437799322617 ], [ -44.8157, -22.917369099322567 ], [ -44.81568470000002, -22.917296599322572 ], [ -44.81574, -22.917081099322633 ], [ -44.815654199999983, -22.916999099322595 ], [ -44.815499699999975, -22.916999099322595 ], [ -44.815452, -22.916972399322635 ], [ -44.815452, -22.916836899322636 ], [ -44.8156389, -22.916705299322611 ], [ -44.815701900000022, -22.916592799322601 ], [ -44.81566179999998, -22.916510799322644 ], [ -44.815514899999982, -22.916381099322642 ], [ -44.815453900000023, -22.916217099322608 ], [ -44.815608399999974, -22.916087399322617 ], [ -44.8158335, -22.916060699322635 ], [ -44.8160433, -22.916087399322617 ], [ -44.816501, -22.916222799322632 ], [ -44.816688, -22.91620559932263 ], [ -44.816989299999989, -22.916066399322613 ], [ -44.817145700000026, -22.916083499322639 ], [ -44.817386100000022, -22.916218999322638 ], [ -44.817758, -22.916171299322603 ], [ -44.81791249999997, -22.916220899322603 ], [ -44.818046, -22.916369599322618 ], [ -44.818051700000012, -22.916594699322633 ], [ -44.8179526, -22.916772099322611 ], [ -44.817656899999974, -22.917119199322602 ], [ -44.817616900000019, -22.917218399322614 ], [ -44.817624500000015, -22.91754269932261 ], [ -44.8177485, -22.917657099322586 ], [ -44.818067, -22.9177734993226 ], [ -44.81816809999998, -22.917887899322569 ], [ -44.818274900000013, -22.918095799322582 ], [ -44.8183932, -22.91819879932261 ], [ -44.8186316, -22.918284599322568 ], [ -44.8188814, -22.918299899322594 ], [ -44.819579499999968, -22.918517299322598 ], [ -44.819779799999985, -22.918643199322588 ], [ -44.819919, -22.918784299322585 ], [ -44.820004900000015, -22.918946499322566 ], [ -44.8200678, -22.919249699322588 ], [ -44.82026050000001, -22.919428999322534 ], [ -44.820313899999967, -22.919520599322549 ], [ -44.82037680000002, -22.920197699322546 ], [ -44.8204455, -22.920315999322558 ], [ -44.8206171, -22.920441799322521 ], [ -44.8209109, -22.920550599322539 ], [ -44.8213381, -22.920596299322515 ], [ -44.821547899999985, -22.920565799322542 ], [ -44.8218665, -22.920407499322533 ], [ -44.8220915, -22.920407499322533 ], [ -44.822223099999974, -22.920457099322547 ], [ -44.822494, -22.920687899322537 ], [ -44.823052800000028, -22.9208919993225 ], [ -44.823518200000024, -22.921185699322528 ], [ -44.823596399999985, -22.921218099322473 ], [ -44.823998899999985, -22.921231499322481 ], [ -44.824449099999974, -22.92148129932248 ], [ -44.824636, -22.921445099322519 ], [ -44.824962099999986, -22.921237199322515 ], [ -44.8251338, -22.921183799322499 ], [ -44.8253894, -22.921197099322473 ], [ -44.8258624, -22.921431699322529 ], [ -44.826077899999966, -22.921404999322494 ], [ -44.826304900000025, -22.921269599322514 ], [ -44.82644410000001, -22.921275299322495 ], [ -44.826831299999981, -22.921380199322499 ], [ -44.827468399999987, -22.921307799322538 ], [ -44.827880400000026, -22.921406999322492 ], [ -44.82829049999998, -22.9216605993225 ], [ -44.828794, -22.922076399322474 ], [ -44.82953220000001, -22.922101199322469 ], [ -44.8296714, -22.922127899322511 ], [ -44.829896500000018, -22.922246199322498 ], [ -44.830051, -22.922503699322473 ], [ -44.8301978, -22.922625699322495 ], [ -44.8304324, -22.922648599322489 ], [ -44.830573899999983, -22.922550099322496 ], [ -44.830594599999976, -22.922579999322451 ], [ -44.8307357, -22.922579999322451 ], [ -44.830958899999985, -22.922473099322467 ], [ -44.8312393, -22.92249029932248 ], [ -44.8317905, -22.922757299322477 ], [ -44.8321853, -22.922808799322461 ], [ -44.8323398, -22.922858399322468 ], [ -44.832923499999985, -22.923260899322464 ], [ -44.833280100000017, -22.923346699322483 ], [ -44.833604499999979, -22.923323899322476 ], [ -44.8338466, -22.923310499322486 ], [ -44.834086899999988, -22.923375299322437 ], [ -44.834273900000021, -22.923491699322458 ], [ -44.834519899999975, -22.923735799322429 ], [ -44.834674399999976, -22.924025699322463 ], [ -44.834714500000018, -22.924187799322461 ], [ -44.834720300000015, -22.924821099322401 ], [ -44.834628599999974, -22.925290299322388 ], [ -44.834603800000018, -22.925561099322401 ], [ -44.8346267, -22.925742299322433 ], [ -44.834758299999976, -22.9261294993224 ], [ -44.8348575, -22.926663599322367 ], [ -44.835160799999983, -22.926993599322383 ], [ -44.835464100000017, -22.927043199322394 ], [ -44.835828400000018, -22.926907699322395 ], [ -44.836108799999977, -22.926907699322395 ], [ -44.836572199999978, -22.927144199322356 ], [ -44.836759200000017, -22.927197599322362 ], [ -44.836883100000016, -22.927153799322358 ], [ -44.836969, -22.927058399322394 ], [ -44.837047199999965, -22.926837199322403 ], [ -44.8371712, -22.926629299322382 ], [ -44.837318, -22.926486199322394 ], [ -44.837451499999986, -22.926427099322403 ], [ -44.838182099999983, -22.926423299322387 ], [ -44.838367100000028, -22.926459499322412 ], [ -44.838670299999983, -22.926585499322368 ], [ -44.838723800000018, -22.926852399322346 ], [ -44.838910699999978, -22.927060299322374 ], [ -44.839017500000011, -22.927264399322386 ], [ -44.839143400000012, -22.927214799322371 ], [ -44.839143400000012, -22.926938199322375 ], [ -44.839166299999988, -22.926875299322372 ], [ -44.8392597, -22.926825699322361 ], [ -44.8394447, -22.926854299322386 ], [ -44.839910099999983, -22.927291099322357 ], [ -44.84005130000002, -22.927373099322374 ], [ -44.8401581, -22.927363599322344 ], [ -44.840221, -22.92732349932237 ], [ -44.840430799999979, -22.927048899322365 ], [ -44.84052430000002, -22.926985899322343 ], [ -44.840701700000011, -22.926926799322374 ], [ -44.840865699999988, -22.926940099322401 ], [ -44.841540899999984, -22.927220499322356 ], [ -44.841998699999976, -22.927352099322373 ], [ -44.8422314, -22.927559999322387 ], [ -44.842370599999981, -22.927790799322377 ], [ -44.842540400000011, -22.927912999322341 ], [ -44.842666300000012, -22.927827099322361 ], [ -44.842782600000021, -22.927670699322391 ], [ -44.8428894, -22.927641999322358 ], [ -44.8429772, -22.92757529932236 ], [ -44.843030600000013, -22.927498999322371 ], [ -44.8430687, -22.927308299322359 ], [ -44.843209899999977, -22.927186199322364 ], [ -44.843293800000026, -22.927159499322389 ], [ -44.843511200000016, -22.927159499322389 ], [ -44.843728699999978, -22.927245299322355 ], [ -44.843837399999977, -22.927254899322357 ], [ -44.844110100000016, -22.927241499322335 ], [ -44.844201699999978, -22.927268199322381 ], [ -44.844310399999976, -22.927449399322359 ], [ -44.8447071, -22.927571499322369 ], [ -44.844869300000028, -22.927802299322366 ], [ -44.84507150000001, -22.927821299322357 ], [ -44.8452736, -22.92770879932236 ], [ -44.8453194, -22.927716399322364 ], [ -44.84539, -22.927752699322351 ], [ -44.845529199999987, -22.927939599322357 ], [ -44.845668499999988, -22.927966299322332 ], [ -44.845824900000032, -22.927840399322346 ], [ -44.846080400000012, -22.92729869932236 ], [ -44.8462369, -22.927149899322384 ], [ -44.846360800000014, -22.927104199322354 ], [ -44.8465001, -22.92711369932238 ], [ -44.846818600000013, -22.927312099322364 ], [ -44.8469903, -22.927334999322397 ], [ -44.8471371, -22.927285399322393 ], [ -44.847369800000024, -22.927033599322396 ], [ -44.847486199999985, -22.926961099322401 ], [ -44.847625400000034, -22.926991599322388 ], [ -44.84782, -22.927222399322378 ], [ -44.848098400000019, -22.927394099322381 ], [ -44.848184300000014, -22.927544699322358 ], [ -44.848371199999974, -22.927661099322378 ], [ -44.848533299999986, -22.927674499322393 ], [ -44.84913030000002, -22.927495199322372 ], [ -44.849403100000018, -22.927495199322372 ], [ -44.849557600000018, -22.927590499322367 ], [ -44.849736899999975, -22.927821299322357 ], [ -44.849820799999968, -22.927844199322333 ], [ -44.849984800000016, -22.927794599322397 ], [ -44.8501698, -22.927577199322347 ], [ -44.850295700000011, -22.927527599322378 ], [ -44.8503796, -22.927590499322367 ], [ -44.850372, -22.927725999322369 ], [ -44.850465499999984, -22.927798399322338 ], [ -44.850612300000016, -22.927762199322384 ], [ -44.8509004, -22.92778509932235 ], [ -44.8509709, -22.927727899322345 ], [ -44.851032, -22.927563799322336 ], [ -44.8511178, -22.927479899322346 ], [ -44.851451699999984, -22.927434199322363 ], [ -44.851630899999975, -22.927180399322356 ], [ -44.851802500000012, -22.92706789932237 ], [ -44.85191889999998, -22.926932499322401 ], [ -44.8519895, -22.926621599322353 ], [ -44.8522145, -22.926369799322366 ], [ -44.852338499999966, -22.925997899322418 ], [ -44.8524777, -22.925894899322401 ], [ -44.852735199999977, -22.92584529932239 ], [ -44.852849699999979, -22.925786199322413 ], [ -44.85302130000003, -22.92562399932244 ], [ -44.8530442, -22.925379899322419 ], [ -44.853006100000016, -22.925294099322382 ], [ -44.852905, -22.925213999322406 ], [ -44.8527047, -22.925164399322448 ], [ -44.852672299999988, -22.925076599322431 ], [ -44.852773399999982, -22.924992699322452 ], [ -44.852899299999983, -22.924946899322425 ], [ -44.852983199999983, -22.924857299322412 ], [ -44.852990799999979, -22.92476569932245 ], [ -44.852891600000014, -22.924603599322452 ], [ -44.852891600000014, -22.924540699322453 ], [ -44.852937399999966, -22.92448149932245 ], [ -44.853481, -22.92437849932243 ], [ -44.853612600000019, -22.924323199322437 ], [ -44.8536679, -22.92424309932246 ], [ -44.853675599999974, -22.923804499322465 ], [ -44.853893, -22.923655599322466 ], [ -44.853971199999982, -22.923503099322463 ], [ -44.854079899999988, -22.923417199322472 ], [ -44.8544137, -22.923367599322464 ], [ -44.8550889, -22.923489699322463 ], [ -44.8555619, -22.923710999322484 ], [ -44.855693599999988, -22.923815899322481 ], [ -44.855949099999975, -22.923855899322437 ], [ -44.8560731, -22.923842599322448 ], [ -44.856237099999987, -22.92372049932246 ], [ -44.8563077, -22.923585099322477 ], [ -44.856323, -22.923499199322436 ], [ -44.85622189999998, -22.92337719932247 ], [ -44.8560979, -22.923340899322479 ], [ -44.855857599999979, -22.92335429932249 ], [ -44.855748899999988, -22.923255099322471 ], [ -44.855771699999984, -22.923060499322489 ], [ -44.855912900000014, -22.922921299322464 ], [ -44.8559816, -22.922782099322475 ], [ -44.8560521, -22.922448299322465 ], [ -44.8561608, -22.922347199322477 ], [ -44.856269600000019, -22.92237579932247 ], [ -44.8562925, -22.922637099322454 ], [ -44.8564012, -22.92273629932248 ], [ -44.8565099, -22.922722899322469 ], [ -44.856742600000011, -22.922534099322487 ], [ -44.8569905, -22.922623799322469 ], [ -44.857091599999983, -22.922606599322471 ], [ -44.8571622, -22.922520799322449 ], [ -44.857131700000018, -22.921910399322485 ], [ -44.857209899999987, -22.921788299322507 ], [ -44.8573796, -22.921689199322497 ], [ -44.857318599999971, -22.921546099322505 ], [ -44.857318599999985, -22.921427799322505 ], [ -44.857412099999969, -22.921319099322513 ], [ -44.857705800000012, -22.921197099322473 ], [ -44.857816399999983, -22.921084499322522 ], [ -44.8578088, -22.920968199322509 ], [ -44.857637099999977, -22.920826999322482 ], [ -44.857599, -22.920731699322502 ], [ -44.857629499999966, -22.920624899322537 ], [ -44.857723, -22.920538999322538 ], [ -44.857576100000024, -22.920371199322503 ], [ -44.8575685, -22.920249099322511 ], [ -44.857639, -22.920140399322527 ], [ -44.857599, -22.919774199322553 ], [ -44.8576314, -22.91970169932257 ], [ -44.857902299999985, -22.919459499322574 ], [ -44.857909899999989, -22.919264899322528 ], [ -44.857818300000012, -22.919142799322533 ], [ -44.85772489999998, -22.919102799322577 ], [ -44.857608500000019, -22.919102799322577 ], [ -44.857454, -22.919165699322566 ], [ -44.857383500000026, -22.919100899322551 ], [ -44.857351, -22.918971199322542 ], [ -44.857406299999965, -22.918849099322557 ], [ -44.85754559999998, -22.918713699322584 ], [ -44.857803100000012, -22.918595399322584 ], [ -44.8579042, -22.918496199322561 ], [ -44.8579118, -22.918122399322595 ], [ -44.8581292, -22.917904999322605 ], [ -44.858159699999987, -22.917832499322561 ], [ -44.858159699999987, -22.9174986993226 ], [ -44.858379099999979, -22.917182099322588 ], [ -44.858316100000025, -22.917052399322582 ], [ -44.858161600000017, -22.916989399322585 ], [ -44.858091100000024, -22.916880699322604 ], [ -44.8579042, -22.916735799322637 ], [ -44.857881299999974, -22.916613699322642 ], [ -44.857951800000016, -22.916531699322629 ], [ -44.858115899999966, -22.916495399322592 ], [ -44.858262700000012, -22.916419099322596 ], [ -44.8583486, -22.916297099322634 ], [ -44.858386699999976, -22.916153999322638 ], [ -44.858480199999967, -22.916052899322633 ], [ -44.858798700000015, -22.916018599322605 ], [ -44.858899800000017, -22.915959499322621 ], [ -44.8589685, -22.915715299322631 ], [ -44.859061899999965, -22.915593199322622 ], [ -44.859094299999981, -22.915219399322662 ], [ -44.8593042, -22.91494859932266 ], [ -44.8592661, -22.914906699322675 ], [ -44.859678, -22.914757799322672 ], [ -44.860151, -22.914645299322675 ], [ -44.860399, -22.914624299322682 ], [ -44.860515299999975, -22.914502199322676 ], [ -44.860624, -22.914221899322651 ], [ -44.860856699999985, -22.914055899322655 ], [ -44.860896799999971, -22.913905199322667 ], [ -44.860975, -22.913788899322661 ], [ -44.861144799999977, -22.913739299322661 ], [ -44.86137750000001, -22.913821299322681 ], [ -44.861516699999981, -22.913807999322685 ], [ -44.8620221, -22.913437899322712 ], [ -44.8623025, -22.913058399322711 ], [ -44.862472299999979, -22.912661599322679 ], [ -44.862588599999974, -22.912533799322709 ], [ -44.8627126, -22.912520499322731 ], [ -44.862884300000019, -22.912678799322681 ], [ -44.86307690000001, -22.912728399322695 ], [ -44.8632791, -22.91282949932269 ], [ -44.86343549999998, -22.912819899322688 ], [ -44.863529, -22.912743599322713 ], [ -44.863544199999978, -22.912575799322717 ], [ -44.86339729999996, -22.912476599322694 ], [ -44.8632715, -22.912331699322689 ], [ -44.8632715, -22.912245799322712 ], [ -44.86338970000002, -22.912114299322706 ], [ -44.8635213, -22.912123799322728 ], [ -44.863645299999973, -22.912173299322721 ], [ -44.863893299999972, -22.912440399322691 ], [ -44.864202299999981, -22.912549099322685 ], [ -44.864419699999985, -22.912743599322713 ], [ -44.8645914, -22.912743599322713 ], [ -44.864846899999975, -22.912571999322729 ], [ -44.8649633, -22.912541499322675 ], [ -44.865188400000022, -22.912608199322726 ], [ -44.865382899999979, -22.912709299322721 ], [ -44.8655298, -22.91283139932273 ], [ -44.865537399999987, -22.912966799322692 ], [ -44.865491599999984, -22.913023999322711 ], [ -44.8653352, -22.913086999322712 ], [ -44.865001399999983, -22.913155599322682 ], [ -44.864877499999977, -22.913245299322728 ], [ -44.864730599999966, -22.913525699322665 ], [ -44.8647001, -22.913714499322708 ], [ -44.864730599999966, -22.913914799322658 ], [ -44.864885099999981, -22.914238999322677 ], [ -44.865102499999978, -22.914496499322635 ], [ -44.865163600000017, -22.914654799322665 ], [ -44.86514829999998, -22.914776899322643 ], [ -44.8651941, -22.914898999322645 ], [ -44.865287500000022, -22.914952399322647 ], [ -44.865543100000025, -22.914988599322669 ], [ -44.865651899999989, -22.915066799322634 ], [ -44.865722399999981, -22.915251799322679 ], [ -44.86569, -22.915341499322658 ], [ -44.86569, -22.915568399322623 ], [ -44.865728199999978, -22.915621799322626 ], [ -44.865823499999976, -22.91563519932264 ], [ -44.865907400000026, -22.91560469932266 ], [ -44.866203100000014, -22.915347199322632 ], [ -44.866342299999985, -22.91527089932265 ], [ -44.866489199999982, -22.915320499322664 ], [ -44.866466300000013, -22.915614199322629 ], [ -44.8664968, -22.915658099322606 ], [ -44.8664968, -22.915785899322643 ], [ -44.866302299999973, -22.916064299322652 ], [ -44.866264100000024, -22.916218799322653 ], [ -44.866287, -22.916291299322641 ], [ -44.866403400000024, -22.916403899322592 ], [ -44.8664339, -22.916647999322628 ], [ -44.866519700000012, -22.916733799322579 ], [ -44.866729500000019, -22.916684199322631 ], [ -44.8668058, -22.916733799322579 ], [ -44.866845899999987, -22.916842499322581 ], [ -44.8668993, -22.916878799322614 ], [ -44.867000399999988, -22.916865399322617 ], [ -44.867164399999972, -22.916766199322588 ], [ -44.867326600000013, -22.917069499322629 ], [ -44.867465799999984, -22.917023699322616 ], [ -44.867544, -22.916941699322592 ], [ -44.867685100000017, -22.916564099322631 ], [ -44.867832, -22.916419099322596 ], [ -44.867801499999977, -22.916115799322633 ], [ -44.867948300000023, -22.915867899322656 ], [ -44.86795590000002, -22.915762999322663 ], [ -44.867809099999981, -22.915614199322629 ], [ -44.8678167, -22.915520699322645 ], [ -44.86789490000001, -22.915429199322652 ], [ -44.86806660000002, -22.915406299322619 ], [ -44.868173399999982, -22.915356699322654 ], [ -44.8682688, -22.915226999322662 ], [ -44.868299299999975, -22.915055299322649 ], [ -44.8682058, -22.914864599322645 ], [ -44.868236299999978, -22.91472539932267 ], [ -44.868299299999975, -22.914622399322646 ], [ -44.868367900000017, -22.914570899322666 ], [ -44.868491899999967, -22.914593799322638 ], [ -44.868617799999981, -22.914824599322625 ], [ -44.8687342, -22.914910399322643 ], [ -44.868881, -22.914860799322643 ], [ -44.869058399999972, -22.914645299322675 ], [ -44.869354, -22.914595699322678 ], [ -44.869548599999973, -22.91452319932268 ], [ -44.8696039, -22.914374399322661 ], [ -44.869573399999979, -22.914071199322699 ], [ -44.8696268, -22.913912799322663 ], [ -44.8697126, -22.913846099322672 ], [ -44.869968200000017, -22.913832699322686 ], [ -44.870092199999981, -22.913792699322659 ], [ -44.870223800000012, -22.91363439932266 ], [ -44.870248600000025, -22.913538999322718 ], [ -44.870200899999979, -22.913476099322715 ], [ -44.869960600000013, -22.913493199322698 ], [ -44.86989190000002, -22.913443599322672 ], [ -44.869945299999983, -22.913304399322712 ], [ -44.8699148, -22.913222399322677 ], [ -44.869844199999982, -22.913176599322668 ], [ -44.869705, -22.913199499322715 ], [ -44.8696268, -22.913123199322666 ], [ -44.8696592, -22.913018299322673 ], [ -44.869775600000025, -22.912905799322683 ], [ -44.869993, -22.912879099322701 ], [ -44.870101700000014, -22.912756999322713 ], [ -44.870101700000014, -22.912581499322688 ], [ -44.86992429999998, -22.912396499322703 ], [ -44.869853799999987, -22.91226489932275 ], [ -44.8698309, -22.912007399322711 ], [ -44.8699396, -22.91193489932272 ], [ -44.8701494, -22.911984499322731 ], [ -44.870233299999988, -22.911908199322742 ], [ -44.8702581, -22.911713699322735 ], [ -44.870227600000021, -22.911547699322764 ], [ -44.870389699999976, -22.911416099322732 ], [ -44.870475600000013, -22.911276899322758 ], [ -44.870445, -22.91097359932272 ], [ -44.870515599999962, -22.910792399322734 ], [ -44.8706396, -22.910635999322771 ], [ -44.870864700000027, -22.910626499322724 ], [ -44.87107450000002, -22.910748499322757 ], [ -44.8712213, -22.910765699322756 ], [ -44.871391099999975, -22.910698899322743 ], [ -44.871648600000015, -22.910454899322751 ], [ -44.871957599999959, -22.910576899322781 ], [ -44.8720892, -22.910573099322779 ], [ -44.872144499999983, -22.91050439932274 ], [ -44.872238, -22.910225899322757 ], [ -44.872308499999974, -22.910147699322742 ], [ -44.872402, -22.910103799322766 ], [ -44.8725718, -22.910140099322735 ], [ -44.872804499999972, -22.910298399322745 ], [ -44.87297610000001, -22.910294599322739 ], [ -44.87306, -22.910239299322768 ], [ -44.873231700000019, -22.909932199322789 ], [ -44.873340400000018, -22.909819599322763 ], [ -44.87355789999998, -22.90981009932279 ], [ -44.87377529999997, -22.909905499322747 ], [ -44.873967900000032, -22.909874999322764 ], [ -44.874063299999989, -22.909752899322775 ], [ -44.8741015, -22.909504899322776 ], [ -44.874194900000013, -22.909413399322784 ], [ -44.8744047, -22.909409599322785 ], [ -44.8745745, -22.9094591993228 ], [ -44.874776699999977, -22.909409599322785 ], [ -44.87487010000001, -22.909310399322759 ], [ -44.87487010000001, -22.909201699322765 ], [ -44.8746832, -22.909098699322797 ], [ -44.874559200000022, -22.909098699322797 ], [ -44.8745058, -22.9090700993228 ], [ -44.8745058, -22.908989899322769 ], [ -44.874616399999979, -22.908881199322789 ], [ -44.8747156, -22.908864099322795 ], [ -44.8748301, -22.908772499322783 ], [ -44.874948300000021, -22.908534099322793 ], [ -44.875375599999977, -22.908402499322825 ], [ -44.875429, -22.908181199322815 ], [ -44.875375599999977, -22.908005699322807 ], [ -44.875522400000023, -22.907807399322845 ], [ -44.87552240000003, -22.907721599322823 ], [ -44.875345, -22.907517499322811 ], [ -44.8753069, -22.907404899322835 ], [ -44.8753679, -22.907223699322795 ], [ -44.8753679, -22.907078799322864 ], [ -44.875274499999989, -22.906907099322844 ], [ -44.875244, -22.90673549932287 ], [ -44.875329799999975, -22.906556199322861 ], [ -44.8754538, -22.90646079932284 ], [ -44.875686499999972, -22.906434099322865 ], [ -44.876146100000021, -22.906605699322846 ], [ -44.876354, -22.906628599322826 ], [ -44.876510399999972, -22.906727799322848 ], [ -44.876617300000014, -22.906895699322824 ], [ -44.876741200000033, -22.90698529932282 ], [ -44.876912899999965, -22.906985299322798 ], [ -44.877223800000024, -22.906899499322833 ], [ -44.877433600000018, -22.906914699322844 ], [ -44.877611, -22.907031099322825 ], [ -44.87796, -22.907410599322809 ], [ -44.878316700000028, -22.907492699322802 ], [ -44.8785666, -22.907614699322828 ], [ -44.87877450000002, -22.907607099322828 ], [ -44.8791865, -22.907484999322833 ], [ -44.879318099999985, -22.907484999322833 ], [ -44.8794039, -22.907521299322809 ], [ -44.879621400000012, -22.907692899322782 ], [ -44.880180199999977, -22.907570899322824 ], [ -44.8803423, -22.907589899322819 ], [ -44.8804892, -22.907652899322837 ], [ -44.8805903, -22.907748199322839 ], [ -44.880683799999979, -22.9079065993228 ], [ -44.88079249999997, -22.907973299322808 ], [ -44.881172, -22.907946599322813 ], [ -44.881435300000028, -22.908163999322806 ], [ -44.8815745, -22.908236499322793 ], [ -44.8819102, -22.908286099322808 ], [ -44.8820799, -22.908431099322776 ], [ -44.8823908, -22.908883099322821 ], [ -44.882747499999986, -22.909150099322758 ], [ -44.883079399999978, -22.909272199322764 ], [ -44.88336750000002, -22.909258899322783 ], [ -44.883460899999989, -22.909087199322773 ], [ -44.883296799999982, -22.908965099322781 ], [ -44.8832587, -22.908873599322781 ], [ -44.883422699999983, -22.90863129932282 ], [ -44.8833922, -22.908350999322785 ], [ -44.883453200000012, -22.908228899322786 ], [ -44.883872899999972, -22.90772729932279 ], [ -44.8840293, -22.907660499322841 ], [ -44.884262, -22.907660499322841 ], [ -44.884757900000011, -22.907849299322823 ], [ -44.8851146, -22.907864599322803 ], [ -44.885278599999985, -22.907814999322838 ], [ -44.885480799999982, -22.907643299322835 ], [ -44.885650600000012, -22.907547999322844 ], [ -44.8858146, -22.907570799322801 ], [ -44.8858985, -22.90762429932284 ], [ -44.885929, -22.907692899322782 ], [ -44.885751599999985, -22.908036199322829 ], [ -44.885845099999976, -22.908347099322821 ], [ -44.885749700000019, -22.908627499322815 ], [ -44.885749700000019, -22.908726699322788 ], [ -44.885812699999974, -22.90883919932277 ], [ -44.885921399999958, -22.908921299322763 ], [ -44.886106400000017, -22.908934599322791 ], [ -44.88650310000002, -22.908719099322781 ], [ -44.8866195, -22.90869999932281 ], [ -44.886758699999973, -22.90873619932281 ], [ -44.886945599999983, -22.90888499932278 ], [ -44.887287, -22.908913599322794 ], [ -44.887519699999984, -22.909022299322778 ], [ -44.887605599999965, -22.909022299322778 ], [ -44.8879222, -22.908913599322794 ], [ -44.88838190000002, -22.908932699322765 ], [ -44.888753800000011, -22.908810599322777 ], [ -44.8890723, -22.908606499322826 ], [ -44.889949699999988, -22.907803499322824 ], [ -44.890182400000015, -22.907505999322836 ], [ -44.890415099999984, -22.90705009932282 ], [ -44.8905944, -22.906832699322823 ], [ -44.8908042, -22.906739199322828 ], [ -44.8909835, -22.906725899322854 ], [ -44.891798, -22.906907099322844 ], [ -44.8922786, -22.907078699322842 ], [ -44.893302899999981, -22.907277099322815 ], [ -44.8936996, -22.907278999322848 ], [ -44.8943195, -22.907080599322807 ], [ -44.89454460000001, -22.907080599322807 ], [ -44.894987099999973, -22.907193199322823 ], [ -44.8954772, -22.90716259932282 ], [ -44.8961582, -22.906935699322851 ], [ -44.8962593, -22.906859399322805 ], [ -44.896352700000023, -22.906693399322833 ], [ -44.896352700000023, -22.906475999322833 ], [ -44.896322199999986, -22.906399699322858 ], [ -44.896205899999984, -22.906208999322846 ], [ -44.8958644, -22.905842799322869 ], [ -44.8957939, -22.905644399322906 ], [ -44.895803399999977, -22.905333499322854 ], [ -44.896099, -22.904976799322856 ], [ -44.896190699999977, -22.904723199322849 ], [ -44.8961372, -22.904541899322908 ], [ -44.896167699999978, -22.90431309932292 ], [ -44.8962307, -22.904168099322895 ], [ -44.896463400000016, -22.903946899322889 ], [ -44.896440499999983, -22.90372559932289 ], [ -44.8962707, -22.902983599322944 ], [ -44.896232600000012, -22.902378999322927 ], [ -44.896326, -22.901589399322937 ], [ -44.8964348, -22.901028599322991 ], [ -44.896636899999976, -22.900833999322948 ], [ -44.896713200000022, -22.900797799322991 ], [ -44.896884899999968, -22.900790199322991 ], [ -44.897071799999985, -22.900862699322989 ], [ -44.8972339, -22.901041899322951 ], [ -44.897327399999988, -22.901236499322938 ], [ -44.897504799999972, -22.901883099322973 ], [ -44.897684099999985, -22.902279799322912 ], [ -44.897815700000017, -22.902394299322967 ], [ -44.8979473, -22.902380899322964 ], [ -44.898002599999984, -22.902235899322946 ], [ -44.898002599999984, -22.902054699322957 ], [ -44.897815700000017, -22.901436799322965 ], [ -44.8978004, -22.901272699322959 ], [ -44.8979797, -22.900980899322956 ], [ -44.8980179, -22.900803599322998 ], [ -44.897739399999963, -22.90050979932299 ], [ -44.8977241, -22.90023889932295 ], [ -44.897754599999978, -22.900013899322971 ], [ -44.897684, -22.899891799322983 ], [ -44.897592499999966, -22.899805999323007 ], [ -44.8974761, -22.899756399323007 ], [ -44.8969783, -22.899754499322974 ], [ -44.896831500000019, -22.899727799322996 ], [ -44.89656059999998, -22.899645799322975 ], [ -44.896312700000017, -22.899510299322987 ], [ -44.896148600000011, -22.899258599322998 ], [ -44.895761400000026, -22.898928599322996 ], [ -44.895738499999979, -22.898810299322992 ], [ -44.895799599999975, -22.898697799322999 ], [ -44.8957767, -22.898566199323046 ], [ -44.895645100000024, -22.898466999323013 ], [ -44.895318900000014, -22.898407899323036 ], [ -44.895179700000028, -22.898318199323043 ], [ -44.895071, -22.898196199323003 ], [ -44.8950176, -22.897942499323033 ], [ -44.89508619999998, -22.897797499323065 ], [ -44.895366599999988, -22.897581999323052 ], [ -44.89546009999998, -22.897469499323048 ], [ -44.895856799999983, -22.896349899323091 ], [ -44.895980800000025, -22.896109499323114 ], [ -44.896244, -22.895943599323097 ], [ -44.896547199999986, -22.895865399323071 ], [ -44.8970203, -22.895867299323111 ], [ -44.8972453, -22.895821499323105 ], [ -44.897386499999982, -22.895745199323116 ], [ -44.8974705, -22.89559079932307 ], [ -44.897424600000015, -22.895233999323121 ], [ -44.8971614, -22.894860199323102 ], [ -44.8969993, -22.894471099323084 ], [ -44.896797100000015, -22.894236499323107 ], [ -44.896541500000012, -22.894127799323108 ], [ -44.896409899999981, -22.893996199323144 ], [ -44.896417499999984, -22.893828299323133 ], [ -44.896579700000011, -22.893656699323152 ], [ -44.896612100000027, -22.893362899323151 ], [ -44.8968524, -22.893206499323171 ] ] ] } },
{ "type": "Feature", "properties": { "NUCOMPTREC": 2.377, "NUDISTBACT": 528.612, "NUDISTCDAG": 127.718, "NUAREACONT": 2.85, "NUAREAMONT": 2.85, "NUDISTBACC": 400.894, "NUAREABACC": 1125.188, "NUCOMPCDA": 130.094, "Shape__Len": 0, "OBJECTID": 56746, "ID": 107526, "COTRECHO": 107526, "COCURSODAG": "77892", "COBACIA": "778929", "NOGENERICO": null, "NOLIGACAO": null, "NOESPECIF": null, "NORIOCOMP": null, "NOORIGINAL": null, "COCDADESAG": "778", "NUTRJUS": 11380, "NUORDEMCDA": 2, "NUNIVOTTO": 6, "NUNIVOTCDA": 5, "NUSTRAHLER": 1, "DEDOMINIAL": "Estadual", "DSVERSAO": "BHO bho_2017_v_01_05_50k de 2018-06-22" }, "geometry": { "type": "MultiLineString", "coordinates": [ [ [ -44.3969555, -22.799649999325293 ], [ -44.3967189, -22.799192299325327 ], [ -44.3965511, -22.798965299325339 ], [ -44.3961296, -22.79854379932533 ], [ -44.395782399999973, -22.798276799325325 ], [ -44.3947372, -22.797282999325358 ], [ -44.3944816, -22.796996899325379 ], [ -44.3941764, -22.796495299325386 ], [ -44.393993299999977, -22.796254999325356 ], [ -44.393531699999983, -22.795856299325411 ], [ -44.393260899999973, -22.79557019932539 ], [ -44.393148399999966, -22.795411899325373 ], [ -44.392871800000023, -22.79477869932542 ], [ -44.392570400000011, -22.794360999325402 ], [ -44.392143200000014, -22.793916599325417 ], [ -44.391811299999972, -22.793752499325414 ], [ -44.391078900000032, -22.793466399325442 ], [ -44.390621099999969, -22.793359599325427 ], [ -44.3901538, -22.793357699325448 ], [ -44.3893623, -22.793472299325479 ], [ -44.389181, -22.793454999325444 ], [ -44.38873089999997, -22.793460699325472 ], [ -44.3873767, -22.793163199325427 ], [ -44.3865088, -22.793086899325449 ], [ -44.386264700000027, -22.793090699325443 ], [ -44.385974799999971, -22.793140299325451 ], [ -44.3858184, -22.793193699325471 ], [ -44.385631400000022, -22.793197499325469 ], [ -44.3846701, -22.793161299325462 ], [ -44.384202800000025, -22.793136499325453 ], [ -44.383958699999987, -22.79317269932546 ], [ -44.383201499999984, -22.79345879932545 ], [ -44.3828429, -22.793519899325414 ], [ -44.3825797, -22.793519899325414 ], [ -44.382100900000012, -22.79345879932545 ], [ -44.3815935, -22.793308099325451 ], [ -44.3810042, -22.793042999325461 ], [ -44.3804758, -22.792878999325492 ], [ -44.3798769, -22.792758799325455 ], [ -44.37947650000001, -22.792806599325466 ], [ -44.379348600000014, -22.792981999325455 ], [ -44.379100600000015, -22.793199399325442 ], [ -44.3787172, -22.793422599325439 ], [ -44.3785666, -22.793554199325456 ], [ -44.378438800000019, -22.793683899325455 ], [ -44.37829, -22.793927999325433 ], [ -44.378183200000024, -22.794246699325409 ] ] ] } },
{ "type": "Feature", "properties": { "NUCOMPTREC": 29.157, "NUDISTBACT": 490.825, "NUDISTCDAG": 0.0, "NUAREACONT": 144.541, "NUAREAMONT": 144.541, "NUDISTBACC": 490.825, "NUAREABACC": 144.541, "NUCOMPCDA": 29.157, "Shape__Len": 0, "OBJECTID": 59085, "ID": 6753, "COTRECHO": 6753, "COCURSODAG": "778924", "COBACIA": "778924", "NOGENERICO": "Rio", "NOLIGACAO": null, "NOESPECIF": "Piraí", "NORIOCOMP": "Rio Piraí", "NOORIGINAL": "Rio Piraí", "COCDADESAG": "77892", "NUTRJUS": 20457, "NUORDEMCDA": 3, "NUNIVOTTO": 6, "NUNIVOTCDA": 6, "NUSTRAHLER": 1, "DEDOMINIAL": "Estadual", "DSVERSAO": "BHO bho_2017_v_01_05_50k de 2018-06-22" }, "geometry": { "type": "MultiLineString", "coordinates": [ [ [ -44.197124299999977, -22.927322999322385 ], [ -44.197189499999979, -22.927353799322354 ], [ -44.1972546, -22.927384499322379 ], [ -44.1973198, -22.92741529932238 ], [ -44.197385, -22.927445999322345 ], [ -44.197450100000026, -22.927476799322388 ], [ -44.19751530000002, -22.927507599322368 ], [ -44.197580399999985, -22.927538299322347 ], [ -44.197645599999987, -22.927569099322387 ], [ -44.197710799999982, -22.927599799322369 ], [ -44.1977759, -22.927630599322345 ], [ -44.1978411, -22.927661399322339 ], [ -44.1979063, -22.927692099322364 ], [ -44.197971399999972, -22.927722899322347 ], [ -44.1979824, -22.927727999322361 ], [ -44.1980504, -22.92775279932237 ], [ -44.198118500000021, -22.927777599322376 ], [ -44.198186599999985, -22.927802399322381 ], [ -44.1982547, -22.927827199322373 ], [ -44.1983227, -22.927851899322363 ], [ -44.19839080000002, -22.927876699322379 ], [ -44.198446100000012, -22.92789679932234 ], [ -44.198518200000024, -22.92790839932233 ], [ -44.198590299999978, -22.927919899322362 ], [ -44.198662300000017, -22.927931499322355 ], [ -44.198734399999964, -22.927942999322372 ], [ -44.1988065, -22.927954599322373 ], [ -44.198878499999985, -22.927966099322344 ], [ -44.19890620000001, -22.927970599322339 ], [ -44.1989793, -22.927972299322377 ], [ -44.199052400000028, -22.927973999322365 ], [ -44.19912549999998, -22.927975799322368 ], [ -44.1991742, -22.927976899322324 ], [ -44.199245399999988, -22.927961599322352 ], [ -44.1993167, -22.92794629932234 ], [ -44.199332700000014, -22.927942799322317 ], [ -44.199404, -22.92792769932235 ], [ -44.19944229999998, -22.927919599322344 ], [ -44.199515099999985, -22.927926499322375 ], [ -44.199587899999983, -22.927933399322331 ], [ -44.199660600000016, -22.927940299322337 ], [ -44.199685199999969, -22.927942599322343 ], [ -44.199758200000019, -22.927939199322378 ], [ -44.199831300000021, -22.927935899322375 ], [ -44.199904300000021, -22.927932499322349 ], [ -44.1999295, -22.927931399322322 ], [ -44.200002700000027, -22.927929599322383 ], [ -44.200075799999979, -22.927927799322365 ], [ -44.200148899999988, -22.927925999322376 ], [ -44.200222, -22.927924199322362 ], [ -44.2002951, -22.927922399322355 ], [ -44.200368200000014, -22.927920599322356 ], [ -44.200441300000016, -22.927918799322335 ], [ -44.2005145, -22.927917099322368 ], [ -44.2005833, -22.927915399322384 ], [ -44.2006548, -22.927900799322337 ], [ -44.200726200000013, -22.927886199322352 ], [ -44.20079759999998, -22.927871599322359 ], [ -44.200869, -22.927856999322376 ], [ -44.200940399999972, -22.927842399322333 ], [ -44.200948, -22.927840899322337 ], [ -44.2010163, -22.927816899322334 ], [ -44.201084700000017, -22.927792899322341 ], [ -44.201112599999988, -22.927783099322347 ], [ -44.201173900000015, -22.927746099322334 ], [ -44.201235199999978, -22.927709099322378 ], [ -44.2012964, -22.927672099322372 ], [ -44.20135770000001, -22.927635099322341 ], [ -44.201419, -22.927598099322374 ], [ -44.201475, -22.927564299322331 ], [ -44.201541299999967, -22.927535799322357 ], [ -44.201607700000011, -22.927507299322357 ], [ -44.201674, -22.927478799322394 ], [ -44.2017404, -22.927450299322341 ], [ -44.20180670000002, -22.92742179932236 ], [ -44.201825199999966, -22.927413799322366 ], [ -44.201884300000017, -22.927373999322356 ], [ -44.201943500000034, -22.927334099322366 ], [ -44.202002600000021, -22.927294299322398 ], [ -44.202061800000017, -22.927254399322358 ], [ -44.2021209, -22.927214499322357 ], [ -44.20218, -22.927174699322403 ], [ -44.2022392, -22.927134799322349 ], [ -44.2022983, -22.92709489932237 ], [ -44.202357399999975, -22.927055099322391 ], [ -44.202416599999978, -22.927015199322412 ], [ -44.202475699999972, -22.926975399322377 ], [ -44.202534899999975, -22.926935499322379 ], [ -44.202594, -22.926895599322389 ], [ -44.20265310000002, -22.926855799322375 ], [ -44.2026942, -22.926828099322414 ], [ -44.202746199999979, -22.92678049932238 ], [ -44.202798299999984, -22.926732999322404 ], [ -44.202850399999981, -22.92668539932238 ], [ -44.202902499999986, -22.926637899322397 ], [ -44.2029546, -22.926590299322378 ], [ -44.2030067, -22.926542699322411 ], [ -44.203058699999978, -22.926495199322371 ], [ -44.203110799999983, -22.926447599322401 ], [ -44.203162899999988, -22.926400099322411 ], [ -44.203215, -22.926352499322398 ], [ -44.2032671, -22.926304899322385 ], [ -44.203319200000017, -22.926257399322395 ], [ -44.2033361, -22.926241899322363 ], [ -44.2033586, -22.926177499322392 ], [ -44.203381200000017, -22.926112999322392 ], [ -44.203403799999982, -22.926048599322396 ], [ -44.203409599999986, -22.926031999322419 ], [ -44.203424700000021, -22.92596569932239 ], [ -44.203439899999971, -22.92589939932239 ], [ -44.203455099999985, -22.925833099322389 ], [ -44.203460099999972, -22.925811299322426 ], [ -44.203474, -22.925744799322434 ], [ -44.203488, -22.92567829932241 ], [ -44.2035019, -22.925611799322429 ], [ -44.203515900000014, -22.925545299322412 ], [ -44.203527899999983, -22.925487799322404 ], [ -44.2035704, -22.92543259932242 ], [ -44.203615, -22.925374599322407 ], [ -44.203677500000026, -22.925339499322412 ], [ -44.203740100000012, -22.925304399322435 ], [ -44.2037952, -22.925273599322438 ], [ -44.203802699999976, -22.925269399322413 ], [ -44.203817300000019, -22.925261199322446 ], [ -44.203887099999982, -22.925240899322418 ], [ -44.203956899999973, -22.925220599322397 ], [ -44.204026699999979, -22.925200399322428 ], [ -44.2040965, -22.925180099322386 ], [ -44.2041663, -22.925159799322433 ], [ -44.2042361, -22.925139599322438 ], [ -44.204265599999985, -22.925130999322441 ], [ -44.2043299, -22.925098699322394 ], [ -44.2043941, -22.925066299322445 ], [ -44.204458400000014, -22.925033999322398 ], [ -44.204522699999977, -22.925001599322385 ], [ -44.204561300000016, -22.924982199322411 ], [ -44.2045706, -22.92492319932245 ], [ -44.2045802, -22.924861899322416 ], [ -44.204606899999987, -22.924798899322411 ], [ -44.204633600000022, -22.924735799322441 ], [ -44.204660299999986, -22.924672699322404 ], [ -44.204687, -22.924609599322419 ], [ -44.204692299999977, -22.92459699932245 ], [ -44.204703199999976, -22.924571499322447 ], [ -44.20471220000001, -22.924504199322431 ], [ -44.2047212, -22.924436999322442 ], [ -44.204730199999972, -22.924369799322463 ], [ -44.2047392, -22.92430249932244 ], [ -44.204748199999976, -22.924235299322465 ], [ -44.2047519, -22.924207699322452 ], [ -44.20476960000002, -22.924141999322462 ], [ -44.204787300000021, -22.924076199322446 ], [ -44.204805, -22.924010499322453 ], [ -44.2048226, -22.92394469932244 ], [ -44.2048403, -22.923878999322447 ], [ -44.204858, -22.923813299322461 ], [ -44.2048757, -22.923747499322459 ], [ -44.204893299999981, -22.923681799322452 ], [ -44.204911, -22.923616099322462 ], [ -44.204928699999975, -22.923550299322432 ], [ -44.20494630000001, -22.923484599322453 ], [ -44.204964, -22.923418799322427 ], [ -44.204981700000026, -22.923353099322451 ], [ -44.20499940000002, -22.923287399322458 ], [ -44.2050095, -22.92324979932247 ], [ -44.205021699999968, -22.92318299932246 ], [ -44.205034, -22.92311619932245 ], [ -44.205046200000027, -22.92304939932249 ], [ -44.2050585, -22.922982599322481 ], [ -44.205070700000022, -22.922915799322475 ], [ -44.2050752, -22.922891399322499 ], [ -44.205092200000024, -22.922825499322457 ], [ -44.205109199999981, -22.922759699322437 ], [ -44.205126099999966, -22.92269379932247 ], [ -44.205143099999979, -22.922627899322478 ], [ -44.205144599999976, -22.922622299322473 ], [ -44.2051735, -22.922559999322463 ], [ -44.205202299999989, -22.92249779932245 ], [ -44.2052312, -22.922435499322482 ], [ -44.205260099999975, -22.922373299322473 ], [ -44.205289, -22.922311099322492 ], [ -44.2053179, -22.922248799322471 ], [ -44.205329399999975, -22.922223899322493 ], [ -44.205370599999981, -22.922167899322456 ], [ -44.2054117, -22.922111899322481 ], [ -44.205452799999989, -22.922055899322476 ], [ -44.205458799999974, -22.922047799322467 ], [ -44.205509699999986, -22.921999099322491 ], [ -44.2055605, -22.921950399322494 ], [ -44.205611400000024, -22.921901699322468 ], [ -44.205662200000013, -22.921852999322493 ], [ -44.205713100000025, -22.921804299322524 ], [ -44.2057208, -22.921796899322498 ], [ -44.205767299999984, -22.921744599322519 ], [ -44.205813799999987, -22.921692299322515 ], [ -44.205860299999983, -22.921639999322533 ], [ -44.205906799999973, -22.921587699322469 ], [ -44.205953299999969, -22.921535399322483 ], [ -44.205999799999965, -22.921483199322505 ], [ -44.206046300000011, -22.921430899322516 ], [ -44.206092800000015, -22.921378599322534 ], [ -44.2061074, -22.921362199322477 ], [ -44.206152700000018, -22.921308999322513 ], [ -44.206198, -22.921255799322491 ], [ -44.206243299999983, -22.921202599322527 ], [ -44.2062886, -22.921149399322506 ], [ -44.206333799999982, -22.921096199322534 ], [ -44.206379099999985, -22.921042999322509 ], [ -44.206413600000012, -22.921002599322509 ], [ -44.206440499999985, -22.920939599322505 ], [ -44.206467499999974, -22.920876599322497 ], [ -44.2064949, -22.920812399322497 ], [ -44.20651909999998, -22.920748499322521 ], [ -44.2065432, -22.920684499322508 ], [ -44.206567399999976, -22.920620599322529 ], [ -44.2065915, -22.920556599322516 ], [ -44.2066029, -22.920526399322558 ], [ -44.206612899999975, -22.920459299322527 ], [ -44.206622900000013, -22.920392199322503 ], [ -44.206633, -22.920325099322536 ], [ -44.206636, -22.920304899322542 ], [ -44.206643, -22.920257999322519 ], [ -44.206653, -22.920190899322556 ], [ -44.206663, -22.920123799322528 ], [ -44.2066727, -22.920058799322529 ], [ -44.2066719, -22.919991099322537 ], [ -44.206671099999987, -22.919923299322537 ], [ -44.206670200000019, -22.919855599322535 ], [ -44.2066694, -22.919787799322542 ], [ -44.2066686, -22.919720099322554 ], [ -44.206668499999978, -22.919709399322524 ], [ -44.2066969, -22.919646999322545 ], [ -44.206725399999975, -22.919584599322544 ], [ -44.20675, -22.91953069932255 ], [ -44.20679, -22.919473999322534 ], [ -44.206830099999983, -22.919417299322578 ], [ -44.2068701, -22.919360699322585 ], [ -44.206878, -22.919349399322542 ], [ -44.2069113, -22.919289099322569 ], [ -44.206944599999979, -22.919228799322532 ], [ -44.20697790000002, -22.919168499322573 ], [ -44.2070112, -22.91910819932254 ], [ -44.207044499999988, -22.919047799322541 ], [ -44.207065899999975, -22.919009099322551 ], [ -44.207077799999972, -22.918987499322572 ], [ -44.207111100000013, -22.91892719932255 ], [ -44.2071444, -22.918866899322573 ], [ -44.207172800000023, -22.918815599322574 ], [ -44.207199, -22.918752299322545 ], [ -44.2072253, -22.91868909932257 ], [ -44.2072516, -22.918625899322556 ], [ -44.2072779, -22.918562699322557 ], [ -44.2073042, -22.918499399322538 ], [ -44.20731009999998, -22.91848509932257 ], [ -44.207323200000012, -22.918418499322541 ], [ -44.207336199999986, -22.918351799322551 ], [ -44.207349299999969, -22.91828519932259 ], [ -44.2073623, -22.918218499322602 ], [ -44.2073648, -22.918206199322562 ], [ -44.207375399999982, -22.918151899322574 ], [ -44.2073788, -22.918134299322588 ], [ -44.207378399999975, -22.918091699322574 ], [ -44.207378100000014, -22.918066599322561 ], [ -44.207377399999984, -22.917998799322607 ], [ -44.2073767, -22.917931099322562 ], [ -44.207375899999974, -22.917863299322612 ], [ -44.2073752, -22.917795599322563 ], [ -44.2073745, -22.917727799322606 ], [ -44.20737380000002, -22.917660099322578 ], [ -44.207373, -22.917592399322583 ], [ -44.207372299999967, -22.917524599322576 ], [ -44.207371599999988, -22.917456899322573 ], [ -44.207371, -22.917401899322602 ], [ -44.207365, -22.917334399322616 ], [ -44.2073591, -22.91726689932262 ], [ -44.207353099999978, -22.91719939932262 ], [ -44.207347099999986, -22.917131899322623 ], [ -44.2073411, -22.917064399322626 ], [ -44.207335100000023, -22.9169967993226 ], [ -44.2073292, -22.916929299322611 ], [ -44.2073232, -22.916861799322604 ], [ -44.207317199999977, -22.916794299322614 ], [ -44.207316499999983, -22.916785899322594 ], [ -44.2073188, -22.916718199322599 ], [ -44.2073211, -22.916650499322618 ], [ -44.2073234, -22.916582799322633 ], [ -44.20732570000002, -22.916515099322638 ], [ -44.207327599999985, -22.916459599322618 ], [ -44.207353099999978, -22.916396099322604 ], [ -44.20737860000002, -22.91633259932259 ], [ -44.207404100000019, -22.916269099322648 ], [ -44.207429600000012, -22.91620559932263 ], [ -44.207444899999977, -22.916167699322639 ], [ -44.2074847, -22.916110899322604 ], [ -44.207524400000011, -22.916054099322629 ], [ -44.207564199999972, -22.915997199322621 ], [ -44.207604, -22.915940399322643 ], [ -44.207643800000028, -22.915883499322636 ], [ -44.207681, -22.915830499322659 ], [ -44.207733, -22.91578289932264 ], [ -44.207785, -22.915735299322638 ], [ -44.207839299999989, -22.915685599322661 ], [ -44.207898, -22.915645199322601 ], [ -44.2079567, -22.915604799322622 ], [ -44.208015499999981, -22.915564399322623 ], [ -44.2080742, -22.915523999322641 ], [ -44.20813290000001, -22.915483699322614 ], [ -44.208191600000021, -22.915443299322629 ], [ -44.208250299999975, -22.91540289932265 ], [ -44.2082866, -22.915377999322612 ], [ -44.208345300000019, -22.915337599322633 ], [ -44.208351900000018, -22.915333099322645 ], [ -44.2084072, -22.915288799322624 ], [ -44.2084625, -22.915244399322649 ], [ -44.208517799999974, -22.915200099322647 ], [ -44.208573100000031, -22.915155799322626 ], [ -44.2086238, -22.915115299322675 ], [ -44.208675700000015, -22.91506759932264 ], [ -44.2087277, -22.915019899322658 ], [ -44.2087563, -22.914993599322649 ], [ -44.208786799999977, -22.914932099322645 ], [ -44.2088169, -22.914871399322635 ], [ -44.2088342, -22.914805599322683 ], [ -44.2088516, -22.914739699322631 ], [ -44.208868900000027, -22.914673899322676 ], [ -44.208886300000025, -22.91460809932267 ], [ -44.208903599999978, -22.914542299322669 ], [ -44.208906800000015, -22.914530199322666 ], [ -44.208933, -22.91446689932264 ], [ -44.208959199999981, -22.914403699322648 ], [ -44.2089679, -22.914382699322651 ], [ -44.209020399999986, -22.914335499322664 ], [ -44.209052299999989, -22.914306799322695 ], [ -44.209074, -22.914287299322673 ], [ -44.209139100000016, -22.914256399322671 ], [ -44.209204199999988, -22.914225599322677 ], [ -44.20927180000001, -22.914193499322675 ], [ -44.209342900000024, -22.914177699322639 ], [ -44.209414, -22.914161799322656 ], [ -44.2094851, -22.914145999322692 ], [ -44.2095562, -22.914130199322656 ], [ -44.209626399999983, -22.914114499322658 ], [ -44.209699399999963, -22.914110599322683 ], [ -44.20977240000002, -22.914106699322659 ], [ -44.209845400000013, -22.914102799322702 ], [ -44.209918500000015, -22.91409889932266 ], [ -44.2099685, -22.914096199322699 ], [ -44.210037600000014, -22.914118399322685 ], [ -44.210106699999969, -22.914140599322668 ], [ -44.2101758, -22.914162799322654 ], [ -44.210244900000021, -22.91418499932265 ], [ -44.210314, -22.914207199322703 ], [ -44.210334600000024, -22.91421379932271 ], [ -44.2104061, -22.914227899322686 ], [ -44.210477599999983, -22.914241999322666 ], [ -44.21051540000002, -22.914249399322664 ], [ -44.210588499999972, -22.914247899322689 ], [ -44.21066159999998, -22.914246499322665 ], [ -44.210734699999982, -22.914244999322655 ], [ -44.210800099999965, -22.914243599322674 ], [ -44.21087290000002, -22.914237299322693 ], [ -44.210945700000018, -22.914230899322664 ], [ -44.211018500000016, -22.914224599322704 ], [ -44.211091300000021, -22.914218299322687 ], [ -44.211164100000026, -22.91421189932267 ], [ -44.2112333, -22.914205899322678 ], [ -44.2113064, -22.914207799322654 ], [ -44.211379500000028, -22.91420959932266 ], [ -44.211452599999973, -22.914211499322686 ], [ -44.211525699999967, -22.914213399322666 ], [ -44.211581599999988, -22.914214799322693 ], [ -44.2116547, -22.91421769932267 ], [ -44.211674099999982, -22.914218399322646 ], [ -44.211727699999983, -22.914220499322663 ], [ -44.2118008, -22.914223299322678 ], [ -44.2118739, -22.914226099322676 ], [ -44.211946899999987, -22.914228999322649 ], [ -44.21202, -22.91423179932265 ], [ -44.2120931, -22.914234599322665 ], [ -44.2121661, -22.914237399322666 ], [ -44.2122392, -22.914240199322663 ], [ -44.2123123, -22.914243099322693 ], [ -44.21237739999998, -22.914245599322683 ], [ -44.212450199999978, -22.914238599322641 ], [ -44.2125229, -22.914231499322693 ], [ -44.2125957, -22.91422449932266 ], [ -44.21266839999997, -22.914217499322664 ], [ -44.212741100000017, -22.914210399322666 ], [ -44.212813900000015, -22.914203399322687 ], [ -44.2128866, -22.914196399322645 ], [ -44.2129544, -22.914189799322632 ], [ -44.2130224, -22.914164799322648 ], [ -44.213090299999983, -22.914139699322686 ], [ -44.213158299999975, -22.914114599322684 ], [ -44.2132262, -22.91408949932265 ], [ -44.213287799999989, -22.914066799322676 ], [ -44.2133493, -22.914030199322685 ], [ -44.213410800000013, -22.913993499322679 ], [ -44.213472299999971, -22.913956899322702 ], [ -44.2135338, -22.913920199322693 ], [ -44.2135953, -22.913883599322702 ], [ -44.2136244, -22.913866299322681 ], [ -44.213692900000012, -22.913842699322654 ], [ -44.213761499999968, -22.913819099322684 ], [ -44.21383, -22.913795499322664 ], [ -44.2138986, -22.913771999322687 ], [ -44.21391, -22.913767999322694 ], [ -44.213978699999984, -22.913744799322689 ], [ -44.21404740000002, -22.913721499322687 ], [ -44.214116100000012, -22.913698299322714 ], [ -44.2141277, -22.913694399322683 ], [ -44.2142008, -22.913694799322652 ], [ -44.214277700000011, -22.913695199322678 ], [ -44.21431489999997, -22.91369839932268 ], [ -44.214350500000016, -22.913701399322662 ], [ -44.21442339999998, -22.913707599322684 ], [ -44.214434700000027, -22.9137085993227 ], [ -44.214503499999978, -22.913731499322665 ], [ -44.214572299999986, -22.913754399322695 ], [ -44.214641200000024, -22.91377729932266 ], [ -44.214701400000017, -22.913797399322707 ], [ -44.214755599999982, -22.913842799322673 ], [ -44.214809899999977, -22.913888299322675 ], [ -44.2148641, -22.913933699322651 ], [ -44.214918399999981, -22.9139791993227 ], [ -44.2149726, -22.914024599322687 ], [ -44.2150269, -22.914069999322635 ], [ -44.215042700000019, -22.914083299322687 ], [ -44.215095399999981, -22.914130199322649 ], [ -44.21514819999998, -22.914176999322674 ], [ -44.2151503, -22.914178899322696 ], [ -44.215201, -22.914223899322696 ], [ -44.215253800000028, -22.914270799322669 ], [ -44.215296799999969, -22.914308999322664 ], [ -44.215358900000012, -22.914344699322683 ], [ -44.215421100000015, -22.914380399322688 ], [ -44.215483300000017, -22.914415999322678 ], [ -44.2155454, -22.914451699322644 ], [ -44.2156076, -22.914487399322667 ], [ -44.2156253, -22.914497599322662 ], [ -44.215696799999989, -22.914511799322664 ], [ -44.215768299999972, -22.914525999322684 ], [ -44.21582990000001, -22.914538199322646 ], [ -44.21590250000002, -22.914529699322671 ], [ -44.215975, -22.914521099322659 ], [ -44.216047600000024, -22.914512599322677 ], [ -44.216087, -22.914507899322651 ], [ -44.216160100000025, -22.914508299322684 ], [ -44.216216299999985, -22.91450859932263 ], [ -44.2162869, -22.91452609932265 ], [ -44.216318600000022, -22.914533999322664 ], [ -44.2163865, -22.914559099322677 ], [ -44.2164209, -22.914571899322656 ], [ -44.2164821, -22.914609099322668 ], [ -44.2165432, -22.914646299322676 ], [ -44.216604299999972, -22.914683499322685 ], [ -44.216665400000011, -22.914720699322629 ], [ -44.216726499999986, -22.914757899322638 ], [ -44.2167877, -22.914795099322649 ], [ -44.216848799999973, -22.914832299322669 ], [ -44.216870799999981, -22.914845699322658 ], [ -44.216938, -22.914872299322663 ], [ -44.217005200000024, -22.914898899322683 ], [ -44.217061699999988, -22.914921299322653 ], [ -44.217134900000012, -22.914921599322678 ], [ -44.217208, -22.914921999322655 ], [ -44.2172453, -22.914922199322636 ], [ -44.217316200000027, -22.91493869932264 ], [ -44.2173871, -22.914955299322621 ], [ -44.2174086, -22.914960299322676 ], [ -44.217481599999978, -22.914956199322663 ], [ -44.217554600000028, -22.914951999322685 ], [ -44.217612299999985, -22.914948799322627 ], [ -44.2176799, -22.91492279932265 ], [ -44.2177474, -22.914896799322658 ], [ -44.2178149, -22.914870699322663 ], [ -44.217835799999982, -22.914862699322676 ], [ -44.217876100000012, -22.914813099322661 ], [ -44.2179226, -22.914760799322682 ], [ -44.2179691, -22.914708499322675 ], [ -44.217997299999972, -22.914676799322656 ], [ -44.218040299999984, -22.914621999322669 ], [ -44.218077199999982, -22.914575099322636 ], [ -44.2181301, -22.914528299322633 ], [ -44.218183, -22.914481499322694 ], [ -44.218235900000032, -22.914434799322638 ], [ -44.2182593, -22.914414099322649 ], [ -44.21832, -22.914376399322659 ], [ -44.218380799999977, -22.914338599322683 ], [ -44.218441499999983, -22.914300899322662 ], [ -44.2184563, -22.914291699322657 ], [ -44.218502, -22.914263299322684 ], [ -44.218568699999985, -22.914235599322652 ], [ -44.2186355, -22.91420789932268 ], [ -44.218702199999989, -22.914180299322666 ], [ -44.2187578, -22.914157199322659 ], [ -44.218769, -22.914152599322701 ], [ -44.218835800000022, -22.914124899322669 ], [ -44.218902500000013, -22.914097299322666 ], [ -44.218969300000033, -22.914069599322669 ], [ -44.219036, -22.914041899322648 ], [ -44.219102799999973, -22.914014299322687 ], [ -44.2191664, -22.913987899322663 ], [ -44.2192243, -22.913946499322694 ], [ -44.21928209999998, -22.913905099322708 ], [ -44.21934, -22.913863699322661 ], [ -44.219397899999983, -22.913822199322702 ], [ -44.219455700000019, -22.913780799322659 ], [ -44.219513600000028, -22.913739399322676 ], [ -44.219571499999979, -22.913697999322686 ], [ -44.219629399999967, -22.913656599322707 ], [ -44.21968720000001, -22.913615199322663 ], [ -44.219745100000011, -22.913573699322658 ], [ -44.2197539, -22.913567399322663 ], [ -44.219792499999976, -22.913509799322661 ], [ -44.219831, -22.913452299322699 ], [ -44.219869599999974, -22.913394699322716 ], [ -44.2199081, -22.913337099322664 ], [ -44.219946600000014, -22.91327949932268 ], [ -44.219955500000026, -22.913266399322698 ], [ -44.219986399999975, -22.913204999322691 ], [ -44.22001740000001, -22.913143599322702 ], [ -44.220048399999989, -22.913082299322671 ], [ -44.220055899999977, -22.913067399322678 ], [ -44.22007, -22.913000899322675 ], [ -44.220084, -22.912934499322706 ], [ -44.220098, -22.912867999322707 ], [ -44.220112099999987, -22.912801499322704 ], [ -44.220121699999986, -22.912755999322712 ], [ -44.220124800000015, -22.912688299322717 ], [ -44.220128, -22.912620599322722 ], [ -44.2201311, -22.912552899322677 ], [ -44.220134299999984, -22.912485199322695 ], [ -44.2201374, -22.912417599322733 ], [ -44.220140599999972, -22.912349899322688 ], [ -44.2201437, -22.912282199322718 ], [ -44.220145499999987, -22.912244499322696 ], [ -44.220162800000026, -22.912178699322745 ], [ -44.220180200000016, -22.912112899322736 ], [ -44.220197499999983, -22.912047099322713 ], [ -44.220214899999966, -22.91198129932269 ], [ -44.2202322, -22.911915499322738 ], [ -44.220249599999988, -22.911849599322696 ], [ -44.220251599999976, -22.911842099322726 ], [ -44.22026319999997, -22.911775199322744 ], [ -44.2202747, -22.911708299322715 ], [ -44.2202863, -22.911641399322733 ], [ -44.220297800000026, -22.9115744993227 ], [ -44.220309400000012, -22.911507599322725 ], [ -44.220321, -22.911440699322739 ], [ -44.220326699999987, -22.911407299322736 ], [ -44.220343599999971, -22.911341399322765 ], [ -44.220360500000027, -22.911275399322758 ], [ -44.220377400000018, -22.911209499322727 ], [ -44.2203831, -22.911187099322753 ], [ -44.2204158, -22.911126499322766 ], [ -44.220436800000016, -22.911087499322743 ], [ -44.220479099999977, -22.911032199322772 ], [ -44.220521299999966, -22.910976899322719 ], [ -44.2205412, -22.910950799322766 ], [ -44.220595600000031, -22.910905499322748 ], [ -44.22065259999998, -22.910857899322739 ], [ -44.220717299999983, -22.91082619932272 ], [ -44.220777899999973, -22.910796399322734 ], [ -44.2208491, -22.910780999322728 ], [ -44.2209168, -22.910766299322738 ], [ -44.22099, -22.910766799322712 ], [ -44.221063099999974, -22.910767399322747 ], [ -44.2210695, -22.910767499322763 ], [ -44.221141900000021, -22.910777299322756 ], [ -44.221214299999986, -22.910787099322743 ], [ -44.221286599999971, -22.91079689932273 ], [ -44.221359, -22.910806699322769 ], [ -44.221395799999975, -22.91081169932276 ], [ -44.2214689, -22.910811099322739 ], [ -44.221542, -22.910810599322723 ], [ -44.221615199999974, -22.910809999322762 ], [ -44.221688299999983, -22.910809499322781 ], [ -44.221761399999984, -22.910808899322749 ], [ -44.221799299999979, -22.910808599322745 ], [ -44.221871899999989, -22.910800499322743 ], [ -44.2219445, -22.910792499322763 ], [ -44.222009300000025, -22.91078529932274 ], [ -44.2220793, -22.910765499322775 ], [ -44.2221492, -22.910745799322729 ], [ -44.222219199999969, -22.91072609932273 ], [ -44.2222534, -22.910716399322773 ], [ -44.222317799999985, -22.910684299322764 ], [ -44.222382200000027, -22.910652199322755 ], [ -44.222446600000012, -22.910620099322763 ], [ -44.222511, -22.910588099322744 ], [ -44.222578300000016, -22.910554499322746 ], [ -44.222637299999967, -22.910514599322752 ], [ -44.222696400000018, -22.910474599322743 ], [ -44.222755399999976, -22.910434599322734 ], [ -44.22281450000002, -22.910394699322726 ], [ -44.2228735, -22.910354699322784 ], [ -44.222932599999972, -22.910314699322768 ], [ -44.2229913, -22.910274199322771 ], [ -44.223049899999978, -22.910233699322756 ], [ -44.223076699999986, -22.910215299322761 ], [ -44.223108599999989, -22.910193299322753 ], [ -44.223167199999985, -22.910152799322749 ], [ -44.223225899999989, -22.910112299322748 ], [ -44.22328449999997, -22.910071799322797 ], [ -44.223317399999978, -22.910049099322748 ], [ -44.223372, -22.910004099322759 ], [ -44.223426599999968, -22.909958999322789 ], [ -44.223481199999981, -22.909913899322746 ], [ -44.2234876, -22.909908599322765 ], [ -44.2235316, -22.909854499322762 ], [ -44.2235756, -22.909800399322766 ], [ -44.223598700000018, -22.909771999322739 ], [ -44.2236274, -22.909709699322789 ], [ -44.223656100000021, -22.909647399322743 ], [ -44.223659, -22.909641199322785 ], [ -44.2236848, -22.909577799322804 ], [ -44.2237106, -22.909514399322759 ], [ -44.2237364, -22.909451099322784 ], [ -44.22374259999998, -22.909435599322766 ], [ -44.2237705, -22.909372999322787 ], [ -44.2237983, -22.90931029932279 ], [ -44.223826200000012, -22.909247699322759 ], [ -44.223854, -22.909184999322772 ], [ -44.22387, -22.909149099322761 ], [ -44.223881199999987, -22.909082099322763 ], [ -44.223884, -22.90906539932276 ], [ -44.223883699999988, -22.908997699322782 ], [ -44.2238835, -22.908971599322765 ], [ -44.2238693, -22.908905099322823 ], [ -44.22385509999998, -22.908838699322786 ], [ -44.2238428, -22.908780999322772 ], [ -44.223841199999974, -22.908713299322784 ], [ -44.223839699999985, -22.908653199322792 ], [ -44.2238641, -22.908589399322782 ], [ -44.223874, -22.908563399322787 ], [ -44.223918299999987, -22.908509499322786 ], [ -44.2239631, -22.908455099322822 ], [ -44.2240117, -22.908404499322817 ], [ -44.224055099999987, -22.908359399322805 ], [ -44.224104300000022, -22.90831709932278 ], [ -44.2241641, -22.908278099322814 ], [ -44.22422390000002, -22.908239199322828 ], [ -44.224234, -22.90823259932283 ], [ -44.2242971, -22.90823429932281 ], [ -44.224367799999982, -22.908216799322791 ], [ -44.2243725, -22.908215699322831 ], [ -44.2244443, -22.908202699322811 ], [ -44.2245181, -22.90818929932281 ], [ -44.224584900000025, -22.908161799322837 ], [ -44.224592799999975, -22.908158599322789 ], [ -44.224616500000025, -22.90812109932282 ], [ -44.224612900000011, -22.908089599322796 ], [ -44.224582100000021, -22.908038899322822 ], [ -44.2245252, -22.907996399322816 ], [ -44.224513800000011, -22.907987899322833 ], [ -44.2244718, -22.90793239932281 ], [ -44.224465800000011, -22.907924399322837 ], [ -44.2244397, -22.907861199322831 ], [ -44.224413599999984, -22.907797899322805 ], [ -44.224387499999978, -22.907734599322847 ], [ -44.224361400000014, -22.907671299322818 ], [ -44.224335300000014, -22.907607999322806 ], [ -44.224309199999986, -22.907544699322834 ], [ -44.224293699999976, -22.9075070993228 ], [ -44.2242827, -22.907440099322798 ], [ -44.224271699999974, -22.90737309932279 ], [ -44.224260699999988, -22.907306099322859 ], [ -44.224249799999988, -22.90723919932282 ], [ -44.224245600000017, -22.907213999322838 ], [ -44.224232500000028, -22.907147299322865 ], [ -44.22422820000002, -22.9071255993228 ], [ -44.224195399999978, -22.907064999322824 ], [ -44.224183499999967, -22.907043099322838 ], [ -44.2241323, -22.906995399322863 ], [ -44.224128699999987, -22.906992099322864 ], [ -44.2240658, -22.906957599322837 ], [ -44.224046699999967, -22.906947099322863 ], [ -44.223974800000015, -22.906934899322856 ], [ -44.223927300000021, -22.906926899322816 ], [ -44.2238542, -22.906923499322847 ], [ -44.2237812, -22.906919999322849 ], [ -44.2237533, -22.906918699322844 ], [ -44.223681100000022, -22.906929499322807 ], [ -44.223608899999988, -22.90694019932285 ], [ -44.223536700000011, -22.906950899322862 ], [ -44.223464499999977, -22.90696159932283 ], [ -44.2234363, -22.906965799322862 ], [ -44.22336330000001, -22.906970799322846 ], [ -44.2232904, -22.906975799322829 ], [ -44.223217499999969, -22.906980799322824 ], [ -44.2231974, -22.906982199322851 ], [ -44.2231254, -22.906970399322805 ], [ -44.223053400000026, -22.906958599322824 ], [ -44.223013700000031, -22.906952099322847 ], [ -44.2229471, -22.906924099322858 ], [ -44.222880499999967, -22.906896099322815 ], [ -44.2228288, -22.906874399322842 ], [ -44.222773299999965, -22.906830299322856 ], [ -44.2227178, -22.906786099322815 ], [ -44.2226624, -22.90674199932285 ], [ -44.2226069, -22.906697899322825 ], [ -44.222595500000011, -22.906688799322829 ], [ -44.222537100000011, -22.906647899322849 ], [ -44.222478799999976, -22.90660699932285 ], [ -44.2224205, -22.906566099322852 ], [ -44.22236220000002, -22.906525199322829 ], [ -44.222303899999986, -22.906484299322827 ], [ -44.2222456, -22.906443499322879 ], [ -44.222187299999973, -22.906402599322821 ], [ -44.222128600000019, -22.906361499322841 ], [ -44.222097299999973, -22.906300199322832 ], [ -44.22207329999997, -22.906253399322882 ], [ -44.2220615, -22.906186499322843 ], [ -44.222052099999985, -22.906133099322833 ], [ -44.222056099999961, -22.906065399322841 ], [ -44.222060100000014, -22.905997799322876 ], [ -44.222062, -22.905965799322857 ], [ -44.222075299999972, -22.905899199322874 ], [ -44.2220886, -22.905833299322847 ], [ -44.222109400000015, -22.905768399322866 ], [ -44.222129, -22.905707299322881 ], [ -44.2221561, -22.905669699322843 ], [ -44.22219710000001, -22.905657499322892 ], [ -44.222223900000017, -22.905657799322846 ], [ -44.222269, -22.905658299322887 ], [ -44.222338799999989, -22.905678599322851 ], [ -44.2223821, -22.905691299322864 ], [ -44.222450599999988, -22.905714999322843 ], [ -44.2225191, -22.905738799322844 ], [ -44.222532899999969, -22.905743599322861 ], [ -44.2225932, -22.905781999322844 ], [ -44.2226534, -22.905820299322883 ], [ -44.222664599999973, -22.905827499322861 ], [ -44.222729800000018, -22.905858199322875 ], [ -44.2227606, -22.905872799322864 ], [ -44.222825199999988, -22.905904599322835 ], [ -44.222839500000013, -22.90591169932285 ], [ -44.2229107, -22.905927099322842 ], [ -44.222932, -22.905931699322867 ], [ -44.222983100000029, -22.905913299322879 ], [ -44.2230171, -22.905863199322866 ], [ -44.223037799999986, -22.905798199322842 ], [ -44.223058499999965, -22.905733199322846 ], [ -44.223068300000023, -22.905702599322854 ], [ -44.223095199999989, -22.905639599322836 ], [ -44.223122199999978, -22.90557659932287 ], [ -44.223149200000016, -22.905513699322842 ], [ -44.2231767, -22.90544939932288 ], [ -44.223210699999981, -22.905389399322846 ], [ -44.2232447, -22.905329399322895 ], [ -44.2232479, -22.905323599322845 ], [ -44.2233058, -22.905282199322855 ], [ -44.223330499999982, -22.905264499322861 ], [ -44.2233921, -22.905227999322896 ], [ -44.223440499999974, -22.905199299322863 ], [ -44.223511499999965, -22.905182999322889 ], [ -44.223519099999976, -22.905181199322882 ], [ -44.223592199999985, -22.905182099322868 ], [ -44.223614899999966, -22.905182399322879 ], [ -44.2236534, -22.905185999322899 ], [ -44.223718599999977, -22.905205699322899 ], [ -44.2237779, -22.905245299322857 ], [ -44.223824900000018, -22.905276599322843 ], [ -44.223890900000015, -22.905305899322848 ], [ -44.2239568, -22.905335199322892 ], [ -44.224015300000019, -22.90536119932289 ], [ -44.2240878, -22.90536989932286 ], [ -44.224160400000017, -22.905378699322895 ], [ -44.2242329, -22.905387399322862 ], [ -44.2243054, -22.905396199322851 ], [ -44.224377899999979, -22.905404899322896 ], [ -44.224450400000023, -22.905413699322867 ], [ -44.2245248, -22.905422699322838 ], [ -44.224597599999967, -22.90542829932285 ], [ -44.2246705, -22.905433899322862 ], [ -44.224718600000024, -22.905437599322909 ], [ -44.224790499999976, -22.905449799322852 ], [ -44.224819, -22.905454699322885 ], [ -44.224891099999979, -22.905465999322857 ], [ -44.224963199999983, -22.905477199322874 ], [ -44.2250353, -22.905488499322857 ], [ -44.2251074, -22.905499799322854 ], [ -44.225116, -22.905501199322885 ], [ -44.225186, -22.905520899322866 ], [ -44.225255899999979, -22.905540699322898 ], [ -44.2253258, -22.905560499322846 ], [ -44.225350699999979, -22.905567499322888 ], [ -44.225423799999987, -22.905566899322864 ], [ -44.2254969, -22.905566399322872 ], [ -44.225505199999986, -22.905566299322842 ], [ -44.225576699999969, -22.905552099322886 ], [ -44.225602700000017, -22.905546999322887 ], [ -44.225675200000019, -22.905538599322874 ], [ -44.2257478, -22.905530199322854 ], [ -44.225820399999982, -22.905521799322855 ], [ -44.225826, -22.905521099322854 ], [ -44.225899099999985, -22.905523099322846 ], [ -44.2259722, -22.90552509932283 ], [ -44.226045300000017, -22.905527099322843 ], [ -44.226118400000011, -22.905529199322856 ], [ -44.2261282, -22.905529399322841 ], [ -44.226201300000021, -22.905529199322856 ], [ -44.226274499999988, -22.905528999322865 ], [ -44.226311800000012, -22.905528799322873 ], [ -44.226384900000028, -22.905531299322881 ], [ -44.226458, -22.905533799322878 ], [ -44.226531099999981, -22.905536299322868 ], [ -44.226604099999967, -22.905538799322851 ], [ -44.226677199999976, -22.905541199322869 ], [ -44.2267503, -22.905543699322884 ], [ -44.2268234, -22.905546199322867 ], [ -44.2268965, -22.905548699322864 ], [ -44.2269695, -22.905551199322854 ], [ -44.2270426, -22.905553599322904 ], [ -44.2271157, -22.905556099322872 ], [ -44.227123399999975, -22.905556399322901 ], [ -44.2271963, -22.905560899322882 ], [ -44.227269299999982, -22.905565399322878 ], [ -44.227313200000026, -22.905568099322853 ], [ -44.227342299999968, -22.905569899322852 ], [ -44.2274152, -22.905574499322871 ], [ -44.227444400000017, -22.905576299322885 ], [ -44.2275164, -22.905587999322886 ], [ -44.2275884, -22.905599799322879 ], [ -44.227660500000013, -22.905611499322887 ], [ -44.2277325, -22.905623199322843 ], [ -44.227781100000016, -22.905631199322887 ], [ -44.2278539, -22.905637499322886 ], [ -44.2279267, -22.905643899322836 ], [ -44.22794929999997, -22.905645899322892 ], [ -44.2280212, -22.905633299322854 ], [ -44.228052199999979, -22.905627899322877 ], [ -44.228116899999975, -22.90559629932287 ], [ -44.2281413, -22.905584399322869 ], [ -44.228193200000014, -22.905536699322894 ], [ -44.2282098, -22.905521499322884 ], [ -44.228249399999982, -22.90546459932288 ], [ -44.228286799999971, -22.905410999322896 ], [ -44.2283122, -22.905347399322864 ], [ -44.228316, -22.905337999322839 ], [ -44.22832319999997, -22.905270599322865 ], [ -44.228324499999985, -22.905258499322887 ], [ -44.228315899999984, -22.905191199322868 ], [ -44.2283073, -22.905123899322845 ], [ -44.228298699999982, -22.905056699322863 ], [ -44.2282945, -22.905023799322858 ], [ -44.22827280000002, -22.904959099322866 ], [ -44.228251100000023, -22.90489439932287 ], [ -44.228237499999977, -22.904853899322866 ], [ -44.228234499999985, -22.904846299322852 ], [ -44.228212199999959, -22.904790299322887 ], [ -44.2281868, -22.904726799322887 ], [ -44.228161399999969, -22.904663299322873 ], [ -44.228136099999972, -22.904599699322887 ], [ -44.2281287, -22.904581099322872 ], [ -44.2281117, -22.904515199322873 ], [ -44.228097400000024, -22.904459299322866 ], [ -44.228094399999968, -22.904391599322896 ], [ -44.228091399999983, -22.904323999322873 ], [ -44.228088500000013, -22.904256299322892 ], [ -44.228085500000013, -22.904188599322893 ], [ -44.228082500000014, -22.904120899322908 ], [ -44.228079499999978, -22.904053199322927 ], [ -44.2280791, -22.904043799322913 ], [ -44.2280698, -22.903976599322935 ], [ -44.228060500000019, -22.903909399322874 ], [ -44.2280511, -22.903842199322881 ], [ -44.228041800000028, -22.903774999322899 ], [ -44.228032499999983, -22.903707799322913 ], [ -44.228023199999988, -22.903640599322923 ], [ -44.2280139, -22.903573399322934 ], [ -44.2280125, -22.903563499322939 ], [ -44.2279967, -22.903497399322912 ], [ -44.227981, -22.903431199322927 ], [ -44.2279653, -22.903364999322921 ], [ -44.22796, -22.903343099322889 ], [ -44.227955099999974, -22.903322599322941 ], [ -44.2279231, -22.903261699322883 ], [ -44.2278911, -22.903200799322896 ], [ -44.227859099999982, -22.90313979932294 ], [ -44.227827100000013, -22.903078899322956 ], [ -44.2277959, -22.903019699322932 ], [ -44.227754800000014, -22.90296369932291 ], [ -44.227713600000016, -22.902907699322942 ], [ -44.22767240000001, -22.90285169932292 ], [ -44.22764380000001, -22.90281279932293 ], [ -44.2275963, -22.902761299322947 ], [ -44.2275487, -22.902709899322925 ], [ -44.2275012, -22.902658399322931 ], [ -44.227453599999983, -22.902606899322972 ], [ -44.227406099999989, -22.902555499322933 ], [ -44.227374199999979, -22.902520899322955 ], [ -44.227323800000015, -22.902471899322965 ], [ -44.227273299999972, -22.902422799322949 ], [ -44.2272229, -22.902373799322966 ], [ -44.227172399999972, -22.902324699322961 ], [ -44.227122, -22.902275699322971 ], [ -44.2271096, -22.902263599322968 ], [ -44.2270537, -22.90221989932293 ], [ -44.226997900000015, -22.902176099322975 ], [ -44.226942099999974, -22.902132399322969 ], [ -44.226886200000024, -22.902088699322913 ], [ -44.2268304, -22.902044899322977 ], [ -44.2267845, -22.902008999322959 ], [ -44.2267233, -22.901971899322934 ], [ -44.2266621, -22.901934799322948 ], [ -44.2266009, -22.901897699322966 ], [ -44.226539699999989, -22.901860599322973 ], [ -44.226478499999985, -22.901823499322937 ], [ -44.22641729999998, -22.901786399322937 ], [ -44.226356199999984, -22.901749299322965 ], [ -44.226311899999985, -22.901722499322965 ], [ -44.226245, -22.901695099322943 ], [ -44.226178199999985, -22.901667699322971 ], [ -44.226149299999967, -22.90165589932294 ], [ -44.226086399999971, -22.901621399322956 ], [ -44.226073, -22.901613999322947 ], [ -44.2260235, -22.901586899322943 ], [ -44.2259606, -22.901552299322951 ], [ -44.225897700000019, -22.901517799322988 ], [ -44.2258347, -22.90148319932295 ], [ -44.225771800000011, -22.901448699322959 ], [ -44.2257454, -22.901434199322942 ], [ -44.225690199999967, -22.901389699322937 ], [ -44.225635099999984, -22.901345199322947 ], [ -44.225579900000014, -22.901300699322952 ], [ -44.2255248, -22.90125629932297 ], [ -44.225472500000024, -22.901214099322974 ], [ -44.225411300000019, -22.901176999322981 ], [ -44.225400900000011, -22.901170699322982 ], [ -44.225350100000014, -22.901139999322972 ], [ -44.225288900000017, -22.901102899322986 ], [ -44.22524820000001, -22.901078199322939 ], [ -44.22518070000001, -22.90105219932294 ], [ -44.225113200000017, -22.901026199322963 ], [ -44.225045599999987, -22.901000299322977 ], [ -44.224978099999987, -22.90097429932295 ], [ -44.224910599999987, -22.900948299322959 ], [ -44.224884, -22.900938099322985 ], [ -44.224827699999985, -22.900894799322966 ], [ -44.224771499999974, -22.90085149932295 ], [ -44.2247368, -22.900824699322953 ], [ -44.2246904, -22.900772399322971 ], [ -44.224644, -22.900719999322956 ], [ -44.224597599999981, -22.900667599322997 ], [ -44.2245512, -22.900615299323011 ], [ -44.224504799999977, -22.900562899322985 ], [ -44.224482200000011, -22.900537499322972 ], [ -44.2244314, -22.900488799322982 ], [ -44.2243805, -22.900440099323013 ], [ -44.224368299999966, -22.900428499322974 ], [ -44.224302, -22.900399899323013 ], [ -44.2242357, -22.900371299323012 ], [ -44.224193, -22.900352999322983 ], [ -44.2241222, -22.900336099322992 ], [ -44.2240514, -22.900319199323008 ], [ -44.2239806, -22.900302299323013 ], [ -44.2239098, -22.900285399322961 ], [ -44.223838899999969, -22.900268499322966 ], [ -44.22376950000001, -22.900251899322996 ], [ -44.2237025, -22.900224699323008 ], [ -44.2236355, -22.900197499322982 ], [ -44.2235685, -22.900170299323012 ], [ -44.223543899999981, -22.900160299322962 ], [ -44.223504100000014, -22.900103399322973 ], [ -44.2234677, -22.900051599322971 ], [ -44.223418700000011, -22.89999909932299 ], [ -44.223347100000012, -22.899985499323016 ], [ -44.223283700000025, -22.89997339932302 ], [ -44.2232558, -22.899966499323 ], [ -44.2232348, -22.899940299323006 ], [ -44.223227599999973, -22.899907899323022 ], [ -44.223248800000022, -22.899842999322978 ], [ -44.22327, -22.899778199323009 ], [ -44.2232745, -22.899764399322979 ], [ -44.223305, -22.899702799323006 ], [ -44.2233355, -22.899641299322997 ], [ -44.223366, -22.899579699323009 ], [ -44.223396499999978, -22.899518099323018 ], [ -44.223428099999978, -22.899454399323048 ], [ -44.2234593, -22.899393099322999 ], [ -44.22349040000001, -22.899331799323036 ], [ -44.223521600000019, -22.899270499323002 ], [ -44.2235336, -22.899246899322993 ], [ -44.223542300000013, -22.899179599323038 ], [ -44.2235511, -22.899112399323002 ], [ -44.2235599, -22.899045099323033 ], [ -44.223563800000015, -22.899014499323044 ], [ -44.223554799999981, -22.898947199323018 ], [ -44.2235457, -22.898879999323043 ], [ -44.223543199999988, -22.898860799323039 ], [ -44.2235127, -22.898799199323019 ], [ -44.223505400000015, -22.898784499323011 ], [ -44.223446500000016, -22.898744399323025 ], [ -44.2234118, -22.898720699323036 ], [ -44.2233397, -22.898709299323027 ], [ -44.2232676, -22.898697799322999 ], [ -44.223251399999981, -22.898695299322998 ], [ -44.223179599999973, -22.898707999323012 ], [ -44.2231342, -22.898715999323016 ], [ -44.2230717, -22.898710899323056 ], [ -44.2230103, -22.898674099323028 ], [ -44.222968700000017, -22.898649199323042 ], [ -44.22291539999997, -22.898602799323015 ], [ -44.2228622, -22.898556399323045 ], [ -44.222812700000013, -22.898513299323024 ], [ -44.222777099999973, -22.898454099323011 ], [ -44.222741499999984, -22.898394899323058 ], [ -44.222733100000028, -22.898381099323021 ], [ -44.222703799999969, -22.898319099323007 ], [ -44.22267440000001, -22.898256999323028 ], [ -44.222645100000015, -22.898194999323024 ], [ -44.222625900000025, -22.898154499323013 ], [ -44.2225927, -22.898094199323044 ], [ -44.22255940000003, -22.898033899323018 ], [ -44.222526099999982, -22.897973499323015 ], [ -44.222495799999983, -22.897918699323029 ], [ -44.222447199999976, -22.897868099323027 ], [ -44.2223985, -22.897817499323022 ], [ -44.2223634, -22.897780999323057 ], [ -44.22229440000001, -22.897758499323057 ], [ -44.222245, -22.897742399323079 ], [ -44.222176900000022, -22.897717699323042 ], [ -44.2221088, -22.897692999323048 ], [ -44.2220623, -22.897676099323053 ], [ -44.22200909999998, -22.897629599323064 ], [ -44.221985599999975, -22.897608999323033 ], [ -44.2219324, -22.897562599323063 ], [ -44.221879199999989, -22.897516099323063 ], [ -44.221826, -22.897469599323074 ], [ -44.221787300000017, -22.897435799323034 ], [ -44.221749199999969, -22.897377999323044 ], [ -44.221734200000014, -22.897355099323079 ], [ -44.2217177, -22.897289099323075 ], [ -44.2217013, -22.897223099323082 ], [ -44.221684799999984, -22.897157099323071 ], [ -44.2216684, -22.897091099323074 ], [ -44.221665700000017, -22.897080499323078 ], [ -44.221671, -22.897012899323052 ], [ -44.221674899999982, -22.896962399323073 ], [ -44.2216763, -22.896894599323069 ], [ -44.221677699999987, -22.896826899323074 ], [ -44.2216788, -22.896777299323066 ], [ -44.2216656, -22.896710699323105 ], [ -44.221652399999989, -22.896643999323057 ], [ -44.22164570000001, -22.89660999932309 ], [ -44.2216393, -22.896577399323085 ], [ -44.221632199999981, -22.896541699323063 ], [ -44.221636, -22.896474099323047 ], [ -44.221636699999976, -22.896462799323068 ], [ -44.2216528, -22.896396799323071 ], [ -44.2216593, -22.896370499323059 ], [ -44.2216656, -22.896302999323069 ], [ -44.221671899999983, -22.896235499323069 ], [ -44.221672500000011, -22.896228999323078 ], [ -44.221680400000025, -22.896161699323073 ], [ -44.2216884, -22.896094299323106 ], [ -44.221693300000027, -22.896052899323049 ], [ -44.221692800000028, -22.895985099323113 ], [ -44.221692500000024, -22.895950099323073 ], [ -44.22170060000002, -22.895882799323072 ], [ -44.22170879999998, -22.89581549932311 ], [ -44.221716899999983, -22.895748199323108 ], [ -44.22172230000001, -22.895703299323081 ], [ -44.221711500000019, -22.895636199323114 ], [ -44.221704699999968, -22.895593899323082 ], [ -44.2216919, -22.895548199323102 ], [ -44.221673599999974, -22.895482599323067 ], [ -44.2216553, -22.895416999323103 ], [ -44.2216482, -22.89539159932308 ], [ -44.221624099999985, -22.895327599323075 ], [ -44.2216, -22.895263599323126 ], [ -44.2215759, -22.895199699323083 ], [ -44.2215519, -22.895136099323103 ], [ -44.221550900000011, -22.895123199323105 ], [ -44.221546699999976, -22.895068499323074 ], [ -44.221543699999977, -22.895029299323088 ], [ -44.221559099999986, -22.894968399323087 ], [ -44.221598, -22.894910999323091 ], [ -44.2216368, -22.894853599323095 ], [ -44.221675600000019, -22.894796199323089 ], [ -44.2216891, -22.894776299323095 ], [ -44.221715899999985, -22.894713199323128 ], [ -44.22174260000002, -22.894650199323124 ], [ -44.221761399999984, -22.894605799323138 ], [ -44.22178250000001, -22.894540999323112 ], [ -44.221786599999973, -22.89452829932312 ], [ -44.2217872, -22.894476199323105 ], [ -44.2217738, -22.894409599323136 ], [ -44.2217675, -22.894378199323128 ], [ -44.2217554, -22.894359599323106 ], [ -44.221729700000019, -22.894320299323141 ], [ -44.2216919, -22.894262299323103 ], [ -44.221654, -22.894204299323132 ], [ -44.22164320000001, -22.894187699323101 ], [ -44.2215959, -22.894136099323163 ], [ -44.2215486, -22.89408439932312 ], [ -44.2215013, -22.894032699323155 ], [ -44.221454, -22.893981099323153 ], [ -44.221406699999982, -22.893929399323117 ], [ -44.221359399999969, -22.893877699323156 ], [ -44.2213375, -22.893853699323159 ], [ -44.221304400000015, -22.893793299323164 ], [ -44.221271399999978, -22.893732899323108 ], [ -44.22126020000001, -22.893712499323144 ], [ -44.221256299999986, -22.893701699323145 ], [ -44.2212328, -22.893637499323152 ], [ -44.22122030000002, -22.893603199323106 ], [ -44.221213799999973, -22.893535699323113 ], [ -44.2212073, -22.893468199323127 ], [ -44.221202399999974, -22.89341739932313 ], [ -44.2211992, -22.893349699323135 ], [ -44.221196799999973, -22.893299999323165 ], [ -44.2211681, -22.893237699323141 ], [ -44.2211469, -22.893191699323143 ], [ -44.2211191, -22.893128999323128 ], [ -44.2211014, -22.893088999323137 ], [ -44.22107369999997, -22.893026299323132 ], [ -44.2210698, -22.893017599323169 ], [ -44.221053400000017, -22.892951599323158 ], [ -44.221037, -22.892885599323154 ], [ -44.2210205, -22.892819599323154 ], [ -44.2210172, -22.892805999323173 ], [ -44.221004100000016, -22.892753599323139 ], [ -44.220993299999975, -22.892710099323157 ], [ -44.2209866, -22.892642699323169 ], [ -44.220979899999968, -22.892575199323165 ], [ -44.2209732, -22.892507699323183 ], [ -44.220966499999967, -22.892440299323141 ], [ -44.2209656, -22.892430799323169 ], [ -44.220980399999974, -22.892364499323158 ], [ -44.22099530000002, -22.892298099323181 ], [ -44.221008499999982, -22.892239099323159 ], [ -44.221041899999989, -22.892178799323194 ], [ -44.221075400000011, -22.892118599323176 ], [ -44.221108800000025, -22.892058299323153 ], [ -44.2211119, -22.892052699323187 ], [ -44.2211171, -22.891985199323194 ], [ -44.221118, -22.891974199323172 ], [ -44.221103299999982, -22.891907799323192 ], [ -44.221088599999966, -22.891841499323181 ], [ -44.221073900000022, -22.891775099323187 ], [ -44.2210634, -22.891727799323192 ], [ -44.221059799999971, -22.891711499323179 ], [ -44.221061, -22.891649199323211 ], [ -44.221061099999986, -22.891643699323161 ], [ -44.2210624, -22.891575999323184 ], [ -44.221063, -22.891544599323158 ], [ -44.221069399999976, -22.891477099323165 ], [ -44.221075799999987, -22.891409599323165 ], [ -44.2210821, -22.891342199323187 ], [ -44.2210844, -22.891318699323197 ], [ -44.2211, -22.891252499323212 ], [ -44.2211155, -22.891186299323216 ], [ -44.221123, -22.891154899323194 ], [ -44.221107, -22.891088699323223 ], [ -44.221091, -22.891022599323183 ], [ -44.221082, -22.890985799323222 ], [ -44.221063800000017, -22.890920199323187 ], [ -44.221045600000025, -22.890854599323205 ], [ -44.221027400000025, -22.890788999323195 ], [ -44.221009200000019, -22.890723399323228 ], [ -44.220991, -22.890657799323201 ], [ -44.22097280000002, -22.890592099323204 ], [ -44.220971500000019, -22.8905874993232 ], [ -44.2209644, -22.890561899323242 ], [ -44.220951599999971, -22.89049519932319 ], [ -44.220938900000014, -22.890428499323196 ], [ -44.2209262, -22.890361799323202 ], [ -44.2209135, -22.890295099323215 ], [ -44.220900700000016, -22.890228399323227 ], [ -44.220888, -22.890161699323237 ], [ -44.2208766, -22.890101899323213 ], [ -44.220850900000016, -22.890038499323225 ], [ -44.2208251, -22.889975099323248 ], [ -44.220807299999983, -22.889931299323244 ], [ -44.220770099999974, -22.889872999323241 ], [ -44.2207328, -22.889814799323236 ], [ -44.2207156, -22.88978789932322 ], [ -44.220712100000021, -22.889785299323272 ], [ -44.2206547, -22.889743299323239 ], [ -44.220636300000017, -22.889729899323257 ], [ -44.220569599999983, -22.889702099323245 ], [ -44.2205176, -22.889680399323208 ], [ -44.220453, -22.889648699323242 ], [ -44.2203884, -22.889616899323247 ], [ -44.2203702, -22.889607999323232 ], [ -44.220319800000034, -22.889558899323237 ], [ -44.220269299999977, -22.889509899323233 ], [ -44.220255800000018, -22.889496699323217 ], [ -44.220247099999987, -22.889488199323267 ], [ -44.220216900000032, -22.88942649932326 ], [ -44.2201867, -22.889364799323246 ], [ -44.220181799999978, -22.889354799323208 ], [ -44.2201697, -22.889287999323265 ], [ -44.220157500000028, -22.889221199323242 ], [ -44.220145300000013, -22.889154399323246 ], [ -44.220136299999979, -22.889104799323231 ], [ -44.220150499999974, -22.889038399323248 ], [ -44.2201647, -22.888971899323256 ], [ -44.2201685, -22.888953999323256 ], [ -44.2201693, -22.888943299323241 ], [ -44.220173400000014, -22.888886399323241 ], [ -44.220178299999979, -22.88881889932324 ], [ -44.2201832, -22.888751299323275 ], [ -44.220188099999973, -22.888683699323252 ], [ -44.220193, -22.88861609932324 ], [ -44.220198, -22.888548499323267 ], [ -44.220202799999974, -22.888481999323268 ], [ -44.2202041, -22.88841429932328 ], [ -44.220205399999983, -22.888346499323269 ], [ -44.2202067, -22.88828109932323 ], [ -44.220204200000012, -22.888213399323249 ], [ -44.220201700000011, -22.888145699323271 ], [ -44.2202004, -22.888108799323255 ], [ -44.220183799999965, -22.888042899323271 ], [ -44.220167199999985, -22.887976899323288 ], [ -44.220151799999989, -22.887915699323273 ], [ -44.22011550000002, -22.887856999323269 ], [ -44.2201119, -22.887851299323312 ], [ -44.220079100000014, -22.887798199323303 ], [ -44.220042799999973, -22.887739399323255 ], [ -44.220038499999987, -22.887732499323302 ], [ -44.2199981, -22.887675999323285 ], [ -44.219957700000016, -22.887619499323304 ], [ -44.219917300000013, -22.887563099323291 ], [ -44.2198942, -22.887530899323281 ], [ -44.2198613, -22.887470399323266 ], [ -44.219837199999972, -22.887426099323307 ], [ -44.2198284, -22.887409899323302 ], [ -44.219795499999975, -22.887349399323291 ], [ -44.2197825, -22.887325499323275 ], [ -44.21977, -22.887302599323291 ], [ -44.219756500000017, -22.887235999323266 ], [ -44.219743, -22.887169399323295 ], [ -44.219729500000028, -22.887102799323266 ], [ -44.219716, -22.887036199323308 ], [ -44.2197049, -22.886981799323301 ], [ -44.219697399999973, -22.886914399323317 ], [ -44.2196899, -22.886846999323275 ], [ -44.219682400000011, -22.886779599323315 ], [ -44.219674899999973, -22.886712199323274 ], [ -44.2196675, -22.886644899323322 ], [ -44.219665599999978, -22.886628199323326 ], [ -44.219673, -22.886560799323281 ], [ -44.219680499999974, -22.886493399323317 ], [ -44.219682299999988, -22.886477199323306 ], [ -44.219699100000014, -22.886411299323331 ], [ -44.219715899999976, -22.886345299323338 ], [ -44.219732599999979, -22.886279399323282 ], [ -44.219742600000011, -22.886240099323327 ], [ -44.2197652, -22.88617559932332 ], [ -44.2197878, -22.886111199323334 ], [ -44.2198103, -22.886046699323327 ], [ -44.219832899999979, -22.885982299323338 ], [ -44.219840499999975, -22.885960499323325 ], [ -44.219863599999989, -22.885896199323309 ], [ -44.219886700000025, -22.88583189932335 ], [ -44.219909799999982, -22.88576759932333 ], [ -44.2199185, -22.885743299323316 ], [ -44.2199486, -22.885681599323327 ], [ -44.219978700000013, -22.885619799323301 ], [ -44.2200024, -22.885570999323352 ], [ -44.220045599999985, -22.885516399323294 ], [ -44.220075599999973, -22.885478299323324 ], [ -44.220113700000013, -22.885420399323319 ], [ -44.220151799999989, -22.885362599323344 ], [ -44.2201723, -22.885331399323313 ], [ -44.220221900000013, -22.885281599323324 ], [ -44.220244400000013, -22.885258899323333 ], [ -44.220312799999988, -22.885234799323307 ], [ -44.220367, -22.885215599323324 ], [ -44.22043750000001, -22.885197699323328 ], [ -44.220508, -22.885179899323354 ], [ -44.2205786, -22.885161999323323 ], [ -44.220588500000012, -22.885159499323318 ], [ -44.2206491, -22.885144099323316 ], [ -44.220681399999989, -22.885135899323348 ], [ -44.220730399999987, -22.88508559932335 ], [ -44.220779400000026, -22.885035399323346 ], [ -44.220828299999987, -22.88498509932333 ], [ -44.2208341, -22.884979199323318 ], [ -44.2208627, -22.884916799323324 ], [ -44.220891400000028, -22.884854499323364 ], [ -44.220907399999987, -22.884819499323342 ], [ -44.2209214, -22.884752999323332 ], [ -44.220935399999973, -22.884686499323319 ], [ -44.220949399999988, -22.884620099323353 ], [ -44.2209634, -22.88455359932335 ], [ -44.220977499999989, -22.884487099323341 ], [ -44.2209813, -22.884468999323378 ], [ -44.221003199999977, -22.884404399323355 ], [ -44.221025, -22.884339699323345 ], [ -44.221030400000011, -22.88432389932337 ], [ -44.2210596, -22.884270799323389 ], [ -44.22109660000001, -22.884245999323372 ], [ -44.221168799999987, -22.88423499932334 ], [ -44.2211962, -22.884230799323376 ], [ -44.221269300000017, -22.884231599323375 ], [ -44.221294899999982, -22.884231899323328 ], [ -44.221367400000013, -22.884240599323366 ], [ -44.2214399, -22.884249199323364 ], [ -44.221450800000014, -22.88425049932335 ], [ -44.221523199999972, -22.884260099323367 ], [ -44.221577099999983, -22.884267199323361 ], [ -44.22165, -22.884272299323378 ], [ -44.221722899999975, -22.884277299323376 ], [ -44.221795900000018, -22.884282399323364 ], [ -44.221868799999989, -22.884287499323378 ], [ -44.2219417, -22.884292599323338 ], [ -44.222014600000016, -22.884297599323386 ], [ -44.222087499999986, -22.884302699323335 ], [ -44.2221098, -22.884304299323357 ], [ -44.222182799999985, -22.884309099323357 ], [ -44.2222557, -22.884313999323375 ], [ -44.222295200000019, -22.884316599323334 ], [ -44.222366099999988, -22.884299899323317 ], [ -44.222373300000015, -22.884298199323343 ], [ -44.2224286, -22.88425389932333 ], [ -44.222487, -22.884207199323345 ], [ -44.222550800000022, -22.88417409932336 ], [ -44.2225629, -22.884167799323368 ], [ -44.222636, -22.884165199323345 ], [ -44.2226685, -22.884163999323363 ], [ -44.2227411, -22.884156099323338 ], [ -44.2227709, -22.884152799323338 ], [ -44.222813700000017, -22.884148199323391 ], [ -44.222888, -22.884139999323345 ], [ -44.222957800000017, -22.884119799323372 ], [ -44.223023500000011, -22.884100799323377 ], [ -44.2230902, -22.884072999323358 ], [ -44.2231569, -22.88404529932339 ], [ -44.223178800000021, -22.884036199323376 ], [ -44.223223599999983, -22.884017499323384 ], [ -44.2232586, -22.884002899323345 ], [ -44.223318399999982, -22.883963999323356 ], [ -44.223360099999972, -22.883936899323338 ], [ -44.223394699999972, -22.883877199323337 ], [ -44.2234057, -22.883858199323381 ], [ -44.223431, -22.883794599323355 ], [ -44.2234563, -22.883730999323376 ], [ -44.223467, -22.883704199323368 ], [ -44.22350560000001, -22.883646699323354 ], [ -44.2235443, -22.883589199323396 ], [ -44.2235491, -22.88358209932338 ], [ -44.2236011, -22.883534399323345 ], [ -44.223656300000023, -22.883483699323385 ], [ -44.223723899999989, -22.883458099323366 ], [ -44.223791600000027, -22.883432399323379 ], [ -44.223859300000015, -22.88340679932336 ], [ -44.223926899999981, -22.883381099323383 ], [ -44.2239315, -22.883379399323402 ], [ -44.223984599999987, -22.883332799323387 ], [ -44.224037800000012, -22.883286299323387 ], [ -44.224090900000014, -22.883239799323391 ], [ -44.224097, -22.883234499323393 ], [ -44.224133699999967, -22.883175899323415 ], [ -44.224170399999984, -22.883117199323397 ], [ -44.224195899999977, -22.883076499323408 ], [ -44.2242076, -22.883009599323366 ], [ -44.224219399999974, -22.88294269932338 ], [ -44.2242311, -22.88287589932337 ], [ -44.224232299999983, -22.882868999323421 ], [ -44.224232500000028, -22.882801299323376 ], [ -44.2242327, -22.882733599323394 ], [ -44.2242329, -22.882665799323391 ], [ -44.224233099999985, -22.882620599323388 ], [ -44.224220100000025, -22.882558299323428 ], [ -44.224219199999986, -22.882554099323389 ], [ -44.2242053, -22.882487599323387 ], [ -44.2241914, -22.882421099323395 ], [ -44.2241851, -22.882390599323401 ], [ -44.224187799999974, -22.882322899323409 ], [ -44.224190500000013, -22.882255199323374 ], [ -44.224192300000027, -22.882209599323417 ], [ -44.224209799999976, -22.882143799323398 ], [ -44.224224199999981, -22.882089599323372 ], [ -44.224267199999986, -22.882034899323418 ], [ -44.2243102, -22.881980099323432 ], [ -44.224353199999989, -22.881925299323388 ], [ -44.2243755, -22.881896999323381 ], [ -44.224396300000024, -22.881870499323405 ], [ -44.2244339, -22.881822599323428 ], [ -44.224455400000011, -22.881757799323413 ], [ -44.2244769, -22.881693099323424 ], [ -44.224498299999979, -22.88162829932341 ], [ -44.224503099999986, -22.881614099323397 ], [ -44.2245054, -22.881546399323394 ], [ -44.2245077, -22.881478699323413 ], [ -44.22451, -22.881410999323442 ], [ -44.224510899999984, -22.881385699323442 ], [ -44.224504599999989, -22.881318199323434 ], [ -44.2244984, -22.881250699323434 ], [ -44.22449210000002, -22.881183199323438 ], [ -44.224486599999985, -22.881122999323416 ], [ -44.224466399999983, -22.881057899323395 ], [ -44.224449, -22.881001499323446 ], [ -44.224446300000011, -22.88099279932344 ], [ -44.224426199999975, -22.880927599323428 ], [ -44.224423699999981, -22.880919699323414 ], [ -44.2244197, -22.880852099323462 ], [ -44.224417599999981, -22.880818399323442 ], [ -44.2244184, -22.88075069932346 ], [ -44.224418800000024, -22.880710399323441 ], [ -44.2244344, -22.880644199323442 ], [ -44.224437799999968, -22.880629599323456 ], [ -44.224460099999988, -22.88057579932341 ], [ -44.2244968, -22.880522199323412 ], [ -44.22454290000001, -22.880469599323469 ], [ -44.224555399999986, -22.880455299323447 ], [ -44.2246179, -22.880420199323449 ], [ -44.224680400000011, -22.880385099323455 ], [ -44.224743, -22.880349999323467 ], [ -44.2248055, -22.880314899323427 ], [ -44.224868, -22.880279799323439 ], [ -44.2249306, -22.880244699323434 ], [ -44.2249931, -22.880209599323461 ], [ -44.22501190000002, -22.880199099323473 ], [ -44.225078499999988, -22.88017119932346 ], [ -44.225145199999979, -22.880143299323439 ], [ -44.2252118, -22.880115399323468 ], [ -44.225278399999972, -22.88008759932347 ], [ -44.225341, -22.880061399323441 ], [ -44.225390800000014, -22.880011799323434 ], [ -44.225440699999979, -22.879962199323479 ], [ -44.225490499999971, -22.879912599323475 ], [ -44.225515, -22.87988809932348 ], [ -44.2255495, -22.879828399323475 ], [ -44.225584, -22.879768599323441 ], [ -44.22559260000002, -22.879753699323434 ], [ -44.225607500000017, -22.879687399323487 ], [ -44.225622400000013, -22.879620999323446 ], [ -44.225636399999978, -22.879558699323489 ], [ -44.225657500000011, -22.879493799323448 ], [ -44.225678500000022, -22.879428899323457 ], [ -44.225699500000019, -22.879363999323477 ], [ -44.225720500000023, -22.879299099323497 ], [ -44.225741500000019, -22.879234199323456 ], [ -44.225762499999973, -22.879169299323472 ], [ -44.22578349999997, -22.87910449932345 ], [ -44.225804499999988, -22.87903959932347 ], [ -44.2258195, -22.878993299323472 ], [ -44.2258638, -22.878939399323453 ], [ -44.2259082, -22.878885599323475 ], [ -44.225952600000035, -22.878831699323463 ], [ -44.225996, -22.878778999323483 ], [ -44.226044699999974, -22.878728499323497 ], [ -44.2260935, -22.878677999323465 ], [ -44.226142200000027, -22.878627499323489 ], [ -44.226191, -22.878576999323492 ], [ -44.2262397, -22.87852649932351 ], [ -44.2262885, -22.878475999323467 ], [ -44.226337199999989, -22.87842559932351 ], [ -44.226386, -22.878375099323513 ], [ -44.226436200000016, -22.878323099323467 ], [ -44.2264834, -22.87827129932348 ], [ -44.2265306, -22.878219599323515 ], [ -44.22657779999998, -22.878167799323506 ], [ -44.226625, -22.878116099323481 ], [ -44.2266722, -22.878064299323498 ], [ -44.226719399999972, -22.878012599323476 ], [ -44.226766499999989, -22.877960799323482 ], [ -44.2268034, -22.877920399323497 ], [ -44.226845200000014, -22.877864799323497 ], [ -44.2268869, -22.877809199323501 ], [ -44.226928699999974, -22.877753599323508 ], [ -44.2269397, -22.877738899323518 ], [ -44.226940899999981, -22.877734699323515 ], [ -44.226957200000015, -22.877679899323478 ], [ -44.2269698, -22.87763769932349 ], [ -44.2269764, -22.877570199323483 ], [ -44.2269804, -22.877529699323539 ], [ -44.22694460000001, -22.877470599323491 ], [ -44.226926900000016, -22.877441199323535 ], [ -44.226892799999973, -22.877423399323508 ], [ -44.226863200000018, -22.877407899323497 ], [ -44.2267996, -22.877374499323484 ], [ -44.226782500000013, -22.877365499323528 ], [ -44.226714899999983, -22.877339699323503 ], [ -44.226647300000018, -22.877313799323538 ], [ -44.226583600000026, -22.877289399323512 ], [ -44.22651639999998, -22.8772627993235 ], [ -44.2264788, -22.877247899323503 ], [ -44.2264063, -22.877247299323539 ], [ -44.226334699999988, -22.877261099323512 ], [ -44.2262718, -22.877273199323508 ], [ -44.226235, -22.877320199323496 ], [ -44.2262258, -22.877387399323489 ], [ -44.2262202, -22.877427799323531 ], [ -44.2262192, -22.877435099323527 ], [ -44.226202199999989, -22.877500999323505 ], [ -44.2261965, -22.877522799323522 ], [ -44.22616, -22.877542799323521 ], [ -44.226091899999972, -22.877567499323515 ], [ -44.226069, -22.877575799323498 ], [ -44.226002600000015, -22.87760419932351 ], [ -44.225936199999971, -22.877632499323507 ], [ -44.225869699999976, -22.877660799323507 ], [ -44.225835800000027, -22.877675199323498 ], [ -44.225762700000011, -22.877674599323491 ], [ -44.22568960000001, -22.877673999323513 ], [ -44.2256147, -22.877673299323519 ], [ -44.2255442, -22.877655499323506 ], [ -44.22547359999998, -22.87763769932349 ], [ -44.2254214, -22.877624499323534 ], [ -44.225363, -22.877583799323535 ], [ -44.2253046, -22.877542999323513 ], [ -44.225246099999985, -22.877502299323517 ], [ -44.22522959999997, -22.877490699323531 ], [ -44.2251877, -22.877461599323521 ], [ -44.225166, -22.877446399323514 ], [ -44.225104499999979, -22.877409799323512 ], [ -44.225050899999978, -22.877377799323487 ], [ -44.224978, -22.877372699323534 ], [ -44.2249423, -22.877370099323521 ], [ -44.224874699999972, -22.877344199323499 ], [ -44.224852100000014, -22.877335499323532 ], [ -44.2247918, -22.8772971993235 ], [ -44.224755, -22.877273899323502 ], [ -44.224689, -22.877244699323516 ], [ -44.224623, -22.877215599323517 ], [ -44.224614499999966, -22.877211799323504 ], [ -44.2245416, -22.877205899323496 ], [ -44.224468800000011, -22.87719999932353 ], [ -44.224396, -22.877194099323518 ], [ -44.2243231, -22.877188199323502 ], [ -44.2242503, -22.87718229932354 ], [ -44.2241775, -22.877176399323506 ], [ -44.224148, -22.877174099323511 ], [ -44.224076599999989, -22.877188399323536 ], [ -44.2240051, -22.877202799323538 ], [ -44.223953800000011, -22.877213099323512 ], [ -44.223891200000025, -22.877248099323488 ], [ -44.2238286, -22.877282999323494 ], [ -44.223822799999986, -22.877286299323494 ], [ -44.223770800000011, -22.877333899323517 ], [ -44.223718799999965, -22.87738149932353 ], [ -44.223669299999983, -22.877426799323533 ], [ -44.223622700000014, -22.877479099323526 ], [ -44.223576200000025, -22.877531299323493 ], [ -44.223555799999986, -22.877554199323527 ], [ -44.2234848, -22.877570499323497 ], [ -44.223414400000024, -22.877586699323505 ], [ -44.223341399999981, -22.877583299323533 ], [ -44.22326829999998, -22.877579899323514 ], [ -44.223237299999987, -22.877578399323511 ], [ -44.223164899999972, -22.877568999323511 ], [ -44.223125400000015, -22.877563899323491 ], [ -44.2230523, -22.877563299323533 ], [ -44.2229792, -22.87756259932349 ], [ -44.222906099999982, -22.877561999323525 ], [ -44.222887, -22.877561799323537 ], [ -44.222814099999987, -22.877566899323483 ], [ -44.222741199999973, -22.877572099323515 ], [ -44.2226683, -22.877577199323522 ], [ -44.222630299999985, -22.877579799323492 ], [ -44.222557400000021, -22.877574599323516 ], [ -44.222522, -22.877572099323515 ], [ -44.2224559, -22.877543299323534 ], [ -44.222443, -22.877537699323518 ], [ -44.222385200000019, -22.877496199323499 ], [ -44.222327399999969, -22.877454699323497 ], [ -44.2222696, -22.877413199323495 ], [ -44.222211800000025, -22.87737169932354 ], [ -44.222154, -22.877330199323534 ], [ -44.22211, -22.877298499323505 ], [ -44.222055399999988, -22.877253399323486 ], [ -44.222000900000012, -22.877208299323531 ], [ -44.2219463, -22.877163199323505 ], [ -44.221891799999973, -22.877118099323539 ], [ -44.221837199999968, -22.877072999323524 ], [ -44.2217827, -22.877027899323483 ], [ -44.221728100000014, -22.876982799323528 ], [ -44.2217144, -22.87697139932353 ], [ -44.2216608, -22.876925299323506 ], [ -44.2216072, -22.876879199323547 ], [ -44.2215536, -22.876833099323527 ], [ -44.2215001, -22.876786999323517 ], [ -44.221469, -22.876760299323525 ], [ -44.221412, -22.876717799323529 ], [ -44.221355, -22.876675399323524 ], [ -44.221322400000012, -22.876651099323524 ], [ -44.221249699999987, -22.876644299323544 ], [ -44.221243099999981, -22.87664369932353 ], [ -44.2211714, -22.876656999323561 ], [ -44.22113839999998, -22.876663099323501 ], [ -44.2211018, -22.876703299323516 ], [ -44.221094199999982, -22.876743699323555 ], [ -44.221096699999975, -22.876811399323532 ], [ -44.221096900000028, -22.876817899323513 ], [ -44.2211145, -22.876858499323568 ], [ -44.2211534, -22.876915899323489 ], [ -44.221160600000019, -22.876926399323519 ], [ -44.221184900000026, -22.876990299323513 ], [ -44.2212096, -22.877054999323505 ], [ -44.221209199999969, -22.877088699323537 ], [ -44.2211896, -22.87715399932355 ], [ -44.221182899999967, -22.877176199323515 ], [ -44.221128299999982, -22.877221199323515 ], [ -44.221110099999976, -22.877236299323506 ], [ -44.221038599999979, -22.87725049932352 ], [ -44.221012499999965, -22.877255699323499 ], [ -44.220939699999981, -22.877249599323552 ], [ -44.220922499999972, -22.877248199323521 ], [ -44.2208508, -22.877234899323529 ], [ -44.220779100000016, -22.877221599323509 ], [ -44.220707399999981, -22.877208299323531 ], [ -44.2206357, -22.877195099323519 ], [ -44.2206168, -22.87719159932352 ], [ -44.220555900000015, -22.877154199323513 ], [ -44.2204949, -22.877116799323531 ], [ -44.220433899999989, -22.877079399323531 ], [ -44.220427200000017, -22.877075299323522 ], [ -44.22036559999998, -22.87703889932353 ], [ -44.2203485, -22.877028799323526 ], [ -44.2202868, -22.876992399323534 ], [ -44.220225099999986, -22.876955999323538 ], [ -44.2201956, -22.876938599323545 ], [ -44.220135299999981, -22.87690019932354 ], [ -44.220075099999967, -22.876861799323507 ], [ -44.220024, -22.876829299323521 ], [ -44.219978, -22.876776599323559 ], [ -44.2199352, -22.876727399323524 ], [ -44.219895699999988, -22.876670399323555 ], [ -44.2198563, -22.876613299323509 ], [ -44.2198227, -22.876564699323556 ], [ -44.2197652, -22.876522799323507 ], [ -44.219707799999981, -22.876480899323532 ], [ -44.2197013, -22.876476099323529 ], [ -44.219628600000021, -22.876469299323539 ], [ -44.2196222, -22.876468699323507 ], [ -44.2195491, -22.876470399323541 ], [ -44.219476, -22.87647199932351 ], [ -44.219402600000024, -22.876473699323551 ], [ -44.21934049999998, -22.876437999323549 ], [ -44.21933109999997, -22.876432699323551 ], [ -44.219275700000026, -22.876388499323543 ], [ -44.219245600000022, -22.876364599323541 ], [ -44.219193099999977, -22.876317399323547 ], [ -44.2191851, -22.876310199323516 ], [ -44.219134699999984, -22.876316499323494 ], [ -44.2190779, -22.876359199323559 ], [ -44.219054799999974, -22.876376499323509 ], [ -44.2190132, -22.876432199323549 ], [ -44.2189715, -22.876487899323514 ], [ -44.218929899999985, -22.876543599323519 ], [ -44.2189196, -22.876557399323556 ], [ -44.218876399999985, -22.876611999323551 ], [ -44.218833200000013, -22.876666599323556 ], [ -44.2188137, -22.876691199323513 ], [ -44.218760200000013, -22.876737399323552 ], [ -44.2187066, -22.876783499323512 ], [ -44.218697500000012, -22.876791299323514 ], [ -44.218675800000021, -22.87680259932354 ], [ -44.218633800000021, -22.876824499323526 ], [ -44.21857, -22.87685779932351 ], [ -44.2185063, -22.876890999323528 ], [ -44.218481, -22.876904199323548 ], [ -44.2184147, -22.876932799323537 ], [ -44.2183485, -22.876961499323514 ], [ -44.2182823, -22.876990099323521 ], [ -44.2182095, -22.876996699323531 ], [ -44.2181367, -22.877003299323544 ], [ -44.218064, -22.877009899323539 ], [ -44.217991199999972, -22.877016599323518 ], [ -44.217918399999974, -22.877023199323524 ], [ -44.217875799999987, -22.877026999323512 ], [ -44.217802800000015, -22.877024099323563 ], [ -44.2177297, -22.877021199323515 ], [ -44.217656700000013, -22.877018299323506 ], [ -44.217583600000012, -22.877015399323518 ], [ -44.217510600000011, -22.877012499323509 ], [ -44.217445100000027, -22.877009899323539 ], [ -44.2173732, -22.876997599323499 ], [ -44.217301299999967, -22.876985399323544 ], [ -44.217229400000015, -22.876973099323518 ], [ -44.217157499999978, -22.876960799323523 ], [ -44.217085600000011, -22.876948499323539 ], [ -44.2170137, -22.876936199323513 ], [ -44.216947300000015, -22.876924899323523 ], [ -44.216875099999982, -22.876914199323497 ], [ -44.2168029, -22.876903599323501 ], [ -44.216730700000021, -22.876892899323501 ], [ -44.2166573, -22.876882099323517 ], [ -44.2165852, -22.876870599323542 ], [ -44.2165132, -22.876859199323537 ], [ -44.216478400000035, -22.876853599323518 ], [ -44.2164128, -22.876823599323561 ], [ -44.2163473, -22.876793599323509 ], [ -44.216281700000017, -22.876763599323528 ], [ -44.2162538, -22.876750799323549 ], [ -44.216243, -22.876744699323542 ], [ -44.216191400000014, -22.876715599323546 ], [ -44.2161289, -22.876680399323515 ], [ -44.216066500000011, -22.87664509932354 ], [ -44.216004, -22.876609899323526 ], [ -44.215951299999965, -22.876580199323506 ], [ -44.215891100000022, -22.87654169932355 ], [ -44.2158309, -22.876503199323533 ], [ -44.215770799999966, -22.876464799323539 ], [ -44.215710600000016, -22.876426299323523 ], [ -44.2156504, -22.876387799323521 ], [ -44.2155902, -22.876349399323523 ], [ -44.215567599999986, -22.876334899323549 ], [ -44.215509899999972, -22.876293299323528 ], [ -44.2154522, -22.876251699323564 ], [ -44.2153945, -22.876209999323549 ], [ -44.2153368, -22.876168399323522 ], [ -44.2152792, -22.87612679932354 ], [ -44.215221499999977, -22.876085199323519 ], [ -44.21516380000002, -22.876043499323515 ], [ -44.2151061, -22.876001899323558 ], [ -44.215060600000015, -22.875969099323569 ], [ -44.2150484, -22.87596029932352 ], [ -44.215021299999989, -22.875940699323543 ], [ -44.214954700000021, -22.875912699323568 ], [ -44.2149074, -22.87589279932352 ], [ -44.2148348, -22.875885399323565 ], [ -44.2147645, -22.875878199323544 ], [ -44.214693, -22.875892199323555 ], [ -44.214631899999972, -22.875904099323566 ], [ -44.2145678, -22.87593669932356 ], [ -44.214503700000016, -22.875969299323561 ], [ -44.214462799999978, -22.87599009932357 ], [ -44.214401, -22.87602629932352 ], [ -44.2143392, -22.876062499323524 ], [ -44.214277400000014, -22.876098699323538 ], [ -44.214225100000014, -22.876129299323548 ], [ -44.2141641, -22.876148899323507 ], [ -44.214091199999977, -22.876144399323536 ], [ -44.214039099999972, -22.876141199323541 ], [ -44.213966, -22.876140599323517 ], [ -44.213932, -22.876140399323543 ], [ -44.2138602, -22.876127499323548 ], [ -44.2138144, -22.876119299323573 ], [ -44.213753399999966, -22.876081899323516 ], [ -44.213692400000014, -22.876044499323527 ], [ -44.213681300000019, -22.876037599323578 ], [ -44.2136175, -22.876004499323567 ], [ -44.2135538, -22.875971399323575 ], [ -44.213510600000014, -22.875948899323568 ], [ -44.213468200000023, -22.875893699323552 ], [ -44.2134259, -22.875838499323532 ], [ -44.2134122, -22.87582059932355 ], [ -44.2133955, -22.875754599323539 ], [ -44.2133789, -22.875688599323546 ], [ -44.213371400000021, -22.875659099323556 ], [ -44.2133687, -22.875591399323572 ], [ -44.213366, -22.875524799323557 ], [ -44.2133687, -22.875457099323576 ], [ -44.213371400000021, -22.875389399323581 ], [ -44.213374100000017, -22.875321699323543 ], [ -44.213376700000033, -22.87525399932354 ], [ -44.2133794, -22.875186299323566 ], [ -44.2133821, -22.875118599323571 ], [ -44.213384799999972, -22.87505089932359 ], [ -44.2133864, -22.875010199323587 ], [ -44.2133875, -22.874983199323552 ], [ -44.213388899999984, -22.874947299323548 ], [ -44.213391100000024, -22.874879599323549 ], [ -44.2133933, -22.874811899323564 ], [ -44.213395499999976, -22.874744199323583 ], [ -44.213397699999966, -22.874676499323591 ], [ -44.213398, -22.874665199323545 ], [ -44.21340750000001, -22.874597999323569 ], [ -44.213417100000015, -22.874530799323576 ], [ -44.2134256, -22.874470299323576 ], [ -44.213449299999979, -22.874406199323595 ], [ -44.213455300000021, -22.874389899323557 ], [ -44.213488299999987, -22.874329499323583 ], [ -44.213521300000018, -22.874269099323566 ], [ -44.213535900000011, -22.874242399323606 ], [ -44.213574499999986, -22.874184899323566 ], [ -44.213594199999989, -22.874155499323571 ], [ -44.213627200000019, -22.874094999323614 ], [ -44.2136307, -22.874088599323589 ], [ -44.213653, -22.874021499323618 ], [ -44.213660899999979, -22.873961099323569 ], [ -44.213658099999975, -22.873907399323617 ], [ -44.213644199999962, -22.873873699323568 ], [ -44.21360820000001, -22.873814699323624 ], [ -44.213596900000027, -22.873796199323611 ], [ -44.213543599999973, -22.873749799323583 ], [ -44.2135386, -22.873745399323617 ], [ -44.213474799999972, -22.873704699323614 ], [ -44.213407800000027, -22.873677799323584 ], [ -44.213398400000017, -22.873673999323589 ], [ -44.213326600000016, -22.873661299323565 ], [ -44.21332, -22.873660099323594 ], [ -44.213247, -22.873657199323624 ], [ -44.2132201, -22.873656099323608 ], [ -44.2131471, -22.873659899323609 ], [ -44.2131094, -22.873661899323604 ], [ -44.2130627, -22.873678399323616 ], [ -44.213021200000014, -22.873711699323586 ], [ -44.2129852, -22.873738299323616 ], [ -44.21291530000002, -22.873761199323592 ], [ -44.212842799999976, -22.873769799323586 ], [ -44.212834900000018, -22.873770799323569 ], [ -44.212762, -22.873776099323589 ], [ -44.2127509, -22.873776899323598 ], [ -44.2127079, -22.873786699323585 ], [ -44.212668399999984, -22.873809999323576 ], [ -44.212639500000016, -22.873833299323596 ], [ -44.2125802, -22.873866499323604 ], [ -44.212526299999979, -22.873896299323597 ], [ -44.212459599999988, -22.873923999323583 ], [ -44.2123929, -22.873951699323602 ], [ -44.212375599999966, -22.87395889932359 ], [ -44.2123075, -22.87398349932359 ], [ -44.212275200000015, -22.87399519932362 ], [ -44.212207, -22.87401949932357 ], [ -44.2121942, -22.87402409932357 ], [ -44.212155199999977, -22.874037999323566 ], [ -44.212086399999968, -22.874060999323575 ], [ -44.212017300000014, -22.874084099323593 ], [ -44.2119452, -22.874095799323616 ], [ -44.2118779, -22.874106699323619 ], [ -44.2118053, -22.874114399323599 ], [ -44.2117601, -22.874119299323596 ], [ -44.211688799999983, -22.8741187993236 ], [ -44.211615699999975, -22.874121199323564 ], [ -44.211603200000013, -22.874121599323615 ], [ -44.2115551, -22.874121299323612 ], [ -44.2115033, -22.874127699323555 ], [ -44.2114335, -22.874147299323603 ], [ -44.21139040000002, -22.874173899323598 ], [ -44.211356200000012, -22.874203799323563 ], [ -44.211332899999988, -22.874217099323587 ], [ -44.21130440000001, -22.874216899323606 ], [ -44.211274199999984, -22.874206599323575 ], [ -44.2112318, -22.874176199323614 ], [ -44.211183600000027, -22.874125299323591 ], [ -44.2111774, -22.8741187993236 ], [ -44.21113159999998, -22.874065999323626 ], [ -44.211116, -22.874047999323601 ], [ -44.2110829, -22.873987499323587 ], [ -44.211051600000012, -22.87393019932361 ], [ -44.211020099999978, -22.873868999323619 ], [ -44.210988499999985, -22.87380789932358 ], [ -44.210956, -22.873744899323619 ], [ -44.210927200000015, -22.873682599323587 ], [ -44.210898400000019, -22.873620399323588 ], [ -44.210869699999982, -22.873558099323624 ], [ -44.210850199999975, -22.873515999323605 ], [ -44.210825899999968, -22.873452099323607 ], [ -44.2108055, -22.873398399323591 ], [ -44.2107739, -22.873337299323602 ], [ -44.2107638, -22.873317699323586 ], [ -44.210730800000015, -22.873257099323599 ], [ -44.210695699999974, -22.873216699323606 ], [ -44.210662099999972, -22.873199699323603 ], [ -44.210619399999985, -22.873196099323582 ], [ -44.210576600000017, -22.873205899323629 ], [ -44.210537400000021, -22.873205699323638 ], [ -44.2104986, -22.873185299323605 ], [ -44.210450700000017, -22.873174999323606 ], [ -44.2103973, -22.873174699323595 ], [ -44.210322399999988, -22.873187599323597 ], [ -44.210251500000027, -22.873204399323633 ], [ -44.210226, -22.873210499323644 ], [ -44.210155400000019, -22.8732282993236 ], [ -44.210135, -22.873233399323613 ], [ -44.210063400000024, -22.873247299323616 ], [ -44.2100512, -22.873249699323583 ], [ -44.2099796, -22.873263599323586 ], [ -44.2099513, -22.873269199323587 ], [ -44.209899199999981, -22.873284399323591 ], [ -44.20988160000001, -22.873289599323623 ], [ -44.209872800000021, -22.873292099323624 ], [ -44.209812, -22.873318599323611 ], [ -44.2097528, -22.873351699323603 ], [ -44.20968850000002, -22.873383999323583 ], [ -44.209624299999973, -22.873416199323618 ], [ -44.2096148, -22.873420999323624 ], [ -44.209561199999989, -22.873440799323635 ], [ -44.209489799999972, -22.873460399323601 ], [ -44.209426, -22.873446599323632 ], [ -44.209360600000025, -22.87341629932358 ], [ -44.2092953, -22.873385999323592 ], [ -44.209279200000019, -22.873378499323607 ], [ -44.209218599999986, -22.873340499323582 ], [ -44.209182199999979, -22.873317599323613 ], [ -44.2091221, -22.8732790993236 ], [ -44.2090619, -22.873240599323584 ], [ -44.209039599999976, -22.873226299323605 ], [ -44.20897989999996, -22.873187199323613 ], [ -44.208920200000016, -22.87314809932359 ], [ -44.208889899999974, -22.873128299323636 ], [ -44.208828700000019, -22.873091299323605 ], [ -44.208794800000014, -22.87307079932361 ], [ -44.208736400000014, -22.873029999323641 ], [ -44.2086787, -22.872989699323618 ], [ -44.208613800000016, -22.872958599323606 ], [ -44.208594, -22.872949099323645 ], [ -44.2085265, -22.872923099323589 ], [ -44.208505699999989, -22.872915099323613 ], [ -44.2084365, -22.872893099323612 ], [ -44.208366099999971, -22.872870699323641 ], [ -44.20829509999998, -22.87285449932363 ], [ -44.208245799999979, -22.872843299323627 ], [ -44.208177, -22.872820399323643 ], [ -44.208143300000017, -22.872809199323612 ], [ -44.208076399999975, -22.872782099323622 ], [ -44.208042799999987, -22.872768499323634 ], [ -44.207990100000011, -22.872731299323615 ], [ -44.207970900000028, -22.872707799323631 ], [ -44.207964100000027, -22.872680999323634 ], [ -44.207962800000011, -22.872647499323648 ], [ -44.207970400000015, -22.872610799323638 ], [ -44.207999500000028, -22.872560699323643 ], [ -44.208026299999972, -22.87254419932362 ], [ -44.208079699999978, -22.872531099323634 ], [ -44.2081524, -22.87253149932361 ], [ -44.2082254, -22.872535599323623 ], [ -44.208298399999983, -22.872539699323625 ], [ -44.208351, -22.872542599323605 ], [ -44.2084241, -22.872543099323604 ], [ -44.208429099999989, -22.872543099323604 ], [ -44.208502, -22.872530099323622 ], [ -44.208543, -22.872520299323639 ], [ -44.20859589999997, -22.872473499323643 ], [ -44.208622, -22.872450399323625 ], [ -44.2086708, -22.872399999323655 ], [ -44.208683300000011, -22.872387199323622 ], [ -44.2087211, -22.872347199323592 ], [ -44.20875519999997, -22.872317299323633 ], [ -44.2088177, -22.872294199323626 ], [ -44.2088907, -22.872291899323624 ], [ -44.208908300000019, -22.872291299323592 ], [ -44.208981199999975, -22.872296499323639 ], [ -44.209011200000013, -22.872298599323649 ], [ -44.209084200000014, -22.872302599323639 ], [ -44.2091461, -22.872305999323608 ], [ -44.209218799999967, -22.872298699323622 ], [ -44.209272399999975, -22.872293299323641 ], [ -44.2093188, -22.872280199323608 ], [ -44.2093529, -22.872253499323623 ], [ -44.2093871, -22.872216899323629 ], [ -44.209437200000025, -22.872167499323613 ], [ -44.209441099999985, -22.872163599323649 ], [ -44.209494899999981, -22.872117699323638 ], [ -44.209511299999967, -22.872103699323656 ], [ -44.209567, -22.872059799323626 ], [ -44.209583099999975, -22.872047099323613 ], [ -44.209637199999975, -22.872001599323614 ], [ -44.2096424, -22.871997199323641 ], [ -44.2096839, -22.871953899323632 ], [ -44.2097321, -22.871902999323623 ], [ -44.209747, -22.871887199323634 ], [ -44.209783, -22.871853899323664 ], [ -44.2098189, -22.871823999323656 ], [ -44.209847599999989, -22.871807399323671 ], [ -44.209878199999984, -22.871777399323619 ], [ -44.2098947, -22.871740599323651 ], [ -44.209898800000019, -22.871700399323657 ], [ -44.209887, -22.871650099323649 ], [ -44.2098608, -22.871616499323657 ], [ -44.2098062, -22.871571499323665 ], [ -44.209751499999982, -22.871526599323637 ], [ -44.209737500000017, -22.871514999323637 ], [ -44.2096838, -22.871469099323665 ], [ -44.2096391, -22.871430799323644 ], [ -44.209578099999987, -22.871393399323637 ], [ -44.2095456, -22.871373499323663 ], [ -44.209487500000016, -22.871332299323669 ], [ -44.2094647, -22.87131619932369 ], [ -44.20941, -22.87128239932364 ], [ -44.2093782, -22.87126889932367 ], [ -44.209324900000013, -22.871268599323653 ], [ -44.209277, -22.87126169932365 ], [ -44.2092488, -22.871248199323688 ], [ -44.20922430000001, -22.871221299323654 ], [ -44.2092068, -22.871201099323667 ], [ -44.2091965, -22.87117429932367 ], [ -44.2091755, -22.871154099323672 ], [ -44.209156, -22.871150699323646 ], [ -44.209115100000012, -22.871153799323665 ], [ -44.209079599999988, -22.871153599323669 ], [ -44.209037200000019, -22.871133399323664 ], [ -44.208988, -22.871096299323636 ], [ -44.208933899999963, -22.871050699323671 ], [ -44.2089002, -22.871022299323648 ], [ -44.208850499999983, -22.870972599323672 ], [ -44.208816099999979, -22.870938199323671 ], [ -44.2087743, -22.870882599323672 ], [ -44.2087535, -22.87085489932365 ], [ -44.208715, -22.87080059932368 ], [ -44.208681899999981, -22.87075689932368 ], [ -44.2086486, -22.870719999323669 ], [ -44.2086117, -22.870693099323653 ], [ -44.208567699999989, -22.870666099323657 ], [ -44.208523899999989, -22.870625799323701 ], [ -44.208476099999984, -22.870574499323634 ], [ -44.208448700000027, -22.870545199323654 ], [ -44.208403700000027, -22.870491699323683 ], [ -44.208358799999978, -22.87043829932367 ], [ -44.208329600000013, -22.870403699323663 ], [ -44.208273599999984, -22.87036019932366 ], [ -44.2082646, -22.87035319932367 ], [ -44.20825259999998, -22.870326399323684 ], [ -44.208258800000017, -22.870262899323674 ], [ -44.208264499999977, -22.870232799323674 ], [ -44.2082577, -22.870212699323691 ], [ -44.208241900000012, -22.870199299323705 ], [ -44.208211800000022, -22.87019579932365 ], [ -44.208149699999971, -22.870198899323679 ], [ -44.2080967, -22.870181999323684 ], [ -44.208045899999988, -22.870138299323688 ], [ -44.208002399999984, -22.870083799323652 ], [ -44.207970900000028, -22.870044399323671 ], [ -44.2079288, -22.869988999323652 ], [ -44.2078995, -22.869950499323696 ], [ -44.2078472, -22.869902999323706 ], [ -44.207832900000021, -22.869889999323689 ], [ -44.2077764, -22.869847099323685 ], [ -44.2077312, -22.869812699323703 ], [ -44.207674199999985, -22.869770299323726 ], [ -44.2076364, -22.869742199323706 ], [ -44.20757279999998, -22.869708699323681 ], [ -44.207515, -22.869678199323701 ], [ -44.207456799999989, -22.86963729932371 ], [ -44.207429, -22.869617799323709 ], [ -44.207366900000011, -22.869581899323705 ], [ -44.2073183, -22.869553899323712 ], [ -44.20725420000003, -22.869521199323692 ], [ -44.207239099999981, -22.86951349932367 ], [ -44.207174899999984, -22.869481099323654 ], [ -44.207138799999989, -22.869462999323691 ], [ -44.2070708, -22.869438199323696 ], [ -44.207064800000012, -22.869435999323706 ], [ -44.206994300000019, -22.869412399323686 ], [ -44.2069295, -22.869380999323667 ], [ -44.2068992, -22.869366399323674 ], [ -44.206850799999984, -22.869319399323693 ], [ -44.206832, -22.869292499323681 ], [ -44.206828, -22.869268699323733 ], [ -44.206834899999983, -22.869237999323701 ], [ -44.2068382, -22.869214099323713 ], [ -44.20683409999998, -22.869183599323691 ], [ -44.206807700000013, -22.869143099323665 ], [ -44.2067743, -22.869116399323698 ], [ -44.2067187, -22.869083199323679 ], [ -44.206677800000016, -22.869049799323736 ], [ -44.206649799999973, -22.869019599323703 ], [ -44.2066251, -22.868965499323714 ], [ -44.206613199999985, -22.868904399323728 ], [ -44.206592, -22.868836699323673 ], [ -44.206559700000014, -22.868775999323748 ], [ -44.2065561, -22.86876919932369 ], [ -44.2065167, -22.86870859932371 ], [ -44.2064939, -22.868657899323736 ], [ -44.20648, -22.868590099323718 ], [ -44.206481399999973, -22.868522299323718 ], [ -44.206482100000017, -22.868484599323711 ], [ -44.2064839, -22.868416899323712 ], [ -44.2064845, -22.868396099323707 ], [ -44.206483600000013, -22.868338299323732 ], [ -44.2064757, -22.868300999323697 ], [ -44.206455100000021, -22.868274099323735 ], [ -44.206410600000012, -22.868240699323717 ], [ -44.2063443, -22.868212199323743 ], [ -44.206296, -22.868191399323727 ], [ -44.206226, -22.868181599323741 ], [ -44.206159899999989, -22.868179099323729 ], [ -44.206087, -22.868184999323706 ], [ -44.206057199999968, -22.868187499323703 ], [ -44.205984899999969, -22.868197899323707 ], [ -44.2059784, -22.868198799323739 ], [ -44.205916199999983, -22.868213399323736 ], [ -44.2058632, -22.868227699323686 ], [ -44.205821099999973, -22.86824199932374 ], [ -44.205780800000021, -22.868245999323733 ], [ -44.205723700000021, -22.868229799323718 ], [ -44.2056738, -22.868210099323729 ], [ -44.205657200000019, -22.86820199932373 ], [ -44.205609200000033, -22.868178499323719 ], [ -44.2055795, -22.868163899323736 ], [ -44.205525299999969, -22.868118399323741 ], [ -44.20549590000001, -22.868093699323708 ], [ -44.205469600000015, -22.868049899323736 ], [ -44.20546719999998, -22.868012499323751 ], [ -44.205468900000028, -22.868002299323727 ], [ -44.2054812, -22.867964699323739 ], [ -44.2055115, -22.867903099323708 ], [ -44.205547500000023, -22.867854899323735 ], [ -44.205589, -22.867806699323758 ], [ -44.205644099999965, -22.867762199323753 ], [ -44.205670600000019, -22.867740899323735 ], [ -44.205719699999968, -22.867709599323742 ], [ -44.2057504, -22.867675099323716 ], [ -44.205766400000016, -22.867640899323767 ], [ -44.205767499999979, -22.86758979932377 ], [ -44.205746799999979, -22.867559499323779 ], [ -44.205704200000014, -22.867529599323749 ], [ -44.205634, -22.867510499323718 ], [ -44.205621300000011, -22.867506999323727 ], [ -44.2055659, -22.867483999323728 ], [ -44.205500500000028, -22.867453699323743 ], [ -44.205473499999982, -22.867441199323711 ], [ -44.20541429999998, -22.867408099323725 ], [ -44.2053735, -22.867384899323724 ], [ -44.2053211, -22.867337699323759 ], [ -44.205306599999965, -22.867324699323724 ], [ -44.20527479999997, -22.867284399323768 ], [ -44.205254, -22.867240499323721 ], [ -44.205251700000012, -22.867209899323729 ], [ -44.20524, -22.867165899323719 ], [ -44.2052268, -22.867142299323763 ], [ -44.205201, -22.867132499323766 ], [ -44.205177199999973, -22.867132899323742 ], [ -44.2051553, -22.867143399323723 ], [ -44.205121, -22.867181299323775 ], [ -44.205095599999986, -22.867202099323734 ], [ -44.2050651, -22.86725009932373 ], [ -44.205038399999971, -22.867304899323766 ], [ -44.20501, -22.867369899323787 ], [ -44.204972399999967, -22.867431699323731 ], [ -44.204930900000015, -22.867483299323752 ], [ -44.204863499999981, -22.867518299323716 ], [ -44.2047938, -22.867538599323726 ], [ -44.204724, -22.867558899323743 ], [ -44.204679, -22.867572099323748 ], [ -44.20460659999997, -22.867581499323713 ], [ -44.204532500000028, -22.86759119932373 ], [ -44.20445949999997, -22.867595399323772 ], [ -44.204451899999981, -22.86759579932373 ], [ -44.204378799999972, -22.86759449932374 ], [ -44.2043491, -22.867593999323741 ], [ -44.204276199999981, -22.86758939932373 ], [ -44.204261, -22.867588499323752 ], [ -44.204213, -22.86756539932372 ], [ -44.204176099999984, -22.867552399323763 ], [ -44.204161199999973, -22.867538999323777 ], [ -44.204153599999977, -22.867518699323746 ], [ -44.204156800000021, -22.86748809932374 ], [ -44.204157899999984, -22.867440499323727 ], [ -44.204155300000032, -22.867372799323743 ], [ -44.204155, -22.867365699323756 ], [ -44.2041504, -22.867297799323762 ], [ -44.204139199999979, -22.867230899323726 ], [ -44.204132300000026, -22.867189299323755 ], [ -44.204117600000011, -22.86712299932374 ], [ -44.20411660000002, -22.86711819932373 ], [ -44.2040971, -22.867052899323742 ], [ -44.204095400000021, -22.867047099323734 ], [ -44.204081799999983, -22.866999699323756 ], [ -44.20406830000001, -22.866933199323746 ], [ -44.204066, -22.866921799323769 ], [ -44.204076, -22.866853699323741 ], [ -44.204098900000012, -22.866788799323754 ], [ -44.204120400000015, -22.866751099323739 ], [ -44.2041529, -22.866713199323762 ], [ -44.204209100000014, -22.866671599323777 ], [ -44.204271100000028, -22.866646799323764 ], [ -44.2043205, -22.866639299323744 ], [ -44.20438840000002, -22.866638299323746 ], [ -44.204460400000016, -22.866650099323778 ], [ -44.204520800000012, -22.86665999932378 ], [ -44.2045739, -22.866652399323772 ], [ -44.2046267, -22.866627899323785 ], [ -44.20467739999998, -22.866582899323806 ], [ -44.204713299999973, -22.86652799932379 ], [ -44.2047273, -22.866483599323747 ], [ -44.2047266, -22.866435999323773 ], [ -44.2047131, -22.866391999323778 ], [ -44.204690299999982, -22.866334599323775 ], [ -44.204676800000016, -22.866290599323776 ], [ -44.204663299999986, -22.866246599323762 ], [ -44.2046297, -22.866186499323803 ], [ -44.20462, -22.866169099323749 ], [ -44.20460659999997, -22.866131999323773 ], [ -44.204593, -22.866081199323773 ], [ -44.2045721, -22.866030499323806 ], [ -44.204544100000014, -22.865996999323762 ], [ -44.204495800000011, -22.865946099323743 ], [ -44.204490099999987, -22.865939999323796 ], [ -44.204435400000023, -22.865895099323769 ], [ -44.204425099999973, -22.865886599323783 ], [ -44.204366499999985, -22.865846199323805 ], [ -44.2043529, -22.865836799323805 ], [ -44.204300400000015, -22.865789599323811 ], [ -44.204282200000023, -22.865773299323774 ], [ -44.2042363, -22.865720599323751 ], [ -44.204194599999987, -22.865672699323795 ], [ -44.204159699999984, -22.865613099323813 ], [ -44.2041532, -22.8656019993238 ], [ -44.20413580000001, -22.865537699323788 ], [ -44.204135, -22.865486699323803 ], [ -44.204141600000014, -22.865432299323796 ], [ -44.204153799999965, -22.865387899323757 ], [ -44.204185499999987, -22.865326899323801 ], [ -44.204191200000018, -22.865315999323794 ], [ -44.204233400000021, -22.865260599323815 ], [ -44.204248800000016, -22.86524029932378 ], [ -44.204294300000015, -22.865187299323797 ], [ -44.2043137, -22.865164599323812 ], [ -44.204358300000024, -22.865110899323792 ], [ -44.204402899999984, -22.865057199323818 ], [ -44.204430899999977, -22.865023499323812 ], [ -44.2044755, -22.864969799323795 ], [ -44.204479499999984, -22.864964999323782 ], [ -44.204515800000024, -22.864906199323798 ], [ -44.2045261, -22.864889499323798 ], [ -44.204568100000017, -22.864833999323775 ], [ -44.2045963, -22.864796699323804 ], [ -44.204622799999981, -22.864733499323805 ], [ -44.2046495, -22.864670099323821 ], [ -44.2046712, -22.864605399323828 ], [ -44.204675800000018, -22.864591599323791 ], [ -44.2046962, -22.864526499323819 ], [ -44.204700399999986, -22.864513099323819 ], [ -44.2047182, -22.864447299323796 ], [ -44.20473, -22.864403899323822 ], [ -44.20473070000002, -22.864332499323805 ], [ -44.20472250000001, -22.864268099323823 ], [ -44.204697800000012, -22.864210699323817 ], [ -44.204668, -22.864177199323795 ], [ -44.204630800000018, -22.86414719932381 ], [ -44.204590199999984, -22.864127499323796 ], [ -44.2045246, -22.864097599323795 ], [ -44.204518199999981, -22.864094599323803 ], [ -44.204453699999988, -22.864071899323822 ], [ -44.204401899999986, -22.864038699323803 ], [ -44.204362600000017, -22.863984999323833 ], [ -44.204343699999981, -22.863947899323851 ], [ -44.2043357, -22.863903899323866 ], [ -44.204329799999982, -22.863836399323851 ], [ -44.204329099999981, -22.863829299323839 ], [ -44.204323199999976, -22.863761699323824 ], [ -44.204322499999982, -22.863754599323823 ], [ -44.2043089, -22.863697099323847 ], [ -44.2042899, -22.863653299323843 ], [ -44.204258, -22.863602799323871 ], [ -44.204213400000015, -22.863562799323837 ], [ -44.20416519999997, -22.863529599323829 ], [ -44.204124499999971, -22.863499599323838 ], [ -44.204096400000026, -22.863462699323851 ], [ -44.2040832, -22.863432399323855 ], [ -44.20407740000001, -22.863415499323814 ], [ -44.204078900000013, -22.863391699323863 ], [ -44.204074600000013, -22.86335099932386 ], [ -44.204059299999983, -22.863307099323816 ], [ -44.204036900000013, -22.863273499323828 ], [ -44.204016299999978, -22.863249999323827 ], [ -44.203951099999976, -22.863219499323861 ], [ -44.203939600000012, -22.863214099323837 ], [ -44.203939, -22.863178399323814 ], [ -44.203932899999977, -22.863132699323835 ], [ -44.2039213, -22.863065799323856 ], [ -44.2039097, -22.86299889932382 ], [ -44.203906599999982, -22.862980999323835 ], [ -44.203907300000012, -22.862913299323846 ], [ -44.203907300000012, -22.862906299323864 ], [ -44.20391, -22.862834899323847 ], [ -44.203905799999973, -22.862797599323869 ], [ -44.2038847, -22.862735199323826 ], [ -44.203845399999977, -22.862683099323885 ], [ -44.203798800000015, -22.862629599323853 ], [ -44.203743799999984, -22.86258489932386 ], [ -44.2037209, -22.862566299323877 ], [ -44.203662599999966, -22.862525399323843 ], [ -44.2036357, -22.862506499323846 ], [ -44.203571, -22.862475099323841 ], [ -44.2035062, -22.86244369932383 ], [ -44.203441399999974, -22.862412299323871 ], [ -44.203429, -22.862406299323837 ], [ -44.203361599999987, -22.862379899323876 ], [ -44.203316500000028, -22.862362299323831 ], [ -44.2032648, -22.862332499323831 ], [ -44.203236800000013, -22.862298999323865 ], [ -44.203223499999979, -22.862265299323845 ], [ -44.20321790000002, -22.862197699323879 ], [ -44.203216899999966, -22.862185599323841 ], [ -44.203211800000012, -22.862117999323878 ], [ -44.203207799999966, -22.862063499323838 ], [ -44.203187599999978, -22.86199839932387 ], [ -44.203178900000012, -22.861970599323879 ], [ -44.2031589, -22.86190549932385 ], [ -44.2031515, -22.86188149932385 ], [ -44.203140500000018, -22.861845699323879 ], [ -44.2031131, -22.861782799323898 ], [ -44.2031045, -22.861763099323891 ], [ -44.2030669, -22.861700899323893 ], [ -44.203029599999972, -22.861642599323858 ], [ -44.202992400000021, -22.861584299323876 ], [ -44.202986300000013, -22.861574899323877 ], [ -44.202955700000018, -22.861513399323862 ], [ -44.202941, -22.861483999323898 ], [ -44.2029157, -22.861420399323865 ], [ -44.2028973, -22.861374399323868 ], [ -44.2028659, -22.86131319932386 ], [ -44.2028346, -22.861251999323862 ], [ -44.202825700000012, -22.861234699323902 ], [ -44.202795799999976, -22.86117279932391 ], [ -44.202778500000022, -22.861136999323861 ], [ -44.20275149999997, -22.861073999323867 ], [ -44.202733, -22.861030799323864 ], [ -44.202703699999958, -22.860968799323906 ], [ -44.202687599999976, -22.860934899323915 ], [ -44.202659499999974, -22.860872299323876 ], [ -44.202653600000019, -22.860859099323921 ], [ -44.2026255, -22.860796499323897 ], [ -44.202615700000017, -22.860774799323902 ], [ -44.2025894, -22.860711599323892 ], [ -44.2025835, -22.860697299323924 ], [ -44.202567900000012, -22.860636499323899 ], [ -44.202559800000017, -22.860578899323905 ], [ -44.202561100000025, -22.860541599323884 ], [ -44.2025731, -22.860474799323924 ], [ -44.2025779, -22.860447699323917 ], [ -44.2025956, -22.860381899323905 ], [ -44.2026002, -22.860364799323914 ], [ -44.2026323, -22.860299699323885 ], [ -44.202642599999976, -22.860255499323891 ], [ -44.202642, -22.860212999323888 ], [ -44.2026229, -22.860157399323896 ], [ -44.20258009999997, -22.86010249932389 ], [ -44.2025554, -22.860070799323921 ], [ -44.2025041, -22.860022499323939 ], [ -44.2024811, -22.860000799323942 ], [ -44.202424399999984, -22.859957999323914 ], [ -44.202410699999966, -22.859947699323943 ], [ -44.202348900000011, -22.859911499323921 ], [ -44.202290300000016, -22.859877299323916 ], [ -44.2022233, -22.859850199323898 ], [ -44.2022055, -22.859843099323896 ], [ -44.202141799999985, -22.859809899323931 ], [ -44.202094799999983, -22.859785499323909 ], [ -44.2020299, -22.859754299323939 ], [ -44.202004100000011, -22.85974179932392 ], [ -44.201987299999978, -22.859723399323929 ], [ -44.201979600000016, -22.859698099323918 ], [ -44.2019773, -22.859630399323937 ], [ -44.2019765, -22.859608199323944 ], [ -44.201990200000012, -22.859538399323949 ], [ -44.202007799999983, -22.859493999323906 ], [ -44.202041800000018, -22.859434099323913 ], [ -44.202098599999985, -22.859391399323915 ], [ -44.202126599999986, -22.859370399323915 ], [ -44.202190200000018, -22.859336999323915 ], [ -44.2022066, -22.859328299323938 ], [ -44.2022745, -22.859303199323929 ], [ -44.202301, -22.859293399323938 ], [ -44.202372700000012, -22.859279999323949 ], [ -44.202444300000025, -22.859266599323949 ], [ -44.20247089999998, -22.859261699323906 ], [ -44.2025418, -22.859245099323953 ], [ -44.202556800000018, -22.859241499323929 ], [ -44.202611400000016, -22.859216899323915 ], [ -44.202636700000028, -22.85919779932394 ], [ -44.202653, -22.859182199323957 ], [ -44.202663500000028, -22.859149799323948 ], [ -44.2026722, -22.859090599323942 ], [ -44.2026733, -22.85908269932392 ], [ -44.202675199999987, -22.859069899323945 ], [ -44.202670599999969, -22.859003799323929 ], [ -44.202671800000012, -22.858959599323928 ], [ -44.202662, -22.858918999323937 ], [ -44.202633900000016, -22.858856499323945 ], [ -44.2026318, -22.858851699323946 ], [ -44.2025924, -22.858791299323933 ], [ -44.202552500000024, -22.858734499323965 ], [ -44.202528799999982, -22.858700699323922 ], [ -44.202486599999986, -22.858645399323947 ], [ -44.2024803, -22.858636999323931 ], [ -44.202431, -22.858586999323954 ], [ -44.202381699999989, -22.858536899323937 ], [ -44.202335399999981, -22.858502099323946 ], [ -44.202276400000017, -22.858474199323933 ], [ -44.202215200000012, -22.858448599323918 ], [ -44.202174800000016, -22.858439099323945 ], [ -44.2021474, -22.858441299323939 ], [ -44.202105399999986, -22.858450499323947 ], [ -44.202038300000019, -22.858477499323929 ], [ -44.202030700000023, -22.858480599323958 ], [ -44.2019639, -22.858508199323968 ], [ -44.201945099999982, -22.858515899323926 ], [ -44.201883099999975, -22.858537399323932 ], [ -44.201813800000025, -22.858560599323926 ], [ -44.201782799999982, -22.858567899323965 ], [ -44.2017462, -22.85856849932394 ], [ -44.2016893, -22.858557599323941 ], [ -44.201624400000014, -22.858526399323971 ], [ -44.201600699999972, -22.858514999323958 ], [ -44.2015374, -22.858481099323949 ], [ -44.2015177, -22.858470599323933 ], [ -44.2014505, -22.858443799323922 ], [ -44.201423799999979, -22.858433199323926 ], [ -44.201354799999976, -22.858410699323933 ], [ -44.201329900000012, -22.858402499323962 ], [ -44.2012575, -22.85839359932395 ], [ -44.201245500000027, -22.858392099323961 ], [ -44.20117590000001, -22.858384799323971 ], [ -44.201102799999987, -22.858385999323946 ], [ -44.201077, -22.858386499323949 ], [ -44.201002, -22.858391099323956 ], [ -44.200936300000023, -22.858404099323913 ], [ -44.200861499999974, -22.858422399323935 ], [ -44.200817799999982, -22.858438399323944 ], [ -44.200799700000012, -22.858458999323933 ], [ -44.20078360000003, -22.858481299323945 ], [ -44.2007802, -22.858501799323946 ], [ -44.2007805, -22.858525499323939 ], [ -44.200780899999984, -22.858550899323959 ], [ -44.2007775, -22.858567999323945 ], [ -44.200768499999981, -22.85858169932396 ], [ -44.200754099999983, -22.858593799323934 ], [ -44.2007049, -22.858611599323968 ], [ -44.200653699999975, -22.858619199323961 ], [ -44.200599, -22.858630299323963 ], [ -44.200560699999976, -22.858644599323949 ], [ -44.200515399999972, -22.858675899323931 ], [ -44.200463899999988, -22.858723999323949 ], [ -44.2004354, -22.858750599323944 ], [ -44.2003889, -22.858802899323944 ], [ -44.2003742, -22.858819499323921 ], [ -44.200340200000028, -22.858874399323923 ], [ -44.2003062, -22.858934399323957 ], [ -44.200291499999985, -22.858960499323963 ], [ -44.2002756, -22.859006599323926 ], [ -44.200263699999986, -22.859067799323931 ], [ -44.200264300000015, -22.859111899323963 ], [ -44.200265, -22.859157699323962 ], [ -44.200282099999981, -22.859204899323935 ], [ -44.200315499999988, -22.859234899323933 ], [ -44.200348599999984, -22.859244499323921 ], [ -44.2004073, -22.859251999323948 ], [ -44.200479299999984, -22.859263299323942 ], [ -44.200554099999977, -22.859274999323954 ], [ -44.200625300000013, -22.859290299323927 ], [ -44.200656900000013, -22.859297099323921 ], [ -44.2007256, -22.859320199323935 ], [ -44.200767299999988, -22.859334199323907 ], [ -44.200830900000028, -22.85936769932394 ], [ -44.2008485, -22.859376999323924 ], [ -44.200900400000016, -22.859420199323914 ], [ -44.200935800000025, -22.859462099323896 ], [ -44.2009602, -22.85950409932391 ], [ -44.20096969999998, -22.859531099323945 ], [ -44.2009703, -22.85957519932392 ], [ -44.2009486, -22.859639899323923 ], [ -44.200945699999977, -22.859648499323917 ], [ -44.2009188, -22.859684599323909 ], [ -44.2008811, -22.859742999323906 ], [ -44.2008525, -22.859789199323941 ], [ -44.200831199999982, -22.859837099323908 ], [ -44.2008189, -22.859876299323918 ], [ -44.2008161, -22.85993749932393 ], [ -44.200817, -22.8599968993239 ], [ -44.200818, -22.860066399323909 ], [ -44.200820599999979, -22.860120699323893 ], [ -44.200826699999986, -22.860168099323907 ], [ -44.2008422, -22.860227199323912 ], [ -44.20086550000002, -22.860291499323928 ], [ -44.2008746, -22.860316599323887 ], [ -44.200908799999979, -22.860376499323873 ], [ -44.20091589999997, -22.860388899323876 ], [ -44.200942399999974, -22.860447899323898 ], [ -44.200948499999981, -22.860488499323885 ], [ -44.20095479999997, -22.860547799323911 ], [ -44.20095, -22.860593699323875 ], [ -44.2009468, -22.860627699323906 ], [ -44.200930799999973, -22.8606635993239 ], [ -44.200911, -22.860684299323896 ], [ -44.2008692, -22.860708799323898 ], [ -44.2008272, -22.860717899323891 ], [ -44.200764900000017, -22.86071729932387 ], [ -44.200692699999983, -22.860706599323908 ], [ -44.200682299999976, -22.860704999323882 ], [ -44.200612099999987, -22.860686299323895 ], [ -44.200586699999967, -22.860679499323904 ], [ -44.200520499999982, -22.860655099323875 ], [ -44.200454900000011, -22.860625199323916 ], [ -44.200444899999972, -22.860620699323924 ], [ -44.200382900000037, -22.86058479932392 ], [ -44.200345200000015, -22.8605629993239 ], [ -44.20028150000001, -22.86052969932387 ], [ -44.2002488, -22.860512599323897 ], [ -44.200199, -22.860484499323878 ], [ -44.200173, -22.860459499323888 ], [ -44.200156199999974, -22.860439399323937 ], [ -44.200148399999989, -22.860403899323895 ], [ -44.200147899999983, -22.860368299323909 ], [ -44.200152600000024, -22.860313899323899 ], [ -44.20017230000002, -22.8602486993239 ], [ -44.200178900000019, -22.860226899323894 ], [ -44.200193399999989, -22.860160499323928 ], [ -44.200201199999981, -22.860124699323887 ], [ -44.200202699999977, -22.860056999323877 ], [ -44.200203499999986, -22.860024599323875 ], [ -44.200205200000028, -22.859956899323901 ], [ -44.2002058, -22.859932899323891 ], [ -44.20020490000001, -22.859865199323906 ], [ -44.200204600000013, -22.859846399323896 ], [ -44.200193899999988, -22.859779399323894 ], [ -44.200190599999985, -22.859758399323894 ], [ -44.200178199999982, -22.859691599323934 ], [ -44.200165799999979, -22.859624899323904 ], [ -44.200164799999975, -22.859619699323915 ], [ -44.200150099999973, -22.859553299323935 ], [ -44.2001394, -22.859504799323961 ], [ -44.200119700000023, -22.859439499323923 ], [ -44.200100099999986, -22.859374199323938 ], [ -44.200095200000021, -22.859357899323946 ], [ -44.2000668, -22.85929219932396 ], [ -44.200027700000014, -22.85924199932392 ], [ -44.199990599999971, -22.85920869932395 ], [ -44.1999315, -22.859172299323948 ], [ -44.199865199999969, -22.859143799323952 ], [ -44.1997988, -22.859115299323907 ], [ -44.199757799999972, -22.859097699323943 ], [ -44.199688900000012, -22.859075199323946 ], [ -44.199678800000015, -22.859071899323936 ], [ -44.199608500000011, -22.859053399323923 ], [ -44.199575900000021, -22.859044799323943 ], [ -44.199504499999989, -22.859030199323932 ], [ -44.199433100000029, -22.85901569932393 ], [ -44.199407, -22.859010299323959 ], [ -44.199334299999968, -22.859003099323935 ], [ -44.199304400000017, -22.859000199323965 ], [ -44.1992313, -22.858999899323948 ], [ -44.1992202, -22.858999899323948 ], [ -44.199150700000011, -22.859002799323921 ], [ -44.1990778, -22.859008199323938 ], [ -44.1990629, -22.859009299323958 ], [ -44.1989934, -22.859010499323961 ], [ -44.198951299999969, -22.859009499323953 ], [ -44.198912699999987, -22.858993199323926 ], [ -44.198860799999977, -22.858944899323919 ], [ -44.198827400000027, -22.858914899323938 ], [ -44.1987924, -22.85890029932396 ], [ -44.1987519, -22.858878899323919 ], [ -44.198722299999986, -22.858853999323937 ], [ -44.198696199999965, -22.858822199323967 ], [ -44.198660599999982, -22.858761699323949 ], [ -44.1986488, -22.85870599932392 ], [ -44.19863909999998, -22.858660299323937 ], [ -44.1986402, -22.858611099323969 ], [ -44.198643, -22.858546599323951 ], [ -44.198651, -22.858479299323953 ], [ -44.19865609999998, -22.858436199323979 ], [ -44.198655200000012, -22.858373499323985 ], [ -44.1986508, -22.858319299323959 ], [ -44.198644800000011, -22.858287199323957 ], [ -44.198635299999978, -22.858256799323936 ], [ -44.198601699999983, -22.858196599323936 ], [ -44.1985902, -22.858176199323946 ], [ -44.1985449, -22.858122999323932 ], [ -44.198528899999985, -22.858104299323934 ], [ -44.198506800000018, -22.858047899323939 ], [ -44.19849679999998, -22.857988699323997 ], [ -44.198490799999988, -22.857921199323979 ], [ -44.1984903, -22.857915899323977 ], [ -44.198485699999978, -22.857851599323968 ], [ -44.198483, -22.857790599323948 ], [ -44.1984931, -22.857724299323941 ], [ -44.19851240000002, -22.857662899323952 ], [ -44.198535400000026, -22.857608199323984 ], [ -44.198575, -22.857551299323973 ], [ -44.198582, -22.857541299323952 ], [ -44.198617899999981, -22.85749149932396 ], [ -44.1986468, -22.857462199323962 ], [ -44.198666699999976, -22.857449999323958 ], [ -44.198710399999982, -22.857435599323939 ], [ -44.19876720000002, -22.857438099323996 ], [ -44.19884, -22.857444499323972 ], [ -44.1988478, -22.857445199323937 ], [ -44.198897199999969, -22.857444299323962 ], [ -44.1989704, -22.857443099323977 ], [ -44.1990434, -22.857439499323966 ], [ -44.1990783, -22.857437799323982 ], [ -44.199136599999974, -22.857421499323973 ], [ -44.199180300000023, -22.857403799323961 ], [ -44.199205600000013, -22.857384699323983 ], [ -44.1992308, -22.85735379932397 ], [ -44.199246800000019, -22.857319599323965 ], [ -44.1992553, -22.857273699323976 ], [ -44.199249399999985, -22.85724319932401 ], [ -44.199217799999971, -22.857206499324001 ], [ -44.199163699999986, -22.857160899323972 ], [ -44.199156599999981, -22.857154999323946 ], [ -44.1991049, -22.857120199323969 ], [ -44.199073399999975, -22.85709359932396 ], [ -44.199038099999989, -22.857055299323999 ], [ -44.199008, -22.856992999323971 ], [ -44.1989873, -22.856952699324001 ], [ -44.198963, -22.856919199323983 ], [ -44.1989112, -22.856872599323957 ], [ -44.198874100000012, -22.856839399323995 ], [ -44.198817, -22.856809799323997 ], [ -44.198767299999986, -22.856790299323983 ], [ -44.1987378, -22.856773899324001 ], [ -44.198726599999979, -22.856758799324016 ], [ -44.1987006, -22.856730499324023 ], [ -44.1986579, -22.856687099323974 ], [ -44.1986154, -22.856655599323997 ], [ -44.198573, -22.856630999323983 ], [ -44.198510399999975, -22.856595899324002 ], [ -44.198493699999972, -22.856586599324007 ], [ -44.1984329, -22.856557099323965 ], [ -44.198364799999979, -22.856524399324005 ], [ -44.198299299999974, -22.856494299323998 ], [ -44.198258, -22.856475399324022 ], [ -44.198193, -22.856444399323983 ], [ -44.1981826, -22.856439399323992 ], [ -44.198119399999989, -22.856405299324003 ], [ -44.198103300000014, -22.856396699324012 ], [ -44.198042199999961, -22.856359599324009 ], [ -44.198005599999981, -22.856337399323973 ], [ -44.19795119999997, -22.856292099324019 ], [ -44.197927900000018, -22.856272599324015 ], [ -44.197889, -22.856235999324017 ], [ -44.197844299999986, -22.856182599324001 ], [ -44.197818, -22.85612709932397 ], [ -44.197806300000018, -22.856079799323986 ], [ -44.197803899999982, -22.856039199323998 ], [ -44.1978072, -22.856010299323984 ], [ -44.197826599999971, -22.855957399324012 ], [ -44.1978661, -22.855909299324004 ], [ -44.19792180000001, -22.855865299324012 ], [ -44.197938500000014, -22.855852099324011 ], [ -44.197996699999976, -22.855827399324024 ], [ -44.1980641, -22.855801299323996 ], [ -44.1980931, -22.855790099323993 ], [ -44.1981627, -22.855769299324034 ], [ -44.198189599999978, -22.855761299323991 ], [ -44.198260800000014, -22.855754899324037 ], [ -44.198334, -22.855753599324025 ], [ -44.1983998, -22.855755899324031 ], [ -44.1984729, -22.855753299324014 ], [ -44.1984931, -22.855752499324012 ], [ -44.198542499999967, -22.855753399324037 ], [ -44.1985957, -22.85576429932399 ], [ -44.198643300000015, -22.85577189932399 ], [ -44.198689, -22.855765999324014 ], [ -44.1987363, -22.855746599323989 ], [ -44.198772599999984, -22.855728999324 ], [ -44.1988053, -22.855711499324002 ], [ -44.198869699999989, -22.855679399323996 ], [ -44.1989216, -22.855653499324024 ], [ -44.198985, -22.855613399324 ], [ -44.199032, -22.855568499324018 ], [ -44.1990462, -22.855541099323997 ], [ -44.199060299999978, -22.85549679932404 ], [ -44.199057799999984, -22.855449399324019 ], [ -44.1990477, -22.855386799324052 ], [ -44.199033900000018, -22.855320299324042 ], [ -44.199028100000014, -22.855292199324037 ], [ -44.199005399999969, -22.855227899324007 ], [ -44.19899, -22.85518439932401 ], [ -44.1989673, -22.855132299324008 ], [ -44.19892470000002, -22.855093999324041 ], [ -44.198876700000021, -22.855062699324051 ], [ -44.198814299999988, -22.855027499324031 ], [ -44.19878640000001, -22.855011799324021 ], [ -44.198723799999975, -22.854985699324015 ], [ -44.1986814, -22.854962799324017 ], [ -44.198657200000014, -22.854925899324044 ], [ -44.198653, -22.854893799324053 ], [ -44.198661800000018, -22.854864799323991 ], [ -44.198677799999977, -22.854835699324052 ], [ -44.1987029, -22.854797999324049 ], [ -44.198728099999983, -22.854768699324048 ], [ -44.19877330000002, -22.854730599324014 ], [ -44.198829499999981, -22.854690699324024 ], [ -44.198865599999976, -22.854656099324028 ], [ -44.198905200000013, -22.854609699324083 ], [ -44.198946499999977, -22.854558099324048 ], [ -44.198966199999973, -22.854528899324031 ], [ -44.198989200000014, -22.854469199324036 ], [ -44.199003, -22.854411299324003 ], [ -44.199013799999982, -22.854344299324008 ], [ -44.199014799999979, -22.854338199324015 ], [ -44.1990169, -22.854270499324016 ], [ -44.19901729999998, -22.854258499324065 ], [ -44.199003800000014, -22.854204599324071 ], [ -44.198983100000014, -22.85416929932407 ], [ -44.1989777, -22.854164499324067 ], [ -44.198960899999967, -22.854149399324037 ], [ -44.1988968, -22.854116799324022 ], [ -44.198877400000015, -22.854106999324042 ], [ -44.198822300000018, -22.854085999324049 ], [ -44.198776399999986, -22.854073199324059 ], [ -44.198739699999976, -22.854070499324031 ], [ -44.1986885, -22.854071399324059 ], [ -44.1986303, -22.854089399324078 ], [ -44.198563700000015, -22.854117399324064 ], [ -44.198550300000015, -22.854122999324073 ], [ -44.198492199999983, -22.854154599324065 ], [ -44.198445100000022, -22.85418929932402 ], [ -44.198385200000018, -22.854224299324027 ], [ -44.198348899999985, -22.854238499324062 ], [ -44.198299799999965, -22.854257999324073 ], [ -44.1982489, -22.854280899324031 ], [ -44.198210800000027, -22.854303699324053 ], [ -44.1981799, -22.854316099324056 ], [ -44.198150699999985, -22.854325099324029 ], [ -44.198114200000028, -22.854330799324064 ], [ -44.198048299999975, -22.854321799324023 ], [ -44.197993199999985, -22.854304199324055 ], [ -44.1979435, -22.854282999324045 ], [ -44.197897300000022, -22.854248299324045 ], [ -44.197871299999974, -22.854216499324053 ], [ -44.1978388, -22.854155799324044 ], [ -44.19783, -22.854139299324046 ], [ -44.197801, -22.85407709932403 ], [ -44.1977885, -22.85405029932403 ], [ -44.1977645, -22.853986299324021 ], [ -44.197760099999968, -22.853974599324062 ], [ -44.197747400000026, -22.853907799324073 ], [ -44.1977463, -22.853901899324036 ], [ -44.1977248, -22.853837199324044 ], [ -44.197713799999974, -22.853804299324029 ], [ -44.197681900000021, -22.853738799324031 ], [ -44.19764780000002, -22.853678799324062 ], [ -44.19762750000001, -22.853643199324075 ], [ -44.1975939, -22.853582999324068 ], [ -44.1975675, -22.853535799324046 ], [ -44.197547400000026, -22.853470699324067 ], [ -44.197544600000015, -22.85346169932409 ], [ -44.197524, -22.853396699324087 ], [ -44.1975216, -22.853389299324082 ], [ -44.19750549999997, -22.853323199324048 ], [ -44.1974965, -22.853286399324073 ], [ -44.197475399999966, -22.853221499324086 ], [ -44.1974621, -22.853180299324084 ], [ -44.197438, -22.85311639932404 ], [ -44.19742789999998, -22.853089499324074 ], [ -44.197402, -22.853026099324083 ], [ -44.1973901, -22.852996999324095 ], [ -44.197360399999965, -22.852935099324103 ], [ -44.197344900000019, -22.852902999324108 ], [ -44.197315, -22.852841199324089 ], [ -44.197303499999968, -22.852817399324081 ], [ -44.1972723, -22.852756099324097 ], [ -44.197264099999977, -22.852740199324099 ], [ -44.1972344, -22.852678299324051 ], [ -44.1972189, -22.852646199324067 ], [ -44.1971858, -22.852585799324061 ], [ -44.197172099999989, -22.852560599324089 ], [ -44.1971345, -22.8525024993241 ], [ -44.197131, -22.85249699932411 ], [ -44.1970915, -22.852440099324117 ], [ -44.197078799999986, -22.852421799324102 ], [ -44.197043300000018, -22.852368199324097 ], [ -44.197010700000021, -22.852307599324121 ], [ -44.196988200000021, -22.852265999324079 ], [ -44.1969512, -22.852207599324078 ], [ -44.196926599999983, -22.852168899324077 ], [ -44.1968956, -22.852110699324136 ], [ -44.1968607, -22.852075499324101 ], [ -44.1968218, -22.852044199324119 ], [ -44.196781199999968, -22.852009099324068 ], [ -44.196743, -22.851951399324122 ], [ -44.196739799999989, -22.851946599324123 ], [ -44.1967113, -22.851884199324072 ], [ -44.19670480000002, -22.851870099324096 ], [ -44.1966754, -22.851808099324135 ], [ -44.196671499999972, -22.851799799324084 ], [ -44.196634800000027, -22.851753299324088 ], [ -44.196592099999982, -22.851698299324106 ], [ -44.1965892, -22.851694599324077 ], [ -44.196541, -22.851642199324136 ], [ -44.19649, -22.851589899324129 ], [ -44.1964562, -22.851548299324115 ], [ -44.196430500000019, -22.851496499324114 ], [ -44.1964137, -22.85145809932412 ], [ -44.196391100000035, -22.851393699324131 ], [ -44.1963715, -22.851337799324121 ], [ -44.1963518, -22.851272499324104 ], [ -44.196346, -22.851253299324114 ], [ -44.196332499999976, -22.851189699324145 ], [ -44.196312299999988, -22.8511338993241 ], [ -44.196311700000024, -22.851077399324119 ], [ -44.196310499999974, -22.851044899324098 ], [ -44.1962979, -22.851006299324101 ], [ -44.1962825, -22.850966599324103 ], [ -44.196275599999979, -22.850931699324107 ], [ -44.196267799999987, -22.85087039932414 ], [ -44.1962606, -22.85080299932412 ], [ -44.1962573, -22.850772699324121 ], [ -44.196257199999984, -22.850704999324119 ], [ -44.196257199999984, -22.850648399324132 ], [ -44.196261400000026, -22.850580699324166 ], [ -44.196263499999986, -22.850547699324125 ], [ -44.196261400000026, -22.850488599324137 ], [ -44.196249500000015, -22.850429899324137 ], [ -44.196234300000022, -22.850363599324119 ], [ -44.1962312, -22.850349999324131 ], [ -44.196214, -22.850302699324139 ], [ -44.196190600000016, -22.850239199324129 ], [ -44.1961647, -22.850184599324109 ], [ -44.196127499999989, -22.850128999324138 ], [ -44.1960811, -22.85007669932412 ], [ -44.196046799999969, -22.850038199324107 ], [ -44.1960072, -22.849995299324142 ], [ -44.195964600000018, -22.849946099324157 ], [ -44.1959228, -22.849890499324168 ], [ -44.1959127, -22.849877099324154 ], [ -44.195871599999975, -22.849831599324162 ], [ -44.195826300000014, -22.849787599324163 ], [ -44.195814700000021, -22.84977989932414 ], [ -44.195766699999979, -22.849748299324141 ], [ -44.195743900000025, -22.849733199324163 ], [ -44.195682200000014, -22.84969679932416 ], [ -44.195660299999986, -22.849683899324166 ], [ -44.19559450000002, -22.849654299324147 ], [ -44.195565499999987, -22.849641199324164 ], [ -44.1955038, -22.849604899324135 ], [ -44.195492, -22.849597899324156 ], [ -44.1954571, -22.849572399324156 ], [ -44.195411700000015, -22.849528299324131 ], [ -44.195383400000011, -22.849486199324168 ], [ -44.195357600000015, -22.849438899324152 ], [ -44.195341699999965, -22.849390199324173 ], [ -44.1953391, -22.849357399324127 ], [ -44.195339199999978, -22.849322099324155 ], [ -44.195346700000016, -22.849295299324165 ], [ -44.195355899999981, -22.849274899324165 ], [ -44.195390700000011, -22.849223399324178 ], [ -44.195432799999978, -22.849167899324158 ], [ -44.195440599999976, -22.849157599324169 ], [ -44.195482, -22.849101699324162 ], [ -44.1954864, -22.849095599324173 ], [ -44.195534800000019, -22.849044899324184 ], [ -44.195540900000026, -22.849038499324163 ], [ -44.19556920000003, -22.849002299324162 ], [ -44.195585100000017, -22.848972799324173 ], [ -44.195603899999973, -22.848944499324194 ], [ -44.195621599999974, -22.848926299324184 ], [ -44.195670300000018, -22.848875799324144 ], [ -44.19567940000001, -22.848866399324198 ], [ -44.195727299999973, -22.848838699324162 ], [ -44.1957802, -22.848816999324175 ], [ -44.195793499999972, -22.848811699324173 ], [ -44.195838700000024, -22.848793799324188 ], [ -44.1959061, -22.848767499324172 ], [ -44.1959154, -22.848763899324162 ], [ -44.195977700000014, -22.848728499324164 ], [ -44.196025099999979, -22.848701499324182 ], [ -44.1960593, -22.848670199324197 ], [ -44.196105199999977, -22.84861749932416 ], [ -44.1961326, -22.848585999324193 ], [ -44.196172499999989, -22.848529199324155 ], [ -44.196179700000016, -22.848518899324155 ], [ -44.196221400000013, -22.848458299324189 ], [ -44.196262699999977, -22.848402399324179 ], [ -44.1962835, -22.848374299324174 ], [ -44.196321, -22.848316199324177 ], [ -44.196325, -22.848309899324192 ], [ -44.1963554, -22.848250799324195 ], [ -44.196385599999985, -22.848189099324191 ], [ -44.1963937, -22.848172499324154 ], [ -44.1964165, -22.848108199324191 ], [ -44.1964259, -22.848081799324177 ], [ -44.1964416, -22.848047099324166 ], [ -44.196459, -22.848018799324162 ], [ -44.196496700000019, -22.847963299324192 ], [ -44.196520799999966, -22.84789929932419 ], [ -44.1965449, -22.847835299324185 ], [ -44.1965682, -22.847771299324165 ], [ -44.19659710000002, -22.84770839932418 ], [ -44.1966324, -22.847666899324174 ], [ -44.1966724, -22.847636599324186 ], [ -44.1967055, -22.847614199324209 ], [ -44.1967669, -22.847588399324209 ], [ -44.1968117, -22.847575799324215 ], [ -44.1968834, -22.847562599324206 ], [ -44.19691, -22.847557699324184 ], [ -44.19695380000001, -22.847556699324198 ], [ -44.197026499999986, -22.847563199324231 ], [ -44.197099299999984, -22.847569699324215 ], [ -44.197106899999987, -22.847570399324184 ], [ -44.1971792, -22.847580199324177 ], [ -44.197192, -22.847581999324191 ], [ -44.197262299999977, -22.847600599324224 ], [ -44.197283299999988, -22.847606199324165 ], [ -44.197356, -22.847628299324192 ], [ -44.197426, -22.84765169932416 ], [ -44.1974804, -22.847673099324208 ], [ -44.19751489999998, -22.847691099324205 ], [ -44.197555200000011, -22.847715399324215 ], [ -44.197614199999961, -22.847755399324182 ], [ -44.197621599999984, -22.847760399324219 ], [ -44.19765510000002, -22.847791199324217 ], [ -44.1976993, -22.847849499324195 ], [ -44.1977349, -22.847902999324162 ], [ -44.1977663, -22.847955299324209 ], [ -44.1978, -22.847993599324191 ], [ -44.197842299999984, -22.84803799932417 ], [ -44.19789609999998, -22.848087099324175 ], [ -44.197949199999975, -22.848133599324179 ], [ -44.197974499999972, -22.848155799324157 ], [ -44.198029399999989, -22.848200399324181 ], [ -44.198049700000013, -22.848216899324203 ], [ -44.198109900000027, -22.848255399324223 ], [ -44.198139, -22.848273899324159 ], [ -44.1981978, -22.848313999324198 ], [ -44.198244100000011, -22.848345499324179 ], [ -44.19830480000001, -22.848383299324205 ], [ -44.198337499999987, -22.848403599324161 ], [ -44.198395, -22.848438599324187 ], [ -44.19845220000002, -22.848468599324168 ], [ -44.198515, -22.848493399324173 ], [ -44.198563700000022, -22.848519799324205 ], [ -44.1986192, -22.848540999324179 ], [ -44.198673199999966, -22.84855839932419 ], [ -44.198715900000025, -22.848573699324152 ], [ -44.19874, -22.848577999324149 ], [ -44.1987765, -22.848574499324155 ], [ -44.198815399999987, -22.848559499324196 ], [ -44.19882230000001, -22.84855429932416 ], [ -44.198859500000019, -22.848527999324173 ], [ -44.19888, -22.848510999324159 ], [ -44.1989006, -22.848495299324192 ], [ -44.1989241, -22.848479499324167 ], [ -44.198971500000034, -22.848466899324194 ], [ -44.199027699999988, -22.848463999324157 ], [ -44.199093800000014, -22.848462199324153 ], [ -44.1991655, -22.848462699324202 ], [ -44.1992374, -22.848474799324201 ], [ -44.199269300000019, -22.848480099324195 ], [ -44.1993415, -22.848490499324217 ], [ -44.199379500000013, -22.848495999324197 ], [ -44.199454300000014, -22.848507799324167 ], [ -44.199527199999977, -22.848513099324173 ], [ -44.1996001, -22.848518399324171 ], [ -44.199605099999978, -22.848518699324174 ], [ -44.199678100000021, -22.848517599324158 ], [ -44.199706199999973, -22.848517199324185 ], [ -44.1997652, -22.848515599324166 ], [ -44.199816899999973, -22.848507799324167 ], [ -44.199888, -22.848491999324196 ], [ -44.1999202, -22.848484799324176 ], [ -44.19998829999998, -22.848460099324203 ], [ -44.200041100000021, -22.848440999324172 ], [ -44.2001075, -22.848412599324192 ], [ -44.20013549999998, -22.848400599324176 ], [ -44.200197600000024, -22.848364999324183 ], [ -44.200221100000014, -22.848351499324163 ], [ -44.2002794, -22.848310699324202 ], [ -44.200309199999985, -22.84828979932416 ], [ -44.20035589999997, -22.848254499324174 ], [ -44.200391500000023, -22.848220699324191 ], [ -44.2004407, -22.84817509932418 ], [ -44.2004857, -22.848121699324171 ], [ -44.200489600000019, -22.848116999324201 ], [ -44.200510199999989, -22.848098799324184 ], [ -44.200526500000016, -22.848079399324202 ], [ -44.200535699999982, -22.848058899324212 ], [ -44.2005408, -22.848039899324188 ], [ -44.2005494, -22.8479979993242 ], [ -44.2005471, -22.847963999324179 ], [ -44.200538400000028, -22.847906099324184 ], [ -44.2005269, -22.847848299324212 ], [ -44.2005123, -22.847803199324179 ], [ -44.200498499999973, -22.84776069932418 ], [ -44.2004794, -22.847704299324171 ], [ -44.200464399999987, -22.847641499324201 ], [ -44.200451400000013, -22.847585899324201 ], [ -44.20044810000001, -22.847542299324179 ], [ -44.200446, -22.847491699324177 ], [ -44.2004483, -22.84744859932421 ], [ -44.200459599999981, -22.847401399324212 ], [ -44.2004579, -22.847365899324213 ], [ -44.2004501, -22.8473382993242 ], [ -44.2004284, -22.847317299324192 ], [ -44.2003919, -22.84729539932421 ], [ -44.2003338, -22.847254299324185 ], [ -44.200297700000021, -22.847228799324199 ], [ -44.200263, -22.847196699324183 ], [ -44.200228100000011, -22.847159599324197 ], [ -44.200208, -22.847096599324203 ], [ -44.200207400000011, -22.847076299324247 ], [ -44.200220800000011, -22.847053099324174 ], [ -44.200231799999983, -22.847042699324188 ], [ -44.200245699999982, -22.847034699324205 ], [ -44.200287699999983, -22.847025999324224 ], [ -44.2003469, -22.847026899324206 ], [ -44.2004192, -22.847037199324202 ], [ -44.200482799999968, -22.847046099324203 ], [ -44.200555099999974, -22.847055999324219 ], [ -44.200627399999966, -22.847065899324228 ], [ -44.2006384, -22.847067399324221 ], [ -44.2007107, -22.847077599324194 ], [ -44.200782899999972, -22.847087799324214 ], [ -44.200855199999964, -22.847097999324234 ], [ -44.2008647, -22.8470993993242 ], [ -44.2009372, -22.847107899324239 ], [ -44.201009699999979, -22.847116499324237 ], [ -44.201082199999959, -22.847124999324201 ], [ -44.201154700000011, -22.84713359932422 ], [ -44.201179799999977, -22.847136499324179 ], [ -44.201252399999987, -22.847144499324216 ], [ -44.201325, -22.847152499324189 ], [ -44.201383099999973, -22.847158999324186 ], [ -44.201455, -22.847171099324243 ], [ -44.2015131, -22.847180799324207 ], [ -44.2015846, -22.847195299324223 ], [ -44.201634800000015, -22.847205499324197 ], [ -44.2017048, -22.847224799324209 ], [ -44.201774899999975, -22.84724419932418 ], [ -44.201793399999978, -22.847249299324194 ], [ -44.201865399999981, -22.847261499324205 ], [ -44.2019373, -22.847273599324193 ], [ -44.201948800000025, -22.847275599324185 ], [ -44.202020600000019, -22.847288399324245 ], [ -44.202084300000024, -22.847299799324166 ], [ -44.202156699999989, -22.847309399324178 ], [ -44.202229100000011, -22.847318899324204 ], [ -44.2023014, -22.84732849932421 ], [ -44.202307099999985, -22.847329299324212 ], [ -44.2023787, -22.847342899324211 ], [ -44.2024503, -22.847356599324222 ], [ -44.202516, -22.847369199324209 ], [ -44.202589, -22.847372799324216 ], [ -44.202662, -22.847376399324183 ], [ -44.2026818, -22.847377399324227 ], [ -44.202754799999973, -22.847381899324226 ], [ -44.2028277, -22.847386399324215 ], [ -44.202853300000015, -22.847387899324204 ], [ -44.202925900000018, -22.847396199324194 ], [ -44.202996900000016, -22.847404299324204 ], [ -44.2030699, -22.847400999324194 ], [ -44.203139799999974, -22.847397899324186 ], [ -44.203212099999973, -22.847387999324233 ], [ -44.203254399999985, -22.84738219932423 ], [ -44.203324300000013, -22.847362299324196 ], [ -44.203394199999977, -22.847342399324202 ], [ -44.2034216, -22.847334699324186 ], [ -44.2034898, -22.847310399324236 ], [ -44.2035581, -22.847286199324184 ], [ -44.2035912, -22.847274399324206 ], [ -44.2036589, -22.847248799324191 ], [ -44.203726599999982, -22.847223199324183 ], [ -44.203749599999973, -22.84721449932422 ], [ -44.203815599999984, -22.847185299324195 ], [ -44.203877200000022, -22.847157999324185 ], [ -44.2039428, -22.847127899324178 ], [ -44.203982600000025, -22.847109599324224 ], [ -44.204046600000027, -22.847076899324197 ], [ -44.204110599999979, -22.847044199324241 ], [ -44.204118400000027, -22.847040199324191 ], [ -44.2041681, -22.847008499324232 ], [ -44.204227800000019, -22.846969299324229 ], [ -44.204256499999978, -22.846950499324201 ], [ -44.204310099999979, -22.846904399324249 ], [ -44.2043112, -22.846903399324191 ], [ -44.2043142, -22.846900799324231 ], [ -44.204362300000021, -22.846849799324183 ], [ -44.2044073, -22.84680219932422 ], [ -44.204452899999978, -22.84674929932422 ], [ -44.204481, -22.846716699324226 ], [ -44.2045218, -22.846660399324236 ], [ -44.204540899999984, -22.846634099324245 ], [ -44.204578500000025, -22.846575999324248 ], [ -44.2046059, -22.846533599324193 ], [ -44.204637199999972, -22.84647229932424 ], [ -44.2046684, -22.846411099324243 ], [ -44.204688599999983, -22.846371499324206 ], [ -44.204706900000019, -22.846310199324229 ], [ -44.204706, -22.846269699324218 ], [ -44.204696800000022, -22.846231899324252 ], [ -44.2046709, -22.84620209932427 ], [ -44.204634, -22.846182799324243 ], [ -44.204566199999981, -22.846157499324235 ], [ -44.2045577, -22.846154399324224 ], [ -44.20449009999998, -22.846143399324262 ], [ -44.2044171, -22.846139799324231 ], [ -44.204389, -22.846138499324237 ], [ -44.204316, -22.846140399324245 ], [ -44.204307700000015, -22.84614059932424 ], [ -44.2042348, -22.846145999324207 ], [ -44.204204100000027, -22.846148299324227 ], [ -44.2041322, -22.846160699324219 ], [ -44.204060299999981, -22.846173099324218 ], [ -44.2040475, -22.846175299324262 ], [ -44.203974599999981, -22.846180799324245 ], [ -44.2039466, -22.846182999324228 ], [ -44.2038738, -22.84618899932422 ], [ -44.2038569, -22.846190399324239 ], [ -44.203783900000019, -22.846188799324228 ], [ -44.20371080000001, -22.846187199324202 ], [ -44.203696799999982, -22.846186899324255 ], [ -44.2036243, -22.846178199324232 ], [ -44.203558799999989, -22.846170199324249 ], [ -44.2034875, -22.846155099324218 ], [ -44.203416300000015, -22.846139899324253 ], [ -44.203378, -22.846131799324247 ], [ -44.203307, -22.846115599324246 ], [ -44.203236100000019, -22.846099399324249 ], [ -44.203165099999971, -22.846083299324203 ], [ -44.203137799999972, -22.846077099324226 ], [ -44.20306770000002, -22.84605789932424 ], [ -44.2029976, -22.846038799324205 ], [ -44.202934, -22.846021399324215 ], [ -44.202865700000018, -22.845997199324234 ], [ -44.2027974, -22.845972999324257 ], [ -44.202746699999977, -22.845955099324279 ], [ -44.202679, -22.845929399324245 ], [ -44.2026113, -22.845903799324219 ], [ -44.2025392, -22.845876499324216 ], [ -44.202474400000028, -22.845845099324261 ], [ -44.202419500000012, -22.845818499324256 ], [ -44.2023635, -22.845775099324264 ], [ -44.202359199999982, -22.845771799324258 ], [ -44.202327500000017, -22.845744599324235 ], [ -44.202292600000014, -22.845685099324264 ], [ -44.202289199999989, -22.84567939932424 ], [ -44.2022708, -22.845618799324253 ], [ -44.2022695, -22.845567899324244 ], [ -44.202290100000035, -22.845502899324231 ], [ -44.202295600000014, -22.845485699324236 ], [ -44.202322, -22.845418799324253 ], [ -44.2023403, -22.845362299324229 ], [ -44.202357099999972, -22.845296399324244 ], [ -44.202373799999975, -22.845230399324244 ], [ -44.202381300000027, -22.84520069932428 ], [ -44.202385400000026, -22.845133099324265 ], [ -44.2023894, -22.845065399324277 ], [ -44.202391200000022, -22.845034799324257 ], [ -44.202389499999981, -22.844966999324257 ], [ -44.2023888, -22.844940499324256 ], [ -44.20238010000002, -22.844873199324255 ], [ -44.2023783, -22.844859099324268 ], [ -44.2023585, -22.844793899324277 ], [ -44.202344400000015, -22.844747599324279 ], [ -44.2023183, -22.844684399324272 ], [ -44.2022933, -22.844623799324278 ], [ -44.202257599999989, -22.844564699324263 ], [ -44.202246199999976, -22.844545799324258 ], [ -44.2022048, -22.844489999324274 ], [ -44.202163400000018, -22.844434099324268 ], [ -44.2021439, -22.844407799324276 ], [ -44.202094499999987, -22.844357899324251 ], [ -44.202045100000014, -22.844307899324267 ], [ -44.2019957, -22.844257999324299 ], [ -44.201963, -22.844224999324279 ], [ -44.20190939999997, -22.844178899324262 ], [ -44.201867600000014, -22.844142899324282 ], [ -44.201816399999984, -22.844094599324283 ], [ -44.2017652, -22.844046199324261 ], [ -44.201748800000018, -22.844030699324303 ], [ -44.2016974, -22.843982499324262 ], [ -44.201646, -22.843934299324275 ], [ -44.2016183, -22.843908399324263 ], [ -44.2015647, -22.843862299324297 ], [ -44.20151120000002, -22.843816199324287 ], [ -44.201505399999967, -22.843811199324293 ], [ -44.201452300000028, -22.843764599324274 ], [ -44.201399200000026, -22.843718099324278 ], [ -44.2013518, -22.8436764993243 ], [ -44.201302100000021, -22.843626899324299 ], [ -44.201279100000015, -22.843603899324293 ], [ -44.20123640000002, -22.843548899324261 ], [ -44.201226299999966, -22.843535899324287 ], [ -44.201185599999974, -22.843479599324322 ], [ -44.201144899999974, -22.843423399324305 ], [ -44.2011351, -22.843409799324316 ], [ -44.201101, -22.84334989932432 ], [ -44.201090500000021, -22.843331299324287 ], [ -44.201064499999966, -22.843267999324318 ], [ -44.201054, -22.843242299324281 ], [ -44.2010308, -22.843178099324287 ], [ -44.20100760000004, -22.843113899324294 ], [ -44.200984399999982, -22.843049599324264 ], [ -44.200980399999985, -22.843038599324284 ], [ -44.200959399999988, -22.842973699324325 ], [ -44.200943199999976, -22.842923799324304 ], [ -44.200913899999989, -22.842861799324282 ], [ -44.20090110000001, -22.842834799324294 ], [ -44.200865299999968, -22.84277579932434 ], [ -44.200829399999975, -22.842716799324311 ], [ -44.2008149, -22.842692799324329 ], [ -44.200777, -22.842634999324297 ], [ -44.2007468, -22.842588899324326 ], [ -44.200705, -22.842533399324296 ], [ -44.200687800000019, -22.842510499324309 ], [ -44.200636299999985, -22.842462399324315 ], [ -44.2006179, -22.84244519932431 ], [ -44.200565200000021, -22.842398199324304 ], [ -44.2005363, -22.842372399324308 ], [ -44.2004824, -22.842326699324328 ], [ -44.20042849999998, -22.842280899324319 ], [ -44.200374599999968, -22.842235199324332 ], [ -44.20035009999998, -22.842214399324309 ], [ -44.200299799999975, -22.842165199324331 ], [ -44.200249499999977, -22.842115999324292 ], [ -44.200241899999973, -22.842108599324341 ], [ -44.2001902, -22.84206079932434 ], [ -44.2001384, -22.84201299932435 ], [ -44.200119299999976, -22.841995299324346 ], [ -44.200080099999973, -22.841938099324317 ], [ -44.200068900000012, -22.841921699324324 ], [ -44.200033899999987, -22.841862199324311 ], [ -44.199999, -22.841802699324358 ], [ -44.199976100000022, -22.841763799324347 ], [ -44.1999475, -22.841701399324315 ], [ -44.1999397, -22.84168449932432 ], [ -44.19991490000001, -22.841620799324321 ], [ -44.199902800000018, -22.841589799324353 ], [ -44.199892200000022, -22.841520299324358 ], [ -44.199896500000023, -22.841471099324334 ], [ -44.199916200000011, -22.841405899324325 ], [ -44.199922500000014, -22.841385199324325 ], [ -44.199955900000027, -22.841324999324321 ], [ -44.199982, -22.841277899324371 ], [ -44.200023, -22.841220099324335 ], [ -44.2000585, -22.841167599324354 ], [ -44.2000972, -22.841127999324382 ], [ -44.2001507, -22.841081699324377 ], [ -44.2001861, -22.841050999324342 ], [ -44.200250200000028, -22.841018399324341 ], [ -44.2002872, -22.840999599324327 ], [ -44.200353800000016, -22.840971899324348 ], [ -44.2004205, -22.84094409932435 ], [ -44.200425, -22.840942299324343 ], [ -44.200493, -22.840917399324375 ], [ -44.200561, -22.84089249932434 ], [ -44.2005828, -22.840884499324357 ], [ -44.200655200000021, -22.840875599324349 ], [ -44.2007277, -22.840866699324351 ], [ -44.200748799999978, -22.840864099324317 ], [ -44.200819700000011, -22.840847799324365 ], [ -44.200873199999982, -22.840835499324381 ], [ -44.20094, -22.840807999324333 ], [ -44.200966, -22.840797199324353 ], [ -44.2010232, -22.84075509932438 ], [ -44.2010636, -22.840725199324364 ], [ -44.201116399999982, -22.840678299324345 ], [ -44.201144199999987, -22.840653599324355 ], [ -44.2012049, -22.840615799324397 ], [ -44.201256100000023, -22.840583899324375 ], [ -44.201323699999989, -22.840558199324335 ], [ -44.201357499999979, -22.840545399324366 ], [ -44.201429, -22.840531599324386 ], [ -44.201448, -22.840527999324372 ], [ -44.201515299999976, -22.840501499324382 ], [ -44.2015826, -22.840475099324358 ], [ -44.2016225, -22.840459499324371 ], [ -44.20169, -22.84043339932435 ], [ -44.2017576, -22.840407399324373 ], [ -44.201823499999982, -22.84037809932439 ], [ -44.201892499999985, -22.840347499324388 ], [ -44.201952199999987, -22.840308399324396 ], [ -44.2020071, -22.840272499324389 ], [ -44.202061300000025, -22.840226999324404 ], [ -44.2020989, -22.840195499324359 ], [ -44.202154399999976, -22.840151299324376 ], [ -44.20219920000001, -22.840115599324367 ], [ -44.202254499999981, -22.840071299324343 ], [ -44.202302299999985, -22.840033099324408 ], [ -44.2023639, -22.839996699324349 ], [ -44.202375099999983, -22.839990099324393 ], [ -44.202442799999979, -22.839964699324376 ], [ -44.202448300000015, -22.839962599324355 ], [ -44.202517, -22.839939499324387 ], [ -44.202546900000016, -22.839929399324383 ], [ -44.2025863, -22.839913099324367 ], [ -44.2026467, -22.839868899324379 ], [ -44.202663, -22.839837499324357 ], [ -44.202668, -22.83981149932438 ], [ -44.202660900000012, -22.839751999324356 ], [ -44.20265060000002, -22.839682199324407 ], [ -44.202646300000026, -22.839614599324388 ], [ -44.202642, -22.8395468993244 ], [ -44.2026414, -22.839537099324357 ], [ -44.202645500000024, -22.839469499324405 ], [ -44.2026495, -22.839404599324411 ], [ -44.202661799999987, -22.83933789932437 ], [ -44.202672, -22.839282199324387 ], [ -44.202674600000016, -22.839214499324413 ], [ -44.2026755, -22.8391911993244 ], [ -44.2026794, -22.839123599324385 ], [ -44.202681400000017, -22.839087199324389 ], [ -44.202686799999981, -22.83901959932437 ], [ -44.202690099999984, -22.83897789932437 ], [ -44.2026912, -22.838907699324395 ], [ -44.2026917, -22.838839999324406 ], [ -44.202692199999987, -22.838774599324431 ], [ -44.202686299999982, -22.838707099324431 ], [ -44.202682299999985, -22.838660899324395 ], [ -44.202676100000012, -22.838593399324377 ], [ -44.202670599999969, -22.838533599324414 ], [ -44.202666099999988, -22.838465999324391 ], [ -44.2026616, -22.838398499324395 ], [ -44.202652899999975, -22.838331199324436 ], [ -44.2026442, -22.838263899324438 ], [ -44.202640499999966, -22.838234799324436 ], [ -44.202638799999981, -22.838167099324433 ], [ -44.2026371, -22.838099399324388 ], [ -44.2026366, -22.838075999324413 ], [ -44.2026412, -22.838008399324391 ], [ -44.202645899999979, -22.837940799324446 ], [ -44.2026492, -22.837893299324431 ], [ -44.2026543, -22.837825699324416 ], [ -44.202659499999974, -22.837758099324404 ], [ -44.202659900000015, -22.837752199324445 ], [ -44.202667500000018, -22.837684899324429 ], [ -44.202669300000025, -22.837668599324395 ], [ -44.2026707, -22.837611199324446 ], [ -44.202664, -22.83756949932441 ], [ -44.2026616, -22.837564699324396 ], [ -44.202646, -22.837533299324445 ], [ -44.20261390000001, -22.837502599324424 ], [ -44.2025931, -22.837471699324396 ], [ -44.202586699999983, -22.837443099324414 ], [ -44.202581599999966, -22.837375499324441 ], [ -44.2025782, -22.837330999324433 ], [ -44.202583899999986, -22.837263399324414 ], [ -44.202587100000017, -22.837226299324442 ], [ -44.202599899999989, -22.837159599324444 ], [ -44.202604800000024, -22.837134499324431 ], [ -44.202620200000013, -22.837066299324437 ], [ -44.202618500000021, -22.836998599324463 ], [ -44.2026181, -22.836982699324469 ], [ -44.202618200000018, -22.836914899324462 ], [ -44.202618299999969, -22.836847199324467 ], [ -44.2026184, -22.83677939932446 ], [ -44.202618500000021, -22.836711699324471 ], [ -44.202618500000021, -22.836687699324472 ], [ -44.2026161, -22.836620399324453 ], [ -44.202608399999974, -22.836556699324465 ], [ -44.2025875, -22.83651909932443 ], [ -44.2025357, -22.836477499324449 ], [ -44.202483599999987, -22.836449699324461 ], [ -44.202426100000025, -22.83643499932445 ], [ -44.202357399999975, -22.836433699324441 ], [ -44.2022844, -22.83643719932444 ], [ -44.2022718, -22.83643789932448 ], [ -44.202200600000026, -22.836449699324461 ], [ -44.202132399999982, -22.836466599324449 ], [ -44.202062099999971, -22.836484999324444 ], [ -44.202024499999986, -22.836494899324428 ], [ -44.201956399999972, -22.836519499324456 ], [ -44.201925300000021, -22.836530799324446 ], [ -44.201858099999981, -22.836557299324433 ], [ -44.2018347, -22.836566499324466 ], [ -44.201769899999988, -22.836597799324434 ], [ -44.201755600000013, -22.836604699324457 ], [ -44.2016878, -22.836629999324472 ], [ -44.201622499999978, -22.836654299324461 ], [ -44.201552400000026, -22.83667369932445 ], [ -44.20148039999998, -22.836693699324456 ], [ -44.2014089, -22.836707499324437 ], [ -44.2013609, -22.83671689932444 ], [ -44.201289299999985, -22.836730699324431 ], [ -44.2012555, -22.836737199324471 ], [ -44.201185, -22.836754799324453 ], [ -44.2011418, -22.836765499324464 ], [ -44.2010722, -22.836786099324424 ], [ -44.201056600000015, -22.836790699324439 ], [ -44.200991199999976, -22.836820999324434 ], [ -44.200985899999978, -22.836823499324431 ], [ -44.2009226, -22.836857299324471 ], [ -44.2009097, -22.836864199324427 ], [ -44.200844399999987, -22.836894599324438 ], [ -44.200833400000015, -22.836899699324452 ], [ -44.2007671, -22.836928199324433 ], [ -44.200706099999984, -22.836954499324435 ], [ -44.200636299999985, -22.836974699324436 ], [ -44.20060949999997, -22.836982499324414 ], [ -44.2005365, -22.836986299324423 ], [ -44.2005294, -22.836986699324456 ], [ -44.200466399999975, -22.836987799324412 ], [ -44.200429, -22.836980699324467 ], [ -44.200388299999986, -22.836963099324439 ], [ -44.20033890000002, -22.836935199324476 ], [ -44.2003062, -22.836893899324465 ], [ -44.20026439999998, -22.836838299324459 ], [ -44.2002615, -22.836834499324457 ], [ -44.200216899999972, -22.836780799324437 ], [ -44.200199199999979, -22.836759599324438 ], [ -44.200152899999978, -22.836707199324419 ], [ -44.2001103, -22.836658999324445 ], [ -44.200062100000011, -22.836607999324471 ], [ -44.2000127, -22.836555799324447 ], [ -44.19997189999998, -22.836499699324442 ], [ -44.199931, -22.836443499324435 ], [ -44.1999219, -22.836430999324445 ], [ -44.199882100000025, -22.836374199324482 ], [ -44.199842199999978, -22.836317399324443 ], [ -44.199809399999978, -22.836270799324485 ], [ -44.199767, -22.836215599324458 ], [ -44.199724600000017, -22.836160399324442 ], [ -44.1997139, -22.836146399324473 ], [ -44.199664700000028, -22.83609629932447 ], [ -44.1996251, -22.83605599932444 ], [ -44.199573, -22.83600849932445 ], [ -44.199521, -22.835960899324441 ], [ -44.1994952, -22.83593739932445 ], [ -44.199437, -22.835896399324497 ], [ -44.199389600000011, -22.835862999324483 ], [ -44.199326699999965, -22.835828499324453 ], [ -44.1992639, -22.835793899324468 ], [ -44.199199599999979, -22.835758499324477 ], [ -44.1991367, -22.8357239993245 ], [ -44.199120600000015, -22.835715199324444 ], [ -44.1990606, -22.835676499324453 ], [ -44.1989974, -22.835635799324461 ], [ -44.198936399999972, -22.835598599324506 ], [ -44.1988753, -22.835561299324471 ], [ -44.1988142, -22.835524099324456 ], [ -44.198753099999976, -22.835486899324451 ], [ -44.198715900000025, -22.835464299324492 ], [ -44.198652, -22.835431399324477 ], [ -44.1985881, -22.835398599324495 ], [ -44.198552099999972, -22.835380199324462 ], [ -44.198487699999987, -22.835348099324449 ], [ -44.1984233, -22.835316099324501 ], [ -44.198367800000028, -22.835288499324477 ], [ -44.1983042, -22.835254999324501 ], [ -44.19824060000002, -22.835221599324502 ], [ -44.198212500000011, -22.835206799324471 ], [ -44.198145399999987, -22.835179899324501 ], [ -44.198078300000013, -22.835152999324482 ], [ -44.19801690000002, -22.835128299324499 ], [ -44.197949499999986, -22.835102099324462 ], [ -44.1979, -22.835082899324458 ], [ -44.19783469999998, -22.83505259932447 ], [ -44.197812199999987, -22.835042099324493 ], [ -44.197747100000015, -22.835011299324506 ], [ -44.1976833, -22.834980999324504 ], [ -44.19762140000001, -22.834944999324506 ], [ -44.197586199999982, -22.83492449932449 ], [ -44.197539, -22.834872799324518 ], [ -44.197505400000018, -22.834836099324505 ], [ -44.1974586, -22.834784099324477 ], [ -44.1974186, -22.834739699324494 ], [ -44.197366199999976, -22.834692499324515 ], [ -44.197332300000021, -22.834661899324516 ], [ -44.197279900000012, -22.834614599324517 ], [ -44.197242899999985, -22.834581399324492 ], [ -44.197199, -22.834527199324537 ], [ -44.19718569999997, -22.834510899324489 ], [ -44.1971448, -22.834454699324482 ], [ -44.197103899999988, -22.834398599324487 ], [ -44.197067600000018, -22.834348799324481 ], [ -44.197022899999979, -22.83429519932449 ], [ -44.197004400000019, -22.834272999324508 ], [ -44.196948799999966, -22.834229099324528 ], [ -44.196942, -22.834223699324497 ], [ -44.1968832, -22.834183499324496 ], [ -44.1968473, -22.834158999324504 ], [ -44.1967912, -22.834115699324489 ], [ -44.196770099999974, -22.834099399324518 ], [ -44.19671790000001, -22.834051999324483 ], [ -44.196698500000018, -22.834034299324486 ], [ -44.196656, -22.833979199324489 ], [ -44.19665, -22.833971399324504 ], [ -44.196617899999971, -22.833910599324536 ], [ -44.196609799999976, -22.833895199324491 ], [ -44.196585, -22.833831499324482 ], [ -44.1965718, -22.833797599324534 ], [ -44.19655820000002, -22.833731099324545 ], [ -44.1965545, -22.833712999324511 ], [ -44.196566899999986, -22.83365169932453 ], [ -44.196593800000016, -22.833592899324497 ], [ -44.196609299999977, -22.833566999324542 ], [ -44.196629200000018, -22.833533599324536 ], [ -44.19663220000001, -22.833528499324519 ], [ -44.19667470000001, -22.833473399324539 ], [ -44.1967171, -22.833418199324495 ], [ -44.196746, -22.833380599324528 ], [ -44.196785499999976, -22.833323599324551 ], [ -44.196825, -22.833266599324524 ], [ -44.1968372, -22.833248899324524 ], [ -44.196876, -22.833191499324517 ], [ -44.196895199999958, -22.833162999324546 ], [ -44.196934100000021, -22.833105599324536 ], [ -44.196973099999973, -22.833048299324506 ], [ -44.1969919, -22.833020499324519 ], [ -44.1970379, -22.832967899324562 ], [ -44.1970673, -22.832934199324537 ], [ -44.197118, -22.832885399324546 ], [ -44.1971375, -22.832866599324532 ], [ -44.197197099999983, -22.832827499324541 ], [ -44.197245300000013, -22.832795799324519 ], [ -44.197311500000012, -22.832767199324511 ], [ -44.197377800000019, -22.832738599324564 ], [ -44.197405199999984, -22.832726799324536 ], [ -44.197474800000016, -22.832706099324529 ], [ -44.1975372, -22.832687499324557 ], [ -44.1976083, -22.832671799324558 ], [ -44.197666599999984, -22.832658899324549 ], [ -44.197739699999985, -22.832657699324585 ], [ -44.197779500000024, -22.832657099324553 ], [ -44.1978317, -22.832658999324522 ], [ -44.1978899, -22.832668699324543 ], [ -44.197951400000015, -22.832691699324553 ], [ -44.198007500000017, -22.832735099324527 ], [ -44.198025500000028, -22.832748999324522 ], [ -44.1980769, -22.832797299324529 ], [ -44.198109, -22.832827499324541 ], [ -44.198157200000033, -22.83287839932456 ], [ -44.198205499999965, -22.832929299324537 ], [ -44.1982107, -22.832934799324512 ], [ -44.198256, -22.832987999324537 ], [ -44.19829779999997, -22.833037099324542 ], [ -44.198343099999981, -22.833090199324531 ], [ -44.1983884, -22.833143399324513 ], [ -44.1984028, -22.833160199324549 ], [ -44.1984453, -22.833215299324543 ], [ -44.198487899999982, -22.83327039932453 ], [ -44.1985141, -22.833304399324501 ], [ -44.198566500000027, -22.833351699324513 ], [ -44.198612200000014, -22.833392999324527 ], [ -44.198677499999974, -22.833423499324514 ], [ -44.1987001, -22.83343399932453 ], [ -44.198772299999973, -22.833444199324504 ], [ -44.198784199999977, -22.833445899324531 ], [ -44.1988571, -22.833441599324541 ], [ -44.198905200000013, -22.833438699324521 ], [ -44.198975099999984, -22.833418699324497 ], [ -44.199042599999977, -22.833399299324523 ], [ -44.19910850000003, -22.833369999324528 ], [ -44.199116600000025, -22.833366299324545 ], [ -44.199179, -22.833330899324547 ], [ -44.199241500000028, -22.83329539932452 ], [ -44.1992897, -22.833244399324528 ], [ -44.1993283, -22.833203799324512 ], [ -44.199358299999965, -22.833144899324502 ], [ -44.199379200000017, -22.833079999324539 ], [ -44.1993953, -22.833030299324548 ], [ -44.199396700000023, -22.832962499324545 ], [ -44.19939770000002, -22.832916099324514 ], [ -44.199396900000011, -22.832848399324533 ], [ -44.199396200000017, -22.832780599324515 ], [ -44.1993958, -22.832754199324548 ], [ -44.1993916, -22.832686499324566 ], [ -44.199390499999986, -22.832669199324538 ], [ -44.199390900000026, -22.832601499324557 ], [ -44.199391, -22.832589499324527 ], [ -44.19940680000002, -22.832536099324575 ], [ -44.199411899999973, -22.832468599324578 ], [ -44.199413, -22.83245359932457 ], [ -44.199405800000015, -22.83238619932451 ], [ -44.199405, -22.832379299324572 ], [ -44.199381099999982, -22.832315299324563 ], [ -44.199367400000021, -22.832278799324534 ], [ -44.1993536, -22.832212299324542 ], [ -44.199339800000018, -22.83214579932454 ], [ -44.19933709999998, -22.832132999324561 ], [ -44.199339099999975, -22.832065299324562 ], [ -44.199341, -22.831997499324558 ], [ -44.19934139999998, -22.831983899324563 ], [ -44.199343899999974, -22.831916199324581 ], [ -44.199344600000011, -22.831895999324541 ], [ -44.199333799999984, -22.831828999324593 ], [ -44.1993304, -22.831808299324535 ], [ -44.199307, -22.831744099324556 ], [ -44.1992927, -22.831704899324549 ], [ -44.199261799999981, -22.831643499324542 ], [ -44.199243500000016, -22.831607099324547 ], [ -44.19920530000001, -22.831549299324575 ], [ -44.1991981, -22.831538399324572 ], [ -44.199171, -22.831504199324552 ], [ -44.199155399999988, -22.831467099324566 ], [ -44.199149499999969, -22.831399499324554 ], [ -44.199143499999984, -22.831331999324547 ], [ -44.199142, -22.831314699324587 ], [ -44.199138199999986, -22.831246999324605 ], [ -44.199136300000028, -22.83121119932456 ], [ -44.199121, -22.831144999324572 ], [ -44.199106299999976, -22.831080899324601 ], [ -44.199082700000019, -22.831016799324576 ], [ -44.199062200000014, -22.830961299324596 ], [ -44.1990467, -22.830895099324596 ], [ -44.199042299999967, -22.830876099324602 ], [ -44.1990401, -22.830803999324591 ], [ -44.199026600000025, -22.830737399324558 ], [ -44.1990163, -22.830686699324602 ], [ -44.199002899999982, -22.830620199324574 ], [ -44.198989400000016, -22.830553599324567 ], [ -44.1989823, -22.830518799324576 ], [ -44.198953300000035, -22.830456599324588 ], [ -44.1989514, -22.830452299324573 ], [ -44.1989008, -22.830403399324624 ], [ -44.198888599999975, -22.830391599324585 ], [ -44.198849399999965, -22.830334499324593 ], [ -44.198815799999963, -22.830285599324622 ], [ -44.198781399999973, -22.830225799324595 ], [ -44.198747, -22.83016609932459 ], [ -44.1987424, -22.830158099324596 ], [ -44.198709899999976, -22.830097399324597 ], [ -44.198677499999974, -22.830036599324618 ], [ -44.19865, -22.829985199324607 ], [ -44.198620899999973, -22.829923099324571 ], [ -44.198591700000016, -22.829860999324602 ], [ -44.1985662, -22.829806699324621 ], [ -44.198548300000027, -22.82974109932459 ], [ -44.198546599999986, -22.829734599324606 ], [ -44.1985454, -22.829697099324584 ], [ -44.198553300000015, -22.829629699324617 ], [ -44.1985611, -22.829562299324643 ], [ -44.1985638, -22.829538499324617 ], [ -44.198576699999975, -22.829471899324602 ], [ -44.1985897, -22.829405199324608 ], [ -44.1985914, -22.829395899324616 ], [ -44.1985932, -22.829328199324646 ], [ -44.198595, -22.82926049932459 ], [ -44.1985955, -22.829242799324593 ], [ -44.198600100000014, -22.829175199324631 ], [ -44.198604699999976, -22.829107599324608 ], [ -44.198605499999985, -22.829094899324588 ], [ -44.1986121, -22.82902749932461 ], [ -44.1986187, -22.828959999324624 ], [ -44.198621, -22.82893619932463 ], [ -44.198621899999978, -22.828868899324597 ], [ -44.1986147, -22.828823299324647 ], [ -44.198595599999969, -22.828769799324597 ], [ -44.198562299999985, -22.828727199324632 ], [ -44.1985264, -22.828692599324643 ], [ -44.198475499999972, -22.828643999324633 ], [ -44.198424600000017, -22.828595399324627 ], [ -44.1983737, -22.828546799324663 ], [ -44.198322800000028, -22.828498199324656 ], [ -44.1982719, -22.828449599324639 ], [ -44.1982669, -22.82844479932464 ], [ -44.1982147, -22.828397299324635 ], [ -44.198162599999982, -22.828349899324635 ], [ -44.19815, -22.828338499324605 ], [ -44.198096, -22.828292799324629 ], [ -44.198042, -22.828247199324654 ], [ -44.1980274, -22.828234899324627 ], [ -44.19796980000001, -22.828193099324672 ], [ -44.197946899999977, -22.828176499324623 ], [ -44.1978869, -22.828137699324657 ], [ -44.197881400000021, -22.828134199324669 ], [ -44.1978239, -22.828092399324643 ], [ -44.197766399999971, -22.828050499324668 ], [ -44.197733500000012, -22.828026599324627 ], [ -44.1976841, -22.827976699324669 ], [ -44.197634699999966, -22.827926699324635 ], [ -44.19760789999998, -22.82789969932465 ], [ -44.197555099999981, -22.827852799324667 ], [ -44.197511799999965, -22.82781439932468 ], [ -44.197458400000016, -22.827768199324638 ], [ -44.197404899999967, -22.827722099324667 ], [ -44.197400800000025, -22.827718499324661 ], [ -44.197345600000013, -22.827674099324678 ], [ -44.197290300000013, -22.827629799324679 ], [ -44.1972351, -22.827585399324636 ], [ -44.197182, -22.827542699324642 ], [ -44.197131099999979, -22.827494099324674 ], [ -44.197080200000016, -22.827445499324682 ], [ -44.1970293, -22.827396899324668 ], [ -44.196999199999986, -22.827368099324669 ], [ -44.1969401, -22.827328199324672 ], [ -44.196881, -22.827288299324692 ], [ -44.1968377, -22.827258999324702 ], [ -44.196770599999972, -22.827232299324649 ], [ -44.1967518, -22.827224799324682 ], [ -44.196683399999969, -22.827200899324652 ], [ -44.196654099999982, -22.827190699324689 ], [ -44.1965811, -22.827189899324672 ], [ -44.1965371, -22.827189299324655 ], [ -44.196464900000016, -22.827199999324673 ], [ -44.196438100000016, -22.827203999324663 ], [ -44.1963776, -22.827231799324665 ], [ -44.196323099999965, -22.827264899324653 ], [ -44.1962747, -22.827303399324673 ], [ -44.196205500000012, -22.827305899324664 ], [ -44.1961405, -22.827274799324655 ], [ -44.19608740000001, -22.8272493993247 ], [ -44.196037400000023, -22.827244499324664 ], [ -44.195976499999972, -22.827261499324695 ], [ -44.1959083, -22.827285799324688 ], [ -44.1958401, -22.827309999324672 ], [ -44.195771799999989, -22.827334299324676 ], [ -44.1957036, -22.827358599324693 ], [ -44.195633, -22.827383699324649 ], [ -44.195563, -22.827403199324657 ], [ -44.195493, -22.82742269932465 ], [ -44.195423100000028, -22.827442199324686 ], [ -44.195372599999985, -22.827456199324644 ], [ -44.195304200000017, -22.827479899324675 ], [ -44.1952357, -22.827503699324684 ], [ -44.195219099999967, -22.827509499324673 ], [ -44.1951507, -22.827533299324674 ], [ -44.195082300000017, -22.827557099324643 ], [ -44.195013899999985, -22.82758099932467 ], [ -44.195001900000022, -22.827585099324679 ], [ -44.1949318, -22.82760419932465 ], [ -44.194861600000031, -22.827623199324659 ], [ -44.194824700000026, -22.827633299324663 ], [ -44.1947528, -22.827645299324626 ], [ -44.1946808, -22.827657199324637 ], [ -44.194614800000011, -22.827668199324663 ], [ -44.194542599999977, -22.827678999324647 ], [ -44.1944704, -22.827689699324672 ], [ -44.194398299999989, -22.827700499324649 ], [ -44.194364399999976, -22.827705499324633 ], [ -44.1942917, -22.827712799324633 ], [ -44.1942191, -22.827720199324631 ], [ -44.1942123, -22.82772079932467 ], [ -44.1941392, -22.827721699324641 ], [ -44.1940978, -22.827722199324647 ], [ -44.194024899999988, -22.827717999324658 ], [ -44.193980099999969, -22.827715399324639 ], [ -44.1939089, -22.827699999324651 ], [ -44.193837799999983, -22.82768449932464 ], [ -44.193814200000013, -22.82767939932468 ], [ -44.19374340000001, -22.827662599324647 ], [ -44.193716400000028, -22.82765609932467 ], [ -44.193649900000018, -22.827627899324639 ], [ -44.1936417, -22.827624499324674 ], [ -44.193584400000013, -22.827587099324678 ], [ -44.193534399999969, -22.827537699324655 ], [ -44.193511100000023, -22.82751469932467 ], [ -44.193471400000014, -22.827457899324653 ], [ -44.193430200000016, -22.827398899324656 ], [ -44.193392800000034, -22.827340799324666 ], [ -44.1933553, -22.827282599324651 ], [ -44.193346299999973, -22.82726859932469 ], [ -44.193332100000021, -22.827203499324671 ], [ -44.193332, -22.827135799324687 ], [ -44.193332, -22.827124699324688 ], [ -44.193355899999972, -22.827060699324687 ], [ -44.1933667, -22.827031899324666 ], [ -44.193397, -22.826977199324674 ], [ -44.1934475, -22.826928199324669 ], [ -44.193487800000014, -22.826889099324685 ], [ -44.193547500000022, -22.826849999324658 ], [ -44.193559600000015, -22.82684209932469 ], [ -44.1936278, -22.826817699324678 ], [ -44.193638, -22.826813999324688 ], [ -44.1937084, -22.826807799324662 ], [ -44.1937815, -22.826806999324642 ], [ -44.193793700000022, -22.826806899324698 ], [ -44.193866599999978, -22.826811799324641 ], [ -44.1939395, -22.826816699324667 ], [ -44.1939678, -22.826818599324692 ], [ -44.1940404, -22.826811199324684 ], [ -44.1940586, -22.826809399324688 ], [ -44.1941256, -22.826782299324666 ], [ -44.19414840000001, -22.826773099324697 ], [ -44.194211100000011, -22.826738299324663 ], [ -44.1942234, -22.826731499324673 ], [ -44.1942813, -22.826690099324683 ], [ -44.194339199999987, -22.826648799324673 ], [ -44.194366600000016, -22.826629299324658 ], [ -44.194412499999984, -22.826576499324666 ], [ -44.1944287, -22.826557899324698 ], [ -44.194456600000017, -22.826495299324659 ], [ -44.194464100000012, -22.826478599324652 ], [ -44.194482499999985, -22.826413099324711 ], [ -44.194497899999988, -22.826358499324716 ], [ -44.194526199999984, -22.826295999324703 ], [ -44.1945387, -22.826268199324691 ], [ -44.194578, -22.82621109932472 ], [ -44.194617199999989, -22.826153899324705 ], [ -44.194625299999977, -22.826142099324713 ], [ -44.1946696, -22.826088199324715 ], [ -44.194715499999973, -22.826032199324686 ], [ -44.1947599, -22.82597839932469 ], [ -44.194804200000021, -22.825924499324678 ], [ -44.1948423, -22.825878299324692 ], [ -44.1948871, -22.825824799324725 ], [ -44.194904399999977, -22.825804099324742 ], [ -44.19494329999997, -22.825746799324701 ], [ -44.1949603, -22.825721799324697 ], [ -44.1949945, -22.825661899324707 ], [ -44.195028799999982, -22.825602099324733 ], [ -44.195063100000027, -22.825542299324699 ], [ -44.1950655, -22.825537999324698 ], [ -44.195105300000023, -22.82548119932472 ], [ -44.195127099999979, -22.825450099324712 ], [ -44.1951727, -22.825397199324705 ], [ -44.195200600000021, -22.825364799324696 ], [ -44.195253900000012, -22.825318499324698 ], [ -44.1952862, -22.82529029932471 ], [ -44.1953466, -22.825252199324733 ], [ -44.195369700000015, -22.825237599324694 ], [ -44.1954364, -22.8252100993247 ], [ -44.195503200000019, -22.825182499324686 ], [ -44.195532099999973, -22.825170599324693 ], [ -44.195598299999965, -22.825141999324739 ], [ -44.1956422, -22.825123099324706 ], [ -44.19570270000002, -22.825086999324707 ], [ -44.195722400000022, -22.825062299324735 ], [ -44.1957466, -22.824998299324729 ], [ -44.195770799999984, -22.824934399324746 ], [ -44.1957764, -22.8249197993247 ], [ -44.195785100000023, -22.824852499324745 ], [ -44.195793799999983, -22.824785199324733 ], [ -44.195797299999967, -22.82475839932474 ], [ -44.195815499999981, -22.824692799324698 ], [ -44.1958338, -22.824627199324727 ], [ -44.195852100000018, -22.824561599324728 ], [ -44.195870300000017, -22.824495999324729 ], [ -44.1958758, -22.824476199324717 ], [ -44.195911200000019, -22.824416899324742 ], [ -44.195931499999972, -22.824382699324737 ], [ -44.195984300000021, -22.824335899324726 ], [ -44.196000099999985, -22.824321899324712 ], [ -44.196057900000021, -22.824280499324729 ], [ -44.19607259999998, -22.824269999324745 ], [ -44.196139099999982, -22.82424189932475 ], [ -44.196206500000017, -22.824213299324743 ], [ -44.196273899999987, -22.82418709932475 ], [ -44.196296599999975, -22.824178299324767 ], [ -44.196363, -22.824150099324733 ], [ -44.196395199999976, -22.824136399324718 ], [ -44.196462199999985, -22.82410939932474 ], [ -44.19649249999997, -22.824097199324711 ], [ -44.196560200000015, -22.824071799324749 ], [ -44.19659710000002, -22.824057999324708 ], [ -44.1966625, -22.824027899324726 ], [ -44.196728, -22.823997699324746 ], [ -44.196768500000012, -22.82397909932472 ], [ -44.1968301, -22.823942599324752 ], [ -44.196850799999986, -22.823930399324741 ], [ -44.196909800000014, -22.823890499324744 ], [ -44.196968799999972, -22.823850599324761 ], [ -44.19701479999997, -22.823819499324763 ], [ -44.19706739999998, -22.823772499324761 ], [ -44.197071900000026, -22.823768399324759 ], [ -44.197122499999971, -22.823719399324762 ], [ -44.197163199999977, -22.823679999324778 ], [ -44.1972, -22.823621499324748 ], [ -44.197236499999974, -22.823563499324731 ], [ -44.197259, -22.823499099324753 ], [ -44.1972634, -22.823486599324774 ], [ -44.1972642, -22.823419499324743 ], [ -44.197257200000024, -22.823383899324771 ], [ -44.1972316, -22.823319699324763 ], [ -44.197206900000019, -22.823284299324769 ], [ -44.197170500000027, -22.823250299324734 ], [ -44.1971251, -22.82321229932478 ], [ -44.197110699999982, -22.823200799324756 ], [ -44.197046100000023, -22.823169099324737 ], [ -44.197006, -22.823149499324764 ], [ -44.1969343, -22.823136499324725 ], [ -44.196905300000026, -22.823131199324738 ], [ -44.196832799999981, -22.823122499324775 ], [ -44.196819600000019, -22.823120899324763 ], [ -44.196751300000017, -22.823096699324772 ], [ -44.1967212, -22.823085999324746 ], [ -44.196659599999968, -22.82304959932474 ], [ -44.1966251, -22.823029199324765 ], [ -44.196566, -22.822989299324789 ], [ -44.196528600000015, -22.822964099324743 ], [ -44.196468700000018, -22.822925299324776 ], [ -44.1964089, -22.822886499324735 ], [ -44.196378, -22.822866499324736 ], [ -44.1963131, -22.82283529932479 ], [ -44.196248299999972, -22.822804099324738 ], [ -44.196243100000011, -22.822801599324755 ], [ -44.196183899999987, -22.82276189932476 ], [ -44.1961247, -22.822722199324762 ], [ -44.196077100000025, -22.822690299324734 ], [ -44.196025099999979, -22.822642699324781 ], [ -44.1959731, -22.822595199324809 ], [ -44.195938, -22.822563099324796 ], [ -44.195885499999974, -22.822516099324748 ], [ -44.195874100000019, -22.822505899324796 ], [ -44.19582680000002, -22.822454199324749 ], [ -44.19577959999998, -22.822402499324781 ], [ -44.195766699999979, -22.822388399324804 ], [ -44.19572130000001, -22.822335299324802 ], [ -44.195676, -22.822282199324803 ], [ -44.195650699999987, -22.822252599324809 ], [ -44.195617299999981, -22.822192299324758 ], [ -44.195583899999967, -22.822132099324765 ], [ -44.195550799999978, -22.822072399324799 ], [ -44.195517900000027, -22.822011899324792 ], [ -44.1954971, -22.821973599324771 ], [ -44.195453499999978, -22.821919199324817 ], [ -44.195409900000023, -22.82186479932481 ], [ -44.195398099999977, -22.821850199324764 ], [ -44.19534440000001, -22.821804299324782 ], [ -44.195290600000021, -22.821758399324811 ], [ -44.195270900000025, -22.821741599324792 ], [ -44.1952162, -22.821696699324818 ], [ -44.1952008, -22.821684199324785 ], [ -44.1951512, -22.82163439932479 ], [ -44.195127099999979, -22.821610099324786 ], [ -44.195076599999986, -22.821561199324815 ], [ -44.1950551, -22.821540299324781 ], [ -44.1950261, -22.821512199324776 ], [ -44.1950167, -22.821503199324795 ], [ -44.194961, -22.821459399324784 ], [ -44.194919200000015, -22.821426499324772 ], [ -44.194863600000019, -22.821382599324792 ], [ -44.194818600000019, -22.821347099324839 ], [ -44.194779, -22.821316899324795 ], [ -44.1947308, -22.821295199324823 ], [ -44.19466019999998, -22.821277499324811 ], [ -44.1946436, -22.821273299324776 ], [ -44.1945708, -22.821279099324837 ], [ -44.194497899999973, -22.821284899324812 ], [ -44.194424, -22.821290799324796 ], [ -44.1943521, -22.821303199324788 ], [ -44.194291299999982, -22.821313799324795 ], [ -44.194218499999977, -22.821307799324799 ], [ -44.1941461, -22.821301799324832 ], [ -44.194074699999987, -22.821287399324827 ], [ -44.1940265, -22.821277699324803 ], [ -44.1939562, -22.821259199324789 ], [ -44.1938859, -22.821240699324782 ], [ -44.193815599999986, -22.821222199324826 ], [ -44.193742199999967, -22.821202899324803 ], [ -44.1936693, -22.821197899324822 ], [ -44.193632, -22.82119529932482 ], [ -44.1935591, -22.821200699324812 ], [ -44.193549, -22.821201399324814 ], [ -44.193477900000012, -22.821216899324831 ], [ -44.1934311, -22.821227099324791 ], [ -44.193358699999983, -22.821236699324803 ], [ -44.19328639999997, -22.821246199324829 ], [ -44.193214, -22.821255799324828 ], [ -44.193203799999985, -22.821257199324801 ], [ -44.1931311, -22.82125029932477 ], [ -44.193058399999977, -22.821243399324814 ], [ -44.193012800000012, -22.821239099324796 ], [ -44.192941299999973, -22.82122489932479 ], [ -44.192877800000026, -22.821212299324824 ], [ -44.1928072, -22.821194799324815 ], [ -44.192736599999975, -22.821177299324795 ], [ -44.192666, -22.821159799324789 ], [ -44.192616400000027, -22.821147499324809 ], [ -44.192546900000025, -22.821126599324817 ], [ -44.1924808, -22.821106799324802 ], [ -44.1924102, -22.821089299324786 ], [ -44.1923936, -22.821085199324823 ], [ -44.192316, -22.82108019932479 ], [ -44.192242899999989, -22.821079199324789 ], [ -44.1921729, -22.821078299324824 ], [ -44.192110899999989, -22.821092599324803 ], [ -44.192057, -22.821138399324795 ], [ -44.1920417, -22.821151299324807 ], [ -44.191978300000017, -22.821185099324786 ], [ -44.191930800000016, -22.821210299324832 ], [ -44.191864599999981, -22.821238899324836 ], [ -44.1918195, -22.821258199324792 ], [ -44.1917583, -22.821291899324812 ], [ -44.191701500000022, -22.821334599324803 ], [ -44.1916802, -22.821350699324789 ], [ -44.19161860000002, -22.821387199324796 ], [ -44.191604499999976, -22.821395599324823 ], [ -44.1915384, -22.821424499324785 ], [ -44.1915078, -22.821437899324774 ], [ -44.1914405, -22.821464199324787 ], [ -44.191413899999986, -22.821474499324825 ], [ -44.1913467, -22.821500999324797 ], [ -44.191279399999985, -22.821527399324776 ], [ -44.191270200000027, -22.821530999324786 ], [ -44.191199799999985, -22.821549399324777 ], [ -44.191128600000013, -22.821567999324813 ], [ -44.1910557, -22.821573299324818 ], [ -44.191040499999978, -22.821574399324778 ], [ -44.191000700000011, -22.821577199324775 ], [ -44.1909276, -22.821576399324833 ], [ -44.1908545, -22.821575499324783 ], [ -44.190782300000023, -22.821564899324791 ], [ -44.190728400000012, -22.82155699932478 ], [ -44.190658199999973, -22.821537899324824 ], [ -44.1905881, -22.821518799324778 ], [ -44.190559300000018, -22.821510999324783 ], [ -44.19049, -22.821489499324784 ], [ -44.1904207, -22.821467999324792 ], [ -44.190402, -22.821462199324781 ], [ -44.1903383, -22.821437599324824 ], [ -44.1902923, -22.821410199324806 ], [ -44.190239500000011, -22.821363299324776 ], [ -44.190217800000013, -22.821344099324776 ], [ -44.190180199999986, -22.82128599932479 ], [ -44.190173, -22.821274999324825 ], [ -44.1901433, -22.821213099324822 ], [ -44.19013039999998, -22.821186399324798 ], [ -44.1901062, -22.821122499324801 ], [ -44.190096700000026, -22.821097699324802 ], [ -44.1900678, -22.821035499324793 ], [ -44.190037500000017, -22.820970299324795 ], [ -44.190006299999986, -22.820908999324772 ], [ -44.1899752, -22.82084769932483 ], [ -44.1899657, -22.820828899324798 ], [ -44.189935100000014, -22.820767399324843 ], [ -44.1899133, -22.820723599324822 ], [ -44.189890699999985, -22.820659099324818 ], [ -44.189886, -22.820645799324836 ], [ -44.189865300000022, -22.820580899324799 ], [ -44.189844600000015, -22.820515899324793 ], [ -44.189823900000022, -22.820450899324847 ], [ -44.1898134, -22.820417999324846 ], [ -44.189795, -22.820352499324837 ], [ -44.1897766, -22.820286899324817 ], [ -44.189758299999987, -22.820221299324832 ], [ -44.1897497, -22.820190599324825 ], [ -44.189744800000028, -22.820122999324866 ], [ -44.1897422, -22.820087499324835 ], [ -44.189739299999978, -22.820019799324839 ], [ -44.189737799999989, -22.819984399324841 ], [ -44.18974709999997, -22.819922999324856 ], [ -44.189768599999965, -22.819866999324823 ], [ -44.189808799999973, -22.819824999324812 ], [ -44.189876500000018, -22.819796699324847 ], [ -44.1899479, -22.819782399324847 ], [ -44.1899626, -22.81977949932481 ], [ -44.1900301, -22.819753499324825 ], [ -44.190051, -22.81974549932486 ], [ -44.190101, -22.819722899324834 ], [ -44.190172, -22.819707099324862 ], [ -44.190178100000018, -22.819705699324814 ], [ -44.190251199999977, -22.819705299324848 ], [ -44.1903218, -22.819704899324819 ], [ -44.190394799999979, -22.819700999324855 ], [ -44.1904677, -22.819697199324857 ], [ -44.1904981, -22.819695499324865 ], [ -44.1905711, -22.819694199324854 ], [ -44.1906442, -22.819692899324835 ], [ -44.190716399999978, -22.819691499324808 ], [ -44.1907895, -22.819692299324828 ], [ -44.19086249999998, -22.819693099324827 ], [ -44.19089, -22.819693399324844 ], [ -44.190963099999962, -22.819691699324867 ], [ -44.191036100000019, -22.819690099324845 ], [ -44.191054399999977, -22.819689599324843 ], [ -44.1911255, -22.819673999324859 ], [ -44.191184799999959, -22.819660999324832 ], [ -44.1912448, -22.819622399324857 ], [ -44.191272200000014, -22.819604799324821 ], [ -44.191327300000012, -22.819560299324817 ], [ -44.191376400000024, -22.819520499324859 ], [ -44.191417899999969, -22.819464799324834 ], [ -44.191447299999986, -22.819425299324823 ], [ -44.191460399999983, -22.819358699324859 ], [ -44.191462199999982, -22.81934989932487 ], [ -44.191474299999982, -22.819280099324864 ], [ -44.191462899999969, -22.819221499324872 ], [ -44.191430299999979, -22.819160899324828 ], [ -44.191420900000026, -22.819143599324875 ], [ -44.1913937, -22.819080699324825 ], [ -44.191366500000015, -22.819017799324843 ], [ -44.1913449, -22.818967999324844 ], [ -44.191304899999977, -22.818911399324854 ], [ -44.1912648, -22.818854699324834 ], [ -44.19124649999997, -22.818828799324866 ], [ -44.191202700000012, -22.818774499324864 ], [ -44.191159, -22.818720299324859 ], [ -44.191129799999985, -22.81868399932489 ], [ -44.1910856, -22.818629999324845 ], [ -44.191041400000017, -22.818576099324833 ], [ -44.19099720000002, -22.818522099324852 ], [ -44.190953, -22.818468199324858 ], [ -44.190915299999972, -22.818421999324872 ], [ -44.190868799999976, -22.818369699324876 ], [ -44.1908335, -22.81832999932487 ], [ -44.190777500000017, -22.818286499324866 ], [ -44.190718899999979, -22.818240899324863 ], [ -44.190653600000026, -22.818210499324888 ], [ -44.1906118, -22.818190999324887 ], [ -44.190540699999985, -22.818175599324896 ], [ -44.190472600000014, -22.818160799324858 ], [ -44.190399599999971, -22.81815699932487 ], [ -44.190322200000018, -22.818152999324877 ], [ -44.190268100000026, -22.818150499324872 ], [ -44.190195300000028, -22.818156299324873 ], [ -44.190118499999976, -22.818162399324887 ], [ -44.190046100000018, -22.818171299324892 ], [ -44.189973699999989, -22.81818019932485 ], [ -44.1899012, -22.818189099324844 ], [ -44.189855700000017, -22.818194599324908 ], [ -44.189783, -22.818201499324854 ], [ -44.1897103, -22.818208299324848 ], [ -44.1896673, -22.818212299324909 ], [ -44.189594199999981, -22.818214099324855 ], [ -44.189526199999982, -22.818215699324867 ], [ -44.189453399999984, -22.818209999324893 ], [ -44.1893806, -22.818204299324869 ], [ -44.1893078, -22.818198599324887 ], [ -44.189234899999967, -22.818192799324891 ], [ -44.189188399999978, -22.818189199324888 ], [ -44.1891159, -22.818180899324894 ], [ -44.1890434, -22.818172599324896 ], [ -44.1889708, -22.818164299324859 ], [ -44.188928499999967, -22.818159499324867 ], [ -44.1888571, -22.818145099324866 ], [ -44.188785699999968, -22.818130799324887 ], [ -44.188764600000013, -22.81812649932489 ], [ -44.1886953, -22.818104999324888 ], [ -44.188657799999987, -22.818093299324854 ], [ -44.188594, -22.818060299324895 ], [ -44.1885284, -22.818026499324844 ], [ -44.188466100000021, -22.817991199324883 ], [ -44.188403699999974, -22.817955799324871 ], [ -44.188395599999978, -22.817951199324863 ], [ -44.1883416, -22.817905599324899 ], [ -44.188287600000024, -22.817859899324851 ], [ -44.188233599999982, -22.817814299324894 ], [ -44.188217099999974, -22.817800299324873 ], [ -44.1881652, -22.817752599324891 ], [ -44.188113400000013, -22.8177050993249 ], [ -44.188065600000023, -22.817653899324874 ], [ -44.188017800000011, -22.817602699324897 ], [ -44.18800879999997, -22.817593099324903 ], [ -44.1879674, -22.817537199324889 ], [ -44.1879381, -22.817497699324885 ], [ -44.187903399999982, -22.817438099324903 ], [ -44.187875899999987, -22.81739079932489 ], [ -44.187872700000014, -22.817385399324884 ], [ -44.187843400000013, -22.817323299324894 ], [ -44.1878142, -22.817261199324911 ], [ -44.187795900000033, -22.817222399324901 ], [ -44.187779700000029, -22.817156299324921 ], [ -44.187763599999982, -22.817090299324935 ], [ -44.187758700000018, -22.817070399324873 ], [ -44.1877541, -22.817002799324928 ], [ -44.187749499999988, -22.816935199324888 ], [ -44.1877528, -22.816867499324911 ], [ -44.1877541, -22.816839399324909 ], [ -44.187784299999969, -22.816777599324926 ], [ -44.1878011, -22.816743299324898 ], [ -44.187846900000018, -22.816690599324929 ], [ -44.1878699, -22.816664099324932 ], [ -44.187931699999979, -22.816630099324914 ], [ -44.187996899999966, -22.816601699324874 ], [ -44.188065600000023, -22.816578699324879 ], [ -44.1881247, -22.816558999324887 ], [ -44.188193, -22.816533399324943 ], [ -44.1882552, -22.8164977993249 ], [ -44.18827240000001, -22.816487999324902 ], [ -44.1883293, -22.8164454993249 ], [ -44.1883863, -22.8164029993249 ], [ -44.1884329, -22.816350799324933 ], [ -44.1884796, -22.816298699324907 ], [ -44.188492600000011, -22.816284199324908 ], [ -44.188544700000023, -22.816236699324914 ], [ -44.188579600000033, -22.816204899324923 ], [ -44.188632199999972, -22.816157899324928 ], [ -44.188684799999969, -22.81611089932494 ], [ -44.1887375, -22.816063899324941 ], [ -44.188750799999973, -22.816051899324911 ], [ -44.188800300000018, -22.816002099324923 ], [ -44.188849899999987, -22.815952299324923 ], [ -44.188863500000032, -22.815938699324935 ], [ -44.188921900000025, -22.815897999324932 ], [ -44.1889572, -22.815873499324944 ], [ -44.189015799999986, -22.815833099324941 ], [ -44.189068399999989, -22.81579689932494 ], [ -44.189127, -22.815756399324936 ], [ -44.189185599999973, -22.815715899324911 ], [ -44.18923239999998, -22.815683499324916 ], [ -44.1892919, -22.815644099324931 ], [ -44.189352699999972, -22.815603999324939 ], [ -44.189414699999986, -22.815568299324934 ], [ -44.189476800000016, -22.815532599324911 ], [ -44.1895351, -22.815498999324927 ], [ -44.189590099999975, -22.815454399324953 ], [ -44.1896051, -22.815442299324914 ], [ -44.189653099999973, -22.815391299324926 ], [ -44.189674299999986, -22.815368699324953 ], [ -44.18970760000002, -22.815308399324941 ], [ -44.189741500000025, -22.815246899324919 ], [ -44.189755400000024, -22.81518039932492 ], [ -44.189764, -22.815139399324952 ], [ -44.189761200000014, -22.81507439932497 ], [ -44.1897457, -22.815008099324942 ], [ -44.189735400000018, -22.814963999324931 ], [ -44.189709, -22.814900799324935 ], [ -44.189682699999985, -22.814837599324935 ], [ -44.1896681, -22.814802599324945 ], [ -44.1896345, -22.814742399324956 ], [ -44.189601, -22.81468219932496 ], [ -44.189573199999984, -22.814632499324976 ], [ -44.189538299999974, -22.814572999324955 ], [ -44.189503300000013, -22.814513499324931 ], [ -44.189495, -22.814499399324941 ], [ -44.189447, -22.81444829932494 ], [ -44.189428500000027, -22.814428599324952 ], [ -44.1893637, -22.81439749932494 ], [ -44.189293299999974, -22.814377699324975 ], [ -44.189221, -22.814367699324951 ], [ -44.1891716, -22.81436089932496 ], [ -44.189098800000018, -22.814366099324939 ], [ -44.189051, -22.814369599324987 ], [ -44.188978399999989, -22.814377099324972 ], [ -44.188942600000011, -22.814380799324933 ], [ -44.188891099999964, -22.814380899324966 ], [ -44.188818099999985, -22.814382799324935 ], [ -44.188776299999965, -22.814383899324955 ], [ -44.188703200000013, -22.814383999324981 ], [ -44.188676400000013, -22.814383999324981 ], [ -44.1886053, -22.814368399324948 ], [ -44.1885724, -22.814361199324971 ], [ -44.188503, -22.814339899324946 ], [ -44.1884895, -22.814335799324937 ], [ -44.188427400000023, -22.814300099324988 ], [ -44.1884056, -22.814287599324977 ], [ -44.188357699999976, -22.814236399324979 ], [ -44.188342, -22.814219499324938 ], [ -44.188315, -22.814156499324987 ], [ -44.188311499999983, -22.814148499324961 ], [ -44.188294, -22.814082699324938 ], [ -44.188276499999972, -22.814016999324966 ], [ -44.188271400000019, -22.813997899324978 ], [ -44.1882531, -22.813932299324946 ], [ -44.188238899999973, -22.813881399324991 ], [ -44.1882127, -22.813838699324997 ], [ -44.188192800000024, -22.813809699324953 ], [ -44.188155499999986, -22.813765099324993 ], [ -44.1881093, -22.813712599324955 ], [ -44.188063100000015, -22.813660099324974 ], [ -44.188051099999981, -22.813646499324978 ], [ -44.1880006, -22.813597599324964 ], [ -44.187992399999978, -22.813589599324985 ], [ -44.187937, -22.81354539932499 ], [ -44.187924699999989, -22.813535599325 ], [ -44.187868499999979, -22.813492199324973 ], [ -44.1878491, -22.813477199325007 ], [ -44.187798699999966, -22.813437399324986 ], [ -44.1877596, -22.813411799324964 ], [ -44.187708499999985, -22.813388999324957 ], [ -44.187674300000026, -22.813371999325 ], [ -44.187628599999975, -22.813334899324953 ], [ -44.1875865, -22.813279499325013 ], [ -44.187556500000028, -22.813239999325003 ], [ -44.187509499999983, -22.813189599324989 ], [ -44.1874636, -22.813136899325016 ], [ -44.187454199999983, -22.813126099324954 ], [ -44.1874275, -22.813071999324979 ], [ -44.187396, -22.813010899324993 ], [ -44.187385600000027, -22.812990699324995 ], [ -44.187354299999974, -22.812929499324991 ], [ -44.1873415, -22.812904399324982 ], [ -44.1873011, -22.812847999324976 ], [ -44.187291800000025, -22.812835099324971 ], [ -44.1872487, -22.812780299324995 ], [ -44.187218299999977, -22.81274159932498 ], [ -44.187179099999966, -22.812684399325033 ], [ -44.18713989999997, -22.812627199325007 ], [ -44.187130099999983, -22.812612899324979 ], [ -44.1870938, -22.812554099325002 ], [ -44.1870576, -22.812495299325025 ], [ -44.187050600000013, -22.812483899325024 ], [ -44.1870209, -22.812426999325012 ], [ -44.186985600000014, -22.812384399325005 ], [ -44.1867621, -22.81222699932502 ], [ -44.1864443, -22.81207809932501 ], [ -44.18624949999996, -22.811972899325021 ], [ -44.1861263, -22.811919499324993 ], [ -44.18599, -22.811813199325034 ], [ -44.1858762, -22.811703499325045 ], [ -44.185756099999985, -22.811546899325023 ], [ -44.185584699999986, -22.81131789932504 ], [ -44.185536099999965, -22.811238599325069 ], [ -44.185522400000018, -22.811184399325043 ], [ -44.185514, -22.811056799325051 ], [ -44.185519100000015, -22.810960199325059 ], [ -44.185536, -22.810866299325028 ], [ -44.185579, -22.810727299325052 ], [ -44.185628800000018, -22.810630499325065 ], [ -44.185671899999988, -22.810563399325027 ], [ -44.185733799999973, -22.810512399325038 ], [ -44.1858335, -22.810468299325073 ], [ -44.185912, -22.810436599325044 ], [ -44.186087199999967, -22.810430099325071 ], [ -44.1862, -22.810383999325065 ], [ -44.186344799999958, -22.810179799325077 ], [ -44.186509600000015, -22.809871499325048 ], [ -44.1866551, -22.809552299325077 ], [ -44.1867416, -22.809362199325086 ], [ -44.186804400000028, -22.809243899325097 ], [ -44.1868741, -22.809056499325095 ], [ -44.186920900000018, -22.809015899325104 ], [ -44.187004699999981, -22.808949999325069 ], [ -44.187104499999968, -22.808857499325068 ], [ -44.187151299999982, -22.808806899325074 ], [ -44.187189600000011, -22.808777299325062 ], [ -44.187220700000012, -22.808759799325117 ], [ -44.1872957, -22.80872599932508 ], [ -44.187328400000013, -22.808718399325056 ], [ -44.187378099999982, -22.808712799325107 ], [ -44.187406399999979, -22.80871469932509 ], [ -44.187492299999967, -22.808723599325102 ], [ -44.187583099999983, -22.808735099325069 ], [ -44.1876944, -22.808756299325129 ], [ -44.1878982, -22.80879709932508 ], [ -44.1881284, -22.80881929932508 ], [ -44.188327099999974, -22.808834599325106 ], [ -44.1883482, -22.808835299325096 ], [ -44.188667399999986, -22.808845899325078 ], [ -44.188897, -22.808851799325101 ], [ -44.1890958, -22.808870299325118 ], [ -44.189274099999984, -22.808871199325097 ], [ -44.189503699999989, -22.808877099325116 ], [ -44.189792800000014, -22.808868899325081 ], [ -44.1900346, -22.808854199325062 ], [ -44.190301, -22.808837999325068 ], [ -44.190433100000014, -22.808825899325075 ], [ -44.190560100000027, -22.808799599325074 ], [ -44.1906786, -22.808769999325072 ], [ -44.1907696, -22.808735499325117 ], [ -44.19083669999997, -22.808699399325114 ], [ -44.1908816, -22.808645599325072 ], [ -44.1908904, -22.808609099325114 ], [ -44.190888299999983, -22.808524499325078 ], [ -44.1908763, -22.808487999325109 ], [ -44.190827800000015, -22.80842109932507 ], [ -44.190808899999979, -22.808401299325105 ], [ -44.190771100000013, -22.808361699325062 ], [ -44.190701100000013, -22.808300699325123 ], [ -44.190641299999974, -22.808243799325115 ], [ -44.1905999, -22.808198299325127 ], [ -44.1905714, -22.808136799325112 ], [ -44.190545799999988, -22.80808339932511 ], [ -44.190491599999966, -22.808011099325093 ], [ -44.19041570000001, -22.807934699325081 ], [ -44.190349799999979, -22.807886799325118 ], [ -44.1902993, -22.807859299325134 ], [ -44.190250699999972, -22.807850499325081 ], [ -44.190183, -22.807842699325086 ], [ -44.1901254, -22.807829299325089 ], [ -44.190077799999976, -22.807803299325112 ], [ -44.190042699999985, -22.80775159932513 ], [ -44.190004699999967, -22.807673599325092 ], [ -44.189950399999987, -22.807590699325111 ], [ -44.189898099999986, -22.807535199325134 ], [ -44.1898086, -22.807457899325097 ], [ -44.189731900000027, -22.807420999325107 ], [ -44.1896734, -22.807377299325118 ], [ -44.1896343, -22.807335899325128 ], [ -44.189624200000026, -22.807277899325104 ], [ -44.189561099999985, -22.807045599325111 ], [ -44.1895333, -22.806918099325152 ], [ -44.189515, -22.806794499325157 ], [ -44.1895141, -22.806718499325129 ], [ -44.189529100000016, -22.80661709932512 ], [ -44.1895606, -22.806541999325116 ], [ -44.1896024, -22.806483099325117 ], [ -44.189716799999985, -22.806387299325124 ], [ -44.189759200000019, -22.806310299325151 ], [ -44.189822900000024, -22.806212699325155 ], [ -44.189905599999982, -22.806073599325146 ], [ -44.189999399999984, -22.805906599325173 ], [ -44.190095499999984, -22.805683299325164 ], [ -44.190118199999965, -22.805611799325174 ], [ -44.190120900000011, -22.805549299325161 ], [ -44.19010789999998, -22.805472399325151 ], [ -44.1900812, -22.805380599325154 ], [ -44.1900632, -22.805352399325184 ], [ -44.18994379999998, -22.805209199325148 ], [ -44.189855899999984, -22.80511929932517 ], [ -44.189743599999986, -22.804991199325208 ], [ -44.189640899999972, -22.804866199325179 ], [ -44.1895432, -22.804771899325182 ], [ -44.189456199999988, -22.804690099325196 ], [ -44.18936, -22.804604099325193 ], [ -44.18921210000002, -22.804463699325179 ], [ -44.189084700000024, -22.804328599325213 ], [ -44.188942100000027, -22.804187699325201 ], [ -44.1887855, -22.804033799325214 ], [ -44.188697499999982, -22.803954199325219 ], [ -44.188600099999974, -22.803837399325218 ], [ -44.188526599999982, -22.803720999325218 ], [ -44.188512600000017, -22.803698899325173 ], [ -44.188454700000023, -22.803597199325221 ], [ -44.188399100000026, -22.8035017993252 ], [ -44.188373, -22.803472699325201 ], [ -44.188345, -22.803446699325207 ], [ -44.1883019, -22.803412399325218 ], [ -44.188212, -22.803355799325228 ], [ -44.1881409, -22.803310399325202 ], [ -44.188029299999982, -22.803241599325208 ], [ -44.18798709999998, -22.803212199325241 ], [ -44.187944099999982, -22.803177599325249 ], [ -44.187847599999984, -22.803089599325258 ], [ -44.187795199999982, -22.803039699325222 ], [ -44.187749600000018, -22.803003699325203 ], [ -44.187686, -22.80295929932522 ], [ -44.187620200000019, -22.80292419932524 ], [ -44.187535299999979, -22.802890299325227 ], [ -44.1874335, -22.802862799325247 ], [ -44.1872474, -22.802826399325241 ], [ -44.1870526, -22.802789099325199 ], [ -44.186845199999979, -22.802746999325247 ], [ -44.1866346, -22.802693699325253 ], [ -44.186408, -22.802618599325239 ], [ -44.1862049, -22.802559099325229 ], [ -44.186069599999982, -22.802516199325247 ], [ -44.185992199999987, -22.802497499325241 ], [ -44.1859324, -22.802483299325235 ], [ -44.1859021, -22.802476099325212 ], [ -44.185825099999981, -22.802441299325245 ], [ -44.1857339, -22.802385199325251 ], [ -44.185656, -22.802325599325265 ], [ -44.1856151, -22.802268099325229 ], [ -44.185586600000022, -22.802214499325231 ], [ -44.185566199999975, -22.802164799325244 ], [ -44.185537699999983, -22.802105499325222 ], [ -44.18550879999998, -22.802062499325228 ], [ -44.185492300000021, -22.80203789932526 ], [ -44.1854146, -22.801938299325258 ], [ -44.1853451, -22.801848199325246 ], [ -44.185262299999977, -22.801750899325253 ], [ -44.185188700000026, -22.801674799325259 ], [ -44.185179800000014, -22.80166739932524 ], [ -44.185113600000022, -22.801612199325259 ], [ -44.185000100000018, -22.801539099325275 ], [ -44.1848959, -22.801482499325271 ], [ -44.184798600000015, -22.801451599325262 ], [ -44.18469420000001, -22.801428299325252 ], [ -44.184666199999981, -22.80142059932523 ], [ -44.184606099999989, -22.801404099325275 ], [ -44.1844373, -22.801348199325265 ], [ -44.184271, -22.801293799325251 ], [ -44.184182, -22.801260799325284 ], [ -44.184169399999973, -22.801254599325258 ], [ -44.18405, -22.801196199325265 ], [ -44.183971799999988, -22.801153699325248 ], [ -44.183903100000016, -22.801112499325249 ], [ -44.1838528, -22.801072499325244 ], [ -44.183791, -22.801023399325278 ], [ -44.183739300000013, -22.800994199325253 ], [ -44.18367180000002, -22.800970299325286 ], [ -44.183590100000011, -22.800946599325243 ], [ -44.183507500000012, -22.800929799325274 ], [ -44.1834592, -22.800924399325261 ], [ -44.1833795, -22.80092199932529 ], [ -44.183263099999984, -22.800869499325241 ], [ -44.1831591, -22.800831899325271 ], [ -44.183044400000028, -22.800796899325309 ], [ -44.1829551, -22.800772099325304 ], [ -44.1828888, -22.800746099325302 ], [ -44.1827462, -22.800671099325257 ], [ -44.1826901, -22.800625299325265 ], [ -44.1826378, -22.800579499325313 ], [ -44.182568, -22.800518499325278 ], [ -44.182459400000027, -22.80040739932527 ], [ -44.182277, -22.800224599325272 ], [ -44.182141399999971, -22.800096299325308 ], [ -44.182089899999987, -22.800048099325313 ], [ -44.18198389999997, -22.799948699325299 ], [ -44.1819051, -22.799868199325296 ], [ -44.1818336, -22.799781099325322 ], [ -44.181787199999967, -22.799685899325286 ], [ -44.181749299999979, -22.799607799325297 ], [ -44.181667, -22.799483699325297 ], [ -44.1815621, -22.799326599325273 ], [ -44.181502799999976, -22.799234599325285 ], [ -44.181452200000017, -22.799127599325331 ], [ -44.1814294, -22.799036999325303 ], [ -44.1814129, -22.798956399325323 ], [ -44.181387200000032, -22.798830799325355 ], [ -44.181370599999973, -22.798764599325345 ], [ -44.1813568, -22.798675099325354 ], [ -44.1813533, -22.798627099325298 ], [ -44.18135030000002, -22.798587099325339 ], [ -44.181338, -22.798523999325319 ], [ -44.181305800000025, -22.798413199325363 ], [ -44.181235, -22.798212599325343 ], [ -44.181218199999989, -22.798162199325322 ], [ -44.181169300000022, -22.798077799325323 ], [ -44.181138499999975, -22.798040099325323 ], [ -44.181124300000015, -22.798022799325341 ], [ -44.181073299999966, -22.797974099325316 ], [ -44.18101130000003, -22.79792499932536 ], [ -44.180937700000015, -22.797867999325344 ], [ -44.180859100000021, -22.797809999325363 ], [ -44.1807953, -22.797753999325337 ], [ -44.1807541, -22.797711699325323 ], [ -44.1807205, -22.79766259932536 ], [ -44.180661499999978, -22.797554199325329 ], [ -44.180596200000018, -22.797434099325333 ], [ -44.180534799999975, -22.797338399325348 ], [ -44.180464700000016, -22.797254299325385 ], [ -44.180401800000034, -22.797195299325356 ], [ -44.18030229999998, -22.797128399325377 ], [ -44.180161899999973, -22.797053099325389 ], [ -44.180038599999989, -22.796989999325362 ], [ -44.179860099999978, -22.796913099325351 ], [ -44.179734900000028, -22.796848399325349 ], [ -44.1796372, -22.796796099325366 ], [ -44.17954850000001, -22.796748599325362 ], [ -44.179448, -22.796699199325342 ], [ -44.179374499999987, -22.796674199325359 ], [ -44.179294299999981, -22.7966396993254 ], [ -44.179217499999986, -22.79660209932533 ], [ -44.1790959, -22.796546299325353 ], [ -44.178990100000021, -22.796501299325346 ], [ -44.178893099999975, -22.796440599325368 ], [ -44.17880939999997, -22.796369799325355 ], [ -44.178702199999968, -22.796254599325376 ], [ -44.178591299999987, -22.796135299325375 ], [ -44.1784965, -22.796021299325385 ], [ -44.178425, -22.795922499325407 ], [ -44.178386699999976, -22.795839399325359 ], [ -44.178273499999975, -22.795643899325427 ], [ -44.178248499999981, -22.795605099325378 ], [ -44.178232799999989, -22.7955345993254 ], [ -44.178227699999979, -22.79546959932539 ], [ -44.178240800000026, -22.795387899325377 ], [ -44.178272, -22.795304599325402 ], [ -44.178313800000012, -22.795234799325396 ], [ -44.178373500000014, -22.79517999932542 ], [ -44.178431, -22.795139999325407 ], [ -44.178483, -22.795105399325415 ], [ -44.1785302, -22.795063499325437 ], [ -44.178547200000025, -22.79503409932542 ], [ -44.178569700000018, -22.794995199325424 ], [ -44.178589100000011, -22.794950099325398 ], [ -44.178598, -22.79488859932539 ], [ -44.17860510000002, -22.794793699325432 ], [ -44.1785992, -22.794693299325427 ], [ -44.178603800000026, -22.794582499325415 ], [ -44.178607399999976, -22.794541499325401 ], [ -44.178613499999976, -22.794473699325454 ], [ -44.1786222, -22.794376299325439 ], [ -44.178636499999982, -22.794193499325431 ], [ -44.1786437, -22.794063299325433 ], [ -44.178646800000017, -22.793968099325408 ], [ -44.178638, -22.793858299325457 ], [ -44.1786287, -22.793804999325449 ], [ -44.1785929, -22.793713099325434 ], [ -44.178564199999983, -22.793642199325454 ], [ -44.178546, -22.793559299325477 ], [ -44.178532299999965, -22.79346409932544 ], [ -44.178517100000015, -22.793399199325446 ], [ -44.178490300000014, -22.793341499325447 ], [ -44.1784551, -22.793290999325457 ], [ -44.178405600000019, -22.793233699325409 ], [ -44.178353099999981, -22.79318179932547 ], [ -44.1782912, -22.793139499325445 ], [ -44.178201100000024, -22.793101299325432 ], [ -44.178087600000019, -22.79305149932544 ], [ -44.177982499999985, -22.793000199325441 ], [ -44.177858300000032, -22.792939599325482 ], [ -44.177719299999978, -22.792875699325482 ], [ -44.1775614, -22.792800599325485 ], [ -44.177440499999982, -22.792742999325426 ], [ -44.1773058, -22.792698999325491 ], [ -44.17722730000002, -22.792672299325446 ], [ -44.177146199999974, -22.792629499325436 ], [ -44.177087700000016, -22.792588999325499 ], [ -44.1769918, -22.792514499325446 ], [ -44.176894600000026, -22.79245629932549 ], [ -44.176780899999983, -22.792386899325479 ], [ -44.1766927, -22.792340299325449 ], [ -44.17664480000002, -22.792314999325445 ], [ -44.176598, -22.792278899325456 ], [ -44.176541900000011, -22.792221799325478 ], [ -44.176496400000019, -22.792160699325482 ], [ -44.176466199999986, -22.792103899325454 ], [ -44.17642080000001, -22.792045999325499 ], [ -44.176355300000012, -22.791982299325458 ], [ -44.176320200000013, -22.791958199325482 ], [ -44.1762569, -22.791932799325465 ], [ -44.176171899999986, -22.791904299325473 ], [ -44.176079, -22.791856899325499 ], [ -44.176020400000027, -22.791818499325451 ], [ -44.175959700000014, -22.79178419932547 ], [ -44.175841900000016, -22.791718999325493 ] ] ] } },
{ "type": "Feature", "properties": { "NUCOMPTREC": 16.616, "NUDISTBACT": 484.945, "NUDISTCDAG": 0.0, "NUAREACONT": 55.433, "NUAREAMONT": 55.433, "NUDISTBACC": 484.945, "NUAREABACC": 55.433, "NUCOMPCDA": 16.616, "Shape__Len": 0, "OBJECTID": 84934, "ID": 54979, "COTRECHO": 54979, "COCURSODAG": "778946", "COBACIA": "778946", "NOGENERICO": "Rio", "NOLIGACAO": null, "NOESPECIF": "Pirapitinga", "NORIOCOMP": "Rio Pirapitinga", "NOORIGINAL": "Rio Pirapitinga", "COCDADESAG": "77894", "NUTRJUS": 1118, "NUORDEMCDA": 3, "NUNIVOTTO": 6, "NUNIVOTCDA": 6, "NUSTRAHLER": 1, "DEDOMINIAL": "Estadual", "DSVERSAO": "BHO bho_2017_v_01_05_50k de 2018-06-22" }, "geometry": { "type": "MultiLineString", "coordinates": [ [ [ -44.300887199999977, -22.770269499325952 ], [ -44.299666600000023, -22.769790699325984 ], [ -44.299407200000019, -22.769643799325976 ], [ -44.2988864, -22.769203199325986 ], [ -44.298627, -22.768840799326025 ], [ -44.298281799999977, -22.768217099326041 ], [ -44.2980453, -22.76797099932601 ], [ -44.2978488, -22.767862299326026 ], [ -44.297499800000018, -22.767747899326046 ], [ -44.2964546, -22.767557199326038 ], [ -44.295727899999967, -22.767311099326015 ], [ -44.295537099999983, -22.767215699326051 ], [ -44.29526820000001, -22.766996499326062 ], [ -44.295231899999976, -22.766559599326055 ], [ -44.295272, -22.766296399326052 ], [ -44.295361599999971, -22.765958799326089 ], [ -44.295384500000011, -22.765710799326119 ], [ -44.2953198, -22.765325599326083 ], [ -44.2953521, -22.765150099326135 ], [ -44.2953769, -22.764987899326094 ], [ -44.295407399999988, -22.764848699326119 ], [ -44.29548369999997, -22.76469039932611 ], [ -44.295752600000014, -22.764339399326097 ], [ -44.295901399999984, -22.764001799326145 ], [ -44.2959186, -22.763751999326136 ], [ -44.29589, -22.763421999326123 ], [ -44.295783200000017, -22.763124499326139 ], [ -44.2953597, -22.762382499326161 ], [ -44.29504309999998, -22.76191519932614 ], [ -44.294478500000032, -22.761352499326172 ], [ -44.2938891, -22.760654399326224 ], [ -44.293662200000028, -22.760423699326207 ], [ -44.293452399999964, -22.760259599326197 ], [ -44.293271100000034, -22.759828599326216 ], [ -44.2931701, -22.759458499326232 ], [ -44.2930442, -22.759181999326252 ], [ -44.29278290000002, -22.758878699326264 ], [ -44.292416600000024, -22.758569699326269 ], [ -44.2922221, -22.758365599326243 ], [ -44.2919913, -22.758048999326295 ], [ -44.29180250000001, -22.757654199326268 ], [ -44.291693800000019, -22.757488199326286 ], [ -44.2916156, -22.757284199326293 ], [ -44.291422899999986, -22.756954199326294 ], [ -44.291134899999975, -22.756576499326297 ], [ -44.290871700000025, -22.756318999326329 ], [ -44.2907096, -22.756101599326321 ], [ -44.290648499999968, -22.755933699326327 ], [ -44.290629500000016, -22.755758199326316 ], [ -44.290803, -22.755536999326324 ], [ -44.291020399999972, -22.755311899326301 ], [ -44.291142499999978, -22.755109799326334 ], [ -44.2912112, -22.754901899326327 ], [ -44.291199699999986, -22.75425149932634 ], [ -44.291464899999987, -22.753642999326374 ], [ -44.291499199999969, -22.753299699326391 ], [ -44.291443899999983, -22.753068899326387 ], [ -44.291335199999985, -22.752841899326405 ], [ -44.291257, -22.752521499326377 ], [ -44.291379, -22.75230979932638 ], [ -44.2916632, -22.751998899326399 ], [ -44.291836799999984, -22.751882499326427 ], [ -44.2924891, -22.751556399326436 ], [ -44.292647400000028, -22.751439999326415 ], [ -44.2928725, -22.751232099326405 ], [ -44.292998399999988, -22.751043299326426 ], [ -44.292939199999978, -22.750396699326458 ], [ -44.292805699999967, -22.750121999326421 ], [ -44.2927752, -22.749868399326477 ], [ -44.2928458, -22.749715799326442 ], [ -44.293036500000021, -22.749530699326431 ], [ -44.293107099999979, -22.749282799326451 ], [ -44.293109, -22.748920399326447 ], [ -44.2931395, -22.748803999326476 ], [ -44.293439, -22.748371099326466 ], [ -44.2934733, -22.748014399326475 ], [ -44.2933817, -22.747463199326528 ], [ -44.293383600000027, -22.747165599326529 ], [ -44.293471399999973, -22.746854699326498 ], [ -44.293685, -22.746444599326544 ], [ -44.293816699999972, -22.746255799326505 ], [ -44.293656399999968, -22.745838099326559 ], [ -44.293547699999976, -22.745666399326538 ], [ -44.293486599999987, -22.745431799326557 ], [ -44.2934237, -22.745353599326538 ], [ -44.2931395, -22.744554499326547 ], [ -44.293002199999989, -22.743879299326586 ], [ -44.292948799999969, -22.743400499326615 ], [ -44.292826699999971, -22.743017099326579 ], [ -44.292718, -22.742793999326626 ], [ -44.2922755, -22.742187399326603 ], [ -44.291878699999984, -22.741815499326606 ], [ -44.2915201, -22.741556099326662 ], [ -44.290711400000013, -22.740722599326698 ], [ -44.290455800000025, -22.740337299326701 ], [ -44.290230800000018, -22.739812799326657 ], [ -44.2902403, -22.739690699326676 ], [ -44.290123900000019, -22.739358799326688 ], [ -44.290064799999982, -22.738569199326683 ], [ -44.290011400000019, -22.738397499326741 ], [ -44.290074399999966, -22.73817249932674 ], [ -44.289959899999971, -22.737678499326755 ], [ -44.289917899999971, -22.737041399326763 ], [ -44.289980899999989, -22.736734299326777 ], [ -44.2900839, -22.736509199326754 ], [ -44.290076300000017, -22.736377699326756 ], [ -44.290274599999975, -22.736032399326756 ], [ -44.290534, -22.735738699326802 ], [ -44.2909098, -22.73542969932679 ], [ -44.291075700000029, -22.735349599326788 ], [ -44.29136369999997, -22.735277099326805 ], [ -44.2916689, -22.735265599326777 ], [ -44.2922011, -22.735380099326775 ], [ -44.292403299999989, -22.735376399326793 ], [ -44.292599699999982, -22.735437299326783 ], [ -44.292882, -22.735380099326775 ], [ -44.2930136, -22.73538399932681 ], [ -44.293522900000028, -22.735088299326776 ], [ -44.293807, -22.734727799326777 ], [ -44.293950100000011, -22.734430199326837 ], [ -44.294152300000015, -22.734260499326815 ], [ -44.2943411, -22.734166999326828 ], [ -44.2945929, -22.733972499326814 ], [ -44.29480460000002, -22.733739799326848 ], [ -44.294869399999975, -22.733604299326853 ], [ -44.294955300000012, -22.733201899326811 ], [ -44.2949572, -22.733053099326849 ], [ -44.294941900000019, -22.732791799326815 ], [ -44.29486559999998, -22.732555299326847 ], [ -44.294812200000024, -22.732194799326859 ], [ -44.294823699999988, -22.731620699326896 ], [ -44.2948733, -22.731250699326864 ], [ -44.294936199999981, -22.731056099326874 ], [ -44.294936199999981, -22.730880599326856 ], [ -44.295025800000012, -22.730642199326873 ], [ -44.2951918, -22.729825899326897 ], [ -44.295168900000014, -22.729694299326919 ], [ -44.295193700000027, -22.729453899326931 ], [ -44.2951476, -22.729062599326948 ], [ -44.295096399999977, -22.728975199326914 ], [ -44.294962899999966, -22.728879799326954 ], [ -44.294760699999983, -22.728635699326922 ], [ -44.2943029, -22.728227499326948 ], [ -44.293803200000013, -22.727931899326947 ], [ -44.2931395, -22.727617099326938 ], [ -44.292641600000017, -22.72721659932699 ], [ -44.292237300000011, -22.726713099326975 ], [ -44.2918424, -22.726102699327011 ], [ -44.291741399999971, -22.72587959932698 ], [ -44.2913618, -22.725282499327012 ], [ -44.291285500000022, -22.724933499327044 ], [ -44.291220599999974, -22.724780899327012 ], [ -44.291119499999965, -22.724437599327032 ], [ -44.291031799999978, -22.724128599327017 ], [ -44.290659899999973, -22.723184499327065 ], [ -44.290616, -22.722804899327102 ], [ -44.290722800000019, -22.721834099327118 ], [ -44.2907075, -22.721607099327134 ], [ -44.290623600000011, -22.721349599327098 ], [ -44.2904596, -22.721072999327109 ], [ -44.289994200000024, -22.720628599327121 ], [ -44.289956, -22.720298599327108 ], [ -44.290013299999984, -22.720010599327153 ], [ -44.290083799999977, -22.719865699327162 ], [ -44.290444299999983, -22.719375499327167 ], [ -44.290680800000018, -22.719123699327163 ], [ -44.291043199999983, -22.718848999327129 ], [ -44.291420899999977, -22.718471399327171 ], [ -44.2917337, -22.718126199327159 ], [ -44.291836699999983, -22.717948799327186 ], [ -44.291823299999976, -22.717515799327192 ], [ -44.291769900000013, -22.717393699327193 ], [ -44.2917165, -22.717031299327186 ], [ -44.2917337, -22.716842499327189 ], [ -44.291937800000014, -22.716663199327254 ], [ -44.292250599999988, -22.716510599327215 ], [ -44.292384099999985, -22.716272199327211 ], [ -44.2923708, -22.71590219932725 ], [ -44.2922334, -22.715408199327268 ], [ -44.2921266, -22.714616599327268 ], [ -44.292088499999984, -22.714545999327257 ], [ -44.2920522, -22.714143599327269 ], [ -44.2920694, -22.713718299327269 ], [ -44.292305899999967, -22.713262399327316 ], [ -44.292504300000012, -22.713002999327308 ], [ -44.292551899999971, -22.712848499327308 ], [ -44.292780799999989, -22.712421299327335 ], [ -44.292859, -22.712167599327298 ], [ -44.292901, -22.71182999932736 ], [ -44.292817099999965, -22.711332199327369 ], [ -44.2926149, -22.710943099327366 ], [ -44.292242900000019, -22.710439499327379 ], [ -44.292204799999979, -22.710178199327352 ], [ -44.292229599999985, -22.710006499327388 ], [ -44.292452799999964, -22.70938859932739 ], [ -44.292469900000015, -22.709018499327403 ], [ -44.292565299999971, -22.70856269932743 ], [ -44.2926435, -22.70833189932744 ], [ -44.2929448, -22.707765399327439 ], [ -44.293002100000017, -22.707475499327419 ], [ -44.2929315, -22.707309499327451 ], [ -44.2927446, -22.707135999327438 ], [ -44.292504199999989, -22.706813599327432 ], [ -44.2915239, -22.705789399327493 ], [ -44.2905816, -22.705108499327498 ], [ -44.290184899999986, -22.704671699327495 ], [ -44.29014669999998, -22.70447329932751 ], [ -44.2901486, -22.704274899327476 ], [ -44.290188699999987, -22.704149099327505 ], [ -44.290345100000025, -22.703904899327512 ], [ -44.290793300000011, -22.703382299327519 ], [ -44.2909841, -22.702987499327534 ], [ -44.2910089, -22.702701399327559 ], [ -44.29088680000001, -22.70234089932757 ], [ -44.290551100000016, -22.702085299327578 ], [ -44.2902459, -22.701953699327547 ], [ -44.2899102, -22.701892699327541 ], [ -44.2896832, -22.701892699327541 ], [ -44.289130100000023, -22.701690499327544 ], [ -44.288577, -22.701349099327579 ], [ -44.288281400000017, -22.700969499327567 ], [ -44.288281299999987, -22.700856999327563 ], [ -44.288212699999967, -22.700729199327593 ], [ -44.2880963, -22.700353399327579 ], [ -44.287863599999973, -22.699910899327627 ], [ -44.287688100000025, -22.699393999327597 ], [ -44.287629, -22.698726499327648 ], [ -44.287520299999983, -22.698314499327619 ], [ -44.287499299999986, -22.697931099327665 ], [ -44.2874306, -22.697744199327651 ], [ -44.2874001, -22.697515299327677 ], [ -44.287075899999977, -22.696605499327656 ], [ -44.2870148, -22.696311699327701 ], [ -44.286784, -22.695705199327719 ], [ -44.286738300000025, -22.695497299327705 ], [ -44.286505599999984, -22.695152099327675 ], [ -44.286288099999979, -22.694961299327705 ], [ -44.285899, -22.694802999327703 ], [ -44.2857255, -22.694801199327703 ], [ -44.285452700000015, -22.694682899327699 ], [ -44.285258100000014, -22.694488299327716 ], [ -44.2851971, -22.694333799327723 ], [ -44.285199, -22.694030599327743 ], [ -44.28524479999998, -22.69392759932774 ], [ -44.285311499999978, -22.693544199327754 ], [ -44.2852982, -22.693074999327791 ], [ -44.285128400000019, -22.692571399327804 ], [ -44.2850979, -22.69241309932778 ], [ -44.2851132, -22.692247199327781 ], [ -44.285069299999968, -22.692056399327793 ], [ -44.284867099999985, -22.691459399327798 ], [ -44.2843426, -22.690170099327819 ], [ -44.284266300000013, -22.689822899327869 ], [ -44.2841042, -22.689397599327851 ], [ -44.284106099999974, -22.689262199327835 ], [ -44.284020199999979, -22.689107699327881 ], [ -44.284027900000012, -22.68903519932784 ], [ -44.28395920000002, -22.68881779932784 ], [ -44.283804700000019, -22.688491599327882 ], [ -44.2837513, -22.688216899327863 ], [ -44.283558700000015, -22.687741999327891 ], [ -44.283482400000011, -22.687406299327904 ], [ -44.2832497, -22.686877999327891 ], [ -44.2831982, -22.686588099327903 ], [ -44.283041799999978, -22.686280999327934 ], [ -44.2828892, -22.685773599327931 ], [ -44.2826794, -22.685315899327922 ], [ -44.282713699999981, -22.684734099327969 ], [ -44.282748, -22.684337399327962 ], [ -44.2827251, -22.684142799327997 ], [ -44.2825477, -22.683667899327961 ], [ -44.2825802, -22.683437099327978 ], [ -44.282635500000019, -22.683320799327984 ], [ -44.282692699999984, -22.683040399327975 ], [ -44.283007399999974, -22.682468199328017 ], [ -44.283165699999984, -22.682025699328026 ], [ -44.2836464, -22.681369499328042 ], [ -44.283686400000022, -22.681241699328016 ], [ -44.283678800000011, -22.681079699328034 ], [ -44.283476599999972, -22.680961399328037 ], [ -44.283350700000028, -22.680961399328037 ], [ -44.282873900000034, -22.681167399328025 ], [ -44.2826698, -22.681197899328001 ], [ -44.282490499999987, -22.681110099328052 ], [ -44.2822731, -22.680978499328017 ], [ -44.2817581, -22.680537899328051 ], [ -44.281557799999966, -22.680284299328047 ], [ -44.2811992, -22.67994469932809 ], [ -44.281004699999983, -22.679685299328085 ], [ -44.280951300000019, -22.679576599328101 ], [ -44.280951300000019, -22.679391599328049 ], [ -44.281000899999988, -22.679170399328054 ], [ -44.2811191, -22.678987299328107 ], [ -44.281119100000012, -22.6788231993281 ], [ -44.281042800000016, -22.678453199328079 ], [ -44.280941700000021, -22.678338799328113 ], [ -44.280615599999976, -22.678138499328089 ], [ -44.2803581, -22.677930599328146 ], [ -44.280266499999982, -22.677762699328142 ], [ -44.280112, -22.677179099328107 ], [ -44.280115799999976, -22.676498199328165 ], [ -44.280054800000023, -22.676276899328162 ], [ -44.2800548, -22.676019399328137 ], [ -44.279824, -22.675534899328174 ], [ -44.279841200000014, -22.675321299328179 ], [ -44.280062499999978, -22.674600399328163 ], [ -44.28018830000002, -22.674546899328185 ], [ -44.28036, -22.67453359932821 ], [ -44.2807262, -22.674653699328211 ], [ -44.281157300000011, -22.674668999328194 ], [ -44.281369, -22.674474399328204 ], [ -44.281449099999968, -22.674113999328178 ], [ -44.2816055, -22.673965199328197 ], [ -44.2817619, -22.673947999328202 ], [ -44.281925899999969, -22.673989999328199 ], [ -44.282080399999984, -22.674098699328205 ], [ -44.2825019, -22.674611799328151 ], [ -44.2826336, -22.674674699328222 ], [ -44.282952099999989, -22.674947499328148 ], [ -44.283280199999986, -22.675107699328183 ], [ -44.283484199999975, -22.675134399328165 ], [ -44.2842415, -22.675002799328201 ], [ -44.2843998, -22.674731899328172 ], [ -44.284767900000013, -22.6744457993282 ], [ -44.285136, -22.67430279932821 ], [ -44.2852848, -22.674186399328203 ], [ -44.286021, -22.673850699328217 ], [ -44.286320499999981, -22.673576099328194 ], [ -44.286572299999989, -22.673242299328251 ], [ -44.286848799999959, -22.672481299328243 ], [ -44.286953700000026, -22.672055899328214 ], [ -44.2869232, -22.671798499328283 ], [ -44.287182599999987, -22.671424599328276 ], [ -44.287426700000026, -22.671201399328243 ], [ -44.287724299999972, -22.670993499328286 ], [ -44.288523499999989, -22.670604399328283 ], [ -44.288651300000019, -22.670501399328256 ], [ -44.289040399999983, -22.67034499932829 ], [ -44.289448499999985, -22.670301099328309 ], [ -44.28957250000002, -22.670333599328284 ], [ -44.289643099999971, -22.67040599932831 ], [ -44.289666, -22.670501399328256 ], [ -44.289585900000013, -22.670817999328261 ], [ -44.2896164, -22.671006899328276 ], [ -44.2897327, -22.671079299328259 ], [ -44.289969299999989, -22.671041199328268 ], [ -44.29017140000002, -22.67087329932826 ], [ -44.29025919999998, -22.670743599328254 ], [ -44.29040029999998, -22.670383199328295 ], [ -44.290440400000023, -22.670161899328267 ], [ -44.290606299999972, -22.670003599328279 ], [ -44.290755199999978, -22.669946399328325 ], [ -44.2908428, -22.66985099932829 ], [ -44.291148, -22.669658399328306 ], [ -44.2915638, -22.669181499328296 ], [ -44.291800299999977, -22.668784799328357 ], [ -44.291848, -22.66865889932836 ], [ -44.291848, -22.66854639932836 ], [ -44.291764100000016, -22.668248799328342 ], [ -44.291624800000015, -22.668094299328352 ], [ -44.291420800000026, -22.668033299328339 ], [ -44.291006900000014, -22.668004699328321 ], [ -44.2906178, -22.667930299328376 ], [ -44.290367899999978, -22.667821599328363 ], [ -44.290188600000022, -22.667667099328355 ], [ -44.290188600000022, -22.667501099328327 ], [ -44.290308799999984, -22.667253199328371 ], [ -44.290535799999979, -22.666972899328393 ], [ -44.290989700000011, -22.666835499328368 ], [ -44.291264300000016, -22.666701999328353 ], [ -44.291561899999977, -22.666499799328381 ], [ -44.291687799999977, -22.666453999328354 ], [ -44.292143599999974, -22.666085899328372 ], [ -44.2924259, -22.665807399328411 ], [ -44.2926605, -22.665677699328409 ], [ -44.293257499999982, -22.665227599328382 ], [ -44.29350740000001, -22.665143599328434 ], [ -44.293719099999961, -22.665000599328383 ], [ -44.293898399999975, -22.664819399328412 ], [ -44.2943009, -22.664176599328457 ], [ -44.29460790000001, -22.663842799328425 ], [ -44.294930299999969, -22.663627299328411 ], [ -44.2952965, -22.663512799328419 ], [ -44.295689400000015, -22.663323999328444 ], [ -44.2959088, -22.66317519932846 ], [ -44.2960805, -22.66313529932847 ], [ -44.296477200000012, -22.662248299328461 ], [ -44.2968472, -22.661603599328469 ], [ -44.2970131, -22.661098099328512 ], [ -44.29701690000001, -22.660453399328514 ], [ -44.296893, -22.660008999328529 ], [ -44.296818599999987, -22.659398699328527 ], [ -44.296772799999985, -22.659268999328539 ], [ -44.296744199999971, -22.658860799328565 ], [ -44.296774700000014, -22.658761599328553 ], [ -44.29677659999998, -22.658486999328534 ], [ -44.296740399999969, -22.658021599328563 ], [ -44.296851, -22.657750699328574 ], [ -44.297213399999968, -22.657224299328583 ], [ -44.29780269999997, -22.656779899328598 ] ] ] } },
{ "type": "Feature", "properties": { "NUCOMPTREC": 15.331, "NUDISTBACT": 542.979, "NUDISTCDAG": 44.519, "NUAREACONT": 41.787, "NUAREAMONT": 41.787, "NUDISTBACC": 498.46, "NUAREABACC": 227.209, "NUCOMPCDA": 59.85, "Shape__Len": 0, "OBJECTID": 84939, "ID": 20477, "COTRECHO": 20477, "COCURSODAG": "7789532", "COBACIA": "77895323", "NOGENERICO": "Rio", "NOLIGACAO": "do", "NOESPECIF": "Capitão-mor", "NORIOCOMP": "Rio do Capitão-mor", "NOORIGINAL": "Rio do Capitão-mor", "COCDADESAG": "778", "NUTRJUS": 74087, "NUORDEMCDA": 2, "NUNIVOTTO": 8, "NUNIVOTCDA": 7, "NUSTRAHLER": 1, "DEDOMINIAL": "Estadual", "DSVERSAO": "BHO bho_2017_v_01_05_50k de 2018-06-22" }, "geometry": { "type": "MultiLineString", "coordinates": [ [ [ -44.5121373, -22.768628899326025 ], [ -44.5121047, -22.768317699326047 ], [ -44.512011299999983, -22.76802779932607 ], [ -44.511463900000024, -22.766959599326071 ], [ -44.511395199999974, -22.766400799326057 ], [ -44.51144470000002, -22.766051799326096 ], [ -44.5117404, -22.765759899326071 ], [ -44.5120589, -22.765521499326063 ], [ -44.5122783, -22.765313599326099 ], [ -44.51235650000001, -22.765157199326076 ], [ -44.512396500000023, -22.764708999326082 ], [ -44.5125911, -22.764417099326117 ], [ -44.5128257, -22.764191999326108 ], [ -44.512873399999982, -22.763875399326153 ], [ -44.513090799999986, -22.763451999326108 ], [ -44.513123199999988, -22.763112499326123 ], [ -44.513327300000014, -22.762570799326156 ], [ -44.513438, -22.762038699326176 ], [ -44.51343989999998, -22.761559899326191 ], [ -44.513300599999972, -22.761161299326215 ], [ -44.513279599999976, -22.760936199326196 ], [ -44.513380700000027, -22.760556599326179 ], [ -44.5133674, -22.760299099326211 ], [ -44.513243400000022, -22.760081699326214 ], [ -44.513041199999968, -22.75994249932625 ], [ -44.5127551, -22.759887199326197 ], [ -44.5123355, -22.75989859932621 ], [ -44.512095199999969, -22.759826099326229 ], [ -44.5118167, -22.759499999326216 ], [ -44.5114676, -22.759375999326213 ], [ -44.511320800000021, -22.759154699326245 ], [ -44.511236899999972, -22.75908229932622 ], [ -44.510647500000012, -22.758819099326228 ], [ -44.510452900000011, -22.758647399326225 ], [ -44.510422399999982, -22.75842989932627 ], [ -44.510563600000012, -22.757892099326266 ], [ -44.5105979, -22.757178699326275 ], [ -44.5106627, -22.756736199326269 ], [ -44.510922100000016, -22.755486899326318 ], [ -44.5110022, -22.754908999326322 ], [ -44.511080400000026, -22.754737299326333 ], [ -44.5110881, -22.75442069932636 ], [ -44.5110575, -22.754262399326358 ], [ -44.511006, -22.754140299326373 ], [ -44.510803899999978, -22.753886699326365 ], [ -44.510130600000032, -22.753474599326388 ], [ -44.5095812, -22.752881499326381 ], [ -44.509386699999986, -22.752578199326408 ], [ -44.509085299999981, -22.752236799326393 ], [ -44.508394899999985, -22.751927799326367 ], [ -44.507992399999964, -22.751674099326408 ], [ -44.50797720000002, -22.75156539932641 ], [ -44.507893200000012, -22.751397499326416 ], [ -44.5077139, -22.751166699326422 ], [ -44.50755179999998, -22.75102179932642 ], [ -44.507382099999965, -22.750922599326454 ], [ -44.507227600000022, -22.750886399326436 ], [ -44.506939499999987, -22.750897799326449 ], [ -44.506527600000027, -22.750991299326433 ], [ -44.5063273, -22.750987499326424 ], [ -44.506201400000016, -22.750954999326414 ], [ -44.506100300000014, -22.75081959932643 ], [ -44.506077399999981, -22.750579299326454 ], [ -44.5060297, -22.750476299326433 ], [ -44.505919100000021, -22.750398099326425 ], [ -44.505673100000024, -22.750108199326437 ], [ -44.505572, -22.749905999326465 ], [ -44.505549099999989, -22.749345199326463 ], [ -44.5054632, -22.749186899326446 ], [ -44.505381199999988, -22.748731099326477 ], [ -44.5052859, -22.748477399326486 ], [ -44.504912, -22.74813219932647 ], [ -44.504664100000014, -22.747960499326474 ], [ -44.5042196, -22.747796499326487 ], [ -44.503672199999983, -22.74750079932652 ], [ -44.503477700000012, -22.747323399326525 ], [ -44.5032145, -22.746989699326495 ], [ -44.50277, -22.746562399326542 ], [ -44.502277900000024, -22.746304899326521 ], [ -44.50210629999998, -22.746159999326526 ], [ -44.5018278, -22.74572509932656 ], [ -44.5015932, -22.745484799326537 ], [ -44.501328100000023, -22.745339799326569 ], [ -44.500876, -22.745162399326574 ], [ -44.5002104, -22.744820999326567 ], [ -44.4996858, -22.744515799326557 ], [ -44.499252899999981, -22.744185799326598 ], [ -44.4988485, -22.743642299326567 ], [ -44.4985853, -22.743161599326616 ], [ -44.49832780000002, -22.74281449932662 ], [ -44.497875700000016, -22.742432999326624 ], [ -44.497603, -22.742333799326605 ], [ -44.497406500000011, -22.742186899326594 ], [ -44.497166199999988, -22.741938999326624 ], [ -44.4965902, -22.740920499326673 ], [ -44.496466199999986, -22.740762199326664 ], [ -44.4964681, -22.740477999326664 ], [ -44.4963823, -22.740056399326683 ], [ -44.4962964, -22.739867599326708 ], [ -44.4962049, -22.739716899326716 ], [ -44.4955564, -22.739070299326677 ], [ -44.4953618, -22.738770899326731 ], [ -44.495323699999972, -22.738568699326695 ], [ -44.4952397, -22.738408599326718 ], [ -44.495287399999988, -22.738160499326703 ], [ -44.495258799999988, -22.737632199326747 ], [ -44.4951959, -22.737298399326733 ], [ -44.494892600000014, -22.736796799326736 ], [ -44.4947457, -22.736665199326755 ], [ -44.494637, -22.736506799326733 ], [ -44.494526399999984, -22.736483999326783 ], [ -44.4943872, -22.73640189932674 ], [ -44.493715800000025, -22.735892699326797 ], [ -44.4934983, -22.735652399326757 ], [ -44.493265599999958, -22.735305199326813 ], [ -44.492937600000012, -22.734910399326782 ], [ -44.4925713, -22.734521299326804 ], [ -44.492144199999984, -22.734103699326802 ], [ -44.491989600000018, -22.733954799326813 ], [ -44.491480299999971, -22.733428399326797 ], [ -44.4913221, -22.733226199326825 ], [ -44.491161799999986, -22.733079299326818 ], [ -44.490952, -22.732854299326835 ], [ -44.4906945, -22.732663499326836 ], [ -44.4903359, -22.732264899326868 ], [ -44.489939199999974, -22.731725099326884 ], [ -44.4893078, -22.731101399326885 ], [ -44.488886299999983, -22.730742799326862 ], [ -44.4886937, -22.73051589932691 ], [ -44.488373200000012, -22.730239299326897 ], [ -44.487905899999973, -22.72992649932689 ], [ -44.487593100000026, -22.729646099326942 ], [ -44.487421499999975, -22.729577399326907 ], [ -44.48732039999998, -22.729396199326921 ], [ -44.486946499999988, -22.728997599326934 ], [ -44.4866184, -22.72872489932692 ], [ -44.486252200000024, -22.72848449932691 ], [ -44.485674300000028, -22.72827849932693 ], [ -44.485386300000016, -22.728110699326951 ], [ -44.485004800000013, -22.727771199326966 ], [ -44.48460810000001, -22.727219999326966 ], [ -44.484007299999973, -22.726607699326976 ], [ -44.483719300000018, -22.72643989932698 ], [ -44.483570499999985, -22.726447499326984 ], [ -44.4833759, -22.726352099326974 ], [ -44.482922, -22.72630059932699 ], [ -44.482532900000031, -22.726096499326975 ], [ -44.48201790000001, -22.725634999327024 ], [ -44.481722199999979, -22.72531639932701 ], [ -44.48162880000001, -22.725173399327041 ], [ -44.4813484, -22.724494399327071 ], [ -44.4813274, -22.724286499327039 ], [ -44.4812187, -22.723828699327068 ], [ -44.481102299999961, -22.723412899327098 ], [ -44.48095740000003, -22.723029499327055 ], [ -44.480785700000013, -22.722613699327091 ], [ -44.480606399999985, -22.72222839932709 ], [ -44.480398499999971, -22.721808799327121 ], [ -44.4801582, -22.721473099327127 ], [ -44.4799694, -22.721305299327089 ], [ -44.479751899999989, -22.721011499327091 ], [ -44.4795497, -22.720843699327105 ], [ -44.479113, -22.720376399327147 ], [ -44.4785903, -22.719991099327153 ], [ -44.478046699999986, -22.719437999327184 ], [ -44.477976099999971, -22.719256799327137 ], [ -44.478006699999973, -22.719031699327186 ], [ -44.477989499999971, -22.718774199327154 ], [ -44.4780334, -22.718268799327152 ], [ -44.477974300000021, -22.71776709932719 ], [ -44.477827400000017, -22.717355099327222 ], [ -44.4776557, -22.717055699327222 ], [ -44.477423, -22.71675809932719 ], [ -44.4765342, -22.716103899327244 ], [ -44.4759181, -22.715754899327219 ], [ -44.475153299999981, -22.715539299327244 ], [ -44.4745506, -22.715510799327259 ], [ -44.474356, -22.715524099327222 ], [ -44.47424539999998, -22.71547829932722 ], [ -44.473917299999975, -22.715436299327269 ], [ -44.4735263, -22.715447799327251 ], [ -44.473150499999974, -22.715279899327243 ], [ -44.4725669, -22.714696299327272 ], [ -44.4721091, -22.713925699327277 ], [ -44.471899300000011, -22.713694899327297 ], [ -44.4717829, -22.713504199327279 ], [ -44.471470099999969, -22.713177999327332 ], [ -44.471159199999981, -22.713118899327288 ], [ -44.470806400000015, -22.713109399327305 ], [ -44.470657599999974, -22.713067399327297 ], [ -44.4703391, -22.712903399327327 ], [ -44.46999570000002, -22.712640199327314 ], [ -44.469417799999974, -22.712373099327291 ], [ -44.469208, -22.71221869932732 ], [ -44.4690592, -22.711974499327326 ], [ -44.468639600000017, -22.711606399327323 ], [ -44.4685614, -22.711497699327325 ], [ -44.4684679, -22.711243999327369 ], [ -44.468210399999961, -22.710990299327339 ], [ -44.468166600000018, -22.710692799327369 ], [ -44.468191400000023, -22.710408599327351 ], [ -44.468143699999985, -22.710286499327363 ], [ -44.468130299999977, -22.71009199932735 ], [ -44.467918600000019, -22.709698999327365 ], [ -44.467708800000018, -22.709481599327383 ], [ -44.467405499999977, -22.709340499327393 ], [ -44.466928699999983, -22.709021899327375 ], [ -44.4665549, -22.708672899327418 ], [ -44.4664156, -22.708316199327424 ], [ -44.466333599999984, -22.707633399327438 ], [ -44.4662935, -22.707524699327454 ], [ -44.4662649, -22.707434999327411 ], [ -44.46617909999997, -22.707326299327406 ], [ -44.466139, -22.707175599327464 ], [ -44.46585870000002, -22.706805599327446 ], [ -44.465570599999964, -22.706542399327446 ], [ -44.465360799999978, -22.706275299327491 ], [ -44.465128100000015, -22.705859499327435 ], [ -44.4650347, -22.705533399327464 ], [ -44.464988899999973, -22.70547039932752 ], [ -44.464943100000021, -22.705207199327489 ], [ -44.464834399999972, -22.705003099327499 ], [ -44.464796299999982, -22.704804799327469 ], [ -44.464523499999984, -22.704226799327522 ], [ -44.464401399999986, -22.703534499327514 ], [ -44.4643385, -22.703444799327521 ], [ -44.464327, -22.702874499327542 ], [ -44.464264099999973, -22.702739099327498 ], [ -44.4642488, -22.702620899327535 ], [ -44.464172500000011, -22.702491199327532 ], [ -44.4638769, -22.702155499327546 ], [ -44.463814, -22.702010499327532 ], [ -44.463688100000013, -22.701974299327567 ], [ -44.463197900000011, -22.701651899327562 ], [ -44.4626295, -22.701201799327542 ], [ -44.4617407, -22.700566699327627 ], [ -44.4617101, -22.700351099327566 ], [ -44.461654800000019, -22.700232799327576 ], [ -44.461672, -22.70002879932759 ], [ -44.461570900000019, -22.699712099327598 ], [ -44.461469799999975, -22.699572899327642 ], [ -44.4608938, -22.699254399327604 ], [ -44.460542799999978, -22.698918699327617 ], [ -44.4602853, -22.698741299327633 ], [ -44.460043100000014, -22.698668799327645 ], [ -44.459364100000016, -22.698273999327665 ], [ -44.4590761, -22.698235899327635 ], [ -44.458629700000017, -22.698186299327624 ], [ -44.458419900000017, -22.698067999327616 ], [ -44.45821769999997, -22.697821999327619 ], [ -44.458048, -22.69736609932767 ], [ -44.457845799999966, -22.697066699327671 ], [ -44.457719899999972, -22.696980799327665 ], [ -44.457384199999979, -22.696862599327645 ], [ -44.4571439, -22.696708099327701 ], [ -44.456815800000022, -22.696177799327675 ], [ -44.456785299999979, -22.696048099327687 ], [ -44.45666319999998, -22.695821199327714 ], [ -44.4563905, -22.695449199327697 ], [ -44.4560624, -22.695172699327713 ], [ -44.4557572, -22.695000999327714 ], [ -44.455633299999988, -22.694968599327698 ], [ -44.455219399999983, -22.694758799327715 ], [ -44.45518120000002, -22.694632899327715 ], [ -44.4550878, -22.694554699327753 ], [ -44.4549409, -22.69433909932771 ], [ -44.454754, -22.693953899327735 ], [ -44.454733, -22.693574299327775 ], [ -44.454811199999988, -22.693335799327745 ], [ -44.4547425, -22.693177599327758 ], [ -44.4546166, -22.693036399327756 ], [ -44.454273300000011, -22.692925799327778 ], [ -44.454063500000011, -22.692809399327754 ], [ -44.4534628, -22.692286899327783 ], [ -44.453409299999983, -22.69212469932781 ], [ -44.453426400000012, -22.691907299327813 ], [ -44.453535199999962, -22.69171459932781 ], [ -44.453661, -22.691573499327802 ], [ -44.453764, -22.691357899327809 ], [ -44.4537411, -22.691041299327811 ], [ -44.453647699999976, -22.690837199327792 ], [ -44.453167, -22.690289799327847 ], [ -44.453056399999973, -22.690121999327804 ], [ -44.452760800000021, -22.689877799327807 ], [ -44.4522553, -22.689328499327843 ], [ -44.452013099999988, -22.689170199327833 ], [ -44.451381700000013, -22.688617099327846 ], [ -44.450843899999988, -22.688281399327863 ], [ -44.4504872, -22.687899999327904 ], [ -44.4503937, -22.687533699327904 ], [ -44.450395599999979, -22.687285799327871 ], [ -44.4503575, -22.687104599327906 ], [ -44.450380399999965, -22.686959699327893 ], [ -44.450311699999986, -22.686747899327909 ], [ -44.4501477, -22.686539999327891 ], [ -44.449977900000029, -22.686412199327929 ], [ -44.449297, -22.6860573993279 ], [ -44.449119600000017, -22.685889599327915 ], [ -44.448963199999973, -22.685664499327903 ], [ -44.448518799999988, -22.685242999327961 ], [ -44.447834, -22.684941599327956 ], [ -44.4473648, -22.684655499327977 ], [ -44.446844100000014, -22.684220599327968 ], [ -44.446733499999979, -22.684161499327988 ], [ -44.44557, -22.684111899327977 ], [ -44.445303, -22.684056599327995 ], [ -44.4449444, -22.684033699327955 ], [ -44.4441852, -22.684165299327983 ], [ -44.4438801, -22.684254999327973 ], [ -44.443630199999966, -22.684268299327957 ], [ -44.44341270000001, -22.684222499327959 ], [ -44.443428, -22.684050899327953 ], [ -44.443647399999968, -22.683955499328004 ], [ -44.443702700000017, -22.683875399327952 ], [ -44.443672199999973, -22.683720899328012 ], [ -44.443437599999982, -22.683526399327985 ], [ -44.443437599999974, -22.683358499327987 ], [ -44.443517699999973, -22.683192599327981 ], [ -44.443494799999989, -22.682988499328022 ], [ -44.443378399999972, -22.682843499327994 ], [ -44.443136200000026, -22.68276149932802 ], [ -44.4429493, -22.682553599328013 ], [ -44.4424591, -22.682334299327984 ], [ -44.442363699999987, -22.68226179932801 ], [ -44.442256900000018, -22.68207299932801 ], [ -44.442007, -22.681773499328042 ], [ -44.441923099999983, -22.681542699328045 ], [ -44.441885, -22.681172699328016 ], [ -44.441986, -22.681100199328032 ], [ -44.442152, -22.680878999328055 ], [ -44.442176800000013, -22.680663399328065 ], [ -44.4421539, -22.680445999328068 ], [ -44.4424285, -22.680112199328061 ], [ -44.4425068, -22.67996919932807 ], [ -44.442562099999975, -22.679724999328087 ], [ -44.442516300000023, -22.679381699328086 ], [ -44.442556399999987, -22.679150899328093 ], [ -44.4427852, -22.679011699328072 ], [ -44.442979799999989, -22.678962099328057 ], [ -44.443151399999977, -22.678927699328064 ], [ -44.443325, -22.678818999328062 ], [ -44.4434414, -22.678580599328075 ], [ -44.443489, -22.678326899328095 ], [ -44.443382199999974, -22.678019799328126 ], [ -44.443202900000017, -22.677838599328091 ], [ -44.442735599999978, -22.677512499328106 ], [ -44.442611600000014, -22.677367499328128 ], [ -44.44248, -22.677117699328125 ], [ -44.442363699999987, -22.676652299328136 ], [ -44.442325499999974, -22.676318499328129 ], [ -44.442359899999985, -22.675694799328138 ], [ -44.4424629, -22.675450599328155 ], [ -44.4426593, -22.675238899328189 ], [ -44.4429321, -22.67513209932816 ], [ -44.443504299999965, -22.674704899328187 ], [ -44.444005899999972, -22.674445499328193 ], [ -44.444187100000022, -22.67440919932821 ], [ -44.444288200000017, -22.674296699328213 ], [ -44.4441948, -22.67417839932822 ], [ -44.444023099999974, -22.674105899328175 ], [ -44.443672100000015, -22.674054399328192 ], [ -44.443609200000026, -22.674004899328203 ], [ -44.443586400000015, -22.673892399328214 ], [ -44.4436569, -22.673756899328207 ], [ -44.443861, -22.673650099328182 ], [ -44.444681100000025, -22.673665299328214 ], [ -44.4447288, -22.673638599328196 ], [ -44.445135100000016, -22.673617699328243 ], [ -44.445354399999985, -22.673514699328212 ], [ -44.445598599999983, -22.673154199328209 ], [ -44.445825500000019, -22.672982499328217 ], [ -44.4458885, -22.672843299328246 ], [ -44.4458427, -22.672545699328236 ], [ -44.44561, -22.672223399328246 ], [ -44.44561, -22.671956399328245 ], [ -44.445672899999977, -22.67187239932824 ], [ -44.446197499999982, -22.671670199328251 ], [ -44.446331, -22.671540499328252 ], [ -44.446393899999975, -22.671313599328276 ], [ -44.446638099999973, -22.671180099328289 ], [ -44.4467869, -22.671048499328247 ] ] ] } },
{ "type": "Feature", "properties": { "NUCOMPTREC": 16.467, "NUDISTBACT": 0.0, "NUDISTCDAG": 0.0, "NUAREACONT": 104.83, "NUAREAMONT": 104.83, "NUDISTBACC": 0.0, "NUAREABACC": 104.83, "NUCOMPCDA": 16.467, "Shape__Len": 0, "OBJECTID": 85151, "ID": 55345, "COTRECHO": 55345, "COCURSODAG": "7793916", "COBACIA": "7793916", "NOGENERICO": "Rio", "NOLIGACAO": null, "NOESPECIF": "Ingaíba", "NORIOCOMP": "Rio Ingaíba", "NOORIGINAL": "Rio Ingaíba", "COCDADESAG": null, "NUTRJUS": 111837, "NUORDEMCDA": 1, "NUNIVOTTO": 7, "NUNIVOTCDA": 7, "NUSTRAHLER": 1, "DEDOMINIAL": "Estadual", "DSVERSAO": "BHO bho_2017_v_01_05_50k de 2018-06-22" }, "geometry": { "type": "MultiLineString", "coordinates": [ [ [ -44.1923895, -22.929367799322353 ], [ -44.1917032, -22.930210599322297 ], [ -44.191321899999984, -22.930386199322278 ], [ -44.190788100000013, -22.9305968993223 ], [ -44.190483099999987, -22.930912899322298 ], [ -44.189873, -22.931439599322243 ], [ -44.1893773, -22.931544999322291 ], [ -44.1889198, -22.931615199322273 ], [ -44.188691, -22.93203659932227 ], [ -44.188119099999987, -22.932194599322258 ], [ -44.187585300000016, -22.931966399322288 ], [ -44.187089599999979, -22.931790799322243 ], [ -44.186632, -22.931580099322289 ], [ -44.18606010000002, -22.931474799322256 ], [ -44.185640700000029, -22.931474799322256 ], [ -44.184992500000014, -22.931720599322276 ], [ -44.1841918, -22.932212199322237 ], [ -44.183658, -22.932879399322221 ], [ -44.1836199, -22.933757199322226 ], [ -44.183613299999976, -22.934859199322212 ], [ -44.1838166, -22.935483499322171 ], [ -44.1838844, -22.936107799322176 ], [ -44.18402, -22.936544699322173 ], [ -44.18442670000001, -22.937044099322122 ], [ -44.184697799999981, -22.937605999322141 ], [ -44.184697799999981, -22.938292599322139 ], [ -44.1847656, -22.938729599322084 ], [ -44.184494500000021, -22.939228999322101 ], [ -44.1841556, -22.939541099322071 ], [ -44.184087799999986, -22.94016539932208 ], [ -44.18402, -22.94060229932208 ], [ -44.183477700000026, -22.941663499322033 ], [ -44.183138799999988, -22.942100499322002 ], [ -44.1827321, -22.942537399322021 ], [ -44.1821898, -22.943036799322027 ], [ -44.181579699999979, -22.943660999322006 ], [ -44.1810375, -22.94434769932197 ], [ -44.180834100000027, -22.944909499321966 ], [ -44.18035959999996, -22.945658499321929 ], [ -44.179614, -22.946282699321916 ], [ -44.178936099999987, -22.946594799321936 ], [ -44.1783261, -22.947094199321903 ], [ -44.1779194, -22.947718399321882 ], [ -44.1778516, -22.948342599321869 ], [ -44.17751270000003, -22.948779499321873 ], [ -44.1769704, -22.949154099321856 ], [ -44.176563699999967, -22.949590999321842 ], [ -44.176292499999981, -22.950090399321873 ], [ -44.1759536, -22.950339999321841 ], [ -44.175818, -22.950839399321833 ], [ -44.175546899999972, -22.951525999321817 ], [ -44.1751402, -22.952087799321813 ], [ -44.174665699999984, -22.952462299321773 ], [ -44.174191199999989, -22.952774299321778 ], [ -44.173648899999982, -22.953148899321757 ], [ -44.173174399999979, -22.953648199321723 ], [ -44.1727677, -22.954147499321721 ], [ -44.171954299999982, -22.954709299321721 ], [ -44.171412, -22.955083799321741 ], [ -44.1709376, -22.955520699321738 ], [ -44.170259699999974, -22.956144899321743 ], [ -44.1695141, -22.956394499321682 ], [ -44.168565100000023, -22.956768999321692 ], [ -44.1682262, -22.957205899321703 ], [ -44.1677517, -22.957642899321669 ], [ -44.167006, -22.95820459932165 ], [ -44.166531599999978, -22.958579099321661 ], [ -44.165921500000017, -22.959203199321625 ], [ -44.1655826, -22.960201899321639 ], [ -44.1653114, -22.960638799321625 ], [ -44.1646336, -22.961013199321631 ], [ -44.163684600000011, -22.960888399321593 ], [ -44.162803399999966, -22.960701199321615 ], [ -44.161379899999986, -22.960638799321625 ], [ -44.160634300000019, -22.960638799321625 ], [ -44.159617500000024, -22.960576299321623 ], [ -44.158600799999988, -22.960201899321639 ], [ -44.1581263, -22.959640099321639 ], [ -44.157516199999975, -22.958891199321634 ], [ -44.157041699999986, -22.957892499321687 ], [ -44.156635, -22.957330799321713 ], [ -44.156092699999988, -22.956768999321692 ], [ -44.155414899999975, -22.956269699321719 ], [ -44.1545337, -22.955895199321702 ], [ -44.1533136, -22.955645499321729 ], [ -44.1518901, -22.955583099321732 ], [ -44.150534400000019, -22.955520699321738 ], [ -44.149585399999971, -22.955520699321738 ], [ -44.149110899999982, -22.955770399321725 ], [ -44.148297500000012, -22.955895199321702 ], [ -44.1476874, -22.955458299321695 ], [ -44.147348500000014, -22.955083799321741 ], [ -44.146467299999983, -22.954646899321734 ], [ -44.1456539, -22.954209899321771 ], [ -44.145382799999979, -22.953772999321782 ], [ -44.1454506, -22.95289919932177 ], [ -44.1454506, -22.952337399321774 ], [ -44.144637100000011, -22.9520252993218 ], [ -44.143891499999988, -22.951588399321803 ], [ -44.143213699999983, -22.951463599321837 ], [ -44.1422647, -22.951338699321813 ], [ -44.141451300000021, -22.951026599321811 ], [ -44.1407734, -22.950402399321803 ], [ -44.140434500000019, -22.949653399321846 ], [ -44.14023109999998, -22.949091599321847 ], [ -44.1396211, -22.948529899321858 ], [ -44.137926499999985, -22.948217799321906 ], [ -44.137045300000011, -22.948030499321913 ], [ -44.136231899999977, -22.947780799321873 ], [ -44.135689599999971, -22.947780799321873 ], [ -44.134605, -22.947718399321882 ], [ -44.134130500000019, -22.947718399321882 ], [ -44.1331138, -22.947780799321873 ], [ -44.132503699999972, -22.94840499932187 ], [ -44.132097, -22.949029199321853 ], [ -44.131351400000028, -22.949590999321842 ], [ -44.130402399999973, -22.950027899321846 ], [ -44.1296567, -22.950215199321853 ], [ -44.12925, -22.95071449932183 ], [ -44.129182300000032, -22.951338699321813 ], [ -44.129114500000014, -22.95177559932182 ], [ -44.128707799999979, -22.952212599321804 ], [ -44.128165500000023, -22.952649499321794 ], [ -44.1274876, -22.95296159932176 ], [ -44.1268098, -22.95289919932177 ], [ -44.1259286, -22.952711899321773 ], [ -44.1252508, -22.952587099321811 ], [ -44.124572899999976, -22.952524699321817 ], [ -44.123895100000027, -22.952462199321808 ], [ -44.1232172, -22.952462199321808 ], [ -44.1226072, -22.952774299321778 ], [ -44.1221327, -22.953304899321765 ], [ -44.1215904, -22.953710599321774 ], [ -44.120912499999974, -22.953585799321754 ], [ -44.1203703, -22.953148799321781 ], [ -44.119760199999959, -22.952774299321778 ], [ -44.119082400000025, -22.952711899321773 ], [ -44.1184045, -22.952711899321784 ], [ -44.117591100000034, -22.952836699321765 ], [ -44.1169132, -22.95289919932177 ], [ -44.1162354, -22.95289919932177 ], [ -44.115557599999988, -22.95289919932177 ], [ -44.11487970000001, -22.95289919932177 ], [ -44.1142019, -22.95289919932177 ], [ -44.113524, -22.95289919932177 ], [ -44.112981699999963, -22.952524699321817 ], [ -44.112371699999976, -22.952212599321786 ], [ -44.111965, -22.951713199321777 ], [ -44.111558300000013, -22.951151499321806 ], [ -44.111083800000017, -22.95065209932185 ], [ -44.110338099999979, -22.950402399321803 ], [ -44.1099992, -22.94984069932184 ], [ -44.1099314, -22.949216499321839 ], [ -44.1095247, -22.948717099321886 ], [ -44.1088469, -22.948654699321906 ], [ -44.1083046, -22.949029199321853 ], [ -44.1076268, -22.949091599321847 ], [ -44.107084499999985, -22.949528599321869 ], [ -44.1068811, -22.950152799321852 ], [ -44.1062033, -22.950152799321852 ], [ -44.105525399999969, -22.950152799321852 ], [ -44.105050899999974, -22.950714499321844 ], [ -44.1045087, -22.951088999321847 ], [ -44.103898599999972, -22.951401099321803 ], [ -44.1032885, -22.951713199321777 ], [ -44.102610700000021, -22.951650799321786 ], [ -44.1020684, -22.95121389932185 ], [ -44.101661700000015, -22.95071449932183 ], [ -44.101322799999977, -22.950152799321852 ], [ -44.1009161, -22.949653399321846 ], [ -44.100306, -22.949278899321893 ], [ -44.0997638, -22.948904399321879 ], [ -44.099085899999963, -22.948841899321867 ], [ -44.098408099999972, -22.948779499321873 ], [ -44.0977302, -22.948841899321867 ], [ -44.0970524, -22.948904399321879 ], [ -44.096374500000017, -22.948966799321866 ], [ -44.095696700000012, -22.949091599321847 ], [ -44.0950188, -22.949153999321897 ], [ -44.094341, -22.949403699321866 ], [ -44.093663100000015, -22.949653399321846 ], [ -44.0929853, -22.949840699321836 ], [ -44.092307399999974, -22.95009029932185 ], [ -44.09169739999998, -22.95040239932182 ], [ -44.091494, -22.951026599321786 ], [ -44.0914262, -22.951650799321779 ], [ -44.0914262, -22.95227499932178 ], [ -44.0914262, -22.95289919932177 ], [ -44.091494, -22.953523299321738 ], [ -44.091494, -22.954147499321721 ], [ -44.091629599999969, -22.954771699321729 ], [ -44.091494, -22.955395799321746 ], [ -44.09148219999998, -22.95607219932171 ], [ -44.0914024, -22.956703699321682 ], [ -44.091133300000017, -22.957318399321693 ], [ -44.0907818, -22.957720699321648 ], [ -44.0902383, -22.957695699321658 ], [ -44.089626599999974, -22.957345499321654 ], [ -44.0888, -22.957181499321678 ], [ -44.087970499999976, -22.957040199321685 ], [ -44.0872435, -22.956953399321666 ], [ -44.086502199999984, -22.956979299321684 ], [ -44.085935899999967, -22.957134699321667 ], [ -44.085379499999981, -22.957427799321685 ], [ -44.0848899, -22.957840699321682 ], [ -44.084599500000017, -22.958407999321675 ], [ -44.084445599999967, -22.959192499321599 ], [ -44.084404199999987, -22.959736099321603 ], [ -44.084214799999977, -22.960152699321597 ], [ -44.0837609, -22.960500399321603 ], [ -44.0830138, -22.960571399321591 ], [ -44.0825514, -22.960553499321612 ], [ -44.082175800000016, -22.960497599321592 ], [ -44.0817414, -22.960185299321594 ], [ -44.081326499999989, -22.960080899321603 ], [ -44.080696400000022, -22.960528399321593 ] ] ] } },
{ "type": "Feature", "properties": { "NUCOMPTREC": 13.613, "NUDISTBACT": 0.0, "NUDISTCDAG": 0.0, "NUAREACONT": 58.8, "NUAREAMONT": 58.8, "NUDISTBACC": 0.0, "NUAREABACC": 58.8, "NUCOMPCDA": 13.613, "Shape__Len": 0, "OBJECTID": 85154, "ID": 55323, "COTRECHO": 55323, "COCURSODAG": "77939172", "COBACIA": "77939172", "NOGENERICO": "Rio", "NOLIGACAO": null, "NOESPECIF": "Jurumirim", "NORIOCOMP": "Rio Jurumirim", "NOORIGINAL": "Rio Jurumirim", "COCDADESAG": null, "NUTRJUS": 497, "NUORDEMCDA": 1, "NUNIVOTTO": 8, "NUNIVOTCDA": 8, "NUSTRAHLER": 1, "DEDOMINIAL": "Estadual", "DSVERSAO": "BHO bho_2017_v_01_05_50k de 2018-06-22" }, "geometry": { "type": "MultiLineString", "coordinates": [ [ [ -44.2331873, -22.871390899323643 ], [ -44.2333797, -22.872099899323651 ], [ -44.233636199999971, -22.872454399323612 ], [ -44.233956799999987, -22.873045199323595 ], [ -44.234020900000012, -22.873576899323584 ], [ -44.234085100000016, -22.874167799323594 ], [ -44.234405700000018, -22.874817699323572 ], [ -44.235046899999986, -22.875349399323557 ], [ -44.2356241, -22.875999299323528 ], [ -44.235880599999973, -22.876885499323535 ], [ -44.236072900000011, -22.877358199323535 ], [ -44.2365218, -22.878126199323493 ], [ -44.2368424, -22.878716999323473 ], [ -44.2369066, -22.879485099323478 ], [ -44.237419600000017, -22.88013489932343 ], [ -44.237740200000019, -22.880607599323465 ], [ -44.237804299999986, -22.881257499323429 ], [ -44.237868400000025, -22.88161189932341 ], [ -44.2381891, -22.881730099323441 ], [ -44.239377400000031, -22.882043899323392 ], [ -44.240459499999979, -22.882210099323416 ], [ -44.241253, -22.882243299323431 ], [ -44.242299100000025, -22.882176899323394 ], [ -44.242949099999983, -22.881835399323407 ], [ -44.244033699999989, -22.881335799323402 ], [ -44.2454798, -22.880586299323461 ], [ -44.247197, -22.879503899323435 ], [ -44.2480104, -22.878837699323508 ], [ -44.249546800000019, -22.8783380993235 ], [ -44.2510833, -22.877838499323488 ], [ -44.2527101, -22.877422099323507 ], [ -44.254065799999971, -22.87725559932354 ], [ -44.255602300000014, -22.87725559932354 ], [ -44.2573195, -22.87725559932354 ], [ -44.258404, -22.87725559932354 ], [ -44.25985009999998, -22.877505399323528 ], [ -44.2609347, -22.877755199323527 ], [ -44.262290300000018, -22.877838499323488 ], [ -44.263374899999974, -22.878088299323498 ], [ -44.2643691, -22.87867119932347 ], [ -44.265182499999973, -22.879170799323475 ], [ -44.2656344, -22.879337299323449 ], [ -44.2668997, -22.879587099323441 ], [ -44.2679842, -22.879836899323461 ], [ -44.269068800000014, -22.879920199323461 ], [ -44.270153400000027, -22.880336599323456 ], [ -44.2709668, -22.880919399323417 ], [ -44.2717802, -22.881335799323402 ], [ -44.2727744, -22.881752099323439 ], [ -44.27376850000001, -22.882251699323383 ], [ -44.274491599999976, -22.882751299323385 ], [ -44.274853099999973, -22.883417399323363 ], [ -44.2751242, -22.884083599323365 ], [ -44.275395399999979, -22.885082799323367 ], [ -44.275576100000023, -22.885832099323327 ], [ -44.276118399999973, -22.8864149993233 ], [ -44.2771126, -22.886831299323269 ], [ -44.27720290000002, -22.887081099323286 ], [ -44.2776548, -22.88791379932324 ], [ -44.2780164, -22.888246799323269 ], [ -44.278287499999976, -22.888413299323283 ], [ -44.279372099999982, -22.889162699323236 ], [ -44.27964320000001, -22.889578999323259 ], [ -44.280185500000016, -22.890161899323225 ], [ -44.280818099999969, -22.8908279993232 ], [ -44.281360399999983, -22.891410799323218 ], [ -44.281721899999987, -22.892076899323182 ], [ -44.281993100000015, -22.892909499323135 ], [ -44.282445, -22.893742099323131 ], [ -44.283258400000022, -22.894324899323134 ], [ -44.28425249999998, -22.894990999323117 ], [ -44.289133, -22.897738499323047 ], [ -44.29374439999998, -22.900610199322987 ], [ -44.29366, -22.902224599322967 ], [ -44.2942023, -22.905388299322894 ], [ -44.2948349, -22.907802599322849 ], [ -44.296100200000012, -22.909467599322813 ], [ -44.297455899999981, -22.910050399322753 ], [ -44.298992399999968, -22.910383399322765 ], [ -44.300980700000011, -22.911548899322735 ], [ -44.305499699999977, -22.913297099322715 ], [ -44.307126499999981, -22.914129599322692 ], [ -44.3079399, -22.915045299322617 ], [ -44.3084822, -22.91579449932264 ], [ -44.3110128, -22.916793399322632 ], [ -44.31300119999996, -22.917875599322588 ], [ -44.316146, -22.920015399322558 ], [ -44.3197488, -22.921622899322493 ], [ -44.323314700000026, -22.924230199322452 ], [ -44.3238581, -22.924605599322415 ], [ -44.3243484, -22.925231799322411 ], [ -44.328395199999989, -22.928190699322368 ], [ -44.3309317, -22.930196099322298 ] ] ] } },
{ "type": "Feature", "properties": { "NUCOMPTREC": 19.898, "NUDISTBACT": 30.667, "NUDISTCDAG": 0.0, "NUAREACONT": 79.305, "NUAREAMONT": 79.305, "NUDISTBACC": 30.667, "NUAREABACC": 79.305, "NUCOMPCDA": 19.898, "Shape__Len": 0, "OBJECTID": 85162, "ID": 20820, "COTRECHO": 20820, "COCURSODAG": "7793924", "COBACIA": "7793924", "NOGENERICO": "Rio", "NOLIGACAO": "do", "NOESPECIF": "Guaripu", "NORIOCOMP": "Rio do Guaripu", "NOORIGINAL": "Rio do Guaripu", "COCDADESAG": "779392", "NUTRJUS": 20798, "NUORDEMCDA": 2, "NUNIVOTTO": 7, "NUNIVOTCDA": 7, "NUSTRAHLER": 1, "DEDOMINIAL": "Estadual", "DSVERSAO": "BHO bho_2017_v_01_05_50k de 2018-06-22" }, "geometry": { "type": "MultiLineString", "coordinates": [ [ [ -44.7038756, -22.873639199323616 ], [ -44.703325, -22.874146499323583 ], [ -44.70293179999998, -22.874871099323567 ], [ -44.70293179999998, -22.875523299323557 ], [ -44.703167699999987, -22.876537799323529 ], [ -44.703403700000024, -22.877334899323507 ], [ -44.703010399999982, -22.878204499323473 ], [ -44.702223899999971, -22.878856599323488 ], [ -44.7016734, -22.879726199323446 ], [ -44.701044200000013, -22.880378299323468 ], [ -44.700493600000016, -22.881102999323435 ], [ -44.7001004, -22.881682699323399 ], [ -44.700021699999979, -22.882479699323376 ], [ -44.7000655, -22.88316159932338 ], [ -44.700040600000023, -22.88375769932335 ], [ -44.7000655, -22.884262099323351 ], [ -44.700339199999974, -22.884881099323316 ], [ -44.7007623, -22.885477199323354 ], [ -44.701135599999986, -22.886142099323287 ], [ -44.7013844, -22.886440099323323 ], [ -44.70194429999998, -22.887343599323295 ], [ -44.702652199999989, -22.88804999932329 ], [ -44.70294710000001, -22.888593499323278 ], [ -44.70336, -22.889028199323242 ], [ -44.703419, -22.889408599323261 ], [ -44.703301099999976, -22.889897699323221 ], [ -44.7032421, -22.890604199323189 ], [ -44.703537, -22.891256299323199 ], [ -44.7039499, -22.891799699323162 ], [ -44.7044808, -22.892125699323181 ], [ -44.70477570000002, -22.892560499323167 ], [ -44.7048347, -22.893158199323164 ], [ -44.7047979, -22.893660899323123 ], [ -44.7048421, -22.894149999323151 ], [ -44.705196, -22.894638999323103 ], [ -44.7054615, -22.894679799323125 ], [ -44.7056384, -22.894842799323108 ], [ -44.7058596, -22.895331899323079 ], [ -44.7058154, -22.895780199323077 ], [ -44.70555, -22.896106199323093 ], [ -44.705461500000013, -22.89663599932306 ], [ -44.705373, -22.897125099323034 ], [ -44.7052845, -22.897491899323025 ], [ -44.7054172, -22.897858699323024 ], [ -44.7056384, -22.898266199323054 ], [ -44.7058596, -22.898429199323051 ], [ -44.7061693, -22.898510799323024 ], [ -44.7064348, -22.89871449932302 ], [ -44.7066117, -22.898999799323033 ], [ -44.7067445, -22.89961109932301 ], [ -44.706611699999989, -22.900140899322988 ], [ -44.706832899999988, -22.900548499322991 ], [ -44.7072311, -22.900629999322966 ], [ -44.7076293, -22.900874499322963 ], [ -44.7078947, -22.901241299322944 ], [ -44.7078947, -22.902137799322936 ], [ -44.7081159, -22.90221939932292 ], [ -44.7086468, -22.90238239932297 ], [ -44.7090007, -22.902586099322942 ], [ -44.709045, -22.903075199322906 ], [ -44.708868, -22.9034826993229 ], [ -44.7084256, -22.903849499322888 ], [ -44.7082044, -22.904256999322868 ], [ -44.7081159, -22.904664499322912 ], [ -44.7081602, -22.905153599322887 ], [ -44.7083814, -22.905642599322888 ], [ -44.7087353, -22.906294599322873 ], [ -44.7089123, -22.906905899322851 ], [ -44.7090007, -22.907435699322839 ], [ -44.709045, -22.907802399322794 ], [ -44.7095759, -22.9082099993228 ], [ -44.709974, -22.908535999322819 ], [ -44.7102395, -22.908658199322783 ], [ -44.7104607, -22.909024999322774 ], [ -44.710195199999987, -22.909391799322769 ], [ -44.7097971, -22.909676999322755 ], [ -44.7093989, -22.910002999322788 ], [ -44.7091777, -22.910369799322773 ], [ -44.7091777, -22.910858799322774 ], [ -44.7094874, -22.911306999322761 ], [ -44.7099298, -22.911592299322734 ], [ -44.710726099999988, -22.911795999322713 ], [ -44.7113455, -22.911795999322713 ], [ -44.7120534, -22.91163299932272 ], [ -44.712407299999988, -22.911592299322734 ], [ -44.7130267, -22.911795999322713 ], [ -44.713380599999986, -22.912366599322706 ], [ -44.7134691, -22.912774099322689 ], [ -44.7134691, -22.913140799322701 ], [ -44.71333629999998, -22.913548299322692 ], [ -44.713557499999972, -22.913996599322687 ], [ -44.71377869999997, -22.914159599322684 ], [ -44.713861500000014, -22.914538699322637 ], [ -44.713824199999976, -22.91491689932263 ], [ -44.713972899999987, -22.915187599322671 ], [ -44.714161900000022, -22.915409999322662 ], [ -44.714309599999986, -22.915667299322628 ], [ -44.7145559, -22.915863899322606 ], [ -44.714939800000018, -22.91593459932264 ], [ -44.715193699999986, -22.915831299322619 ], [ -44.7154299, -22.915760599322631 ], [ -44.7157591, -22.915798099322654 ], [ -44.7161896, -22.915939399322646 ], [ -44.716477399999974, -22.91603399932265 ], [ -44.716787099999969, -22.916074799322615 ], [ -44.7171091, -22.916051999322601 ], [ -44.717434799999971, -22.916129999322649 ], [ -44.717716199999977, -22.916319299322627 ], [ -44.718070099999977, -22.916685999322642 ], [ -44.718335500000023, -22.916767499322614 ], [ -44.718749199999984, -22.916681099322624 ], [ -44.7186312, -22.917115699322615 ], [ -44.718690200000026, -22.917604699322617 ], [ -44.718690200000026, -22.917930699322586 ], [ -44.7182183, -22.91841969932258 ], [ -44.717628400000024, -22.918473999322565 ], [ -44.716802599999987, -22.918691299322557 ], [ -44.716625599999979, -22.918962999322584 ], [ -44.716448599999978, -22.919288999322546 ], [ -44.7161537, -22.919995299322512 ], [ -44.7165666, -22.920484199322491 ], [ -44.716802599999987, -22.920973199322496 ], [ -44.7172155, -22.921407899322521 ], [ -44.717628400000024, -22.921462199322516 ], [ -44.718395199999968, -22.921190499322542 ], [ -44.718926099999976, -22.921407899322521 ], [ -44.719457, -22.921842499322519 ], [ -44.7199289, -22.921896799322511 ], [ -44.720754699999979, -22.921951199322518 ], [ -44.7211087, -22.922277099322457 ], [ -44.7216396, -22.922820399322454 ], [ -44.721934499999975, -22.923255099322471 ], [ -44.7218755, -22.923743999322433 ], [ -44.721630300000015, -22.924198999322432 ], [ -44.7212985, -22.924565799322409 ], [ -44.7209004, -22.924962999322421 ], [ -44.7206349, -22.925375599322404 ], [ -44.720203599999984, -22.925360299322442 ], [ -44.71990490000001, -22.925238099322417 ], [ -44.7196727, -22.925146399322429 ], [ -44.719407199999971, -22.925299199322392 ], [ -44.719274499999976, -22.925635399322381 ], [ -44.719208200000018, -22.925971499322397 ], [ -44.7190754, -22.926246499322392 ], [ -44.718843199999981, -22.926460499322406 ], [ -44.718511400000011, -22.926827199322364 ], [ -44.71808, -22.926888299322343 ], [ -44.717748200000024, -22.926582699322363 ], [ -44.717549099999971, -22.926399299322402 ], [ -44.7172837, -22.926368799322368 ], [ -44.716852300000014, -22.926552099322375 ], [ -44.716553700000027, -22.926857699322401 ], [ -44.7160892, -22.927102199322359 ], [ -44.7159896, -22.92737719932239 ], [ -44.7157242, -22.927652299322332 ], [ -44.7155583, -22.927988399322359 ], [ -44.715491900000018, -22.92823289932236 ], [ -44.7152597, -22.928293999322346 ], [ -44.714894699999988, -22.928355099322317 ], [ -44.7145297, -22.928385699322323 ], [ -44.714197899999988, -22.928385699322323 ], [ -44.7137002, -22.928599599322336 ], [ -44.713467900000012, -22.928813499322317 ], [ -44.713401499999968, -22.929088599322327 ], [ -44.713235600000012, -22.929302499322322 ], [ -44.7130034, -22.929394099322348 ], [ -44.7126384, -22.92942469932235 ], [ -44.712173899999975, -22.929363599322308 ], [ -44.7118752, -22.929302499322322 ], [ -44.711410699999988, -22.929394099322348 ], [ -44.7111453, -22.929577499322303 ], [ -44.710708399999987, -22.930042699322314 ], [ -44.710708399999987, -22.930287099322275 ], [ -44.710442899999975, -22.93049089932228 ], [ -44.710089, -22.930450099322275 ], [ -44.709646599999978, -22.930124199322325 ], [ -44.709381199999989, -22.92987969932231 ], [ -44.709071499999986, -22.929838899322313 ], [ -44.7084152, -22.929906899322297 ], [ -44.707825399999983, -22.930395799322277 ], [ -44.707648399999982, -22.930776099322294 ], [ -44.707117499999974, -22.931156399322305 ], [ -44.70658659999998, -22.931482299322298 ], [ -44.7058788, -22.932242899322265 ], [ -44.7054069, -22.932840499322253 ], [ -44.70499389999997, -22.933275099322238 ], [ -44.704699, -22.93376399932222 ], [ -44.7044631, -22.934198599322212 ], [ -44.704227100000026, -22.934633199322214 ], [ -44.704109099999982, -22.935067799322209 ], [ -44.7038953, -22.935461599322181 ], [ -44.7034529, -22.935828299322189 ], [ -44.703099, -22.935828299322189 ], [ -44.7025681, -22.935746799322171 ], [ -44.7017275, -22.934972699322191 ], [ -44.7014178, -22.934565299322173 ], [ -44.701373600000011, -22.934280099322237 ], [ -44.70084270000001, -22.933587399322246 ], [ -44.70071, -22.933220699322227 ], [ -44.700621500000011, -22.932813299322266 ], [ -44.7002233, -22.93232439932228 ], [ -44.6994712, -22.932242899322265 ], [ -44.6989403, -22.932242899322265 ], [ -44.6983652, -22.932283599322265 ], [ -44.6977458, -22.932202099322243 ], [ -44.6970822, -22.931916899322232 ], [ -44.696595600000016, -22.931835399322267 ], [ -44.69579920000001, -22.931876199322236 ], [ -44.695135600000015, -22.932202099322243 ], [ -44.6948259, -22.93260959932223 ], [ -44.694560500000016, -22.93293549932222 ], [ -44.693985399999967, -22.933098499322252 ], [ -44.693675699999972, -22.933342999322214 ], [ -44.693233299999974, -22.933791099322228 ], [ -44.69279089999997, -22.9338318993222 ], [ -44.692436900000011, -22.9338318993222 ], [ -44.692083, -22.934076399322191 ], [ -44.691640600000028, -22.934524499322222 ], [ -44.691242400000014, -22.934768999322223 ], [ -44.690932700000012, -22.934891199322173 ], [ -44.690534599999978, -22.935054199322227 ], [ -44.690136399999965, -22.935420899322178 ], [ -44.689694, -22.935420899322178 ], [ -44.68925159999997, -22.935298699322157 ], [ -44.688941899999968, -22.935176399322184 ], [ -44.688588, -22.935217199322203 ], [ -44.688278299999979, -22.935257899322202 ], [ -44.687924399999979, -22.935257899322202 ], [ -44.687526199999979, -22.935135699322167 ], [ -44.687393499999985, -22.934891199322173 ], [ -44.687393499999978, -22.934402299322191 ], [ -44.687482, -22.933954099322211 ], [ -44.68757040000002, -22.933587399322246 ], [ -44.68757040000002, -22.933098499322252 ], [ -44.687437699999968, -22.932691099322238 ], [ -44.687083799999982, -22.932365099322279 ], [ -44.686552899999974, -22.93216139932224 ], [ -44.686243199999971, -22.931672399322299 ], [ -44.686022, -22.93130569932228 ], [ -44.6858451, -22.931101999322287 ], [ -44.685402599999975, -22.930898299322308 ], [ -44.684827499999983, -22.930857599322316 ], [ -44.684429299999969, -22.930694599322273 ], [ -44.683942699999989, -22.930531599322297 ], [ -44.683588799999988, -22.930287099322275 ], [ -44.68323479999998, -22.930287099322275 ], [ -44.682549100000017, -22.929924599322302 ], [ -44.681974, -22.929476399322315 ], [ -44.681531600000021, -22.929109699322343 ], [ -44.681310399999965, -22.928620799322331 ], [ -44.681221900000018, -22.927846599322358 ], [ -44.681089199999967, -22.927113199322378 ], [ -44.680646799999984, -22.926624199322376 ], [ -44.68016010000003, -22.926053799322382 ], [ -44.679983199999981, -22.925850099322396 ], [ -44.679319599999978, -22.926012999322413 ], [ -44.679054099999973, -22.926053799322382 ], [ -44.678567499999978, -22.925361099322384 ], [ -44.67821350000002, -22.924668399322403 ], [ -44.678036599999984, -22.924016499322441 ], [ -44.677373, -22.923405299322479 ], [ -44.6767536, -22.923201499322463 ], [ -44.676488199999987, -22.922834799322441 ], [ -44.676576599999976, -22.922427299322472 ], [ -44.67666509999998, -22.922019899322496 ], [ -44.6763997, -22.92185689932251 ], [ -44.675780299999985, -22.921775399322499 ], [ -44.675426399999985, -22.921449399322476 ], [ -44.675072399999976, -22.921041899322486 ], [ -44.674939699999982, -22.920634399322502 ], [ -44.674408799999981, -22.920512199322541 ], [ -44.673877899999979, -22.920430699322523 ], [ -44.6732586, -22.920512199322541 ], [ -44.6728162, -22.920552899322551 ], [ -44.672329499999975, -22.920960399322528 ], [ -44.671975599999989, -22.921245699322505 ], [ -44.671798599999988, -22.921612399322527 ], [ -44.671444699999988, -22.922060599322492 ], [ -44.6709581, -22.9223457993225 ], [ -44.6704714, -22.9223457993225 ], [ -44.6701175, -22.922264299322475 ], [ -44.6694539, -22.922142099322475 ], [ -44.6691884, -22.922142099322475 ], [ -44.6688787, -22.92250879932249 ], [ -44.6688787, -22.922834799322441 ], [ -44.668790300000012, -22.923323799322446 ], [ -44.6684806, -22.923649699322464 ], [ -44.6674188, -22.923812699322436 ], [ -44.6668437, -22.923853499322458 ], [ -44.6661358, -22.924057199322423 ], [ -44.665781900000013, -22.924423899322452 ], [ -44.6656049, -22.924994399322426 ], [ -44.6651625, -22.925238899322434 ], [ -44.664764299999987, -22.925401799322387 ], [ -44.6645431, -22.925687099322417 ], [ -44.664498900000012, -22.926053799322382 ], [ -44.664454700000014, -22.926338999322368 ], [ -44.6641007, -22.926664999322391 ], [ -44.663791, -22.92674649932237 ], [ -44.663260200000018, -22.926868699322373 ], [ -44.662552300000023, -22.927153899322377 ], [ -44.6620656, -22.927357699322375 ], [ -44.661402, -22.927479899322346 ], [ -44.660694200000016, -22.92760209932235 ], [ -44.660251800000026, -22.927846599322358 ], [ -44.659405400000026, -22.928523599322347 ], [ -44.659049499999981, -22.92838309932236 ], [ -44.658693599999985, -22.928242699322343 ], [ -44.658388600000031, -22.928008599322347 ], [ -44.658134399999987, -22.927774399322335 ], [ -44.657880200000022, -22.927446699322374 ], [ -44.6576768, -22.927165799322374 ], [ -44.6575752, -22.92683799932237 ], [ -44.657524299999977, -22.926510199322372 ], [ -44.657473499999973, -22.926182499322383 ], [ -44.657422699999984, -22.925854699322411 ], [ -44.6572193, -22.925526999322404 ], [ -44.657015899999976, -22.925245999322431 ], [ -44.6567109, -22.925058699322449 ], [ -44.656405899999982, -22.924871399322413 ], [ -44.656253400000018, -22.924543699322452 ], [ -44.656100900000013, -22.924215899322412 ], [ -44.65605, -22.923888199322473 ], [ -44.655795800000021, -22.92365399932245 ], [ -44.65544, -22.923513599322433 ], [ -44.655084100000018, -22.923373099322447 ], [ -44.654728200000015, -22.92327949932244 ], [ -44.65437229999997, -22.923232599322464 ], [ -44.654016500000012, -22.923185799322461 ], [ -44.653660600000016, -22.923138999322461 ], [ -44.653304699999971, -22.923092199322465 ], [ -44.653050500000013, -22.922857999322499 ], [ -44.6527964, -22.922577099322496 ], [ -44.6524913, -22.922342999322492 ], [ -44.652338799999981, -22.922015199322466 ], [ -44.6520846, -22.921734299322519 ], [ -44.651677899999974, -22.921546999322473 ], [ -44.651322, -22.921406499322494 ], [ -44.651017, -22.92117239932249 ], [ -44.650712, -22.920891399322535 ], [ -44.650457800000027, -22.920610499322521 ], [ -44.6503053, -22.920282699322506 ], [ -44.649949400000033, -22.920142199322537 ], [ -44.649593499999973, -22.920048599322509 ], [ -44.649237700000015, -22.91995489932253 ], [ -44.648881800000026, -22.919908099322527 ], [ -44.648525899999981, -22.919814499322502 ], [ -44.648119199999989, -22.919814499322502 ], [ -44.647763399999967, -22.91976759932254 ], [ -44.647356600000016, -22.91976759932254 ], [ -44.6470008, -22.91967399932253 ], [ -44.6466957, -22.919486699322544 ], [ -44.646594100000016, -22.919158899322561 ], [ -44.646949899999981, -22.919018399322585 ], [ -44.6470008, -22.918690699322578 ], [ -44.646899099999978, -22.91836289932256 ], [ -44.64664490000002, -22.918081899322583 ], [ -44.646289, -22.918035099322591 ], [ -44.6459332, -22.918128799322567 ], [ -44.645577300000014, -22.91826919932258 ], [ -44.645221400000025, -22.918409699322563 ], [ -44.6448656, -22.918456499322566 ], [ -44.644458900000011, -22.918456499322566 ], [ -44.644204699999982, -22.918175599322556 ], [ -44.6438996, -22.917941499322577 ], [ -44.643543799999968, -22.917894599322597 ], [ -44.642755799999975, -22.917660499322604 ], [ -44.642374500000017, -22.917473199322618 ], [ -44.642018599999972, -22.917332699322568 ], [ -44.6417136, -22.917145399322589 ], [ -44.641459399999967, -22.916911299322589 ], [ -44.6412052, -22.916677199322596 ], [ -44.641052699999989, -22.916349399322613 ], [ -44.641001800000026, -22.916021599322647 ], [ -44.640798500000017, -22.915693799322622 ], [ -44.640442599999965, -22.915646999322615 ], [ -44.640086699999976, -22.915553299322635 ], [ -44.639730900000018, -22.915459699322636 ], [ -44.639375, -22.915319199322635 ], [ -44.6391208, -22.915085099322638 ], [ -44.638968299999981, -22.914757299322684 ], [ -44.6385401, -22.914278099322654 ] ] ] } },
{ "type": "Feature", "properties": { "NUCOMPTREC": 22.661, "NUDISTBACT": 34.661, "NUDISTCDAG": 0.0, "NUAREACONT": 77.882, "NUAREAMONT": 77.882, "NUDISTBACC": 34.661, "NUAREABACC": 77.882, "NUCOMPCDA": 22.661, "Shape__Len": 0, "OBJECTID": 85165, "ID": 20823, "COTRECHO": 20823, "COCURSODAG": "7793926", "COBACIA": "7793926", "NOGENERICO": "Córrego", "NOLIGACAO": "do", "NOESPECIF": "Papagaio", "NORIOCOMP": "Córrego do Papagaio", "NOORIGINAL": "Córrego do Papagaio", "COCDADESAG": "779392", "NUTRJUS": 55338, "NUORDEMCDA": 2, "NUNIVOTTO": 7, "NUNIVOTCDA": 7, "NUSTRAHLER": 1, "DEDOMINIAL": "Estadual", "DSVERSAO": "BHO bho_2017_v_01_05_50k de 2018-06-22" }, "geometry": { "type": "MultiLineString", "coordinates": [ [ [ -44.666581300000011, -22.820292399324849 ], [ -44.6659945, -22.819511199324864 ], [ -44.665733699999969, -22.81885009932488 ], [ -44.6652121, -22.81830929932487 ], [ -44.6644298, -22.817828499324907 ], [ -44.6637126, -22.817708299324874 ], [ -44.663060599999987, -22.817347699324916 ], [ -44.662669400000027, -22.817227499324897 ], [ -44.661952199999959, -22.817227499324897 ], [ -44.661430699999983, -22.817467899324882 ], [ -44.660843899999968, -22.817467899324882 ], [ -44.660191899999973, -22.817287599324885 ], [ -44.659539900000027, -22.816987199324934 ], [ -44.658953199999978, -22.81650639932489 ], [ -44.658431599999972, -22.815665099324931 ], [ -44.658236, -22.815124199324963 ], [ -44.657388399999988, -22.814643399324986 ], [ -44.6568016, -22.814222699324983 ], [ -44.6562801, -22.813621799325009 ], [ -44.6557585, -22.81290059932498 ], [ -44.655497700000012, -22.812419799324989 ], [ -44.655236899999984, -22.811758699325019 ], [ -44.6548457, -22.811157799325038 ], [ -44.6543241, -22.81067699932505 ], [ -44.653411399999975, -22.810556799325042 ], [ -44.6524334, -22.809895699325104 ], [ -44.651977, -22.809234599325109 ], [ -44.651064299999973, -22.809054299325105 ], [ -44.649825500000013, -22.809174499325067 ], [ -44.64897789999997, -22.809114399325093 ], [ -44.6476088, -22.809114399325093 ], [ -44.6468264, -22.809414899325045 ], [ -44.6458485, -22.809655299325041 ], [ -44.6451313, -22.809715399325089 ], [ -44.644088099999969, -22.809775499325081 ], [ -44.642849399999982, -22.809835599325041 ], [ -44.641415, -22.809895699325104 ], [ -44.640763100000015, -22.810015899325077 ], [ -44.639915499999972, -22.81007599932504 ], [ -44.638676700000026, -22.810196199325059 ], [ -44.6378292, -22.810075999325054 ], [ -44.637372799999973, -22.809835599325062 ], [ -44.636655599999976, -22.809835599325041 ], [ -44.636003599999974, -22.810015899325077 ], [ -44.63515610000001, -22.810616899325062 ], [ -44.634438900000013, -22.811037599325047 ], [ -44.6339173, -22.811398099325057 ], [ -44.6339173, -22.811938999325001 ], [ -44.6333305, -22.812840499324999 ], [ -44.632809, -22.813321299324972 ], [ -44.632809, -22.814222699324983 ], [ -44.632548199999967, -22.815064099324914 ], [ -44.632157, -22.815845299324906 ], [ -44.631896200000028, -22.816386199324931 ], [ -44.63143980000001, -22.816866999324901 ], [ -44.6307878, -22.816927099324896 ], [ -44.630461799999978, -22.816927099324896 ], [ -44.62974470000001, -22.816987199324934 ], [ -44.629353499999972, -22.817287599324885 ], [ -44.6290927, -22.817648199324879 ], [ -44.6290275, -22.818189099324844 ], [ -44.628962300000012, -22.818489499324873 ], [ -44.6283755, -22.818789999324835 ], [ -44.6277887, -22.81885009932488 ], [ -44.6273324, -22.818910199324861 ], [ -44.6266152, -22.818910199324868 ], [ -44.625898, -22.819150599324846 ], [ -44.625572, -22.819571199324823 ], [ -44.6251156, -22.819931799324841 ], [ -44.624528899999966, -22.81969139932486 ], [ -44.6241377, -22.819631299324865 ], [ -44.62368129999998, -22.819931799324841 ], [ -44.6234857, -22.820232299324811 ], [ -44.6227685, -22.820652899324852 ], [ -44.622247, -22.820472699324814 ], [ -44.621616300000035, -22.8205608993248 ], [ -44.621793299999979, -22.820941499324825 ], [ -44.6220292, -22.821648299324803 ], [ -44.622029199999986, -22.82235509932476 ], [ -44.622265200000022, -22.822898799324783 ], [ -44.62256009999998, -22.823224999324736 ], [ -44.62256009999998, -22.823659899324749 ], [ -44.62256009999998, -22.824094899324717 ], [ -44.6227371, -22.824638599324739 ], [ -44.622973, -22.825182299324709 ], [ -44.623091, -22.825508499324723 ], [ -44.62315, -22.825943399324714 ], [ -44.6233269, -22.826432699324673 ], [ -44.6235039, -22.826758999324667 ], [ -44.623621899999982, -22.827248299324683 ], [ -44.6235039, -22.827628799324653 ], [ -44.623267899999973, -22.828118099324634 ], [ -44.623209, -22.828607499324601 ], [ -44.623267899999966, -22.829096799324624 ], [ -44.623385900000017, -22.829314199324624 ], [ -44.623385900000017, -22.829803499324626 ], [ -44.623209, -22.830075399324599 ], [ -44.623267899999973, -22.831162699324572 ], [ -44.6236809, -22.831434499324573 ], [ -44.6240348, -22.831815099324533 ], [ -44.624329699999969, -22.832304399324553 ], [ -44.62521450000002, -22.833119899324508 ], [ -44.625332500000013, -22.833554799324531 ], [ -44.6256864, -22.834098399324525 ], [ -44.6262173, -22.835022599324496 ], [ -44.626453299999973, -22.836001199324453 ], [ -44.6269252, -22.836707899324466 ], [ -44.627338099999974, -22.837523399324429 ], [ -44.6278198, -22.838936799324394 ], [ -44.62980959999998, -22.841759299324305 ], [ -44.6307534, -22.843015699324337 ], [ -44.631521099999979, -22.844398799324285 ], [ -44.632007699999974, -22.84480659932429 ], [ -44.632317399999977, -22.84505119932426 ], [ -44.632804, -22.845091899324252 ], [ -44.633467699999983, -22.844847299324289 ], [ -44.634219700000017, -22.844684199324288 ], [ -44.635237299999972, -22.844643499324281 ], [ -44.6357239, -22.844928899324277 ], [ -44.636254800000025, -22.845295799324226 ], [ -44.637095400000028, -22.845418099324281 ], [ -44.637493600000028, -22.845621999324244 ], [ -44.637759, -22.846315099324254 ], [ -44.637847500000028, -22.84664119932425 ], [ -44.638068700000019, -22.847130499324205 ], [ -44.638378400000022, -22.847578899324184 ], [ -44.638289900000011, -22.848108899324178 ], [ -44.638157200000023, -22.848720499324195 ], [ -44.638157200000023, -22.849291199324142 ], [ -44.6383341, -22.849861999324123 ], [ -44.638371, -22.850908399324098 ], [ -44.638371, -22.851288899324096 ], [ -44.63789910000002, -22.851778099324083 ], [ -44.637781099999984, -22.852376099324101 ], [ -44.63789910000002, -22.852973999324099 ], [ -44.63789910000002, -22.853463199324079 ], [ -44.63789910000002, -22.854387299324024 ], [ -44.63789910000002, -22.855365699324018 ], [ -44.63789910000002, -22.856561599324017 ], [ -44.638253, -22.857159499324005 ], [ -44.6389019, -22.857757399323987 ], [ -44.6394328, -22.85819219932397 ], [ -44.639963700000017, -22.858681399323967 ], [ -44.640553599999969, -22.859496799323914 ], [ -44.6410844, -22.860040299323892 ], [ -44.6415563, -22.860638199323891 ], [ -44.641910300000013, -22.86107299932387 ], [ -44.642205199999978, -22.861453499323861 ], [ -44.642677100000014, -22.862160099323837 ], [ -44.642972, -22.862703599323829 ], [ -44.64309, -22.863464599323819 ], [ -44.64309, -22.864823399323782 ], [ -44.643149, -22.865203899323767 ], [ -44.643502899999987, -22.865421299323771 ], [ -44.643797899999981, -22.865638699323764 ], [ -44.644151799999982, -22.865801799323762 ], [ -44.644505700000025, -22.86585609932375 ], [ -44.6455085, -22.865747399323755 ], [ -44.64592140000002, -22.865421299323771 ], [ -44.647514100000024, -22.865475699323781 ], [ -44.647868, -22.865747399323755 ], [ -44.648280899999968, -22.866562699323737 ], [ -44.648575900000026, -22.867377999323715 ], [ -44.6490478, -22.868682399323731 ], [ -44.6498146, -22.869660699323695 ], [ -44.6499326, -22.870041199323691 ], [ -44.650581499999973, -22.870095499323682 ], [ -44.651643200000024, -22.870041199323676 ], [ -44.652469100000019, -22.869878099323682 ], [ -44.653117899999977, -22.86955199932369 ], [ -44.653412899999971, -22.86873679932372 ], [ -44.653766800000021, -22.868138899323743 ], [ -44.6545926, -22.867921499323753 ], [ -44.6560083, -22.868193299323703 ], [ -44.656834199999984, -22.868954199323735 ], [ -44.65701109999997, -22.869878099323682 ], [ -44.657778, -22.87091079932366 ], [ -44.658072899999972, -22.871345599323643 ], [ -44.658485799999987, -22.872160799323645 ], [ -44.6585448, -22.873139099323613 ], [ -44.658426799999972, -22.873954399323601 ], [ -44.658957699999966, -22.874823999323564 ], [ -44.6591937, -22.875476099323564 ], [ -44.660060799999989, -22.876829599323518 ], [ -44.659961300000013, -22.877410499323503 ], [ -44.6596627, -22.877654999323514 ], [ -44.6594968, -22.877991299323515 ], [ -44.659463599999981, -22.878663799323505 ], [ -44.659317900000012, -22.879132599323462 ], [ -44.6586691, -22.87983909932349 ], [ -44.657666300000017, -22.880056499323484 ], [ -44.6572534, -22.879784699323483 ], [ -44.6568995, -22.879676099323444 ], [ -44.655394399999977, -22.879665499323451 ], [ -44.6546866, -22.879461699323457 ], [ -44.654199899999981, -22.879257899323491 ], [ -44.6538018, -22.879217099323466 ], [ -44.653447799999981, -22.879420899323481 ], [ -44.653182399999984, -22.879869299323449 ], [ -44.6530497, -22.880358399323445 ], [ -44.6526073, -22.880928999323398 ], [ -44.6521649, -22.881540399323416 ], [ -44.6521649, -22.88194799932344 ], [ -44.652341799999981, -22.882396399323401 ], [ -44.6523861, -22.882803999323411 ], [ -44.652784199999985, -22.883456099323364 ], [ -44.652917, -22.884067499323372 ], [ -44.6528285, -22.884515899323354 ], [ -44.652430299999978, -22.88504569932331 ], [ -44.6519437, -22.885127199323335 ], [ -44.651457, -22.885167999323357 ], [ -44.650854200000026, -22.885840499323297 ], [ -44.650555600000018, -22.886084999323298 ], [ -44.6503897, -22.886451899323291 ], [ -44.650190599999966, -22.886818699323289 ], [ -44.649892, -22.887430099323293 ], [ -44.6495934, -22.887674599323297 ], [ -44.6493279, -22.887888599323276 ], [ -44.649261599999981, -22.888255399323256 ], [ -44.6493279, -22.888652799323236 ], [ -44.649560199999989, -22.889141899323263 ], [ -44.6498588, -22.889478099323259 ], [ -44.6499252, -22.889814399323217 ], [ -44.649759300000028, -22.890242299323226 ], [ -44.649626500000011, -22.890486899323189 ], [ -44.649759300000028, -22.890761999323189 ], [ -44.650190599999966, -22.891128799323194 ], [ -44.6503897, -22.891556699323207 ], [ -44.6500413, -22.891785999323201 ], [ -44.6494275, -22.891770699323192 ], [ -44.6491952, -22.892076399323184 ], [ -44.6491952, -22.892473699323144 ], [ -44.649228400000027, -22.892871099323141 ], [ -44.649792400000017, -22.893665899323118 ], [ -44.650190599999966, -22.894124399323143 ], [ -44.650489199999988, -22.894705099323119 ], [ -44.650489199999988, -22.895102499323112 ], [ -44.650406299999986, -22.895744399323117 ], [ -44.6506883, -22.896141799323093 ], [ -44.651119699999988, -22.896753099323085 ], [ -44.651119699999988, -22.897211599323043 ], [ -44.651119699999988, -22.897822899323042 ], [ -44.650821, -22.898434199323027 ], [ -44.650323300000025, -22.898648199323056 ], [ -44.6498588, -22.898464799323026 ], [ -44.649560199999989, -22.898464799323026 ], [ -44.649261599999981, -22.898220299323018 ], [ -44.6492781, -22.897914599323027 ], [ -44.649444, -22.897287999323066 ], [ -44.649294699999977, -22.896753099323085 ], [ -44.649062500000014, -22.896325199323062 ], [ -44.648498399999987, -22.895927799323076 ], [ -44.648033899999973, -22.895897199323066 ], [ -44.647503, -22.895927799323076 ], [ -44.647104800000022, -22.8959888993231 ], [ -44.646607099999976, -22.896019499323106 ], [ -44.6462753, -22.895958399323074 ], [ -44.645777599999974, -22.895744399323117 ], [ -44.645014399999965, -22.895683299323068 ], [ -44.644549900000015, -22.895530399323086 ], [ -44.644218099999982, -22.895438699323098 ], [ -44.6438531, -22.895316499323084 ], [ -44.6437204, -22.894949699323085 ], [ -44.643454899999988, -22.894613399323138 ], [ -44.64309, -22.894491199323124 ], [ -44.642642, -22.894440199323128 ], [ -44.641978400000013, -22.8944809993231 ], [ -44.641580200000028, -22.89427719932311 ], [ -44.641359, -22.893951099323111 ], [ -44.641049399999986, -22.893706599323107 ], [ -44.640695400000027, -22.893339799323126 ], [ -44.640120299999978, -22.893013799323157 ], [ -44.639810599999976, -22.892687699323176 ], [ -44.639677899999981, -22.891913299323178 ], [ -44.63919120000002, -22.891016699323231 ], [ -44.63897, -22.890527599323203 ], [ -44.638394899999973, -22.890446099323231 ], [ -44.63773129999997, -22.890160799323212 ], [ -44.6375101, -22.889753199323202 ], [ -44.6371562, -22.889223399323217 ], [ -44.6368465, -22.888611999323278 ], [ -44.6367138, -22.888082199323247 ], [ -44.636094399999983, -22.887756099323266 ], [ -44.635828899999979, -22.887715399323266 ], [ -44.635253799999987, -22.887552299323247 ], [ -44.635076799999979, -22.887144799323284 ], [ -44.6346787, -22.886614899323284 ], [ -44.6341036, -22.886044299323284 ], [ -44.6334399, -22.885392199323345 ], [ -44.6328648, -22.885025299323324 ], [ -44.6322454, -22.884536199323364 ], [ -44.6312721, -22.883884099323339 ], [ -44.630387299999988, -22.883924799323349 ], [ -44.629591, -22.884169399323376 ], [ -44.6293255, -22.884658499323354 ], [ -44.6287947, -22.884903099323303 ], [ -44.6283522, -22.884943799323313 ], [ -44.6277329, -22.885229099323332 ], [ -44.6272905, -22.885718199323296 ], [ -44.6272462, -22.886248099323293 ], [ -44.6272462, -22.886900199323303 ], [ -44.627069300000016, -22.887511599323258 ], [ -44.6267153, -22.887796899323288 ], [ -44.6260517, -22.888204499323244 ], [ -44.6252111, -22.888775099323219 ], [ -44.6245475, -22.889101099323248 ], [ -44.623839700000019, -22.889508699323255 ], [ -44.623618500000013, -22.890486899323189 ], [ -44.6232981, -22.891281299323197 ] ] ] } }
]
}
